{
	"__comment": "Designed by AndrealVox",
	"ambientocclusion": false,
	"textures": {
		"particle": "items/bow_standby",
		"texture": "items/bow_standby"
	},
	"elements": [
		{
			"__comment": "Bow",
			"from": [ 13.4993, 1, 4.5 ],
			"to": [ 17.4993, 4, 7.5 ],
			"rotation": { "origin": [ 13.5, 1, 7.5 ], "axis": "y", "angle": -45 },
			"faces": {
				"down": { "uv": [ 1, 11, 4, 15 ], "texture": "#texture", "rotation": 270 },
				"up": { "uv": [ 1, 15, 4, 11 ], "texture": "#texture", "rotation": 90 },
				"north": { "uv": [ 1, 11, 2, 15 ], "texture": "#texture", "rotation": 90 },
				"south": { "uv": [ 4, 15, 3, 11 ], "texture": "#texture", "rotation": 90 },
				"west": { "uv": [ 4, 11, 1, 12 ], "texture": "#texture", "rotation": 180 },
				"east": { "uv": [ 1, 14, 4, 15 ], "texture": "#texture", "rotation": 180 }
			}
		},
		{
			"__comment": "Bow1",
			"from": [ 10.4995, 1, 5.5007 ],
			"to": [ 13.4995, 4, 8.5007 ],
			"rotation": { "origin": [ 13.5, 1, 7.5 ], "axis": "y", "angle": -45 },
			"faces": {
				"down": { "uv": [ 2, 8, 5, 11 ], "texture": "#texture", "rotation": 270 },
				"up": { "uv": [ 2, 11, 5, 8 ], "texture": "#texture", "rotation": 90 },
				"north": { "uv": [ 2, 8, 3, 11 ], "texture": "#texture", "rotation": 90 },
				"south": { "uv": [ 5, 11, 4, 8 ], "texture": "#texture", "rotation": 90 },
				"west": { "uv": [ 5, 8, 2, 9 ], "texture": "#texture", "rotation": 180 },
				"east": { "uv": [ 2, 10, 5, 11 ], "texture": "#texture", "rotation": 180 }
			}
		},
		{
			"__comment": "Bow2",
			"from": [ 17.4995, 1, 5.499 ],
			"to": [ 18.4995, 4, 6.499 ],
			"rotation": { "origin": [ 13.5, 1, 7.5 ], "axis": "y", "angle": -45 },
			"faces": {
				"down": { "uv": [ 2, 15, 3, 16 ], "texture": "#texture", "rotation": 270 },
				"up": { "uv": [ 2, 16, 3, 15 ], "texture": "#texture", "rotation": 90 },
				"north": { "uv": [ 2, 15, 3, 16 ], "texture": "#texture", "rotation": 90 },
				"south": { "uv": [ 3, 16, 2, 15 ], "texture": "#texture", "rotation": 90 },
				"east": { "uv": [ 2, 15, 3, 16 ], "texture": "#texture", "rotation": 180 }
			}
		},
		{
			"__comment": "Bow3",
			"from": [ 8.4998, 1, 6.5012 ],
			"to": [ 9.4998, 4, 10.5012 ],
			"rotation": { "origin": [ 13.5, 1, 7.5 ], "axis": "y", "angle": -45 },
			"faces": {
				"down": { "uv": [ 3, 6, 7, 7 ], "texture": "#texture", "rotation": 270 },
				"up": { "uv": [ 3, 7, 7, 6 ], "texture": "#texture", "rotation": 90 },
				"north": { "uv": [ 3, 6, 4, 7 ], "texture": "#texture", "rotation": 90 },
				"south": { "uv": [ 7, 7, 6, 6 ], "texture": "#texture", "rotation": 90 },
				"west": { "uv": [ 7, 6, 3, 7 ], "texture": "#texture", "rotation": 180 },
				"east": { "uv": [ 3, 6, 7, 7 ], "texture": "#texture", "rotation": 180 }
			}
		},
		{
			"__comment": "Bow4",
			"from": [ 9.4998, 1, 6.501 ],
			"to": [ 10.4998, 4, 9.500999 ],
			"rotation": { "origin": [ 13.5, 1, 7.5 ], "axis": "y", "angle": -45 },
			"faces": {
				"down": { "uv": [ 3, 7, 6, 8 ], "texture": "#texture", "rotation": 270 },
				"up": { "uv": [ 3, 8, 6, 7 ], "texture": "#texture", "rotation": 90 },
				"north": { "uv": [ 3, 7, 4, 8 ], "texture": "#texture", "rotation": 90 },
				"south": { "uv": [ 6, 8, 5, 7 ], "texture": "#texture", "rotation": 90 },
				"east": { "uv": [ 3, 7, 6, 8 ], "texture": "#texture", "rotation": 180 }
			}
		},
		{
			"__comment": "Bow5",
			"from": [ 7.5, 1, 7.5014 ],
			"to": [ 8.5, 4, 11.5014 ],
			"rotation": { "origin": [ 13.5, 1, 7.5 ], "axis": "y", "angle": -45 },
			"faces": {
				"down": { "uv": [ 4, 5, 8, 6 ], "texture": "#texture", "rotation": 270 },
				"up": { "uv": [ 4, 6, 8, 5 ], "texture": "#texture", "rotation": 90 },
				"north": { "uv": [ 4, 5, 5, 6 ], "texture": "#texture", "rotation": 90 },
				"south": { "uv": [ 8, 6, 7, 5 ], "texture": "#texture", "rotation": 90 },
				"west": { "uv": [ 8, 5, 4, 6 ], "texture": "#texture", "rotation": 180 },
				"east": { "uv": [ 4, 5, 8, 6 ], "texture": "#texture", "rotation": 180 }
			}
		},
		{
			"__comment": "Bow6",
			"from": [ 15.5, 2, 7.4995 ],
			"to": [ 16.5, 3, 8.4995 ],
			"rotation": { "origin": [ 13.5, 1, 7.5 ], "axis": "y", "angle": -45 },
			"faces": {
				"down": { "uv": [ 4, 13, 5, 14 ], "texture": "#texture", "rotation": 270 },
				"up": { "uv": [ 4, 14, 5, 13 ], "texture": "#texture", "rotation": 90 },
				"south": { "uv": [ 5, 14, 4, 13 ], "texture": "#texture", "rotation": 90 },
				"west": { "uv": [ 5, 13, 4, 14 ], "texture": "#texture", "rotation": 180 },
				"east": { "uv": [ 4, 13, 5, 14 ], "texture": "#texture", "rotation": 180 }
			}
		},
		{
			"__comment": "Bow7",
			"from": [ 6.5002, 1, 8.501699 ],
			"to": [ 7.5002, 4, 14.5017 ],
			"rotation": { "origin": [ 13.5, 1, 7.5 ], "axis": "y", "angle": -45 },
			"faces": {
				"down": { "uv": [ 5, 4, 11, 5 ], "texture": "#texture", "rotation": 270 },
				"up": { "uv": [ 5, 5, 11, 4 ], "texture": "#texture", "rotation": 90 },
				"north": { "uv": [ 5, 4, 6, 5 ], "texture": "#texture", "rotation": 90 },
				"south": { "uv": [ 11, 5, 10, 4 ], "texture": "#texture", "rotation": 90 },
				"west": { "uv": [ 11, 4, 5, 5 ], "texture": "#texture", "rotation": 180 },
				"east": { "uv": [ 5, 4, 11, 5 ], "texture": "#texture", "rotation": 180 }
			}
		},
		{
			"__comment": "Bow8",
			"from": [ 14.5002, 2, 8.4998 ],
			"to": [ 15.5002, 3, 9.4998 ],
			"rotation": { "origin": [ 13.5, 1, 7.5 ], "axis": "y", "angle": -45 },
			"faces": {
				"down": { "uv": [ 5, 12, 6, 13 ], "texture": "#texture", "rotation": 270 },
				"up": { "uv": [ 5, 13, 6, 12 ], "texture": "#texture", "rotation": 90 },
				"north": { "uv": [ 5, 12, 6, 13 ], "texture": "#texture", "rotation": 90 },
				"south": { "uv": [ 6, 13, 5, 12 ], "texture": "#texture", "rotation": 90 },
				"west": { "uv": [ 6, 12, 5, 13 ], "texture": "#texture", "rotation": 180 },
				"east": { "uv": [ 5, 12, 6, 13 ], "texture": "#texture", "rotation": 180 }
			}
		},
		{
			"__comment": "Bow9",
			"from": [ 5.5005, 1, 9.5019 ],
			"to": [ 6.5005, 4, 18.5019 ],
			"rotation": { "origin": [ 13.5, 1, 7.5 ], "axis": "y", "angle": -45 },
			"faces": {
				"down": { "uv": [ 6, 3, 15, 4 ], "texture": "#texture", "rotation": 270 },
				"up": { "uv": [ 6, 4, 15, 3 ], "texture": "#texture", "rotation": 90 },
				"north": { "uv": [ 6, 3, 7, 4 ], "texture": "#texture", "rotation": 90 },
				"south": { "uv": [ 15, 4, 14, 3 ], "texture": "#texture", "rotation": 90 },
				"west": { "uv": [ 15, 3, 6, 4 ], "texture": "#texture", "rotation": 180 },
				"east": { "uv": [ 6, 3, 15, 4 ], "texture": "#texture", "rotation": 180 }
			}
		},
		{
			"__comment": "Bow10",
			"from": [ 13.5005, 2, 9.5 ],
			"to": [ 14.5005, 3, 10.5 ],
			"rotation": { "origin": [ 13.5, 1, 7.5 ], "axis": "y", "angle": -45 },
			"faces": {
				"down": { "uv": [ 6, 11, 7, 12 ], "texture": "#texture", "rotation": 270 },
				"up": { "uv": [ 6, 12, 7, 11 ], "texture": "#texture", "rotation": 90 },
				"north": { "uv": [ 6, 11, 7, 12 ], "texture": "#texture", "rotation": 90 },
				"south": { "uv": [ 7, 12, 6, 11 ], "texture": "#texture", "rotation": 90 },
				"west": { "uv": [ 7, 11, 6, 12 ], "texture": "#texture", "rotation": 180 },
				"east": { "uv": [ 6, 11, 7, 12 ], "texture": "#texture", "rotation": 180 }
			}
		},
		{
			"__comment": "Bow11",
			"from": [ 12.5007, 2, 10.5002 ],
			"to": [ 13.5007, 3, 11.5002 ],
			"rotation": { "origin": [ 13.5, 1, 7.5 ], "axis": "y", "angle": -45 },
			"faces": {
				"down": { "uv": [ 7, 10, 8, 11 ], "texture": "#texture", "rotation": 270 },
				"up": { "uv": [ 7, 11, 8, 10 ], "texture": "#texture", "rotation": 90 },
				"north": { "uv": [ 7, 10, 8, 11 ], "texture": "#texture", "rotation": 90 },
				"south": { "uv": [ 8, 11, 7, 10 ], "texture": "#texture", "rotation": 90 },
				"west": { "uv": [ 8, 10, 7, 11 ], "texture": "#texture", "rotation": 180 },
				"east": { "uv": [ 7, 10, 8, 11 ], "texture": "#texture", "rotation": 180 }
			}
		},
		{
			"__comment": "Bow12",
			"from": [ 4.501, 1, 11.5022 ],
			"to": [ 5.501, 4, 19.5022 ],
			"rotation": { "origin": [ 13.5, 1, 7.5 ], "axis": "y", "angle": -45 },
			"faces": {
				"down": { "uv": [ 8, 2, 16, 3 ], "texture": "#texture", "rotation": 270 },
				"up": { "uv": [ 8, 3, 16, 2 ], "texture": "#texture", "rotation": 90 },
				"north": { "uv": [ 8, 2, 9, 3 ], "texture": "#texture", "rotation": 90 },
				"south": { "uv": [ 16, 3, 15, 2 ], "texture": "#texture", "rotation": 90 },
				"west": { "uv": [ 16, 2, 8, 3 ], "texture": "#texture", "rotation": 180 },
				"east": { "uv": [ 8, 2, 16, 3 ], "texture": "#texture", "rotation": 180 }
			}
		},
		{
			"__comment": "Bow13",
			"from": [ 11.501, 2, 11.5005 ],
			"to": [ 12.501, 3, 12.5005 ],
			"rotation": { "origin": [ 13.5, 1, 7.5 ], "axis": "y", "angle": -45 },
			"faces": {
				"down": { "uv": [ 8, 9, 9, 10 ], "texture": "#texture", "rotation": 270 },
				"up": { "uv": [ 8, 10, 9, 9 ], "texture": "#texture", "rotation": 90 },
				"north": { "uv": [ 8, 9, 9, 10 ], "texture": "#texture", "rotation": 90 },
				"south": { "uv": [ 9, 10, 8, 9 ], "texture": "#texture", "rotation": 90 },
				"west": { "uv": [ 9, 9, 8, 10 ], "texture": "#texture", "rotation": 180 },
				"east": { "uv": [ 8, 9, 9, 10 ], "texture": "#texture", "rotation": 180 }
			}
		},
		{
			"__comment": "Bow14",
			"from": [ 10.5012, 2, 12.5007 ],
			"to": [ 11.5012, 3, 13.5007 ],
			"rotation": { "origin": [ 13.5, 1, 7.5 ], "axis": "y", "angle": -45 },
			"faces": {
				"down": { "uv": [ 9, 8, 10, 9 ], "texture": "#texture", "rotation": 270 },
				"up": { "uv": [ 9, 9, 10, 8 ], "texture": "#texture", "rotation": 90 },
				"north": { "uv": [ 9, 8, 10, 9 ], "texture": "#texture", "rotation": 90 },
				"south": { "uv": [ 10, 9, 9, 8 ], "texture": "#texture", "rotation": 90 },
				"west": { "uv": [ 10, 8, 9, 9 ], "texture": "#texture", "rotation": 180 },
				"east": { "uv": [ 9, 8, 10, 9 ], "texture": "#texture", "rotation": 180 }
			}
		},
		{
			"__comment": "Bow15",
			"from": [ 9.5014, 2, 13.501 ],
			"to": [ 10.5014, 3, 14.501 ],
			"rotation": { "origin": [ 13.5, 1, 7.5 ], "axis": "y", "angle": -45 },
			"faces": {
				"down": { "uv": [ 10, 7, 11, 8 ], "texture": "#texture", "rotation": 270 },
				"up": { "uv": [ 10, 8, 11, 7 ], "texture": "#texture", "rotation": 90 },
				"north": { "uv": [ 10, 7, 11, 8 ], "texture": "#texture", "rotation": 90 },
				"south": { "uv": [ 11, 8, 10, 7 ], "texture": "#texture", "rotation": 90 },
				"west": { "uv": [ 11, 7, 10, 8 ], "texture": "#texture", "rotation": 180 },
				"east": { "uv": [ 10, 7, 11, 8 ], "texture": "#texture", "rotation": 180 }
			}
		},
		{
			"__comment": "Bow16",
			"from": [ 3.5017, 1, 14.5024 ],
			"to": [ 4.5017, 4, 18.5024 ],
			"rotation": { "origin": [ 13.5, 1, 7.5 ], "axis": "y", "angle": -45 },
			"faces": {
				"down": { "uv": [ 11, 1, 15, 2 ], "texture": "#texture", "rotation": 270 },
				"up": { "uv": [ 11, 2, 15, 1 ], "texture": "#texture", "rotation": 90 },
				"north": { "uv": [ 11, 1, 12, 2 ], "texture": "#texture", "rotation": 90 },
				"south": { "uv": [ 15, 2, 14, 1 ], "texture": "#texture", "rotation": 90 },
				"west": { "uv": [ 15, 1, 11, 2 ], "texture": "#texture", "rotation": 180 }
			}
		},
		{
			"__comment": "Bow17",
			"from": [ 8.501699, 2, 14.5012 ],
			"to": [ 9.501699, 3, 15.5012 ],
			"rotation": { "origin": [ 13.5, 1, 7.5 ], "axis": "y", "angle": -45 },
			"faces": {
				"down": { "uv": [ 11, 6, 12, 7 ], "texture": "#texture", "rotation": 270 },
				"up": { "uv": [ 11, 7, 12, 6 ], "texture": "#texture", "rotation": 90 },
				"north": { "uv": [ 11, 6, 12, 7 ], "texture": "#texture", "rotation": 90 },
				"south": { "uv": [ 12, 7, 11, 6 ], "texture": "#texture", "rotation": 90 },
				"west": { "uv": [ 12, 6, 11, 7 ], "texture": "#texture", "rotation": 180 },
				"east": { "uv": [ 11, 6, 12, 7 ], "texture": "#texture", "rotation": 180 }
			}
		},
		{
			"__comment": "Bow18",
			"from": [ 7.5019, 2, 15.5014 ],
			"to": [ 8.5019, 3, 16.5014 ],
			"rotation": { "origin": [ 13.5, 1, 7.5 ], "axis": "y", "angle": -45 },
			"faces": {
				"down": { "uv": [ 12, 5, 13, 6 ], "texture": "#texture", "rotation": 270 },
				"up": { "uv": [ 12, 6, 13, 5 ], "texture": "#texture", "rotation": 90 },
				"north": { "uv": [ 12, 5, 13, 6 ], "texture": "#texture", "rotation": 90 },
				"south": { "uv": [ 13, 6, 12, 5 ], "texture": "#texture", "rotation": 90 },
				"west": { "uv": [ 13, 5, 12, 6 ], "texture": "#texture", "rotation": 180 },
				"east": { "uv": [ 12, 5, 13, 6 ], "texture": "#texture", "rotation": 180 }
			}
		},
		{
			"__comment": "Bow19",
			"from": [ 6.5022, 2, 16.5017 ],
			"to": [ 7.5022, 3, 17.5017 ],
			"rotation": { "origin": [ 13.5, 1, 7.5 ], "axis": "y", "angle": -45 },
			"faces": {
				"down": { "uv": [ 13, 4, 14, 5 ], "texture": "#texture", "rotation": 270 },
				"up": { "uv": [ 13, 5, 14, 4 ], "texture": "#texture", "rotation": 90 },
				"north": { "uv": [ 13, 4, 14, 5 ], "texture": "#texture", "rotation": 90 },
				"south": { "uv": [ 14, 5, 13, 4 ], "texture": "#texture", "rotation": 90 },
				"east": { "uv": [ 13, 4, 14, 5 ], "texture": "#texture", "rotation": 180 }
			}
		}
	],
	"display": {
		"thirdperson_righthand": {
			"rotation":  [ 0, -35, 90 ],
			"translation":  [ -5, -2.5, 0 ],
			"scale":  [ 0.85, 0.85, 0.85 ]
		},
		"thirdperson_lefthand": {
			"rotation":  [ 0, -35, 90 ],
			"translation":  [ -5, -2.5, 0 ],
			"scale":  [ 0.85, 0.85, 0.85 ]
		},
		"firstperson_righthand": {
			"rotation":  [ 0, 0, 90 ],
			"scale":  [ 0.5, 0.5, 0.5 ]
		},
		"firstperson_lefthand": {
			"rotation":  [ 0, 0, 90 ],
			"translation":  [ 0, 0.5, 0 ],
			"scale":  [ 0.5, 0.5, 0.5 ]
		},
		"gui": {
			"rotation":  [ 45, 45, 45 ],
			"translation":  [ -2.5, 0.5, 0 ],
			"scale":  [ 0.75, 0.75, 0.75 ]
		},
		"ground": {
			"translation":  [ 0, 3, 0 ]
		},
		"fixed": {
			"rotation":  [ 90, -45, 0 ],
			"translation":  [ 0, 0, 5.75 ]
		}
	},
	"overrides": [
		{
			"predicate": {
				"pulling": 1
			},
			"model": "item/bow_pulling_0"
		},
		{
			"predicate": {
				"pull": 0.65,
				"pulling": 1
			},
			"model": "item/bow_pulling_1"
		},
		{
			"predicate": {
				"pull": 0.9,
				"pulling": 1
			},
			"model": "item/bow_pulling_2"
		}
	]
}