{
	"__comment": "Designed by AndrealVox",
	"ambientocclusion": false,
	"textures": {
		"particle": "items/arrow",
		"shaft": "blocks/planks_oak",
		"arrow": "items/arrow",
		"texture": "items/bow_standby",
		"texture_1": "blocks/planks_oak",
		"texture2": "items/arrow"
	},
	"elements": [
		{
			"__comment": "Shaft",
			"from": [ 7.875, 2, -2 ],
			"to": [ 8.875, 3, 10 ],
			"faces": {
				"down": { "uv": [ 8, 2, 9, 14 ], "texture": "#shaft" },
				"up": { "uv": [ 8, 2, 9, 14 ], "texture": "#shaft" },
				"west": { "uv": [ 2, 13, 14, 14 ], "texture": "#shaft" },
				"east": { "uv": [ 2, 13, 14, 14 ], "texture": "#shaft" }
			}
		},
		{
			"__comment": "Arrowhead1",
			"from": [ 7.875, 2, -4 ],
			"to": [ 8.875, 3, -3 ],
			"faces": {
				"down": { "uv": [ 12, 2, 13, 3 ], "texture": "#arrow" },
				"up": { "uv": [ 12, 2, 13, 3 ], "texture": "#arrow" },
				"north": { "uv": [ 12, 2, 13, 3 ], "texture": "#arrow" },
				"west": { "uv": [ 12, 2, 13, 3 ], "texture": "#arrow" },
				"east": { "uv": [ 12, 2, 13, 3 ], "texture": "#arrow" }
			}
		},
		{
			"__comment": "Arrowhead2",
			"from": [ 7.875, 1, -3 ],
			"to": [ 8.875, 4, -2 ],
			"faces": {
				"down": { "uv": [ 12, 2, 13, 3 ], "texture": "#arrow" },
				"up": { "uv": [ 12, 2, 13, 3 ], "texture": "#arrow" },
				"north": { "uv": [ 12, 2, 13, 3 ], "texture": "#arrow" },
				"south": { "uv": [ 12, 2, 13, 3 ], "texture": "#arrow" },
				"west": { "uv": [ 12, 2, 13, 3 ], "texture": "#arrow" },
				"east": { "uv": [ 12, 2, 13, 3 ], "texture": "#arrow" }
			}
		},
		{
			"__comment": "Arrowhead3",
			"from": [ 6.875, 2, -3 ],
			"to": [ 9.875, 3, -2 ],
			"faces": {
				"down": { "uv": [ 12, 2, 13, 3 ], "texture": "#arrow" },
				"up": { "uv": [ 12, 2, 13, 3 ], "texture": "#arrow" },
				"north": { "uv": [ 12, 2, 13, 3 ], "texture": "#arrow" },
				"south": { "uv": [ 12, 2, 13, 3 ], "texture": "#arrow" },
				"west": { "uv": [ 12, 2, 13, 3 ], "texture": "#arrow" },
				"east": { "uv": [ 12, 2, 13, 3 ], "texture": "#arrow" }
			}
		},
		{
			"__comment": "Arrowhead4",
			"from": [ 7.875, 3.5, -2 ],
			"to": [ 8.875, 4.5, -1 ],
			"faces": {
				"down": { "uv": [ 12, 2, 13, 3 ], "texture": "#arrow" },
				"up": { "uv": [ 12, 2, 13, 3 ], "texture": "#arrow" },
				"north": { "uv": [ 12, 2, 13, 3 ], "texture": "#arrow" },
				"south": { "uv": [ 12, 2, 13, 3 ], "texture": "#arrow" },
				"west": { "uv": [ 12, 2, 13, 3 ], "texture": "#arrow" },
				"east": { "uv": [ 12, 2, 13, 3 ], "texture": "#arrow" }
			}
		},
		{
			"__comment": "Arrowhead5",
			"from": [ 7.875, 0.5, -2 ],
			"to": [ 8.875, 1.5, -1 ],
			"faces": {
				"down": { "uv": [ 12, 2, 13, 3 ], "texture": "#arrow" },
				"up": { "uv": [ 12, 2, 13, 3 ], "texture": "#arrow" },
				"north": { "uv": [ 12, 2, 13, 3 ], "texture": "#arrow" },
				"south": { "uv": [ 12, 2, 13, 3 ], "texture": "#arrow" },
				"west": { "uv": [ 12, 2, 13, 3 ], "texture": "#arrow" },
				"east": { "uv": [ 12, 2, 13, 3 ], "texture": "#arrow" }
			}
		},
		{
			"__comment": "Arrowhead6",
			"from": [ 6.375, 2, -2 ],
			"to": [ 7.375, 3, -1 ],
			"faces": {
				"down": { "uv": [ 12, 2, 13, 3 ], "texture": "#arrow" },
				"up": { "uv": [ 12, 2, 13, 3 ], "texture": "#arrow" },
				"north": { "uv": [ 12, 2, 13, 3 ], "texture": "#arrow" },
				"south": { "uv": [ 12, 2, 13, 3 ], "texture": "#arrow" },
				"west": { "uv": [ 12, 2, 13, 3 ], "texture": "#arrow" },
				"east": { "uv": [ 12, 2, 13, 3 ], "texture": "#arrow" }
			}
		},
		{
			"__comment": "Arrowhead",
			"from": [ 9.375, 2, -2 ],
			"to": [ 10.375, 3, -1 ],
			"faces": {
				"down": { "uv": [ 12, 2, 13, 3 ], "texture": "#arrow" },
				"up": { "uv": [ 12, 2, 13, 3 ], "texture": "#arrow" },
				"north": { "uv": [ 12, 2, 13, 3 ], "texture": "#arrow" },
				"south": { "uv": [ 12, 2, 13, 3 ], "texture": "#arrow" },
				"west": { "uv": [ 12, 2, 13, 3 ], "texture": "#arrow" },
				"east": { "uv": [ 12, 2, 13, 3 ], "texture": "#arrow" }
			}
		},
		{
			"__comment": "Fletching",
			"from": [ 9.125, 1, 10 ],
			"to": [ 10.125, 4, 11 ],
			"rotation": { "origin": [ 9.125, 1, 10 ], "axis": "z", "angle": 45 },
			"faces": {
				"down": { "uv": [ 13, 2, 14, 3 ], "texture": "#arrow" },
				"up": { "uv": [ 13, 2, 14, 3 ], "texture": "#arrow" },
				"north": { "uv": [ 13, 2, 14, 3 ], "texture": "#arrow" },
				"south": { "uv": [ 13, 2, 14, 3 ], "texture": "#arrow" },
				"west": { "uv": [ 13, 2, 14, 3 ], "texture": "#arrow" },
				"east": { "uv": [ 13, 2, 14, 3 ], "texture": "#arrow" }
			}
		},
		{
			"__comment": "Fletching1",
			"from": [ 8.1254, 2.0004, 10 ],
			"to": [ 11.1254, 3.0004, 11 ],
			"rotation": { "origin": [ 9.125, 1, 10 ], "axis": "z", "angle": 45 },
			"faces": {
				"down": { "uv": [ 14, 3, 13, 2 ], "texture": "#arrow", "rotation": 270 },
				"up": { "uv": [ 13, 2, 14, 3 ], "texture": "#arrow", "rotation": 90 },
				"north": { "uv": [ 13, 2, 14, 3 ], "texture": "#arrow", "rotation": 270 },
				"south": { "uv": [ 13, 2, 14, 3 ], "texture": "#arrow", "rotation": 90 },
				"west": { "uv": [ 13, 2, 14, 3 ], "texture": "#arrow" },
				"east": { "uv": [ 14, 3, 13, 2 ], "texture": "#arrow" }
			}
		},
		{
			"__comment": "Fletching2",
			"from": [ 9.1262, 3.5, 11 ],
			"to": [ 10.1262, 4.5, 12 ],
			"rotation": { "origin": [ 9.125, 1, 10 ], "axis": "z", "angle": 45 },
			"faces": {
				"down": { "uv": [ 13, 2, 14, 3 ], "texture": "#arrow" },
				"up": { "uv": [ 13, 2, 14, 3 ], "texture": "#arrow" },
				"north": { "uv": [ 13, 2, 14, 3 ], "texture": "#arrow" },
				"south": { "uv": [ 13, 2, 14, 3 ], "texture": "#arrow" },
				"west": { "uv": [ 13, 2, 14, 3 ], "texture": "#arrow" },
				"east": { "uv": [ 13, 2, 14, 3 ], "texture": "#arrow" }
			}
		},
		{
			"__comment": "Fletching3",
			"from": [ 9.1248, 0.5, 11 ],
			"to": [ 10.1248, 1.5, 12 ],
			"rotation": { "origin": [ 9.125, 1, 10 ], "axis": "z", "angle": 45 },
			"faces": {
				"down": { "uv": [ 13, 2, 14, 3 ], "texture": "#arrow" },
				"up": { "uv": [ 13, 2, 14, 3 ], "texture": "#arrow" },
				"north": { "uv": [ 13, 2, 14, 3 ], "texture": "#arrow" },
				"south": { "uv": [ 13, 2, 14, 3 ], "texture": "#arrow" },
				"west": { "uv": [ 13, 2, 14, 3 ], "texture": "#arrow" },
				"east": { "uv": [ 13, 2, 14, 3 ], "texture": "#arrow" }
			}
		},
		{
			"__comment": "Fletching4",
			"from": [ 7.6254, 2.0008, 11 ],
			"to": [ 8.625401, 3.0008, 12 ],
			"rotation": { "origin": [ 9.125, 1, 10 ], "axis": "z", "angle": 45 },
			"faces": {
				"down": { "uv": [ 13, 2, 14, 3 ], "texture": "#arrow" },
				"up": { "uv": [ 13, 2, 14, 3 ], "texture": "#arrow" },
				"north": { "uv": [ 13, 2, 14, 3 ], "texture": "#arrow" },
				"south": { "uv": [ 13, 2, 14, 3 ], "texture": "#arrow" },
				"west": { "uv": [ 13, 2, 14, 3 ], "texture": "#arrow" },
				"east": { "uv": [ 13, 2, 14, 3 ], "texture": "#arrow" }
			}
		},
		{
			"__comment": "Fletching5",
			"from": [ 10.6254, 1.9992, 11 ],
			"to": [ 11.6254, 2.9992, 12 ],
			"rotation": { "origin": [ 9.125, 1, 10 ], "axis": "z", "angle": 45 },
			"faces": {
				"down": { "uv": [ 13, 2, 14, 3 ], "texture": "#arrow" },
				"up": { "uv": [ 13, 2, 14, 3 ], "texture": "#arrow" },
				"north": { "uv": [ 13, 2, 14, 3 ], "texture": "#arrow" },
				"south": { "uv": [ 13, 2, 14, 3 ], "texture": "#arrow" },
				"west": { "uv": [ 13, 2, 14, 3 ], "texture": "#arrow" },
				"east": { "uv": [ 13, 2, 14, 3 ], "texture": "#arrow" }
			}
		},
		{
			"__comment": "Bow",
			"from": [ -1.5, 1, 8.5 ],
			"to": [ -0.5, 4, 9.5 ],
			"rotation": { "origin": [ -1.5, 1, 9.5 ], "axis": "y", "angle": -45 },
			"faces": {
				"down": { "uv": [ 3, 16, 2, 15 ], "texture": "#texture" },
				"up": { "uv": [ 2, 15, 3, 16 ], "texture": "#texture" },
				"south": { "uv": [ 2, 15, 3, 16 ], "texture": "#texture" },
				"west": { "uv": [ 2, 15, 3, 16 ], "texture": "#texture", "rotation": 270 },
				"east": { "uv": [ 2, 15, 3, 16 ], "texture": "#texture", "rotation": 90 }
			}
		},
		{
			"__comment": "Bow",
			"from": [ -2.5, 1, 4.5 ],
			"to": [ 0.5, 4, 8.5 ],
			"rotation": { "origin": [ -1.5, 1, 9.5 ], "axis": "y", "angle": -45 },
			"faces": {
				"down": { "uv": [ 4, 15, 1, 11 ], "texture": "#texture" },
				"up": { "uv": [ 1, 11, 4, 15 ], "texture": "#texture" },
				"north": { "uv": [ 4, 13, 1, 11 ], "texture": "#texture" },
				"south": { "uv": [ 1, 13, 4, 15 ], "texture": "#texture" },
				"west": { "uv": [ 1, 11, 2, 15 ], "texture": "#texture", "rotation": 270 },
				"east": { "uv": [ 3, 11, 4, 15 ], "texture": "#texture", "rotation": 90 }
			}
		},
		{
			"__comment": "Bow",
			"from": [ -1.5, 1, 1.5 ],
			"to": [ 1.5, 4, 4.5 ],
			"rotation": { "origin": [ -1.5, 1, 9.5 ], "axis": "y", "angle": -45 },
			"faces": {
				"down": { "uv": [ 5, 11, 2, 8 ], "texture": "#texture" },
				"up": { "uv": [ 2, 8, 5, 11 ], "texture": "#texture" },
				"north": { "uv": [ 5, 10, 2, 8 ], "texture": "#texture" },
				"south": { "uv": [ 2, 9, 5, 11 ], "texture": "#texture" },
				"west": { "uv": [ 2, 8, 3, 11 ], "texture": "#texture", "rotation": 270 },
				"east": { "uv": [ 4, 8, 5, 11 ], "texture": "#texture", "rotation": 90 }
			}
		},
		{
			"__comment": "Bow",
			"from": [ -0.5, 1, -0.5 ],
			"to": [ 2.5, 4, 1.5 ],
			"rotation": { "origin": [ -1.5, 1, 9.5 ], "axis": "y", "angle": -45 },
			"faces": {
				"down": { "uv": [ 3, 8, 6, 6 ], "texture": "#texture" },
				"up": { "uv": [ 3, 6, 6, 8 ], "texture": "#texture" },
				"north": { "uv": [ 4, 7, 3, 6 ], "texture": "#texture" },
				"south": { "uv": [ 5, 7, 6, 8 ], "texture": "#texture" },
				"west": { "uv": [ 3, 6, 4, 8 ], "texture": "#texture", "rotation": 270 },
				"east": { "uv": [ 5, 6, 6, 8 ], "texture": "#texture", "rotation": 90 }
			}
		},
		{
			"__comment": "Bow",
			"from": [ 0.5, 1, -1.5 ],
			"to": [ 1.5, 4, -0.5 ],
			"rotation": { "origin": [ -1.5, 1, 9.5 ], "axis": "y", "angle": -45 },
			"faces": {
				"down": { "uv": [ 5, 6, 4, 5 ], "texture": "#texture" },
				"up": { "uv": [ 4, 5, 5, 6 ], "texture": "#texture" },
				"north": { "uv": [ 5, 6, 4, 5 ], "texture": "#texture" },
				"west": { "uv": [ 4, 5, 5, 6 ], "texture": "#texture", "rotation": 270 }
			}
		},
		{
			"__comment": "Bow",
			"from": [ 2.5, 1, -0.5 ],
			"to": [ 3.5, 4, 0.5 ],
			"rotation": { "origin": [ -1.5, 1, 9.5 ], "axis": "y", "angle": -45 },
			"faces": {
				"down": { "uv": [ 7, 7, 6, 6 ], "texture": "#texture" },
				"up": { "uv": [ 6, 6, 7, 7 ], "texture": "#texture" },
				"south": { "uv": [ 6, 6, 7, 7 ], "texture": "#texture" },
				"east": { "uv": [ 6, 6, 7, 7 ], "texture": "#texture", "rotation": 90 }
			}
		},
		{
			"__comment": "Bow",
			"from": [ 1.5, 1, -2.5 ],
			"to": [ 4.5, 4, -0.5 ],
			"rotation": { "origin": [ -1.5, 1, 9.5 ], "axis": "y", "angle": -45 },
			"faces": {
				"down": { "uv": [ 8, 6, 5, 4 ], "texture": "#texture" },
				"up": { "uv": [ 5, 4, 8, 6 ], "texture": "#texture" },
				"north": { "uv": [ 6, 5, 5, 4 ], "texture": "#texture" },
				"south": { "uv": [ 7, 5, 8, 6 ], "texture": "#texture" },
				"west": { "uv": [ 7, 4, 8, 6 ], "texture": "#texture", "rotation": 270 },
				"east": { "uv": [ 5, 4, 6, 6 ], "texture": "#texture", "rotation": 90 }
			}
		},
		{
			"__comment": "Bow",
			"from": [ 2.5, 1, -3.5 ],
			"to": [ 4.5, 4, -2.5 ],
			"rotation": { "origin": [ -1.5, 1, 9.5 ], "axis": "y", "angle": -45 },
			"faces": {
				"down": { "uv": [ 8, 4, 6, 3 ], "texture": "#texture" },
				"up": { "uv": [ 6, 3, 8, 4 ], "texture": "#texture" },
				"north": { "uv": [ 8, 4, 6, 3 ], "texture": "#texture" },
				"west": { "uv": [ 7, 3, 8, 4 ], "texture": "#texture", "rotation": 270 }
			}
		},
		{
			"__comment": "Bow",
			"from": [ 4.5, 1, -4.5 ],
			"to": [ 7.5, 4, -1.5 ],
			"rotation": { "origin": [ -1.5, 1, 9.5 ], "axis": "y", "angle": -45 },
			"faces": {
				"down": { "uv": [ 11, 5, 8, 2 ], "texture": "#texture" },
				"up": { "uv": [ 8, 2, 11, 5 ], "texture": "#texture" },
				"north": { "uv": [ 11, 5, 8, 4 ], "texture": "#texture" },
				"south": { "uv": [ 8, 2, 11, 3 ], "texture": "#texture" },
				"west": { "uv": [ 8, 2, 9, 5 ], "texture": "#texture", "rotation": 270 },
				"east": { "uv": [ 10, 2, 11, 5 ], "texture": "#texture", "rotation": 90 }
			}
		},
		{
			"__comment": "Bow",
			"from": [ 7.5, 1, -5.5 ],
			"to": [ 11.5, 4, -2.5 ],
			"rotation": { "origin": [ -1.5, 1, 9.5 ], "axis": "y", "angle": -45 },
			"faces": {
				"down": { "uv": [ 15, 4, 11, 1 ], "texture": "#texture" },
				"up": { "uv": [ 11, 1, 15, 4 ], "texture": "#texture" },
				"north": { "uv": [ 15, 2, 11, 1 ], "texture": "#texture" },
				"south": { "uv": [ 11, 3, 15, 4 ], "texture": "#texture" },
				"west": { "uv": [ 11, 1, 12, 4 ], "texture": "#texture", "rotation": 270 },
				"east": { "uv": [ 14, 1, 15, 4 ], "texture": "#texture", "rotation": 90 }
			}
		},
		{
			"__comment": "Bow",
			"from": [ 11.5, 1, -4.5 ],
			"to": [ 12.5, 4, -3.5 ],
			"rotation": { "origin": [ -1.5, 1, 9.5 ], "axis": "y", "angle": -45 },
			"faces": {
				"down": { "uv": [ 16, 3, 15, 2 ], "texture": "#texture" },
				"up": { "uv": [ 15, 2, 16, 3 ], "texture": "#texture" },
				"north": { "uv": [ 16, 3, 15, 2 ], "texture": "#texture" },
				"south": { "uv": [ 15, 2, 16, 3 ], "texture": "#texture" },
				"east": { "uv": [ 15, 2, 16, 3 ], "texture": "#texture", "rotation": 90 }
			}
		},
		{
			"__comment": "String",
			"from": [ 0.625, 2, 7.5 ],
			"to": [ 1.625, 3, 8.5 ],
			"rotation": { "origin": [ -1.375, 1.5, 9.5 ], "axis": "y", "angle": -45 },
			"faces": {
				"down": { "uv": [ 5, 14, 4, 13 ], "texture": "#texture" },
				"up": { "uv": [ 4, 13, 5, 14 ], "texture": "#texture" },
				"north": { "uv": [ 5, 14, 4, 13 ], "texture": "#texture" },
				"south": { "uv": [ 4, 13, 5, 14 ], "texture": "#texture" },
				"east": { "uv": [ 4, 13, 5, 14 ], "texture": "#texture", "rotation": 90 }
			}
		},
		{
			"__comment": "String",
			"from": [ 1.625, 2, 6.5 ],
			"to": [ 3.625, 3, 7.5 ],
			"rotation": { "origin": [ -1.375, 1.5, 9.5 ], "axis": "y", "angle": -45 },
			"faces": {
				"down": { "uv": [ 5, 14, 4, 13 ], "texture": "#texture" },
				"up": { "uv": [ 4, 13, 5, 14 ], "texture": "#texture" },
				"north": { "uv": [ 5, 14, 4, 13 ], "texture": "#texture" },
				"south": { "uv": [ 4, 13, 5, 14 ], "texture": "#texture" },
				"west": { "uv": [ 4, 13, 5, 14 ], "texture": "#texture", "rotation": 270 },
				"east": { "uv": [ 4, 13, 5, 14 ], "texture": "#texture", "rotation": 90 }
			}
		},
		{
			"__comment": "String",
			"from": [ 3.625, 2, 5.5 ],
			"to": [ 4.625, 3, 6.5 ],
			"rotation": { "origin": [ -1.375, 1.5, 9.5 ], "axis": "y", "angle": -45 },
			"faces": {
				"down": { "uv": [ 5, 14, 4, 13 ], "texture": "#texture" },
				"up": { "uv": [ 4, 13, 5, 14 ], "texture": "#texture" },
				"north": { "uv": [ 5, 14, 4, 13 ], "texture": "#texture" },
				"south": { "uv": [ 4, 13, 5, 14 ], "texture": "#texture" },
				"west": { "uv": [ 4, 13, 5, 14 ], "texture": "#texture", "rotation": 270 },
				"east": { "uv": [ 4, 13, 5, 14 ], "texture": "#texture", "rotation": 90 }
			}
		},
		{
			"__comment": "String",
			"from": [ 4.625, 2, 4.5 ],
			"to": [ 6.625, 3, 5.5 ],
			"rotation": { "origin": [ -1.375, 1.5, 9.5 ], "axis": "y", "angle": -45 },
			"faces": {
				"down": { "uv": [ 5, 14, 4, 13 ], "texture": "#texture" },
				"up": { "uv": [ 4, 13, 5, 14 ], "texture": "#texture" },
				"north": { "uv": [ 5, 14, 4, 13 ], "texture": "#texture" },
				"south": { "uv": [ 4, 13, 5, 14 ], "texture": "#texture" },
				"west": { "uv": [ 4, 13, 5, 14 ], "texture": "#texture", "rotation": 270 },
				"east": { "uv": [ 4, 13, 5, 14 ], "texture": "#texture", "rotation": 90 }
			}
		},
		{
			"__comment": "String",
			"from": [ 6.625, 2, 3.5 ],
			"to": [ 7.625, 3, 4.5 ],
			"rotation": { "origin": [ -1.375, 1.5, 9.5 ], "axis": "y", "angle": -45 },
			"faces": {
				"down": { "uv": [ 5, 14, 4, 13 ], "texture": "#texture" },
				"up": { "uv": [ 4, 13, 5, 14 ], "texture": "#texture" },
				"north": { "uv": [ 5, 14, 4, 13 ], "texture": "#texture" },
				"south": { "uv": [ 4, 13, 5, 14 ], "texture": "#texture" },
				"west": { "uv": [ 4, 13, 5, 14 ], "texture": "#texture", "rotation": 270 },
				"east": { "uv": [ 4, 13, 5, 14 ], "texture": "#texture", "rotation": 90 }
			}
		},
		{
			"__comment": "String",
			"from": [ 7.625, 2, 1.5 ],
			"to": [ 8.625, 3, 3.5 ],
			"rotation": { "origin": [ -1.375, 1.5, 9.5 ], "axis": "y", "angle": -45 },
			"faces": {
				"down": { "uv": [ 5, 14, 4, 13 ], "texture": "#texture" },
				"up": { "uv": [ 4, 13, 5, 14 ], "texture": "#texture" },
				"north": { "uv": [ 5, 14, 4, 13 ], "texture": "#texture" },
				"south": { "uv": [ 4, 13, 5, 14 ], "texture": "#texture" },
				"west": { "uv": [ 4, 13, 5, 14 ], "texture": "#texture", "rotation": 270 },
				"east": { "uv": [ 4, 13, 5, 14 ], "texture": "#texture", "rotation": 90 }
			}
		},
		{
			"__comment": "String",
			"from": [ 8.625, 2, 0.5 ],
			"to": [ 9.625, 3, 1.5 ],
			"rotation": { "origin": [ -1.375, 1.5, 9.5 ], "axis": "y", "angle": -45 },
			"faces": {
				"down": { "uv": [ 5, 14, 4, 13 ], "texture": "#texture" },
				"up": { "uv": [ 4, 13, 5, 14 ], "texture": "#texture" },
				"north": { "uv": [ 5, 14, 4, 13 ], "texture": "#texture" },
				"south": { "uv": [ 4, 13, 5, 14 ], "texture": "#texture" },
				"west": { "uv": [ 4, 13, 5, 14 ], "texture": "#texture", "rotation": 270 },
				"east": { "uv": [ 4, 13, 5, 14 ], "texture": "#texture", "rotation": 90 }
			}
		},
		{
			"__comment": "String",
			"from": [ 9.625, 2, -1.5 ],
			"to": [ 10.625, 3, 0.5 ],
			"rotation": { "origin": [ -1.375, 1.5, 9.5 ], "axis": "y", "angle": -45 },
			"faces": {
				"down": { "uv": [ 5, 14, 4, 13 ], "texture": "#texture" },
				"up": { "uv": [ 4, 13, 5, 14 ], "texture": "#texture" },
				"north": { "uv": [ 5, 14, 4, 13 ], "texture": "#texture" },
				"south": { "uv": [ 4, 13, 5, 14 ], "texture": "#texture" },
				"west": { "uv": [ 4, 13, 5, 14 ], "texture": "#texture", "rotation": 270 },
				"east": { "uv": [ 4, 13, 5, 14 ], "texture": "#texture", "rotation": 90 }
			}
		},
		{
			"__comment": "String",
			"from": [ 10.625, 2, -2.5 ],
			"to": [ 11.625, 3, -1.5 ],
			"rotation": { "origin": [ -1.375, 1.5, 9.5 ], "axis": "y", "angle": -45 },
			"faces": {
				"down": { "uv": [ 5, 14, 4, 13 ], "texture": "#texture" },
				"up": { "uv": [ 4, 13, 5, 14 ], "texture": "#texture" },
				"south": { "uv": [ 4, 13, 5, 14 ], "texture": "#texture" },
				"west": { "uv": [ 4, 13, 5, 14 ], "texture": "#texture", "rotation": 270 },
				"east": { "uv": [ 4, 13, 5, 14 ], "texture": "#texture", "rotation": 90 }
			}
		}
	],
	"display": {
		"thirdperson_righthand": {
			"rotation":  [ 0, -35, 90 ],
			"translation":  [ -5, -2.5, 0 ],
			"scale":  [ 0.85, 0.85, 0.85 ]
		},
		"thirdperson_lefthand": {
			"rotation":  [ 0, -35, 90 ],
			"translation":  [ -5, -2.5, 0 ],
			"scale":  [ 0.85, 0.85, 0.85 ]
		},
		"firstperson_righthand": {
			"rotation":  [ 0, 0, 90 ],
			"scale":  [ 0.5, 0.5, 0.5 ]
		},
		"firstperson_lefthand": {
			"rotation":  [ 0, 0, 90 ],
			"translation":  [ 0, 0.5, 0 ],
			"scale":  [ 0.5, 0.5, 0.5 ]
		},
		"gui": {
			"rotation":  [ 45, 45, 45 ],
			"translation":  [ -2.5, 0.5, 0 ],
			"scale":  [ 0.75, 0.75, 0.75 ]
		}
	}
}