{
	"__comment": "Designed by AndrealVox",
	"ambientocclusion": false,
	"textures": {
		"particle": "items/emerald",
		"texture": "items/emerald"
	},
	"elements": [
		{
			"__comment": "Cube1",
			"from": [ 3, 5, 7 ],
			"to": [ 14, 11, 8 ],
			"faces": {
				"down": { "uv": [ 3, 6, 14, 5 ], "texture": "#texture" },
				"up": { "uv": [ 3, 10, 14, 11 ], "texture": "#texture" },
				"north": { "uv": [ 14, 11, 3, 5 ], "texture": "#texture" },
				"south": { "uv": [ 3, 11, 14, 5 ], "texture": "#texture" },
				"west": { "uv": [ 3, 5, 4, 11 ], "texture": "#texture", "rotation": 180 },
				"east": { "uv": [ 14, 11, 13, 5 ], "texture": "#texture" }
			}
		},
		{
			"__comment": "Cube2",
			"from": [ 4, 5, 6 ],
			"to": [ 13, 11, 7 ],
			"faces": {
				"down": { "uv": [ 5, 11, 12, 12 ], "texture": "#texture" },
				"up": { "uv": [ 5, 11, 12, 12 ], "texture": "#texture" },
				"north": { "uv": [ 13, 11, 4, 5 ], "texture": "#texture" },
				"west": { "uv": [ 4, 5, 5, 11 ], "texture": "#texture", "rotation": 180 },
				"east": { "uv": [ 13, 11, 12, 5 ], "texture": "#texture" }
			}
		},
		{
			"__comment": "Cube3",
			"from": [ 5, 3, 7 ],
			"to": [ 12, 13, 8 ],
			"faces": {
				"down": { "uv": [ 5, 4, 12, 3 ], "texture": "#texture" },
				"up": { "uv": [ 5, 12, 12, 13 ], "texture": "#texture" },
				"north": { "uv": [ 12, 13, 5, 3 ], "texture": "#texture" },
				"south": { "uv": [ 5, 13, 12, 3 ], "texture": "#texture" },
				"west": { "uv": [ 5, 3, 6, 13 ], "texture": "#texture", "rotation": 180 },
				"east": { "uv": [ 12, 13, 11, 3 ], "texture": "#texture" }
			}
		},
		{
			"__comment": "Cube4",
			"from": [ 6, 2, 7 ],
			"to": [ 11, 14, 8 ],
			"faces": {
				"down": { "uv": [ 6, 3, 11, 2 ], "texture": "#texture" },
				"up": { "uv": [ 6, 13, 11, 14 ], "texture": "#texture" },
				"north": { "uv": [ 11, 14, 6, 2 ], "texture": "#texture" },
				"south": { "uv": [ 6, 14, 11, 2 ], "texture": "#texture" },
				"west": { "uv": [ 6, 2, 7, 14 ], "texture": "#texture", "rotation": 180 },
				"east": { "uv": [ 11, 14, 10, 2 ], "texture": "#texture" }
			}
		},
		{
			"__comment": "Cube5",
			"from": [ 7, 1, 7 ],
			"to": [ 10, 15, 8 ],
			"faces": {
				"down": { "uv": [ 7, 2, 10, 1 ], "texture": "#texture" },
				"up": { "uv": [ 7, 14, 10, 15 ], "texture": "#texture" },
				"north": { "uv": [ 10, 15, 7, 1 ], "texture": "#texture" },
				"south": { "uv": [ 7, 15, 10, 1 ], "texture": "#texture" },
				"west": { "uv": [ 7, 1, 8, 15 ], "texture": "#texture", "rotation": 180 },
				"east": { "uv": [ 10, 15, 9, 1 ], "texture": "#texture" }
			}
		},
		{
			"__comment": "Cube2",
			"from": [ 4, 4, 7 ],
			"to": [ 13, 12, 8 ],
			"faces": {
				"down": { "uv": [ 4, 5, 13, 4 ], "texture": "#texture" },
				"up": { "uv": [ 4, 11, 13, 12 ], "texture": "#texture" },
				"north": { "uv": [ 13, 12, 4, 4 ], "texture": "#texture" },
				"south": { "uv": [ 4, 12, 13, 4 ], "texture": "#texture" },
				"west": { "uv": [ 4, 4, 5, 12 ], "texture": "#texture", "rotation": 180 },
				"east": { "uv": [ 13, 12, 12, 4 ], "texture": "#texture" }
			}
		},
		{
			"__comment": "Cube2",
			"from": [ 5, 4, 6 ],
			"to": [ 12, 5, 7 ],
			"faces": {
				"down": { "uv": [ 6, 12, 11, 13 ], "texture": "#texture" },
				"north": { "uv": [ 12, 12, 6, 11 ], "texture": "#texture" },
				"west": { "uv": [ 5, 11, 6, 12 ], "texture": "#texture", "rotation": 180 },
				"east": { "uv": [ 12, 12, 11, 11 ], "texture": "#texture" }
			}
		},
		{
			"__comment": "Cube2",
			"from": [ 5, 6, 5 ],
			"to": [ 12, 10, 6 ],
			"faces": {
				"north": { "uv": [ 13, 11, 4, 5 ], "texture": "#texture" },
				"west": { "uv": [ 4, 6, 5, 10 ], "texture": "#texture", "rotation": 180 },
				"east": { "uv": [ 13, 10, 12, 6 ], "texture": "#texture" }
			}
		},
		{
			"__comment": "Cube2",
			"from": [ 6, 3, 6 ],
			"to": [ 11, 4, 7 ],
			"faces": {
				"down": { "uv": [ 6, 12, 11, 13 ], "texture": "#texture" },
				"north": { "uv": [ 11, 13, 6, 12 ], "texture": "#texture" },
				"west": { "uv": [ 5, 11, 6, 12 ], "texture": "#texture", "rotation": 180 },
				"east": { "uv": [ 12, 12, 11, 11 ], "texture": "#texture" }
			}
		},
		{
			"__comment": "Cube2",
			"from": [ 5, 11, 6 ],
			"to": [ 12, 12, 7 ],
			"faces": {
				"up": { "uv": [ 6, 12, 11, 13 ], "texture": "#texture" },
				"north": { "uv": [ 12, 12, 6, 11 ], "texture": "#texture" },
				"west": { "uv": [ 5, 11, 6, 12 ], "texture": "#texture", "rotation": 180 },
				"east": { "uv": [ 12, 12, 11, 11 ], "texture": "#texture" }
			}
		},
		{
			"__comment": "Cube2",
			"from": [ 7, 2, 6 ],
			"to": [ 10, 3, 7 ],
			"faces": {
				"down": { "uv": [ 7, 13, 10, 14 ], "texture": "#texture" },
				"north": { "uv": [ 10, 14, 7, 13 ], "texture": "#texture" },
				"west": { "uv": [ 5, 11, 6, 12 ], "texture": "#texture", "rotation": 180 },
				"east": { "uv": [ 12, 12, 11, 11 ], "texture": "#texture" }
			}
		},
		{
			"__comment": "Cube2",
			"from": [ 6, 12, 6 ],
			"to": [ 11, 13, 7 ],
			"faces": {
				"up": { "uv": [ 7, 13, 10, 14 ], "texture": "#texture" },
				"north": { "uv": [ 11, 13, 6, 12 ], "texture": "#texture" },
				"west": { "uv": [ 5, 11, 6, 12 ], "texture": "#texture", "rotation": 180 },
				"east": { "uv": [ 12, 12, 11, 11 ], "texture": "#texture" }
			}
		},
		{
			"__comment": "Cube2",
			"from": [ 7, 13, 6 ],
			"to": [ 10, 14, 7 ],
			"faces": {
				"up": { "uv": [ 7, 13, 10, 14 ], "texture": "#texture" },
				"north": { "uv": [ 10, 14, 7, 13 ], "texture": "#texture" },
				"west": { "uv": [ 5, 11, 6, 12 ], "texture": "#texture", "rotation": 180 },
				"east": { "uv": [ 12, 12, 11, 11 ], "texture": "#texture" }
			}
		},
		{
			"__comment": "Cube2",
			"from": [ 5, 5, 5 ],
			"to": [ 12, 6, 6 ],
			"faces": {
				"down": { "uv": [ 6, 12, 11, 13 ], "texture": "#texture" },
				"north": { "uv": [ 12, 12, 5, 11 ], "texture": "#texture" },
				"west": { "uv": [ 5, 11, 6, 12 ], "texture": "#texture", "rotation": 180 },
				"east": { "uv": [ 12, 12, 11, 11 ], "texture": "#texture" }
			}
		},
		{
			"__comment": "Cube2",
			"from": [ 5, 10, 5 ],
			"to": [ 12, 11, 6 ],
			"faces": {
				"up": { "uv": [ 6, 12, 11, 13 ], "texture": "#texture" },
				"north": { "uv": [ 12, 12, 5, 11 ], "texture": "#texture" },
				"west": { "uv": [ 5, 11, 6, 12 ], "texture": "#texture", "rotation": 180 },
				"east": { "uv": [ 12, 12, 11, 11 ], "texture": "#texture" }
			}
		},
		{
			"__comment": "Cube2",
			"from": [ 6, 4, 5 ],
			"to": [ 11, 5, 6 ],
			"faces": {
				"down": { "uv": [ 7, 13, 10, 14 ], "texture": "#texture" },
				"north": { "uv": [ 11, 13, 6, 12 ], "texture": "#texture" },
				"west": { "uv": [ 5, 11, 6, 12 ], "texture": "#texture", "rotation": 180 },
				"east": { "uv": [ 12, 12, 11, 11 ], "texture": "#texture" }
			}
		},
		{
			"__comment": "Cube2",
			"from": [ 6, 11, 5 ],
			"to": [ 11, 12, 6 ],
			"faces": {
				"up": { "uv": [ 7, 13, 10, 14 ], "texture": "#texture" },
				"north": { "uv": [ 11, 13, 6, 12 ], "texture": "#texture" },
				"west": { "uv": [ 5, 11, 6, 12 ], "texture": "#texture", "rotation": 180 },
				"east": { "uv": [ 12, 12, 11, 11 ], "texture": "#texture" }
			}
		},
		{
			"__comment": "Cube2",
			"from": [ 7, 3, 5 ],
			"to": [ 10, 4, 6 ],
			"faces": {
				"down": { "uv": [ 7, 13, 10, 14 ], "texture": "#texture" },
				"north": { "uv": [ 10, 14, 7, 13 ], "texture": "#texture" },
				"west": { "uv": [ 5, 11, 6, 12 ], "texture": "#texture", "rotation": 180 },
				"east": { "uv": [ 12, 12, 11, 11 ], "texture": "#texture" }
			}
		},
		{
			"__comment": "Cube2",
			"from": [ 7, 12, 5 ],
			"to": [ 10, 13, 6 ],
			"faces": {
				"up": { "uv": [ 7, 13, 10, 14 ], "texture": "#texture" },
				"north": { "uv": [ 10, 14, 7, 13 ], "texture": "#texture" },
				"west": { "uv": [ 5, 11, 6, 12 ], "texture": "#texture", "rotation": 180 },
				"east": { "uv": [ 12, 12, 11, 11 ], "texture": "#texture" }
			}
		},
		{
			"__comment": "Cube2",
			"from": [ 7, 13, 8 ],
			"to": [ 10, 14, 9 ],
			"faces": {
				"up": { "uv": [ 7, 13, 10, 14 ], "texture": "#texture" },
				"south": { "uv": [ 10, 14, 7, 13 ], "texture": "#texture" },
				"west": { "uv": [ 5, 11, 6, 12 ], "texture": "#texture", "rotation": 180 },
				"east": { "uv": [ 12, 12, 11, 11 ], "texture": "#texture" }
			}
		},
		{
			"__comment": "Cube2",
			"from": [ 7, 11, 4 ],
			"to": [ 10, 12, 5 ],
			"faces": {
				"up": { "uv": [ 7, 13, 10, 14 ], "texture": "#texture" },
				"north": { "uv": [ 10, 14, 7, 13 ], "texture": "#texture" },
				"west": { "uv": [ 5, 11, 6, 12 ], "texture": "#texture", "rotation": 180 },
				"east": { "uv": [ 12, 12, 11, 11 ], "texture": "#texture" }
			}
		},
		{
			"__comment": "Cube2",
			"from": [ 6, 12, 8 ],
			"to": [ 11, 13, 9 ],
			"faces": {
				"up": { "uv": [ 7, 13, 10, 14 ], "texture": "#texture" },
				"south": { "uv": [ 11, 13, 6, 12 ], "texture": "#texture" },
				"west": { "uv": [ 5, 11, 6, 12 ], "texture": "#texture", "rotation": 180 },
				"east": { "uv": [ 12, 12, 11, 11 ], "texture": "#texture" }
			}
		},
		{
			"__comment": "Cube2",
			"from": [ 6, 10, 4 ],
			"to": [ 11, 11, 5 ],
			"faces": {
				"up": { "uv": [ 7, 13, 10, 14 ], "texture": "#texture" },
				"north": { "uv": [ 11, 13, 6, 12 ], "texture": "#texture" },
				"west": { "uv": [ 5, 11, 6, 12 ], "texture": "#texture", "rotation": 180 },
				"east": { "uv": [ 12, 12, 11, 11 ], "texture": "#texture" }
			}
		},
		{
			"__comment": "Cube2",
			"from": [ 5, 11, 8 ],
			"to": [ 12, 12, 9 ],
			"faces": {
				"up": { "uv": [ 6, 12, 11, 13 ], "texture": "#texture" },
				"south": { "uv": [ 12, 12, 6, 11 ], "texture": "#texture" },
				"west": { "uv": [ 5, 11, 6, 12 ], "texture": "#texture", "rotation": 180 },
				"east": { "uv": [ 12, 12, 11, 11 ], "texture": "#texture" }
			}
		},
		{
			"__comment": "Cube2",
			"from": [ 5, 10, 9 ],
			"to": [ 12, 11, 10 ],
			"faces": {
				"up": { "uv": [ 6, 12, 11, 13 ], "texture": "#texture" },
				"south": { "uv": [ 12, 12, 5, 11 ], "texture": "#texture" },
				"west": { "uv": [ 5, 11, 6, 12 ], "texture": "#texture", "rotation": 180 },
				"east": { "uv": [ 12, 12, 11, 11 ], "texture": "#texture" }
			}
		},
		{
			"__comment": "Cube2",
			"from": [ 7, 2, 8 ],
			"to": [ 10, 3, 9 ],
			"faces": {
				"down": { "uv": [ 7, 13, 10, 14 ], "texture": "#texture" },
				"south": { "uv": [ 10, 14, 7, 13 ], "texture": "#texture" },
				"west": { "uv": [ 5, 11, 6, 12 ], "texture": "#texture", "rotation": 180 },
				"east": { "uv": [ 12, 12, 11, 11 ], "texture": "#texture" }
			}
		},
		{
			"__comment": "Cube2",
			"from": [ 7, 4, 4 ],
			"to": [ 10, 5, 5 ],
			"faces": {
				"down": { "uv": [ 7, 13, 10, 14 ], "texture": "#texture" },
				"north": { "uv": [ 10, 14, 7, 13 ], "texture": "#texture" },
				"west": { "uv": [ 5, 11, 6, 12 ], "texture": "#texture", "rotation": 180 },
				"east": { "uv": [ 12, 12, 11, 11 ], "texture": "#texture" }
			}
		},
		{
			"__comment": "Cube2",
			"from": [ 6, 3, 8 ],
			"to": [ 11, 4, 9 ],
			"faces": {
				"down": { "uv": [ 7, 13, 10, 14 ], "texture": "#texture" },
				"south": { "uv": [ 11, 13, 6, 12 ], "texture": "#texture" },
				"west": { "uv": [ 5, 11, 6, 12 ], "texture": "#texture", "rotation": 180 },
				"east": { "uv": [ 12, 12, 11, 11 ], "texture": "#texture" }
			}
		},
		{
			"__comment": "Cube2",
			"from": [ 6, 5, 4 ],
			"to": [ 11, 6, 5 ],
			"faces": {
				"down": { "uv": [ 7, 13, 10, 14 ], "texture": "#texture" },
				"north": { "uv": [ 11, 13, 6, 12 ], "texture": "#texture" },
				"west": { "uv": [ 5, 11, 6, 12 ], "texture": "#texture", "rotation": 180 },
				"east": { "uv": [ 12, 12, 11, 11 ], "texture": "#texture" }
			}
		},
		{
			"__comment": "Cube2",
			"from": [ 5, 4, 8 ],
			"to": [ 12, 5, 9 ],
			"faces": {
				"down": { "uv": [ 6, 12, 11, 13 ], "texture": "#texture" },
				"south": { "uv": [ 12, 12, 5, 11 ], "texture": "#texture" },
				"west": { "uv": [ 5, 11, 6, 12 ], "texture": "#texture", "rotation": 180 },
				"east": { "uv": [ 12, 12, 11, 11 ], "texture": "#texture" }
			}
		},
		{
			"__comment": "Cube2",
			"from": [ 5, 5, 9 ],
			"to": [ 12, 6, 10 ],
			"faces": {
				"down": { "uv": [ 6, 12, 11, 13 ], "texture": "#texture" },
				"south": { "uv": [ 12, 12, 5, 11 ], "texture": "#texture" },
				"west": { "uv": [ 5, 11, 6, 12 ], "texture": "#texture", "rotation": 180 },
				"east": { "uv": [ 12, 12, 11, 11 ], "texture": "#texture" }
			}
		},
		{
			"__comment": "Cube2",
			"from": [ 4, 5, 8 ],
			"to": [ 13, 11, 9 ],
			"faces": {
				"down": { "uv": [ 5, 11, 12, 12 ], "texture": "#texture" },
				"up": { "uv": [ 5, 11, 12, 12 ], "texture": "#texture" },
				"south": { "uv": [ 13, 11, 4, 5 ], "texture": "#texture" },
				"west": { "uv": [ 12, 5, 13, 11 ], "texture": "#texture", "rotation": 180 },
				"east": { "uv": [ 5, 11, 4, 5 ], "texture": "#texture" }
			}
		},
		{
			"__comment": "Cube2",
			"from": [ 6, 6, 4 ],
			"to": [ 11, 10, 5 ],
			"faces": {
				"north": { "uv": [ 11, 10, 6, 6 ], "texture": "#texture" },
				"west": { "uv": [ 4, 6, 5, 10 ], "texture": "#texture", "rotation": 180 },
				"east": { "uv": [ 13, 10, 12, 6 ], "texture": "#texture" }
			}
		},
		{
			"__comment": "Cube2",
			"from": [ 7, 3, 9 ],
			"to": [ 10, 4, 10 ],
			"faces": {
				"down": { "uv": [ 7, 13, 10, 14 ], "texture": "#texture" },
				"south": { "uv": [ 10, 14, 7, 13 ], "texture": "#texture" },
				"west": { "uv": [ 5, 11, 6, 12 ], "texture": "#texture", "rotation": 180 },
				"east": { "uv": [ 12, 12, 11, 11 ], "texture": "#texture" }
			}
		},
		{
			"__comment": "Cube2",
			"from": [ 7, 4, 10 ],
			"to": [ 10, 5, 11 ],
			"faces": {
				"down": { "uv": [ 7, 13, 10, 14 ], "texture": "#texture" },
				"south": { "uv": [ 10, 14, 7, 13 ], "texture": "#texture" },
				"west": { "uv": [ 5, 11, 6, 12 ], "texture": "#texture", "rotation": 180 },
				"east": { "uv": [ 12, 12, 11, 11 ], "texture": "#texture" }
			}
		},
		{
			"__comment": "Cube2",
			"from": [ 7, 12, 9 ],
			"to": [ 10, 13, 10 ],
			"faces": {
				"up": { "uv": [ 7, 13, 10, 14 ], "texture": "#texture" },
				"south": { "uv": [ 10, 14, 7, 13 ], "texture": "#texture" },
				"west": { "uv": [ 5, 11, 6, 12 ], "texture": "#texture", "rotation": 180 },
				"east": { "uv": [ 12, 12, 11, 11 ], "texture": "#texture" }
			}
		},
		{
			"__comment": "Cube2",
			"from": [ 7, 11, 10 ],
			"to": [ 10, 12, 11 ],
			"faces": {
				"up": { "uv": [ 7, 13, 10, 14 ], "texture": "#texture" },
				"south": { "uv": [ 10, 14, 7, 13 ], "texture": "#texture" },
				"west": { "uv": [ 5, 11, 6, 12 ], "texture": "#texture", "rotation": 180 },
				"east": { "uv": [ 12, 12, 11, 11 ], "texture": "#texture" }
			}
		},
		{
			"__comment": "Cube2",
			"from": [ 6, 4, 9 ],
			"to": [ 11, 5, 10 ],
			"faces": {
				"down": { "uv": [ 7, 13, 10, 14 ], "texture": "#texture" },
				"south": { "uv": [ 11, 13, 6, 12 ], "texture": "#texture" },
				"west": { "uv": [ 5, 11, 6, 12 ], "texture": "#texture", "rotation": 180 },
				"east": { "uv": [ 12, 12, 11, 11 ], "texture": "#texture" }
			}
		},
		{
			"__comment": "Cube2",
			"from": [ 6, 5, 10 ],
			"to": [ 11, 6, 11 ],
			"faces": {
				"down": { "uv": [ 7, 13, 10, 14 ], "texture": "#texture" },
				"south": { "uv": [ 11, 13, 6, 12 ], "texture": "#texture" },
				"west": { "uv": [ 5, 11, 6, 12 ], "texture": "#texture", "rotation": 180 },
				"east": { "uv": [ 12, 12, 11, 11 ], "texture": "#texture" }
			}
		},
		{
			"__comment": "Cube2",
			"from": [ 6, 11, 9 ],
			"to": [ 11, 12, 10 ],
			"faces": {
				"up": { "uv": [ 7, 13, 10, 14 ], "texture": "#texture" },
				"south": { "uv": [ 11, 13, 6, 12 ], "texture": "#texture" },
				"west": { "uv": [ 5, 11, 6, 12 ], "texture": "#texture", "rotation": 180 },
				"east": { "uv": [ 12, 12, 11, 11 ], "texture": "#texture" }
			}
		},
		{
			"__comment": "Cube2",
			"from": [ 6, 10, 10 ],
			"to": [ 11, 11, 11 ],
			"faces": {
				"up": { "uv": [ 7, 13, 10, 14 ], "texture": "#texture" },
				"south": { "uv": [ 11, 13, 6, 12 ], "texture": "#texture" },
				"west": { "uv": [ 5, 11, 6, 12 ], "texture": "#texture", "rotation": 180 },
				"east": { "uv": [ 12, 12, 11, 11 ], "texture": "#texture" }
			}
		},
		{
			"__comment": "Cube2",
			"from": [ 5, 6, 9 ],
			"to": [ 12, 10, 10 ],
			"faces": {
				"south": { "uv": [ 12, 10, 5, 6 ], "texture": "#texture" },
				"west": { "uv": [ 12, 6, 13, 10 ], "texture": "#texture", "rotation": 180 },
				"east": { "uv": [ 5, 10, 4, 6 ], "texture": "#texture" }
			}
		},
		{
			"__comment": "Cube2",
			"from": [ 6, 6, 10 ],
			"to": [ 11, 10, 11 ],
			"faces": {
				"south": { "uv": [ 11, 10, 6, 6 ], "texture": "#texture" },
				"west": { "uv": [ 12, 6, 13, 10 ], "texture": "#texture", "rotation": 180 },
				"east": { "uv": [ 5, 10, 4, 6 ], "texture": "#texture" }
			}
		}
	],
	"display": {
		"thirdperson_righthand": {
			"rotation":  [ 0, -90, 55 ],
			"translation":  [ 0, 0, 0.5 ],
			"scale":  [ 0.5, 0.5, 0.5 ]
		},
		"thirdperson_lefthand": {
			"rotation":  [ 0, -90, 55 ],
			"translation":  [ 0, 0, 0.5 ],
			"scale":  [ 0.5, 0.5, 0.5 ]
		},
		"firstperson_righthand": {
			"rotation":  [ 0, -90, 25 ],
			"translation":  [ 1.13, 3.2, 1.13 ],
			"scale":  [ 0.5, 0.5, 0.5 ]
		},
		"firstperson_lefthand": {
			"rotation":  [ 0, -90, 25 ],
			"translation":  [ 1.13, 3.2, 1.13 ],
			"scale":  [ 0.5, 0.5, 0.5 ]
		},
		"gui": {
			"rotation":  [ 30, -135, 0 ]
		},
		"ground": {
			"translation":  [ 0, 2, 0 ],
			"scale":  [ 0.5, 0.5, 0.5 ]
		}
	}
}