{
"ambientocclusion": false,
"textures": {
    "particle": "blocks/iron_bars"
},
"elements": [ 
{
    "from": [ 7, 0, 12 ],
    "to": [ 9, 16, 14 ],
    "faces": {
        "down":  { "uv": [ 7, 2, 9, 4 ], "rotation": 180, "texture": "#particle" },
        "up":    { "uv": [ 7, 2, 9, 4 ], "rotation": 180, "texture": "#particle" },
        "north": { "uv": [ 2, 0, 4, 16 ], "texture": "#particle" },
        "south": { "uv": [ 2, 0, 4, 16 ], "texture": "#particle" },
        "west":  { "uv": [ 2, 0, 4, 16 ], "texture": "#particle" },
        "east":  { "uv": [ 2, 0, 4, 16 ], "texture": "#particle" }
    }
},
{
    "from": [ 7, 2, 9 ],
    "to": [ 9, 4, 12 ],
    "faces": {
        "down":  { "uv": [ 7, 4, 9, 7 ], "rotation": 180, "texture": "#particle" },
        "up":    { "uv": [ 7, 4, 9, 7 ], "rotation": 180, "texture": "#particle" },
        "north": { "uv": [ 7, 12, 9, 14 ], "texture": "#particle" },
        "south": { "uv": [ 7, 12, 9, 14 ], "texture": "#particle" },
        "west":  { "uv": [ 9, 12, 12, 14 ], "texture": "#particle" },
        "east":  { "uv": [ 9, 12, 12, 14 ], "texture": "#particle" }
    }
},
{
    "from": [ 7, 7, 14 ],
    "to": [ 9, 9, 16 ],
    "faces": {
        "down":  { "uv": [ 7, 0, 9, 2 ], "rotation": 180, "texture": "#particle" },
        "up":    { "uv": [ 7, 0, 9, 2 ], "rotation": 180, "texture": "#particle" },
        "north": { "uv": [ 7, 7, 9, 9 ], "texture": "#particle" },
        "south": { "uv": [ 7, 7, 9, 9 ], "texture": "#particle" },
        "west":  { "uv": [ 0, 7, 2, 9 ], "texture": "#particle" },
        "east":  { "uv": [ 0, 7, 2, 9 ], "texture": "#particle" }
    }
},
{
    "from": [ 7, 0, 2 ],
    "to": [ 9, 16, 4 ],
    "faces": {
        "down":  { "uv": [ 7, 2, 9, 4 ], "rotation": 180, "texture": "#particle" },
        "up":    { "uv": [ 7, 2, 9, 4 ], "rotation": 180, "texture": "#particle" },
        "north": { "uv": [ 2, 0, 4, 16 ], "rotation": 180, "texture": "#particle" },
        "south": { "uv": [ 2, 0, 4, 16 ], "rotation": 180, "texture": "#particle" },
        "west":  { "uv": [ 2, 0, 4, 16 ], "rotation": 180, "texture": "#particle" },
        "east":  { "uv": [ 2, 0, 4, 16 ], "rotation": 180, "texture": "#particle" }
    }
},
{
    "from": [ 7, 12, 4 ],
    "to": [ 9, 14, 7 ],
    "faces": {
        "down":  { "uv": [ 7, 4, 9, 7 ], "rotation": 180, "texture": "#particle" },
        "up":    { "uv": [ 7, 4, 9, 7 ], "rotation": 180, "texture": "#particle" },
        "north": { "uv": [ 7, 12, 9, 14 ], "rotation": 180, "texture": "#particle" },
        "south": { "uv": [ 7, 12, 9, 14 ], "rotation": 180, "texture": "#particle" },
        "west":  { "uv": [ 9, 12, 12, 14 ], "rotation": 180, "texture": "#particle" },
        "east":  { "uv": [ 9, 12, 12, 14 ], "rotation": 180, "texture": "#particle" }
    }
},
{
    "from": [ 7, 7, 0 ],
    "to": [ 9, 9, 2 ],
    "faces": {
        "down":  { "uv": [ 7, 0, 9, 2 ], "rotation": 180, "texture": "#particle" },
        "up":    { "uv": [ 7, 0, 9, 2 ], "rotation": 180, "texture": "#particle" },
        "north": { "uv": [ 7, 7, 9, 9 ], "rotation": 180, "texture": "#particle" },
        "south": { "uv": [ 7, 7, 9, 9 ], "rotation": 180, "texture": "#particle" },
        "west":  { "uv": [ 0, 7, 2, 9 ], "rotation": 180, "texture": "#particle" },
        "east":  { "uv": [ 0, 7, 2, 9 ], "rotation": 180, "texture": "#particle" }
    }
},
{
    "from": [ 7, 0, 7 ],
    "to": [ 9, 16, 9 ],
    "faces": {
        "down":  { "uv": [ 7, 2, 9, 4 ], "rotation": 180, "texture": "#particle" },
        "up":    { "uv": [ 7, 2, 9, 4 ], "rotation": 180, "texture": "#particle" },
        "north": { "uv": [ 2, 0, 4, 16 ], "texture": "#particle" },
        "south": { "uv": [ 2, 0, 4, 16 ], "texture": "#particle" },
        "west":  { "uv": [ 2, 0, 4, 16 ], "texture": "#particle" },
        "east":  { "uv": [ 2, 0, 4, 16 ], "texture": "#particle" }
    }
}
],
"display": {
    "thirdperson_righthand": {
        "rotation": [ 65, 0, 0 ],
        "translation": [ 0, 0, -2 ],
        "scale": [ 0.5, 0.5, 0.5 ]
    },
    "thirdperson_lefthand": {
        "rotation": [ 65, 0, 0 ],
        "translation": [ 0, 0, -2 ],
        "scale": [ 0.5, 0.5, 0.5 ]
    },
    "head": {
        "rotation": [ 0, 0, 0 ],
        "translation": [ 0, 0, 0 ],
        "scale": [ 1, 1, 1 ]
    },
    "ground": {
        "rotation": [ 0, 0, 0 ],
        "translation": [ 0, 3, 0 ],
        "scale": [ 0.5, 0.5, 0.5 ]
    },
    "fixed": {
        "rotation": [ 0, 0, 0 ],
        "translation": [ 0, 0, 0 ],
        "scale": [ 0.5, 0.5, 0.5 ]
    },
    "firstperson_righthand": {
        "rotation": [ 0, 0, 0 ],
        "translation": [ 0, 0, 0 ],
        "scale": [ 0.5, 0.5, 0.5 ]
    },
    "firstperson_lefthand": {
        "rotation": [ 0, 0, 0 ],
        "translation": [ 0, 0, 0 ],
        "scale": [ 0.5, 0.5, 0.5 ]
    },
    "gui": {
        "rotation": [ 0, 90, 0 ],
        "translation": [ 0, 0, 0 ],
        "scale": [ 1, 1, 1 ]
    }
}
}