{
	"__comment": "Designed by AndrealVox",
	"ambientocclusion": false,
	"textures": {
		"particle": "blocks/double_plant_syringa_bottom",
		"texture": "blocks/double_plant_syringa_bottom"
	},
	"elements": [
		{
			"__comment": "Cube1",
			"from": [ 3, 29, 2 ],
			"to": [ 8, 30, 3 ],
			"rotation": { "origin": [ 3, 30, 2 ], "axis": "y", "angle": -45 },
			"faces": {
				"down": { "uv": [ 4.5, 1, 7, 1.5 ], "texture": "#texture" },
				"up": { "uv": [ 4.5, 1.5, 7, 1 ], "texture": "#texture" },
				"north": { "uv": [ 7, 1, 4.5, 1.5 ], "texture": "#texture" },
				"south": { "uv": [ 4.5, 1, 7, 1.5 ], "texture": "#texture" },
				"west": { "uv": [ 4.5, 1, 5, 1.5 ], "texture": "#texture" },
				"east": { "uv": [ 7, 1.5, 6.5, 1 ], "texture": "#texture", "rotation": 180 }
			}
		},
		{
			"__comment": "Cube2",
			"from": [ 3, 11, 2 ],
			"to": [ 5, 13, 3 ],
			"rotation": { "origin": [ 3, 30, 2 ], "axis": "y", "angle": -45 },
			"faces": {
				"down": { "uv": [ 4.5, 10, 5.5, 10.5 ], "texture": "#texture" },
				"up": { "uv": [ 4.5, 10, 5.5, 9.5 ], "texture": "#texture" },
				"north": { "uv": [ 5.5, 9.5, 4.5, 10.5 ], "texture": "#texture" },
				"south": { "uv": [ 4.5, 9.5, 5.5, 10.5 ], "texture": "#texture" },
				"west": { "uv": [ 4.5, 9.5, 5, 10.5 ], "texture": "#texture" },
				"east": { "uv": [ 5.5, 10.5, 5, 9.5 ], "texture": "#texture", "rotation": 180 }
			}
		},
		{
			"__comment": "Cube3",
			"from": [ 4, 28, 2 ],
			"to": [ 8, 29, 3 ],
			"rotation": { "origin": [ 3, 30, 2 ], "axis": "y", "angle": -45 },
			"faces": {
				"down": { "uv": [ 5, 1.5, 7, 2 ], "texture": "#texture" },
				"up": { "uv": [ 5, 2, 7, 1.5 ], "texture": "#texture" },
				"north": { "uv": [ 7, 1.5, 5, 2 ], "texture": "#texture" },
				"south": { "uv": [ 5, 1.5, 7, 2 ], "texture": "#texture" },
				"west": { "uv": [ 5, 1.5, 5.5, 2 ], "texture": "#texture" },
				"east": { "uv": [ 7, 2, 6.5, 1.5 ], "texture": "#texture", "rotation": 180 }
			}
		},
		{
			"__comment": "Cube4",
			"from": [ 4, 24, 2 ],
			"to": [ 7, 26, 3 ],
			"rotation": { "origin": [ 3, 30, 2 ], "axis": "y", "angle": -45 },
			"faces": {
				"down": { "uv": [ 5, 3.5, 6.5, 4 ], "texture": "#texture" },
				"up": { "uv": [ 5, 3.5, 6.5, 3 ], "texture": "#texture" },
				"north": { "uv": [ 6.5, 3, 5, 4 ], "texture": "#texture" },
				"south": { "uv": [ 5, 3, 6.5, 4 ], "texture": "#texture" },
				"west": { "uv": [ 5, 3, 5.5, 4 ], "texture": "#texture" },
				"east": { "uv": [ 6.5, 4, 6, 3 ], "texture": "#texture", "rotation": 180 }
			}
		},
		{
			"__comment": "Cube5",
			"from": [ 4, 14, 2 ],
			"to": [ 6, 17, 3 ],
			"rotation": { "origin": [ 3, 30, 2 ], "axis": "y", "angle": -45 },
			"faces": {
				"down": { "uv": [ 5, 8.5, 6, 9 ], "texture": "#texture" },
				"up": { "uv": [ 5, 8, 6, 7.5 ], "texture": "#texture" },
				"north": { "uv": [ 6, 7.5, 5, 9 ], "texture": "#texture" },
				"south": { "uv": [ 5, 7.5, 6, 9 ], "texture": "#texture" },
				"west": { "uv": [ 5, 7.5, 5.5, 9 ], "texture": "#texture" },
				"east": { "uv": [ 6, 9, 5.5, 7.5 ], "texture": "#texture", "rotation": 180 }
			}
		},
		{
			"__comment": "Cube6",
			"from": [ 4, 10, 2 ],
			"to": [ 8, 11, 3 ],
			"rotation": { "origin": [ 3, 30, 2 ], "axis": "y", "angle": -45 },
			"faces": {
				"down": { "uv": [ 5, 10.5, 7, 11 ], "texture": "#texture" },
				"up": { "uv": [ 5, 11, 7, 10.5 ], "texture": "#texture" },
				"north": { "uv": [ 7, 10.5, 5, 11 ], "texture": "#texture" },
				"south": { "uv": [ 5, 10.5, 7, 11 ], "texture": "#texture" },
				"west": { "uv": [ 5, 10.5, 5.5, 11 ], "texture": "#texture" },
				"east": { "uv": [ 7, 11, 6.5, 10.5 ], "texture": "#texture", "rotation": 180 }
			}
		},
		{
			"__comment": "Cube7",
			"from": [ 4, 6, 2 ],
			"to": [ 6, 8, 3 ],
			"rotation": { "origin": [ 3, 30, 2 ], "axis": "y", "angle": -45 },
			"faces": {
				"down": { "uv": [ 5, 12.5, 6, 13 ], "texture": "#texture" },
				"up": { "uv": [ 5, 12.5, 6, 12 ], "texture": "#texture" },
				"north": { "uv": [ 6, 12, 5, 13 ], "texture": "#texture" },
				"south": { "uv": [ 5, 12, 6, 13 ], "texture": "#texture" },
				"west": { "uv": [ 5, 12, 5.5, 13 ], "texture": "#texture" },
				"east": { "uv": [ 6, 13, 5.5, 12 ], "texture": "#texture", "rotation": 180 }
			}
		},
		{
			"__comment": "Cube8",
			"from": [ 5, 27, 2 ],
			"to": [ 6, 31, 3 ],
			"rotation": { "origin": [ 3, 30, 2 ], "axis": "y", "angle": -45 },
			"faces": {
				"down": { "uv": [ 5.5, 2, 6, 2.5 ], "texture": "#texture" },
				"up": { "uv": [ 5.5, 1, 6, 0.5 ], "texture": "#texture" },
				"north": { "uv": [ 6, 0.5, 5.5, 2.5 ], "texture": "#texture" },
				"south": { "uv": [ 5.5, 0.5, 6, 2.5 ], "texture": "#texture" },
				"west": { "uv": [ 5.5, 0.5, 6, 2.5 ], "texture": "#texture" },
				"east": { "uv": [ 6, 2.5, 5.5, 0.5 ], "texture": "#texture", "rotation": 180 }
			}
		},
		{
			"__comment": "Cube9",
			"from": [ 5, 22, 2 ],
			"to": [ 8, 24, 3 ],
			"rotation": { "origin": [ 3, 30, 2 ], "axis": "y", "angle": -45 },
			"faces": {
				"down": { "uv": [ 5.5, 4.5, 7, 5 ], "texture": "#texture" },
				"up": { "uv": [ 5.5, 4.5, 7, 4 ], "texture": "#texture" },
				"north": { "uv": [ 7, 4, 5.5, 5 ], "texture": "#texture" },
				"south": { "uv": [ 5.5, 4, 7, 5 ], "texture": "#texture" },
				"west": { "uv": [ 5.5, 4, 6, 5 ], "texture": "#texture" },
				"east": { "uv": [ 7, 5, 6.5, 4 ], "texture": "#texture", "rotation": 180 }
			}
		},
		{
			"__comment": "Cube10",
			"from": [ 5, 21, 2 ],
			"to": [ 7, 22, 3 ],
			"rotation": { "origin": [ 3, 30, 2 ], "axis": "y", "angle": -45 },
			"faces": {
				"down": { "uv": [ 5.5, 5, 6.5, 5.5 ], "texture": "#texture" },
				"up": { "uv": [ 5.5, 5.5, 6.5, 5 ], "texture": "#texture" },
				"north": { "uv": [ 6.5, 5, 5.5, 5.5 ], "texture": "#texture" },
				"south": { "uv": [ 5.5, 5, 6.5, 5.5 ], "texture": "#texture" },
				"west": { "uv": [ 5.5, 5, 6, 5.5 ], "texture": "#texture" },
				"east": { "uv": [ 6.5, 5.5, 6, 5 ], "texture": "#texture", "rotation": 180 }
			}
		},
		{
			"__comment": "Cube11",
			"from": [ 5, 9, 2 ],
			"to": [ 7, 12, 3 ],
			"rotation": { "origin": [ 3, 30, 2 ], "axis": "y", "angle": -45 },
			"faces": {
				"down": { "uv": [ 5.5, 11, 6.5, 11.5 ], "texture": "#texture" },
				"up": { "uv": [ 5.5, 10.5, 6.5, 10 ], "texture": "#texture" },
				"north": { "uv": [ 6.5, 10, 5.5, 11.5 ], "texture": "#texture" },
				"south": { "uv": [ 5.5, 10, 6.5, 11.5 ], "texture": "#texture" },
				"west": { "uv": [ 5.5, 10, 6, 11.5 ], "texture": "#texture" },
				"east": { "uv": [ 6.5, 11.5, 6, 10 ], "texture": "#texture", "rotation": 180 }
			}
		},
		{
			"__comment": "Cube12",
			"from": [ 5, 5, 2 ],
			"to": [ 9, 6, 3 ],
			"rotation": { "origin": [ 3, 30, 2 ], "axis": "y", "angle": -45 },
			"faces": {
				"down": { "uv": [ 5.5, 13, 7.5, 13.5 ], "texture": "#texture" },
				"up": { "uv": [ 5.5, 13.5, 7.5, 13 ], "texture": "#texture" },
				"north": { "uv": [ 7.5, 13, 5.5, 13.5 ], "texture": "#texture" },
				"south": { "uv": [ 5.5, 13, 7.5, 13.5 ], "texture": "#texture" },
				"west": { "uv": [ 5.5, 13, 6, 13.5 ], "texture": "#texture" },
				"east": { "uv": [ 7.5, 13.5, 7, 13 ], "texture": "#texture", "rotation": 180 }
			}
		},
		{
			"__comment": "Cube13",
			"from": [ 6, 27, 2 ],
			"to": [ 8, 28, 3 ],
			"rotation": { "origin": [ 3, 30, 2 ], "axis": "y", "angle": -45 },
			"faces": {
				"down": { "uv": [ 6, 2, 7, 2.5 ], "texture": "#texture" },
				"up": { "uv": [ 6, 2.5, 7, 2 ], "texture": "#texture" },
				"north": { "uv": [ 7, 2, 6, 2.5 ], "texture": "#texture" },
				"south": { "uv": [ 6, 2, 7, 2.5 ], "texture": "#texture" },
				"west": { "uv": [ 6, 2, 6.5, 2.5 ], "texture": "#texture" },
				"east": { "uv": [ 7, 2.5, 6.5, 2 ], "texture": "#texture", "rotation": 180 }
			}
		},
		{
			"__comment": "Cube14",
			"from": [ 6, 13, 2 ],
			"to": [ 7, 16, 3 ],
			"rotation": { "origin": [ 3, 30, 2 ], "axis": "y", "angle": -45 },
			"faces": {
				"down": { "uv": [ 6, 9, 6.5, 9.5 ], "texture": "#texture" },
				"up": { "uv": [ 6, 8.5, 6.5, 8 ], "texture": "#texture" },
				"north": { "uv": [ 6.5, 8, 6, 9.5 ], "texture": "#texture" },
				"south": { "uv": [ 6, 8, 6.5, 9.5 ], "texture": "#texture" },
				"west": { "uv": [ 6, 8, 6.5, 9.5 ], "texture": "#texture" },
				"east": { "uv": [ 6.5, 9.5, 6, 8 ], "texture": "#texture", "rotation": 180 }
			}
		},
		{
			"__comment": "Cube15",
			"from": [ 6, 4, 2 ],
			"to": [ 8, 7, 3 ],
			"rotation": { "origin": [ 3, 30, 2 ], "axis": "y", "angle": -45 },
			"faces": {
				"down": { "uv": [ 6, 13.5, 7, 14 ], "texture": "#texture" },
				"up": { "uv": [ 6, 13, 7, 12.5 ], "texture": "#texture" },
				"north": { "uv": [ 7, 12.5, 6, 14 ], "texture": "#texture" },
				"south": { "uv": [ 6, 12.5, 7, 14 ], "texture": "#texture" },
				"west": { "uv": [ 6, 12.5, 6.5, 14 ], "texture": "#texture" },
				"east": { "uv": [ 7, 14, 6.5, 12.5 ], "texture": "#texture", "rotation": 180 }
			}
		},
		{
			"__comment": "Cube16",
			"from": [ 7, 20, 2 ],
			"to": [ 8, 21, 3 ],
			"rotation": { "origin": [ 3, 30, 2 ], "axis": "y", "angle": -45 },
			"faces": {
				"down": { "uv": [ 6.5, 5.5, 7, 6 ], "texture": "#texture" },
				"up": { "uv": [ 6.5, 6, 7, 5.5 ], "texture": "#texture" },
				"north": { "uv": [ 7, 5.5, 6.5, 6 ], "texture": "#texture" },
				"south": { "uv": [ 6.5, 5.5, 7, 6 ], "texture": "#texture" },
				"west": { "uv": [ 6.5, 5.5, 7, 6 ], "texture": "#texture" },
				"east": { "uv": [ 7, 6, 6.5, 5.5 ], "texture": "#texture", "rotation": 180 }
			}
		},
		{
			"__comment": "Cube17",
			"from": [ 7, 13, 2 ],
			"to": [ 8, 15, 3 ],
			"rotation": { "origin": [ 3, 30, 2 ], "axis": "y", "angle": -45 },
			"faces": {
				"down": { "uv": [ 6.5, 9, 7, 9.5 ], "texture": "#texture" },
				"up": { "uv": [ 6.5, 9, 7, 8.5 ], "texture": "#texture" },
				"north": { "uv": [ 7, 8.5, 6.5, 9.5 ], "texture": "#texture" },
				"south": { "uv": [ 6.5, 8.5, 7, 9.5 ], "texture": "#texture" },
				"west": { "uv": [ 6.5, 8.5, 7, 9.5 ], "texture": "#texture" },
				"east": { "uv": [ 7, 9.5, 6.5, 8.5 ], "texture": "#texture", "rotation": 180 }
			}
		},
		{
			"__comment": "Cube18",
			"from": [ 7, 9, 2 ],
			"to": [ 8, 10, 3 ],
			"rotation": { "origin": [ 3, 30, 2 ], "axis": "y", "angle": -45 },
			"faces": {
				"down": { "uv": [ 6.5, 11, 7, 11.5 ], "texture": "#texture" },
				"up": { "uv": [ 6.5, 11.5, 7, 11 ], "texture": "#texture" },
				"north": { "uv": [ 7, 11, 6.5, 11.5 ], "texture": "#texture" },
				"south": { "uv": [ 6.5, 11, 7, 11.5 ], "texture": "#texture" },
				"west": { "uv": [ 6.5, 11, 7, 11.5 ], "texture": "#texture" },
				"east": { "uv": [ 7, 11.5, 6.5, 11 ], "texture": "#texture", "rotation": 180 }
			}
		},
		{
			"__comment": "Cube19",
			"from": [ 8, 26, 2 ],
			"to": [ 9, 27, 3 ],
			"rotation": { "origin": [ 3, 30, 2 ], "axis": "y", "angle": -45 },
			"faces": {
				"down": { "uv": [ 7, 2.5, 7.5, 3 ], "texture": "#texture" },
				"up": { "uv": [ 7, 3, 7.5, 2.5 ], "texture": "#texture" },
				"north": { "uv": [ 7.5, 2.5, 7, 3 ], "texture": "#texture" },
				"south": { "uv": [ 7, 2.5, 7.5, 3 ], "texture": "#texture" },
				"west": { "uv": [ 7, 2.5, 7.5, 3 ], "texture": "#texture" },
				"east": { "uv": [ 7.5, 3, 7, 2.5 ], "texture": "#texture", "rotation": 180 }
			}
		},
		{
			"__comment": "Cube20",
			"from": [ 8, 19, 2 ],
			"to": [ 11, 20, 3 ],
			"rotation": { "origin": [ 3, 30, 2 ], "axis": "y", "angle": -45 },
			"faces": {
				"down": { "uv": [ 7, 6, 8.5, 6.5 ], "texture": "#texture" },
				"up": { "uv": [ 7, 6.5, 8.5, 6 ], "texture": "#texture" },
				"north": { "uv": [ 8.5, 6, 7, 6.5 ], "texture": "#texture" },
				"south": { "uv": [ 7, 6, 8.5, 6.5 ], "texture": "#texture" },
				"west": { "uv": [ 7, 6, 7.5, 6.5 ], "texture": "#texture" },
				"east": { "uv": [ 8.5, 6.5, 8, 6 ], "texture": "#texture", "rotation": 180 }
			}
		},
		{
			"__comment": "Cube21",
			"from": [ 8, 13, 2 ],
			"to": [ 9, 14, 3 ],
			"rotation": { "origin": [ 3, 30, 2 ], "axis": "y", "angle": -45 },
			"faces": {
				"down": { "uv": [ 7, 9, 7.5, 9.5 ], "texture": "#texture" },
				"up": { "uv": [ 7, 9.5, 7.5, 9 ], "texture": "#texture" },
				"north": { "uv": [ 7.5, 9, 7, 9.5 ], "texture": "#texture" },
				"south": { "uv": [ 7, 9, 7.5, 9.5 ], "texture": "#texture" },
				"west": { "uv": [ 7, 9, 7.5, 9.5 ], "texture": "#texture" },
				"east": { "uv": [ 7.5, 9.5, 7, 9 ], "texture": "#texture", "rotation": 180 }
			}
		},
		{
			"__comment": "Cube22",
			"from": [ 8, 7, 2 ],
			"to": [ 10, 9, 3 ],
			"rotation": { "origin": [ 3, 30, 2 ], "axis": "y", "angle": -45 },
			"faces": {
				"down": { "uv": [ 7, 12, 8, 12.5 ], "texture": "#texture" },
				"up": { "uv": [ 7, 12, 8, 11.5 ], "texture": "#texture" },
				"north": { "uv": [ 8, 11.5, 7, 12.5 ], "texture": "#texture" },
				"south": { "uv": [ 7, 11.5, 8, 12.5 ], "texture": "#texture" },
				"west": { "uv": [ 7, 11.5, 7.5, 12.5 ], "texture": "#texture" },
				"east": { "uv": [ 8, 12.5, 7.5, 11.5 ], "texture": "#texture", "rotation": 180 }
			}
		},
		{
			"__comment": "Cube23",
			"from": [ 8, 4, 2 ],
			"to": [ 9, 5, 3 ],
			"rotation": { "origin": [ 3, 30, 2 ], "axis": "y", "angle": -45 },
			"faces": {
				"down": { "uv": [ 7, 13.5, 7.5, 14 ], "texture": "#texture" },
				"up": { "uv": [ 7, 14, 7.5, 13.5 ], "texture": "#texture" },
				"north": { "uv": [ 7.5, 13.5, 7, 14 ], "texture": "#texture" },
				"south": { "uv": [ 7, 13.5, 7.5, 14 ], "texture": "#texture" },
				"west": { "uv": [ 7, 13.5, 7.5, 14 ], "texture": "#texture" },
				"east": { "uv": [ 7.5, 14, 7, 13.5 ], "texture": "#texture", "rotation": 180 }
			}
		},
		{
			"__comment": "Cube24",
			"from": [ 9, 25, 2 ],
			"to": [ 12, 26, 3 ],
			"rotation": { "origin": [ 3, 30, 2 ], "axis": "y", "angle": -45 },
			"faces": {
				"down": { "uv": [ 7.5, 3, 9, 3.5 ], "texture": "#texture" },
				"up": { "uv": [ 7.5, 3.5, 9, 3 ], "texture": "#texture" },
				"north": { "uv": [ 9, 3, 7.5, 3.5 ], "texture": "#texture" },
				"south": { "uv": [ 7.5, 3, 9, 3.5 ], "texture": "#texture" },
				"west": { "uv": [ 7.5, 3, 8, 3.5 ], "texture": "#texture" },
				"east": { "uv": [ 9, 3.5, 8.5, 3 ], "texture": "#texture", "rotation": 180 }
			}
		},
		{
			"__comment": "Cube25",
			"from": [ 9, 18, 2 ],
			"to": [ 11, 19, 3 ],
			"rotation": { "origin": [ 3, 30, 2 ], "axis": "y", "angle": -45 },
			"faces": {
				"down": { "uv": [ 7.5, 6.5, 8.5, 7 ], "texture": "#texture" },
				"up": { "uv": [ 7.5, 7, 8.5, 6.5 ], "texture": "#texture" },
				"north": { "uv": [ 8.5, 6.5, 7.5, 7 ], "texture": "#texture" },
				"south": { "uv": [ 7.5, 6.5, 8.5, 7 ], "texture": "#texture" },
				"west": { "uv": [ 7.5, 6.5, 8, 7 ], "texture": "#texture" },
				"east": { "uv": [ 8.5, 7, 8, 6.5 ], "texture": "#texture", "rotation": 180 }
			}
		},
		{
			"__comment": "Cube26",
			"from": [ 9, 6, 2 ],
			"to": [ 10, 13, 3 ],
			"rotation": { "origin": [ 3, 30, 2 ], "axis": "y", "angle": -45 },
			"faces": {
				"down": { "uv": [ 7.5, 12.5, 8, 13 ], "texture": "#texture" },
				"up": { "uv": [ 7.5, 10, 8, 9.5 ], "texture": "#texture" },
				"north": { "uv": [ 8, 9.5, 7.5, 13 ], "texture": "#texture" },
				"south": { "uv": [ 7.5, 9.5, 8, 13 ], "texture": "#texture" },
				"west": { "uv": [ 7.5, 9.5, 8, 13 ], "texture": "#texture" },
				"east": { "uv": [ 8, 13, 7.5, 9.5 ], "texture": "#texture", "rotation": 180 }
			}
		},
		{
			"__comment": "Cube27",
			"from": [ 9, 3, 2 ],
			"to": [ 12, 4, 3 ],
			"rotation": { "origin": [ 3, 30, 2 ], "axis": "y", "angle": -45 },
			"faces": {
				"down": { "uv": [ 7.5, 14, 9, 14.5 ], "texture": "#texture" },
				"up": { "uv": [ 7.5, 14.5, 9, 14 ], "texture": "#texture" },
				"north": { "uv": [ 9, 14, 7.5, 14.5 ], "texture": "#texture" },
				"south": { "uv": [ 7.5, 14, 9, 14.5 ], "texture": "#texture" },
				"west": { "uv": [ 7.5, 14, 8, 14.5 ], "texture": "#texture" },
				"east": { "uv": [ 9, 14.5, 8.5, 14 ], "texture": "#texture", "rotation": 180 }
			}
		},
		{
			"__comment": "Cube28",
			"from": [ 10, 26, 2 ],
			"to": [ 13, 27, 3 ],
			"rotation": { "origin": [ 3, 30, 2 ], "axis": "y", "angle": -45 },
			"faces": {
				"down": { "uv": [ 8, 2.5, 9.5, 3 ], "texture": "#texture" },
				"up": { "uv": [ 8, 3, 9.5, 2.5 ], "texture": "#texture" },
				"north": { "uv": [ 9.5, 2.5, 8, 3 ], "texture": "#texture" },
				"south": { "uv": [ 8, 2.5, 9.5, 3 ], "texture": "#texture" },
				"west": { "uv": [ 8, 2.5, 8.5, 3 ], "texture": "#texture" },
				"east": { "uv": [ 9.5, 3, 9, 2.5 ], "texture": "#texture", "rotation": 180 }
			}
		},
		{
			"__comment": "Cube29",
			"from": [ 10, 13, 2 ],
			"to": [ 11, 25, 3 ],
			"rotation": { "origin": [ 3, 30, 2 ], "axis": "y", "angle": -45 },
			"faces": {
				"down": { "uv": [ 8, 9, 8.5, 9.5 ], "texture": "#texture" },
				"up": { "uv": [ 8, 4, 8.5, 3.5 ], "texture": "#texture" },
				"north": { "uv": [ 8.5, 3.5, 8, 9.5 ], "texture": "#texture" },
				"south": { "uv": [ 8, 3.5, 8.5, 9.5 ], "texture": "#texture" },
				"west": { "uv": [ 8, 3.5, 8.5, 9.5 ], "texture": "#texture" },
				"east": { "uv": [ 8.5, 9.5, 8, 3.5 ], "texture": "#texture", "rotation": 180 }
			}
		},
		{
			"__comment": "Cube30",
			"from": [ 10, 10, 2 ],
			"to": [ 11, 11, 3 ],
			"rotation": { "origin": [ 3, 30, 2 ], "axis": "y", "angle": -45 },
			"faces": {
				"down": { "uv": [ 8, 10.5, 8.5, 11 ], "texture": "#texture" },
				"up": { "uv": [ 8, 11, 8.5, 10.5 ], "texture": "#texture" },
				"north": { "uv": [ 8.5, 10.5, 8, 11 ], "texture": "#texture" },
				"south": { "uv": [ 8, 10.5, 8.5, 11 ], "texture": "#texture" },
				"west": { "uv": [ 8, 10.5, 8.5, 11 ], "texture": "#texture" },
				"east": { "uv": [ 8.5, 11, 8, 10.5 ], "texture": "#texture", "rotation": 180 }
			}
		},
		{
			"__comment": "Cube31",
			"from": [ 10, 0, 2 ],
			"to": [ 11, 6, 3 ],
			"rotation": { "origin": [ 3, 30, 2 ], "axis": "y", "angle": -45 },
			"faces": {
				"down": { "uv": [ 8, 15.5, 8.5, 16 ], "texture": "#texture" },
				"up": { "uv": [ 8, 13.5, 8.5, 13 ], "texture": "#texture" },
				"north": { "uv": [ 8.5, 13, 8, 16 ], "texture": "#texture" },
				"south": { "uv": [ 8, 13, 8.5, 16 ], "texture": "#texture" },
				"west": { "uv": [ 8, 13, 8.5, 16 ], "texture": "#texture" },
				"east": { "uv": [ 8.5, 16, 8, 13 ], "texture": "#texture", "rotation": 180 }
			}
		},
		{
			"__comment": "Cube32",
			"from": [ 11, 27, 2 ],
			"to": [ 14, 28, 3 ],
			"rotation": { "origin": [ 3, 30, 2 ], "axis": "y", "angle": -45 },
			"faces": {
				"down": { "uv": [ 8.5, 2, 10, 2.5 ], "texture": "#texture" },
				"up": { "uv": [ 8.5, 2.5, 10, 2 ], "texture": "#texture" },
				"north": { "uv": [ 10, 2, 8.5, 2.5 ], "texture": "#texture" },
				"south": { "uv": [ 8.5, 2, 10, 2.5 ], "texture": "#texture" },
				"west": { "uv": [ 8.5, 2, 9, 2.5 ], "texture": "#texture" },
				"east": { "uv": [ 10, 2.5, 9.5, 2 ], "texture": "#texture", "rotation": 180 }
			}
		},
		{
			"__comment": "Cube33",
			"from": [ 11, 20, 2 ],
			"to": [ 12, 22, 3 ],
			"rotation": { "origin": [ 3, 30, 2 ], "axis": "y", "angle": -45 },
			"faces": {
				"down": { "uv": [ 8.5, 5.5, 9, 6 ], "texture": "#texture" },
				"up": { "uv": [ 8.5, 5.5, 9, 5 ], "texture": "#texture" },
				"north": { "uv": [ 9, 5, 8.5, 6 ], "texture": "#texture" },
				"south": { "uv": [ 8.5, 5, 9, 6 ], "texture": "#texture" },
				"west": { "uv": [ 8.5, 5, 9, 6 ], "texture": "#texture" },
				"east": { "uv": [ 9, 6, 8.5, 5 ], "texture": "#texture", "rotation": 180 }
			}
		},
		{
			"__comment": "Cube34",
			"from": [ 11, 14, 2 ],
			"to": [ 12, 15, 3 ],
			"rotation": { "origin": [ 3, 30, 2 ], "axis": "y", "angle": -45 },
			"faces": {
				"down": { "uv": [ 8.5, 8.5, 9, 9 ], "texture": "#texture" },
				"up": { "uv": [ 8.5, 9, 9, 8.5 ], "texture": "#texture" },
				"north": { "uv": [ 9, 8.5, 8.5, 9 ], "texture": "#texture" },
				"south": { "uv": [ 8.5, 8.5, 9, 9 ], "texture": "#texture" },
				"west": { "uv": [ 8.5, 8.5, 9, 9 ], "texture": "#texture" },
				"east": { "uv": [ 9, 9, 8.5, 8.5 ], "texture": "#texture", "rotation": 180 }
			}
		},
		{
			"__comment": "Cube35",
			"from": [ 11, 11, 2 ],
			"to": [ 14, 12, 3 ],
			"rotation": { "origin": [ 3, 30, 2 ], "axis": "y", "angle": -45 },
			"faces": {
				"down": { "uv": [ 8.5, 10, 10, 10.5 ], "texture": "#texture" },
				"up": { "uv": [ 8.5, 10.5, 10, 10 ], "texture": "#texture" },
				"north": { "uv": [ 10, 10, 8.5, 10.5 ], "texture": "#texture" },
				"south": { "uv": [ 8.5, 10, 10, 10.5 ], "texture": "#texture" },
				"west": { "uv": [ 8.5, 10, 9, 10.5 ], "texture": "#texture" },
				"east": { "uv": [ 10, 10.5, 9.5, 10 ], "texture": "#texture", "rotation": 180 }
			}
		},
		{
			"__comment": "Cube36",
			"from": [ 11, 7, 2 ],
			"to": [ 15, 8, 3 ],
			"rotation": { "origin": [ 3, 30, 2 ], "axis": "y", "angle": -45 },
			"faces": {
				"down": { "uv": [ 8.5, 12, 10.5, 12.5 ], "texture": "#texture" },
				"up": { "uv": [ 8.5, 12.5, 10.5, 12 ], "texture": "#texture" },
				"north": { "uv": [ 10.5, 12, 8.5, 12.5 ], "texture": "#texture" },
				"south": { "uv": [ 8.5, 12, 10.5, 12.5 ], "texture": "#texture" },
				"west": { "uv": [ 8.5, 12, 9, 12.5 ], "texture": "#texture" },
				"east": { "uv": [ 10.5, 12.5, 10, 12 ], "texture": "#texture", "rotation": 180 }
			}
		},
		{
			"__comment": "Cube37",
			"from": [ 11, 6, 2 ],
			"to": [ 14, 7, 3 ],
			"rotation": { "origin": [ 3, 30, 2 ], "axis": "y", "angle": -45 },
			"faces": {
				"down": { "uv": [ 8.5, 12.5, 10, 13 ], "texture": "#texture" },
				"up": { "uv": [ 8.5, 13, 10, 12.5 ], "texture": "#texture" },
				"north": { "uv": [ 10, 12.5, 8.5, 13 ], "texture": "#texture" },
				"south": { "uv": [ 8.5, 12.5, 10, 13 ], "texture": "#texture" },
				"west": { "uv": [ 8.5, 12.5, 9, 13 ], "texture": "#texture" },
				"east": { "uv": [ 10, 13, 9.5, 12.5 ], "texture": "#texture", "rotation": 180 }
			}
		},
		{
			"__comment": "Cube38",
			"from": [ 12, 28, 2 ],
			"to": [ 15, 29, 3 ],
			"rotation": { "origin": [ 3, 30, 2 ], "axis": "y", "angle": -45 },
			"faces": {
				"down": { "uv": [ 9, 1.5, 10.5, 2 ], "texture": "#texture" },
				"up": { "uv": [ 9, 2, 10.5, 1.5 ], "texture": "#texture" },
				"north": { "uv": [ 10.5, 1.5, 9, 2 ], "texture": "#texture" },
				"south": { "uv": [ 9, 1.5, 10.5, 2 ], "texture": "#texture" },
				"west": { "uv": [ 9, 1.5, 9.5, 2 ], "texture": "#texture" },
				"east": { "uv": [ 10.5, 2, 10, 1.5 ], "texture": "#texture", "rotation": 180 }
			}
		},
		{
			"__comment": "Cube39",
			"from": [ 12, 23, 2 ],
			"to": [ 16, 24, 3 ],
			"rotation": { "origin": [ 3, 30, 2 ], "axis": "y", "angle": -45 },
			"faces": {
				"down": { "uv": [ 9, 4, 11, 4.5 ], "texture": "#texture" },
				"up": { "uv": [ 9, 4.5, 11, 4 ], "texture": "#texture" },
				"north": { "uv": [ 11, 4, 9, 4.5 ], "texture": "#texture" },
				"south": { "uv": [ 9, 4, 11, 4.5 ], "texture": "#texture" },
				"west": { "uv": [ 9, 4, 9.5, 4.5 ], "texture": "#texture" },
				"east": { "uv": [ 11, 4.5, 10.5, 4 ], "texture": "#texture", "rotation": 180 }
			}
		},
		{
			"__comment": "Cube40",
			"from": [ 12, 22, 2 ],
			"to": [ 15, 23, 3 ],
			"rotation": { "origin": [ 3, 30, 2 ], "axis": "y", "angle": -45 },
			"faces": {
				"down": { "uv": [ 9, 4.5, 10.5, 5 ], "texture": "#texture" },
				"up": { "uv": [ 9, 5, 10.5, 4.5 ], "texture": "#texture" },
				"north": { "uv": [ 10.5, 4.5, 9, 5 ], "texture": "#texture" },
				"south": { "uv": [ 9, 4.5, 10.5, 5 ], "texture": "#texture" },
				"west": { "uv": [ 9, 4.5, 9.5, 5 ], "texture": "#texture" },
				"east": { "uv": [ 10.5, 5, 10, 4.5 ], "texture": "#texture", "rotation": 180 }
			}
		},
		{
			"__comment": "Cube41",
			"from": [ 12, 15, 2 ],
			"to": [ 13, 17, 3 ],
			"rotation": { "origin": [ 3, 30, 2 ], "axis": "y", "angle": -45 },
			"faces": {
				"down": { "uv": [ 9, 8, 9.5, 8.5 ], "texture": "#texture" },
				"up": { "uv": [ 9, 8, 9.5, 7.5 ], "texture": "#texture" },
				"north": { "uv": [ 9.5, 7.5, 9, 8.5 ], "texture": "#texture" },
				"south": { "uv": [ 9, 7.5, 9.5, 8.5 ], "texture": "#texture" },
				"west": { "uv": [ 9, 7.5, 9.5, 8.5 ], "texture": "#texture" },
				"east": { "uv": [ 9.5, 8.5, 9, 7.5 ], "texture": "#texture", "rotation": 180 }
			}
		},
		{
			"__comment": "Cube42",
			"from": [ 12, 13, 2 ],
			"to": [ 17, 14, 3 ],
			"rotation": { "origin": [ 3, 30, 2 ], "axis": "y", "angle": -45 },
			"faces": {
				"down": { "uv": [ 9, 9, 11.5, 9.5 ], "texture": "#texture" },
				"up": { "uv": [ 9, 9.5, 11.5, 9 ], "texture": "#texture" },
				"north": { "uv": [ 11.5, 9, 9, 9.5 ], "texture": "#texture" },
				"south": { "uv": [ 9, 9, 11.5, 9.5 ], "texture": "#texture" },
				"west": { "uv": [ 9, 9, 9.5, 9.5 ], "texture": "#texture" },
				"east": { "uv": [ 11.5, 9.5, 11, 9 ], "texture": "#texture", "rotation": 180 }
			}
		},
		{
			"__comment": "Cube43",
			"from": [ 12, 12, 2 ],
			"to": [ 16, 13, 3 ],
			"rotation": { "origin": [ 3, 30, 2 ], "axis": "y", "angle": -45 },
			"faces": {
				"down": { "uv": [ 9, 9.5, 11, 10 ], "texture": "#texture" },
				"up": { "uv": [ 9, 10, 11, 9.5 ], "texture": "#texture" },
				"north": { "uv": [ 11, 9.5, 9, 10 ], "texture": "#texture" },
				"south": { "uv": [ 9, 9.5, 11, 10 ], "texture": "#texture" },
				"west": { "uv": [ 9, 9.5, 9.5, 10 ], "texture": "#texture" },
				"east": { "uv": [ 11, 10, 10.5, 9.5 ], "texture": "#texture", "rotation": 180 }
			}
		},
		{
			"__comment": "Cube44",
			"from": [ 12, 8, 2 ],
			"to": [ 16, 9, 3 ],
			"rotation": { "origin": [ 3, 30, 2 ], "axis": "y", "angle": -45 },
			"faces": {
				"down": { "uv": [ 9, 11.5, 11, 12 ], "texture": "#texture" },
				"up": { "uv": [ 9, 12, 11, 11.5 ], "texture": "#texture" },
				"north": { "uv": [ 11, 11.5, 9, 12 ], "texture": "#texture" },
				"south": { "uv": [ 9, 11.5, 11, 12 ], "texture": "#texture" },
				"west": { "uv": [ 9, 11.5, 9.5, 12 ], "texture": "#texture" },
				"east": { "uv": [ 11, 12, 10.5, 11.5 ], "texture": "#texture", "rotation": 180 }
			}
		},
		{
			"__comment": "Cube45",
			"from": [ 12, 4, 2 ],
			"to": [ 13, 5, 3 ],
			"rotation": { "origin": [ 3, 30, 2 ], "axis": "y", "angle": -45 },
			"faces": {
				"down": { "uv": [ 9, 13.5, 9.5, 14 ], "texture": "#texture" },
				"up": { "uv": [ 9, 14, 9.5, 13.5 ], "texture": "#texture" },
				"north": { "uv": [ 9.5, 13.5, 9, 14 ], "texture": "#texture" },
				"south": { "uv": [ 9, 13.5, 9.5, 14 ], "texture": "#texture" },
				"west": { "uv": [ 9, 13.5, 9.5, 14 ], "texture": "#texture" },
				"east": { "uv": [ 9.5, 14, 9, 13.5 ], "texture": "#texture", "rotation": 180 }
			}
		},
		{
			"__comment": "Cube46",
			"from": [ 13, 29, 2 ],
			"to": [ 15, 30, 3 ],
			"rotation": { "origin": [ 3, 30, 2 ], "axis": "y", "angle": -45 },
			"faces": {
				"down": { "uv": [ 9.5, 1, 10.5, 1.5 ], "texture": "#texture" },
				"up": { "uv": [ 9.5, 1.5, 10.5, 1 ], "texture": "#texture" },
				"north": { "uv": [ 10.5, 1, 9.5, 1.5 ], "texture": "#texture" },
				"south": { "uv": [ 9.5, 1, 10.5, 1.5 ], "texture": "#texture" },
				"west": { "uv": [ 9.5, 1, 10, 1.5 ], "texture": "#texture" },
				"east": { "uv": [ 10.5, 1.5, 10, 1 ], "texture": "#texture", "rotation": 180 }
			}
		},
		{
			"__comment": "Cube47",
			"from": [ 13, 24, 2 ],
			"to": [ 15, 26, 3 ],
			"rotation": { "origin": [ 3, 30, 2 ], "axis": "y", "angle": -45 },
			"faces": {
				"down": { "uv": [ 9.5, 3.5, 10.5, 4 ], "texture": "#texture" },
				"up": { "uv": [ 9.5, 3.5, 10.5, 3 ], "texture": "#texture" },
				"north": { "uv": [ 10.5, 3, 9.5, 4 ], "texture": "#texture" },
				"south": { "uv": [ 9.5, 3, 10.5, 4 ], "texture": "#texture" },
				"west": { "uv": [ 9.5, 3, 10, 4 ], "texture": "#texture" },
				"east": { "uv": [ 10.5, 4, 10, 3 ], "texture": "#texture", "rotation": 180 }
			}
		},
		{
			"__comment": "Cube48",
			"from": [ 13, 18, 2 ],
			"to": [ 17, 19, 3 ],
			"rotation": { "origin": [ 3, 30, 2 ], "axis": "y", "angle": -45 },
			"faces": {
				"down": { "uv": [ 9.5, 6.5, 11.5, 7 ], "texture": "#texture" },
				"up": { "uv": [ 9.5, 7, 11.5, 6.5 ], "texture": "#texture" },
				"north": { "uv": [ 11.5, 6.5, 9.5, 7 ], "texture": "#texture" },
				"south": { "uv": [ 9.5, 6.5, 11.5, 7 ], "texture": "#texture" },
				"west": { "uv": [ 9.5, 6.5, 10, 7 ], "texture": "#texture" },
				"east": { "uv": [ 11.5, 7, 11, 6.5 ], "texture": "#texture", "rotation": 180 }
			}
		},
		{
			"__comment": "Cube49",
			"from": [ 13, 17, 2 ],
			"to": [ 16, 18, 3 ],
			"rotation": { "origin": [ 3, 30, 2 ], "axis": "y", "angle": -45 },
			"faces": {
				"down": { "uv": [ 9.5, 7, 11, 7.5 ], "texture": "#texture" },
				"up": { "uv": [ 9.5, 7.5, 11, 7 ], "texture": "#texture" },
				"north": { "uv": [ 11, 7, 9.5, 7.5 ], "texture": "#texture" },
				"south": { "uv": [ 9.5, 7, 11, 7.5 ], "texture": "#texture" },
				"west": { "uv": [ 9.5, 7, 10, 7.5 ], "texture": "#texture" },
				"east": { "uv": [ 11, 7.5, 10.5, 7 ], "texture": "#texture", "rotation": 180 }
			}
		},
		{
			"__comment": "Cube50",
			"from": [ 14, 19, 2 ],
			"to": [ 18, 20, 3 ],
			"rotation": { "origin": [ 3, 30, 2 ], "axis": "y", "angle": -45 },
			"faces": {
				"down": { "uv": [ 10, 6, 12, 6.5 ], "texture": "#texture" },
				"up": { "uv": [ 10, 6.5, 12, 6 ], "texture": "#texture" },
				"north": { "uv": [ 12, 6, 10, 6.5 ], "texture": "#texture" },
				"south": { "uv": [ 10, 6, 12, 6.5 ], "texture": "#texture" },
				"west": { "uv": [ 10, 6, 10.5, 6.5 ], "texture": "#texture" },
				"east": { "uv": [ 12, 6.5, 11.5, 6 ], "texture": "#texture", "rotation": 180 }
			}
		},
		{
			"__comment": "Cube51",
			"from": [ 14, 14, 2 ],
			"to": [ 16, 15, 3 ],
			"rotation": { "origin": [ 3, 30, 2 ], "axis": "y", "angle": -45 },
			"faces": {
				"down": { "uv": [ 10, 8.5, 11, 9 ], "texture": "#texture" },
				"up": { "uv": [ 10, 9, 11, 8.5 ], "texture": "#texture" },
				"north": { "uv": [ 11, 8.5, 10, 9 ], "texture": "#texture" },
				"south": { "uv": [ 10, 8.5, 11, 9 ], "texture": "#texture" },
				"west": { "uv": [ 10, 8.5, 10.5, 9 ], "texture": "#texture" },
				"east": { "uv": [ 11, 9, 10.5, 8.5 ], "texture": "#texture", "rotation": 180 }
			}
		},
		{
			"__comment": "Cube52",
			"from": [ 14, 9, 2 ],
			"to": [ 16, 10, 3 ],
			"rotation": { "origin": [ 3, 30, 2 ], "axis": "y", "angle": -45 },
			"faces": {
				"down": { "uv": [ 10, 11, 11, 11.5 ], "texture": "#texture" },
				"up": { "uv": [ 10, 11.5, 11, 11 ], "texture": "#texture" },
				"north": { "uv": [ 11, 11, 10, 11.5 ], "texture": "#texture" },
				"south": { "uv": [ 10, 11, 11, 11.5 ], "texture": "#texture" },
				"west": { "uv": [ 10, 11, 10.5, 11.5 ], "texture": "#texture" },
				"east": { "uv": [ 11, 11.5, 10.5, 11 ], "texture": "#texture", "rotation": 180 }
			}
		},
		{
			"__comment": "Cube53",
			"from": [ 15, 24, 2 ],
			"to": [ 16, 25, 3 ],
			"rotation": { "origin": [ 3, 30, 2 ], "axis": "y", "angle": -45 },
			"faces": {
				"down": { "uv": [ 10.5, 3.5, 11, 4 ], "texture": "#texture" },
				"up": { "uv": [ 10.5, 4, 11, 3.5 ], "texture": "#texture" },
				"north": { "uv": [ 11, 3.5, 10.5, 4 ], "texture": "#texture" },
				"south": { "uv": [ 10.5, 3.5, 11, 4 ], "texture": "#texture" },
				"west": { "uv": [ 10.5, 3.5, 11, 4 ], "texture": "#texture" },
				"east": { "uv": [ 11, 4, 10.5, 3.5 ], "texture": "#texture", "rotation": 180 }
			}
		},
		{
			"__comment": "Cube54",
			"from": [ 16, 20, 2 ],
			"to": [ 17, 21, 3 ],
			"rotation": { "origin": [ 3, 30, 2 ], "axis": "y", "angle": -45 },
			"faces": {
				"down": { "uv": [ 11, 5.5, 11.5, 6 ], "texture": "#texture" },
				"up": { "uv": [ 11, 6, 11.5, 5.5 ], "texture": "#texture" },
				"north": { "uv": [ 11.5, 5.5, 11, 6 ], "texture": "#texture" },
				"south": { "uv": [ 11, 5.5, 11.5, 6 ], "texture": "#texture" },
				"west": { "uv": [ 11, 5.5, 11.5, 6 ], "texture": "#texture" },
				"east": { "uv": [ 11.5, 6, 11, 5.5 ], "texture": "#texture", "rotation": 180 }
			}
		},
		{
			"__comment": "Cube1",
			"from": [ 10, 29, -5 ],
			"to": [ 11, 30, 0 ],
			"rotation": { "origin": [ 3, 30, 2 ], "axis": "y", "angle": -45 },
			"faces": {
				"down": { "uv": [ 4.5, 1, 7, 1.5 ], "texture": "#texture", "rotation": 270 },
				"up": { "uv": [ 4.5, 1.5, 7, 1 ], "texture": "#texture", "rotation": 90 },
				"north": { "uv": [ 4.5, 1, 5, 1.5 ], "texture": "#texture" },
				"south": { "uv": [ 7, 1.5, 6.5, 1 ], "texture": "#texture", "rotation": 180 },
				"west": { "uv": [ 4.5, 1, 7, 1.5 ], "texture": "#texture" },
				"east": { "uv": [ 7, 1, 4.5, 1.5 ], "texture": "#texture" }
			}
		},
		{
			"__comment": "Cube2",
			"from": [ 10, 11, -5 ],
			"to": [ 11, 13, -3 ],
			"rotation": { "origin": [ 3, 30, 2 ], "axis": "y", "angle": -45 },
			"faces": {
				"down": { "uv": [ 4.5, 10, 5.5, 10.5 ], "texture": "#texture", "rotation": 270 },
				"up": { "uv": [ 4.5, 10, 5.5, 9.5 ], "texture": "#texture", "rotation": 90 },
				"north": { "uv": [ 4.5, 9.5, 5, 10.5 ], "texture": "#texture" },
				"south": { "uv": [ 5.5, 10.5, 5, 9.5 ], "texture": "#texture", "rotation": 180 },
				"west": { "uv": [ 4.5, 9.5, 5.5, 10.5 ], "texture": "#texture" },
				"east": { "uv": [ 5.5, 9.5, 4.5, 10.5 ], "texture": "#texture" }
			}
		},
		{
			"__comment": "Cube3",
			"from": [ 10, 28, -4 ],
			"to": [ 11, 29, 0 ],
			"rotation": { "origin": [ 3, 30, 2 ], "axis": "y", "angle": -45 },
			"faces": {
				"down": { "uv": [ 5, 1.5, 7, 2 ], "texture": "#texture", "rotation": 270 },
				"up": { "uv": [ 5, 2, 7, 1.5 ], "texture": "#texture", "rotation": 90 },
				"north": { "uv": [ 5, 1.5, 5.5, 2 ], "texture": "#texture" },
				"south": { "uv": [ 7, 2, 6.5, 1.5 ], "texture": "#texture", "rotation": 180 },
				"west": { "uv": [ 5, 1.5, 7, 2 ], "texture": "#texture" },
				"east": { "uv": [ 7, 1.5, 5, 2 ], "texture": "#texture" }
			}
		},
		{
			"__comment": "Cube4",
			"from": [ 10, 24, -4 ],
			"to": [ 11, 26, -1 ],
			"rotation": { "origin": [ 3, 30, 2 ], "axis": "y", "angle": -45 },
			"faces": {
				"down": { "uv": [ 5, 3.5, 6.5, 4 ], "texture": "#texture", "rotation": 270 },
				"up": { "uv": [ 5, 3.5, 6.5, 3 ], "texture": "#texture", "rotation": 90 },
				"north": { "uv": [ 5, 3, 5.5, 4 ], "texture": "#texture" },
				"south": { "uv": [ 6.5, 4, 6, 3 ], "texture": "#texture", "rotation": 180 },
				"west": { "uv": [ 5, 3, 6.5, 4 ], "texture": "#texture" },
				"east": { "uv": [ 6.5, 3, 5, 4 ], "texture": "#texture" }
			}
		},
		{
			"__comment": "Cube5",
			"from": [ 10, 14, -4 ],
			"to": [ 11, 17, -2 ],
			"rotation": { "origin": [ 3, 30, 2 ], "axis": "y", "angle": -45 },
			"faces": {
				"down": { "uv": [ 5, 8.5, 6, 9 ], "texture": "#texture", "rotation": 270 },
				"up": { "uv": [ 5, 8, 6, 7.5 ], "texture": "#texture", "rotation": 90 },
				"north": { "uv": [ 5, 7.5, 5.5, 9 ], "texture": "#texture" },
				"south": { "uv": [ 6, 9, 5.5, 7.5 ], "texture": "#texture", "rotation": 180 },
				"west": { "uv": [ 5, 7.5, 6, 9 ], "texture": "#texture" },
				"east": { "uv": [ 6, 7.5, 5, 9 ], "texture": "#texture" }
			}
		},
		{
			"__comment": "Cube6",
			"from": [ 10, 10, -4 ],
			"to": [ 11, 11, 0 ],
			"rotation": { "origin": [ 3, 30, 2 ], "axis": "y", "angle": -45 },
			"faces": {
				"down": { "uv": [ 5, 10.5, 7, 11 ], "texture": "#texture", "rotation": 270 },
				"up": { "uv": [ 5, 11, 7, 10.5 ], "texture": "#texture", "rotation": 90 },
				"north": { "uv": [ 5, 10.5, 5.5, 11 ], "texture": "#texture" },
				"south": { "uv": [ 7, 11, 6.5, 10.5 ], "texture": "#texture", "rotation": 180 },
				"west": { "uv": [ 5, 10.5, 7, 11 ], "texture": "#texture" },
				"east": { "uv": [ 7, 10.5, 5, 11 ], "texture": "#texture" }
			}
		},
		{
			"__comment": "Cube7",
			"from": [ 10, 6, -4 ],
			"to": [ 11, 8, -2 ],
			"rotation": { "origin": [ 3, 30, 2 ], "axis": "y", "angle": -45 },
			"faces": {
				"down": { "uv": [ 5, 12.5, 6, 13 ], "texture": "#texture", "rotation": 270 },
				"up": { "uv": [ 5, 12.5, 6, 12 ], "texture": "#texture", "rotation": 90 },
				"north": { "uv": [ 5, 12, 5.5, 13 ], "texture": "#texture" },
				"south": { "uv": [ 6, 13, 5.5, 12 ], "texture": "#texture", "rotation": 180 },
				"west": { "uv": [ 5, 12, 6, 13 ], "texture": "#texture" },
				"east": { "uv": [ 6, 12, 5, 13 ], "texture": "#texture" }
			}
		},
		{
			"__comment": "Cube8",
			"from": [ 10, 27, -3 ],
			"to": [ 11, 31, -2 ],
			"rotation": { "origin": [ 3, 30, 2 ], "axis": "y", "angle": -45 },
			"faces": {
				"down": { "uv": [ 5.5, 2, 6, 2.5 ], "texture": "#texture", "rotation": 270 },
				"up": { "uv": [ 5.5, 1, 6, 0.5 ], "texture": "#texture", "rotation": 90 },
				"north": { "uv": [ 5.5, 0.5, 6, 2.5 ], "texture": "#texture" },
				"south": { "uv": [ 6, 2.5, 5.5, 0.5 ], "texture": "#texture", "rotation": 180 },
				"west": { "uv": [ 5.5, 0.5, 6, 2.5 ], "texture": "#texture" },
				"east": { "uv": [ 6, 0.5, 5.5, 2.5 ], "texture": "#texture" }
			}
		},
		{
			"__comment": "Cube9",
			"from": [ 10, 22, -3 ],
			"to": [ 11, 24, 0 ],
			"rotation": { "origin": [ 3, 30, 2 ], "axis": "y", "angle": -45 },
			"faces": {
				"down": { "uv": [ 5.5, 4.5, 7, 5 ], "texture": "#texture", "rotation": 270 },
				"up": { "uv": [ 5.5, 4.5, 7, 4 ], "texture": "#texture", "rotation": 90 },
				"north": { "uv": [ 5.5, 4, 6, 5 ], "texture": "#texture" },
				"south": { "uv": [ 7, 5, 6.5, 4 ], "texture": "#texture", "rotation": 180 },
				"west": { "uv": [ 5.5, 4, 7, 5 ], "texture": "#texture" },
				"east": { "uv": [ 7, 4, 5.5, 5 ], "texture": "#texture" }
			}
		},
		{
			"__comment": "Cube10",
			"from": [ 10, 21, -3 ],
			"to": [ 11, 22, -1 ],
			"rotation": { "origin": [ 3, 30, 2 ], "axis": "y", "angle": -45 },
			"faces": {
				"down": { "uv": [ 5.5, 5, 6.5, 5.5 ], "texture": "#texture", "rotation": 270 },
				"up": { "uv": [ 5.5, 5.5, 6.5, 5 ], "texture": "#texture", "rotation": 90 },
				"north": { "uv": [ 5.5, 5, 6, 5.5 ], "texture": "#texture" },
				"south": { "uv": [ 6.5, 5.5, 6, 5 ], "texture": "#texture", "rotation": 180 },
				"west": { "uv": [ 5.5, 5, 6.5, 5.5 ], "texture": "#texture" },
				"east": { "uv": [ 6.5, 5, 5.5, 5.5 ], "texture": "#texture" }
			}
		},
		{
			"__comment": "Cube11",
			"from": [ 10, 9, -3 ],
			"to": [ 11, 12, -1 ],
			"rotation": { "origin": [ 3, 30, 2 ], "axis": "y", "angle": -45 },
			"faces": {
				"down": { "uv": [ 5.5, 11, 6.5, 11.5 ], "texture": "#texture", "rotation": 270 },
				"up": { "uv": [ 5.5, 10.5, 6.5, 10 ], "texture": "#texture", "rotation": 90 },
				"north": { "uv": [ 5.5, 10, 6, 11.5 ], "texture": "#texture" },
				"south": { "uv": [ 6.5, 11.5, 6, 10 ], "texture": "#texture", "rotation": 180 },
				"west": { "uv": [ 5.5, 10, 6.5, 11.5 ], "texture": "#texture" },
				"east": { "uv": [ 6.5, 10, 5.5, 11.5 ], "texture": "#texture" }
			}
		},
		{
			"__comment": "Cube12",
			"from": [ 10, 5, -3 ],
			"to": [ 11, 6, 1 ],
			"rotation": { "origin": [ 3, 30, 2 ], "axis": "y", "angle": -45 },
			"faces": {
				"down": { "uv": [ 5.5, 13, 7.5, 13.5 ], "texture": "#texture", "rotation": 270 },
				"up": { "uv": [ 5.5, 13.5, 7.5, 13 ], "texture": "#texture", "rotation": 90 },
				"north": { "uv": [ 5.5, 13, 6, 13.5 ], "texture": "#texture" },
				"south": { "uv": [ 7.5, 13.5, 7, 13 ], "texture": "#texture", "rotation": 180 },
				"west": { "uv": [ 5.5, 13, 7.5, 13.5 ], "texture": "#texture" },
				"east": { "uv": [ 7.5, 13, 5.5, 13.5 ], "texture": "#texture" }
			}
		},
		{
			"__comment": "Cube13",
			"from": [ 10, 27, -2 ],
			"to": [ 11, 28, 0 ],
			"rotation": { "origin": [ 3, 30, 2 ], "axis": "y", "angle": -45 },
			"faces": {
				"down": { "uv": [ 6, 2, 7, 2.5 ], "texture": "#texture", "rotation": 270 },
				"up": { "uv": [ 6, 2.5, 7, 2 ], "texture": "#texture", "rotation": 90 },
				"north": { "uv": [ 6, 2, 6.5, 2.5 ], "texture": "#texture" },
				"south": { "uv": [ 7, 2.5, 6.5, 2 ], "texture": "#texture", "rotation": 180 },
				"west": { "uv": [ 6, 2, 7, 2.5 ], "texture": "#texture" },
				"east": { "uv": [ 7, 2, 6, 2.5 ], "texture": "#texture" }
			}
		},
		{
			"__comment": "Cube14",
			"from": [ 10, 13, -2 ],
			"to": [ 11, 16, -1 ],
			"rotation": { "origin": [ 3, 30, 2 ], "axis": "y", "angle": -45 },
			"faces": {
				"down": { "uv": [ 6, 9, 6.5, 9.5 ], "texture": "#texture", "rotation": 270 },
				"up": { "uv": [ 6, 8.5, 6.5, 8 ], "texture": "#texture", "rotation": 90 },
				"north": { "uv": [ 6, 8, 6.5, 9.5 ], "texture": "#texture" },
				"south": { "uv": [ 6.5, 9.5, 6, 8 ], "texture": "#texture", "rotation": 180 },
				"west": { "uv": [ 6, 8, 6.5, 9.5 ], "texture": "#texture" },
				"east": { "uv": [ 6.5, 8, 6, 9.5 ], "texture": "#texture" }
			}
		},
		{
			"__comment": "Cube15",
			"from": [ 10, 4, -2 ],
			"to": [ 11, 7, 0 ],
			"rotation": { "origin": [ 3, 30, 2 ], "axis": "y", "angle": -45 },
			"faces": {
				"down": { "uv": [ 6, 13.5, 7, 14 ], "texture": "#texture", "rotation": 270 },
				"up": { "uv": [ 6, 13, 7, 12.5 ], "texture": "#texture", "rotation": 90 },
				"north": { "uv": [ 6, 12.5, 6.5, 14 ], "texture": "#texture" },
				"south": { "uv": [ 7, 14, 6.5, 12.5 ], "texture": "#texture", "rotation": 180 },
				"west": { "uv": [ 6, 12.5, 7, 14 ], "texture": "#texture" },
				"east": { "uv": [ 7, 12.5, 6, 14 ], "texture": "#texture" }
			}
		},
		{
			"__comment": "Cube16",
			"from": [ 10, 20, -1 ],
			"to": [ 11, 21, 0 ],
			"rotation": { "origin": [ 3, 30, 2 ], "axis": "y", "angle": -45 },
			"faces": {
				"down": { "uv": [ 6.5, 5.5, 7, 6 ], "texture": "#texture", "rotation": 270 },
				"up": { "uv": [ 6.5, 6, 7, 5.5 ], "texture": "#texture", "rotation": 90 },
				"north": { "uv": [ 6.5, 5.5, 7, 6 ], "texture": "#texture" },
				"south": { "uv": [ 7, 6, 6.5, 5.5 ], "texture": "#texture", "rotation": 180 },
				"west": { "uv": [ 6.5, 5.5, 7, 6 ], "texture": "#texture" },
				"east": { "uv": [ 7, 5.5, 6.5, 6 ], "texture": "#texture" }
			}
		},
		{
			"__comment": "Cube17",
			"from": [ 10, 13, -1 ],
			"to": [ 11, 15, 0 ],
			"rotation": { "origin": [ 3, 30, 2 ], "axis": "y", "angle": -45 },
			"faces": {
				"down": { "uv": [ 6.5, 9, 7, 9.5 ], "texture": "#texture", "rotation": 270 },
				"up": { "uv": [ 6.5, 9, 7, 8.5 ], "texture": "#texture", "rotation": 90 },
				"north": { "uv": [ 6.5, 8.5, 7, 9.5 ], "texture": "#texture" },
				"south": { "uv": [ 7, 9.5, 6.5, 8.5 ], "texture": "#texture", "rotation": 180 },
				"west": { "uv": [ 6.5, 8.5, 7, 9.5 ], "texture": "#texture" },
				"east": { "uv": [ 7, 8.5, 6.5, 9.5 ], "texture": "#texture" }
			}
		},
		{
			"__comment": "Cube18",
			"from": [ 10, 9, -1 ],
			"to": [ 11, 10, 0 ],
			"rotation": { "origin": [ 3, 30, 2 ], "axis": "y", "angle": -45 },
			"faces": {
				"down": { "uv": [ 6.5, 11, 7, 11.5 ], "texture": "#texture", "rotation": 270 },
				"up": { "uv": [ 6.5, 11.5, 7, 11 ], "texture": "#texture", "rotation": 90 },
				"north": { "uv": [ 6.5, 11, 7, 11.5 ], "texture": "#texture" },
				"south": { "uv": [ 7, 11.5, 6.5, 11 ], "texture": "#texture", "rotation": 180 },
				"west": { "uv": [ 6.5, 11, 7, 11.5 ], "texture": "#texture" },
				"east": { "uv": [ 7, 11, 6.5, 11.5 ], "texture": "#texture" }
			}
		},
		{
			"__comment": "Cube19",
			"from": [ 10, 26, 0 ],
			"to": [ 11, 27, 1 ],
			"rotation": { "origin": [ 3, 30, 2 ], "axis": "y", "angle": -45 },
			"faces": {
				"down": { "uv": [ 7, 2.5, 7.5, 3 ], "texture": "#texture", "rotation": 270 },
				"up": { "uv": [ 7, 3, 7.5, 2.5 ], "texture": "#texture", "rotation": 90 },
				"north": { "uv": [ 7, 2.5, 7.5, 3 ], "texture": "#texture" },
				"south": { "uv": [ 7.5, 3, 7, 2.5 ], "texture": "#texture", "rotation": 180 },
				"west": { "uv": [ 7, 2.5, 7.5, 3 ], "texture": "#texture" },
				"east": { "uv": [ 7.5, 2.5, 7, 3 ], "texture": "#texture" }
			}
		},
		{
			"__comment": "Cube20",
			"from": [ 10, 19, 0 ],
			"to": [ 11, 20, 3 ],
			"rotation": { "origin": [ 3, 30, 2 ], "axis": "y", "angle": -45 },
			"faces": {
				"down": { "uv": [ 7, 6, 8.5, 6.5 ], "texture": "#texture", "rotation": 270 },
				"up": { "uv": [ 7, 6.5, 8.5, 6 ], "texture": "#texture", "rotation": 90 },
				"north": { "uv": [ 7, 6, 7.5, 6.5 ], "texture": "#texture" },
				"south": { "uv": [ 8.5, 6.5, 8, 6 ], "texture": "#texture", "rotation": 180 },
				"west": { "uv": [ 7, 6, 8.5, 6.5 ], "texture": "#texture" },
				"east": { "uv": [ 8.5, 6, 7, 6.5 ], "texture": "#texture" }
			}
		},
		{
			"__comment": "Cube21",
			"from": [ 10, 13, 0 ],
			"to": [ 11, 14, 1 ],
			"rotation": { "origin": [ 3, 30, 2 ], "axis": "y", "angle": -45 },
			"faces": {
				"down": { "uv": [ 7, 9, 7.5, 9.5 ], "texture": "#texture", "rotation": 270 },
				"up": { "uv": [ 7, 9.5, 7.5, 9 ], "texture": "#texture", "rotation": 90 },
				"north": { "uv": [ 7, 9, 7.5, 9.5 ], "texture": "#texture" },
				"south": { "uv": [ 7.5, 9.5, 7, 9 ], "texture": "#texture", "rotation": 180 },
				"west": { "uv": [ 7, 9, 7.5, 9.5 ], "texture": "#texture" },
				"east": { "uv": [ 7.5, 9, 7, 9.5 ], "texture": "#texture" }
			}
		},
		{
			"__comment": "Cube22",
			"from": [ 10, 7, 0 ],
			"to": [ 11, 9, 2 ],
			"rotation": { "origin": [ 3, 30, 2 ], "axis": "y", "angle": -45 },
			"faces": {
				"down": { "uv": [ 7, 12, 8, 12.5 ], "texture": "#texture", "rotation": 270 },
				"up": { "uv": [ 7, 12, 8, 11.5 ], "texture": "#texture", "rotation": 90 },
				"north": { "uv": [ 7, 11.5, 7.5, 12.5 ], "texture": "#texture" },
				"south": { "uv": [ 8, 12.5, 7.5, 11.5 ], "texture": "#texture", "rotation": 180 },
				"west": { "uv": [ 7, 11.5, 8, 12.5 ], "texture": "#texture" },
				"east": { "uv": [ 8, 11.5, 7, 12.5 ], "texture": "#texture" }
			}
		},
		{
			"__comment": "Cube23",
			"from": [ 10, 4, 0 ],
			"to": [ 11, 5, 1 ],
			"rotation": { "origin": [ 3, 30, 2 ], "axis": "y", "angle": -45 },
			"faces": {
				"down": { "uv": [ 7, 13.5, 7.5, 14 ], "texture": "#texture", "rotation": 270 },
				"up": { "uv": [ 7, 14, 7.5, 13.5 ], "texture": "#texture", "rotation": 90 },
				"north": { "uv": [ 7, 13.5, 7.5, 14 ], "texture": "#texture" },
				"south": { "uv": [ 7.5, 14, 7, 13.5 ], "texture": "#texture", "rotation": 180 },
				"west": { "uv": [ 7, 13.5, 7.5, 14 ], "texture": "#texture" },
				"east": { "uv": [ 7.5, 13.5, 7, 14 ], "texture": "#texture" }
			}
		},
		{
			"__comment": "Cube24",
			"from": [ 10, 25, 1 ],
			"to": [ 11, 26, 4 ],
			"rotation": { "origin": [ 3, 30, 2 ], "axis": "y", "angle": -45 },
			"faces": {
				"down": { "uv": [ 7.5, 3, 9, 3.5 ], "texture": "#texture", "rotation": 270 },
				"up": { "uv": [ 7.5, 3.5, 9, 3 ], "texture": "#texture", "rotation": 90 },
				"north": { "uv": [ 7.5, 3, 8, 3.5 ], "texture": "#texture" },
				"south": { "uv": [ 9, 3.5, 8.5, 3 ], "texture": "#texture", "rotation": 180 },
				"west": { "uv": [ 7.5, 3, 9, 3.5 ], "texture": "#texture" },
				"east": { "uv": [ 9, 3, 7.5, 3.5 ], "texture": "#texture" }
			}
		},
		{
			"__comment": "Cube25",
			"from": [ 10, 18, 1 ],
			"to": [ 11, 19, 3 ],
			"rotation": { "origin": [ 3, 30, 2 ], "axis": "y", "angle": -45 },
			"faces": {
				"down": { "uv": [ 7.5, 6.5, 8.5, 7 ], "texture": "#texture", "rotation": 270 },
				"up": { "uv": [ 7.5, 7, 8.5, 6.5 ], "texture": "#texture", "rotation": 90 },
				"north": { "uv": [ 7.5, 6.5, 8, 7 ], "texture": "#texture" },
				"south": { "uv": [ 8.5, 7, 8, 6.5 ], "texture": "#texture", "rotation": 180 },
				"west": { "uv": [ 7.5, 6.5, 8.5, 7 ], "texture": "#texture" },
				"east": { "uv": [ 8.5, 6.5, 7.5, 7 ], "texture": "#texture" }
			}
		},
		{
			"__comment": "Cube26",
			"from": [ 10, 6, 1 ],
			"to": [ 11, 13, 2 ],
			"rotation": { "origin": [ 3, 30, 2 ], "axis": "y", "angle": -45 },
			"faces": {
				"down": { "uv": [ 7.5, 12.5, 8, 13 ], "texture": "#texture", "rotation": 270 },
				"up": { "uv": [ 7.5, 10, 8, 9.5 ], "texture": "#texture", "rotation": 90 },
				"north": { "uv": [ 7.5, 9.5, 8, 13 ], "texture": "#texture" },
				"south": { "uv": [ 8, 13, 7.5, 9.5 ], "texture": "#texture", "rotation": 180 },
				"west": { "uv": [ 7.5, 9.5, 8, 13 ], "texture": "#texture" },
				"east": { "uv": [ 8, 9.5, 7.5, 13 ], "texture": "#texture" }
			}
		},
		{
			"__comment": "Cube27",
			"from": [ 10, 3, 1 ],
			"to": [ 11, 4, 4 ],
			"rotation": { "origin": [ 3, 30, 2 ], "axis": "y", "angle": -45 },
			"faces": {
				"down": { "uv": [ 7.5, 14, 9, 14.5 ], "texture": "#texture", "rotation": 270 },
				"up": { "uv": [ 7.5, 14.5, 9, 14 ], "texture": "#texture", "rotation": 90 },
				"north": { "uv": [ 7.5, 14, 8, 14.5 ], "texture": "#texture" },
				"south": { "uv": [ 9, 14.5, 8.5, 14 ], "texture": "#texture", "rotation": 180 },
				"west": { "uv": [ 7.5, 14, 9, 14.5 ], "texture": "#texture" },
				"east": { "uv": [ 9, 14, 7.5, 14.5 ], "texture": "#texture" }
			}
		},
		{
			"__comment": "Cube28",
			"from": [ 10, 26, 2 ],
			"to": [ 11, 27, 5 ],
			"rotation": { "origin": [ 3, 30, 2 ], "axis": "y", "angle": -45 },
			"faces": {
				"down": { "uv": [ 8, 2.5, 9.5, 3 ], "texture": "#texture", "rotation": 270 },
				"up": { "uv": [ 8, 3, 9.5, 2.5 ], "texture": "#texture", "rotation": 90 },
				"north": { "uv": [ 8, 2.5, 8.5, 3 ], "texture": "#texture" },
				"south": { "uv": [ 9.5, 3, 9, 2.5 ], "texture": "#texture", "rotation": 180 },
				"west": { "uv": [ 8, 2.5, 9.5, 3 ], "texture": "#texture" },
				"east": { "uv": [ 9.5, 2.5, 8, 3 ], "texture": "#texture" }
			}
		},
		{
			"__comment": "Cube29",
			"from": [ 10, 13, 2 ],
			"to": [ 11, 25, 3 ],
			"rotation": { "origin": [ 3, 30, 2 ], "axis": "y", "angle": -45 },
			"faces": {
				"down": { "uv": [ 8, 9, 8.5, 9.5 ], "texture": "#texture", "rotation": 270 },
				"up": { "uv": [ 8, 4, 8.5, 3.5 ], "texture": "#texture", "rotation": 90 },
				"north": { "uv": [ 8, 3.5, 8.5, 9.5 ], "texture": "#texture" },
				"south": { "uv": [ 8.5, 9.5, 8, 3.5 ], "texture": "#texture", "rotation": 180 },
				"west": { "uv": [ 8, 3.5, 8.5, 9.5 ], "texture": "#texture" },
				"east": { "uv": [ 8.5, 3.5, 8, 9.5 ], "texture": "#texture" }
			}
		},
		{
			"__comment": "Cube30",
			"from": [ 10, 10, 2 ],
			"to": [ 11, 11, 3 ],
			"rotation": { "origin": [ 3, 30, 2 ], "axis": "y", "angle": -45 },
			"faces": {
				"down": { "uv": [ 8, 10.5, 8.5, 11 ], "texture": "#texture", "rotation": 270 },
				"up": { "uv": [ 8, 11, 8.5, 10.5 ], "texture": "#texture", "rotation": 90 },
				"north": { "uv": [ 8, 10.5, 8.5, 11 ], "texture": "#texture" },
				"south": { "uv": [ 8.5, 11, 8, 10.5 ], "texture": "#texture", "rotation": 180 },
				"west": { "uv": [ 8, 10.5, 8.5, 11 ], "texture": "#texture" },
				"east": { "uv": [ 8.5, 10.5, 8, 11 ], "texture": "#texture" }
			}
		},
		{
			"__comment": "Cube31",
			"from": [ 10, 0, 2 ],
			"to": [ 11, 6, 3 ],
			"rotation": { "origin": [ 3, 30, 2 ], "axis": "y", "angle": -45 },
			"faces": {
				"down": { "uv": [ 8, 15.5, 8.5, 16 ], "texture": "#texture", "rotation": 270 },
				"up": { "uv": [ 8, 13.5, 8.5, 13 ], "texture": "#texture", "rotation": 90 },
				"north": { "uv": [ 8, 13, 8.5, 16 ], "texture": "#texture" },
				"south": { "uv": [ 8.5, 16, 8, 13 ], "texture": "#texture", "rotation": 180 },
				"west": { "uv": [ 8, 13, 8.5, 16 ], "texture": "#texture" },
				"east": { "uv": [ 8.5, 13, 8, 16 ], "texture": "#texture" }
			}
		},
		{
			"__comment": "Cube32",
			"from": [ 10, 27, 3 ],
			"to": [ 11, 28, 6 ],
			"rotation": { "origin": [ 3, 30, 2 ], "axis": "y", "angle": -45 },
			"faces": {
				"down": { "uv": [ 8.5, 2, 10, 2.5 ], "texture": "#texture", "rotation": 270 },
				"up": { "uv": [ 8.5, 2.5, 10, 2 ], "texture": "#texture", "rotation": 90 },
				"north": { "uv": [ 8.5, 2, 9, 2.5 ], "texture": "#texture" },
				"south": { "uv": [ 10, 2.5, 9.5, 2 ], "texture": "#texture", "rotation": 180 },
				"west": { "uv": [ 8.5, 2, 10, 2.5 ], "texture": "#texture" },
				"east": { "uv": [ 10, 2, 8.5, 2.5 ], "texture": "#texture" }
			}
		},
		{
			"__comment": "Cube33",
			"from": [ 10, 20, 3 ],
			"to": [ 11, 22, 4 ],
			"rotation": { "origin": [ 3, 30, 2 ], "axis": "y", "angle": -45 },
			"faces": {
				"down": { "uv": [ 8.5, 5.5, 9, 6 ], "texture": "#texture", "rotation": 270 },
				"up": { "uv": [ 8.5, 5.5, 9, 5 ], "texture": "#texture", "rotation": 90 },
				"north": { "uv": [ 8.5, 5, 9, 6 ], "texture": "#texture" },
				"south": { "uv": [ 9, 6, 8.5, 5 ], "texture": "#texture", "rotation": 180 },
				"west": { "uv": [ 8.5, 5, 9, 6 ], "texture": "#texture" },
				"east": { "uv": [ 9, 5, 8.5, 6 ], "texture": "#texture" }
			}
		},
		{
			"__comment": "Cube34",
			"from": [ 10, 14, 3 ],
			"to": [ 11, 15, 4 ],
			"rotation": { "origin": [ 3, 30, 2 ], "axis": "y", "angle": -45 },
			"faces": {
				"down": { "uv": [ 8.5, 8.5, 9, 9 ], "texture": "#texture", "rotation": 270 },
				"up": { "uv": [ 8.5, 9, 9, 8.5 ], "texture": "#texture", "rotation": 90 },
				"north": { "uv": [ 8.5, 8.5, 9, 9 ], "texture": "#texture" },
				"south": { "uv": [ 9, 9, 8.5, 8.5 ], "texture": "#texture", "rotation": 180 },
				"west": { "uv": [ 8.5, 8.5, 9, 9 ], "texture": "#texture" },
				"east": { "uv": [ 9, 8.5, 8.5, 9 ], "texture": "#texture" }
			}
		},
		{
			"__comment": "Cube35",
			"from": [ 10, 11, 3 ],
			"to": [ 11, 12, 6 ],
			"rotation": { "origin": [ 3, 30, 2 ], "axis": "y", "angle": -45 },
			"faces": {
				"down": { "uv": [ 8.5, 10, 10, 10.5 ], "texture": "#texture", "rotation": 270 },
				"up": { "uv": [ 8.5, 10.5, 10, 10 ], "texture": "#texture", "rotation": 90 },
				"north": { "uv": [ 8.5, 10, 9, 10.5 ], "texture": "#texture" },
				"south": { "uv": [ 10, 10.5, 9.5, 10 ], "texture": "#texture", "rotation": 180 },
				"west": { "uv": [ 8.5, 10, 10, 10.5 ], "texture": "#texture" },
				"east": { "uv": [ 10, 10, 8.5, 10.5 ], "texture": "#texture" }
			}
		},
		{
			"__comment": "Cube36",
			"from": [ 10, 7, 3 ],
			"to": [ 11, 8, 7 ],
			"rotation": { "origin": [ 3, 30, 2 ], "axis": "y", "angle": -45 },
			"faces": {
				"down": { "uv": [ 8.5, 12, 10.5, 12.5 ], "texture": "#texture", "rotation": 270 },
				"up": { "uv": [ 8.5, 12.5, 10.5, 12 ], "texture": "#texture", "rotation": 90 },
				"north": { "uv": [ 8.5, 12, 9, 12.5 ], "texture": "#texture" },
				"south": { "uv": [ 10.5, 12.5, 10, 12 ], "texture": "#texture", "rotation": 180 },
				"west": { "uv": [ 8.5, 12, 10.5, 12.5 ], "texture": "#texture" },
				"east": { "uv": [ 10.5, 12, 8.5, 12.5 ], "texture": "#texture" }
			}
		},
		{
			"__comment": "Cube37",
			"from": [ 10, 6, 3 ],
			"to": [ 11, 7, 6 ],
			"rotation": { "origin": [ 3, 30, 2 ], "axis": "y", "angle": -45 },
			"faces": {
				"down": { "uv": [ 8.5, 12.5, 10, 13 ], "texture": "#texture", "rotation": 270 },
				"up": { "uv": [ 8.5, 13, 10, 12.5 ], "texture": "#texture", "rotation": 90 },
				"north": { "uv": [ 8.5, 12.5, 9, 13 ], "texture": "#texture" },
				"south": { "uv": [ 10, 13, 9.5, 12.5 ], "texture": "#texture", "rotation": 180 },
				"west": { "uv": [ 8.5, 12.5, 10, 13 ], "texture": "#texture" },
				"east": { "uv": [ 10, 12.5, 8.5, 13 ], "texture": "#texture" }
			}
		},
		{
			"__comment": "Cube38",
			"from": [ 10, 28, 4 ],
			"to": [ 11, 29, 7 ],
			"rotation": { "origin": [ 3, 30, 2 ], "axis": "y", "angle": -45 },
			"faces": {
				"down": { "uv": [ 9, 1.5, 10.5, 2 ], "texture": "#texture", "rotation": 270 },
				"up": { "uv": [ 9, 2, 10.5, 1.5 ], "texture": "#texture", "rotation": 90 },
				"north": { "uv": [ 9, 1.5, 9.5, 2 ], "texture": "#texture" },
				"south": { "uv": [ 10.5, 2, 10, 1.5 ], "texture": "#texture", "rotation": 180 },
				"west": { "uv": [ 9, 1.5, 10.5, 2 ], "texture": "#texture" },
				"east": { "uv": [ 10.5, 1.5, 9, 2 ], "texture": "#texture" }
			}
		},
		{
			"__comment": "Cube39",
			"from": [ 10, 23, 4 ],
			"to": [ 11, 24, 8 ],
			"rotation": { "origin": [ 3, 30, 2 ], "axis": "y", "angle": -45 },
			"faces": {
				"down": { "uv": [ 9, 4, 11, 4.5 ], "texture": "#texture", "rotation": 270 },
				"up": { "uv": [ 9, 4.5, 11, 4 ], "texture": "#texture", "rotation": 90 },
				"north": { "uv": [ 9, 4, 9.5, 4.5 ], "texture": "#texture" },
				"south": { "uv": [ 11, 4.5, 10.5, 4 ], "texture": "#texture", "rotation": 180 },
				"west": { "uv": [ 9, 4, 11, 4.5 ], "texture": "#texture" },
				"east": { "uv": [ 11, 4, 9, 4.5 ], "texture": "#texture" }
			}
		},
		{
			"__comment": "Cube40",
			"from": [ 10, 22, 4 ],
			"to": [ 11, 23, 7 ],
			"rotation": { "origin": [ 3, 30, 2 ], "axis": "y", "angle": -45 },
			"faces": {
				"down": { "uv": [ 9, 4.5, 10.5, 5 ], "texture": "#texture", "rotation": 270 },
				"up": { "uv": [ 9, 5, 10.5, 4.5 ], "texture": "#texture", "rotation": 90 },
				"north": { "uv": [ 9, 4.5, 9.5, 5 ], "texture": "#texture" },
				"south": { "uv": [ 10.5, 5, 10, 4.5 ], "texture": "#texture", "rotation": 180 },
				"west": { "uv": [ 9, 4.5, 10.5, 5 ], "texture": "#texture" },
				"east": { "uv": [ 10.5, 4.5, 9, 5 ], "texture": "#texture" }
			}
		},
		{
			"__comment": "Cube41",
			"from": [ 10, 15, 4 ],
			"to": [ 11, 17, 5 ],
			"rotation": { "origin": [ 3, 30, 2 ], "axis": "y", "angle": -45 },
			"faces": {
				"down": { "uv": [ 9, 8, 9.5, 8.5 ], "texture": "#texture", "rotation": 270 },
				"up": { "uv": [ 9, 8, 9.5, 7.5 ], "texture": "#texture", "rotation": 90 },
				"north": { "uv": [ 9, 7.5, 9.5, 8.5 ], "texture": "#texture" },
				"south": { "uv": [ 9.5, 8.5, 9, 7.5 ], "texture": "#texture", "rotation": 180 },
				"west": { "uv": [ 9, 7.5, 9.5, 8.5 ], "texture": "#texture" },
				"east": { "uv": [ 9.5, 7.5, 9, 8.5 ], "texture": "#texture" }
			}
		},
		{
			"__comment": "Cube42",
			"from": [ 10, 13, 4 ],
			"to": [ 11, 14, 9 ],
			"rotation": { "origin": [ 3, 30, 2 ], "axis": "y", "angle": -45 },
			"faces": {
				"down": { "uv": [ 9, 9, 11.5, 9.5 ], "texture": "#texture", "rotation": 270 },
				"up": { "uv": [ 9, 9.5, 11.5, 9 ], "texture": "#texture", "rotation": 90 },
				"north": { "uv": [ 9, 9, 9.5, 9.5 ], "texture": "#texture" },
				"south": { "uv": [ 11.5, 9.5, 11, 9 ], "texture": "#texture", "rotation": 180 },
				"west": { "uv": [ 9, 9, 11.5, 9.5 ], "texture": "#texture" },
				"east": { "uv": [ 11.5, 9, 9, 9.5 ], "texture": "#texture" }
			}
		},
		{
			"__comment": "Cube43",
			"from": [ 10, 12, 4 ],
			"to": [ 11, 13, 8 ],
			"rotation": { "origin": [ 3, 30, 2 ], "axis": "y", "angle": -45 },
			"faces": {
				"down": { "uv": [ 9, 9.5, 11, 10 ], "texture": "#texture", "rotation": 270 },
				"up": { "uv": [ 9, 10, 11, 9.5 ], "texture": "#texture", "rotation": 90 },
				"north": { "uv": [ 9, 9.5, 9.5, 10 ], "texture": "#texture" },
				"south": { "uv": [ 11, 10, 10.5, 9.5 ], "texture": "#texture", "rotation": 180 },
				"west": { "uv": [ 9, 9.5, 11, 10 ], "texture": "#texture" },
				"east": { "uv": [ 11, 9.5, 9, 10 ], "texture": "#texture" }
			}
		},
		{
			"__comment": "Cube44",
			"from": [ 10, 8, 4 ],
			"to": [ 11, 9, 8 ],
			"rotation": { "origin": [ 3, 30, 2 ], "axis": "y", "angle": -45 },
			"faces": {
				"down": { "uv": [ 9, 11.5, 11, 12 ], "texture": "#texture", "rotation": 270 },
				"up": { "uv": [ 9, 12, 11, 11.5 ], "texture": "#texture", "rotation": 90 },
				"north": { "uv": [ 9, 11.5, 9.5, 12 ], "texture": "#texture" },
				"south": { "uv": [ 11, 12, 10.5, 11.5 ], "texture": "#texture", "rotation": 180 },
				"west": { "uv": [ 9, 11.5, 11, 12 ], "texture": "#texture" },
				"east": { "uv": [ 11, 11.5, 9, 12 ], "texture": "#texture" }
			}
		},
		{
			"__comment": "Cube45",
			"from": [ 10, 4, 4 ],
			"to": [ 11, 5, 5 ],
			"rotation": { "origin": [ 3, 30, 2 ], "axis": "y", "angle": -45 },
			"faces": {
				"down": { "uv": [ 9, 13.5, 9.5, 14 ], "texture": "#texture", "rotation": 270 },
				"up": { "uv": [ 9, 14, 9.5, 13.5 ], "texture": "#texture", "rotation": 90 },
				"north": { "uv": [ 9, 13.5, 9.5, 14 ], "texture": "#texture" },
				"south": { "uv": [ 9.5, 14, 9, 13.5 ], "texture": "#texture", "rotation": 180 },
				"west": { "uv": [ 9, 13.5, 9.5, 14 ], "texture": "#texture" },
				"east": { "uv": [ 9.5, 13.5, 9, 14 ], "texture": "#texture" }
			}
		},
		{
			"__comment": "Cube46",
			"from": [ 10, 29, 5 ],
			"to": [ 11, 30, 7 ],
			"rotation": { "origin": [ 3, 30, 2 ], "axis": "y", "angle": -45 },
			"faces": {
				"down": { "uv": [ 9.5, 1, 10.5, 1.5 ], "texture": "#texture", "rotation": 270 },
				"up": { "uv": [ 9.5, 1.5, 10.5, 1 ], "texture": "#texture", "rotation": 90 },
				"north": { "uv": [ 9.5, 1, 10, 1.5 ], "texture": "#texture" },
				"south": { "uv": [ 10.5, 1.5, 10, 1 ], "texture": "#texture", "rotation": 180 },
				"west": { "uv": [ 9.5, 1, 10.5, 1.5 ], "texture": "#texture" },
				"east": { "uv": [ 10.5, 1, 9.5, 1.5 ], "texture": "#texture" }
			}
		},
		{
			"__comment": "Cube47",
			"from": [ 10, 24, 5 ],
			"to": [ 11, 26, 7 ],
			"rotation": { "origin": [ 3, 30, 2 ], "axis": "y", "angle": -45 },
			"faces": {
				"down": { "uv": [ 9.5, 3.5, 10.5, 4 ], "texture": "#texture", "rotation": 270 },
				"up": { "uv": [ 9.5, 3.5, 10.5, 3 ], "texture": "#texture", "rotation": 90 },
				"north": { "uv": [ 9.5, 3, 10, 4 ], "texture": "#texture" },
				"south": { "uv": [ 10.5, 4, 10, 3 ], "texture": "#texture", "rotation": 180 },
				"west": { "uv": [ 9.5, 3, 10.5, 4 ], "texture": "#texture" },
				"east": { "uv": [ 10.5, 3, 9.5, 4 ], "texture": "#texture" }
			}
		},
		{
			"__comment": "Cube48",
			"from": [ 10, 18, 5 ],
			"to": [ 11, 19, 9 ],
			"rotation": { "origin": [ 3, 30, 2 ], "axis": "y", "angle": -45 },
			"faces": {
				"down": { "uv": [ 9.5, 6.5, 11.5, 7 ], "texture": "#texture", "rotation": 270 },
				"up": { "uv": [ 9.5, 7, 11.5, 6.5 ], "texture": "#texture", "rotation": 90 },
				"north": { "uv": [ 9.5, 6.5, 10, 7 ], "texture": "#texture" },
				"south": { "uv": [ 11.5, 7, 11, 6.5 ], "texture": "#texture", "rotation": 180 },
				"west": { "uv": [ 9.5, 6.5, 11.5, 7 ], "texture": "#texture" },
				"east": { "uv": [ 11.5, 6.5, 9.5, 7 ], "texture": "#texture" }
			}
		},
		{
			"__comment": "Cube49",
			"from": [ 10, 17, 5 ],
			"to": [ 11, 18, 8 ],
			"rotation": { "origin": [ 3, 30, 2 ], "axis": "y", "angle": -45 },
			"faces": {
				"down": { "uv": [ 9.5, 7, 11, 7.5 ], "texture": "#texture", "rotation": 270 },
				"up": { "uv": [ 9.5, 7.5, 11, 7 ], "texture": "#texture", "rotation": 90 },
				"north": { "uv": [ 9.5, 7, 10, 7.5 ], "texture": "#texture" },
				"south": { "uv": [ 11, 7.5, 10.5, 7 ], "texture": "#texture", "rotation": 180 },
				"west": { "uv": [ 9.5, 7, 11, 7.5 ], "texture": "#texture" },
				"east": { "uv": [ 11, 7, 9.5, 7.5 ], "texture": "#texture" }
			}
		},
		{
			"__comment": "Cube50",
			"from": [ 10, 19, 6 ],
			"to": [ 11, 20, 10 ],
			"rotation": { "origin": [ 3, 30, 2 ], "axis": "y", "angle": -45 },
			"faces": {
				"down": { "uv": [ 10, 6, 12, 6.5 ], "texture": "#texture", "rotation": 270 },
				"up": { "uv": [ 10, 6.5, 12, 6 ], "texture": "#texture", "rotation": 90 },
				"north": { "uv": [ 10, 6, 10.5, 6.5 ], "texture": "#texture" },
				"south": { "uv": [ 12, 6.5, 11.5, 6 ], "texture": "#texture", "rotation": 180 },
				"west": { "uv": [ 10, 6, 12, 6.5 ], "texture": "#texture" },
				"east": { "uv": [ 12, 6, 10, 6.5 ], "texture": "#texture" }
			}
		},
		{
			"__comment": "Cube51",
			"from": [ 10, 14, 6 ],
			"to": [ 11, 15, 8 ],
			"rotation": { "origin": [ 3, 30, 2 ], "axis": "y", "angle": -45 },
			"faces": {
				"down": { "uv": [ 10, 8.5, 11, 9 ], "texture": "#texture", "rotation": 270 },
				"up": { "uv": [ 10, 9, 11, 8.5 ], "texture": "#texture", "rotation": 90 },
				"north": { "uv": [ 10, 8.5, 10.5, 9 ], "texture": "#texture" },
				"south": { "uv": [ 11, 9, 10.5, 8.5 ], "texture": "#texture", "rotation": 180 },
				"west": { "uv": [ 10, 8.5, 11, 9 ], "texture": "#texture" },
				"east": { "uv": [ 11, 8.5, 10, 9 ], "texture": "#texture" }
			}
		},
		{
			"__comment": "Cube52",
			"from": [ 10, 9, 6 ],
			"to": [ 11, 10, 8 ],
			"rotation": { "origin": [ 3, 30, 2 ], "axis": "y", "angle": -45 },
			"faces": {
				"down": { "uv": [ 10, 11, 11, 11.5 ], "texture": "#texture", "rotation": 270 },
				"up": { "uv": [ 10, 11.5, 11, 11 ], "texture": "#texture", "rotation": 90 },
				"north": { "uv": [ 10, 11, 10.5, 11.5 ], "texture": "#texture" },
				"south": { "uv": [ 11, 11.5, 10.5, 11 ], "texture": "#texture", "rotation": 180 },
				"west": { "uv": [ 10, 11, 11, 11.5 ], "texture": "#texture" },
				"east": { "uv": [ 11, 11, 10, 11.5 ], "texture": "#texture" }
			}
		},
		{
			"__comment": "Cube53",
			"from": [ 10, 24, 7 ],
			"to": [ 11, 25, 8 ],
			"rotation": { "origin": [ 3, 30, 2 ], "axis": "y", "angle": -45 },
			"faces": {
				"down": { "uv": [ 10.5, 3.5, 11, 4 ], "texture": "#texture", "rotation": 270 },
				"up": { "uv": [ 10.5, 4, 11, 3.5 ], "texture": "#texture", "rotation": 90 },
				"north": { "uv": [ 10.5, 3.5, 11, 4 ], "texture": "#texture" },
				"south": { "uv": [ 11, 4, 10.5, 3.5 ], "texture": "#texture", "rotation": 180 },
				"west": { "uv": [ 10.5, 3.5, 11, 4 ], "texture": "#texture" },
				"east": { "uv": [ 11, 3.5, 10.5, 4 ], "texture": "#texture" }
			}
		},
		{
			"__comment": "Cube54",
			"from": [ 10, 20, 8 ],
			"to": [ 11, 21, 9 ],
			"rotation": { "origin": [ 3, 30, 2 ], "axis": "y", "angle": -45 },
			"faces": {
				"down": { "uv": [ 11, 5.5, 11.5, 6 ], "texture": "#texture", "rotation": 270 },
				"up": { "uv": [ 11, 6, 11.5, 5.5 ], "texture": "#texture", "rotation": 90 },
				"north": { "uv": [ 11, 5.5, 11.5, 6 ], "texture": "#texture" },
				"south": { "uv": [ 11.5, 6, 11, 5.5 ], "texture": "#texture", "rotation": 180 },
				"west": { "uv": [ 11, 5.5, 11.5, 6 ], "texture": "#texture" },
				"east": { "uv": [ 11.5, 5.5, 11, 6 ], "texture": "#texture" }
			}
		}
	],
	"display": {
		"thirdperson_righthand": {
			"scale":  [ 0.375, 0.375, 0.375 ]
		},
		"thirdperson_lefthand": {
			"scale":  [ 0.375, 0.375, 0.375 ]
		},
		"firstperson_righthand": {
			"rotation":  [ 0, 45, 0 ],
			"scale":  [ 0.4, 0.4, 0.4 ]
		},
		"firstperson_lefthand": {
			"rotation":  [ 0, 45, 0 ],
			"scale":  [ 0.4, 0.4, 0.4 ]
		},
		"gui": {
			"rotation":  [ 25, 0, 0 ],
			"translation":  [ 0, -4, 0 ],
			"scale":  [ 0.5, 0.5, 0.5 ]
		},
		"ground": {
			"translation":  [ 0, 2, 0 ],
			"scale":  [ 0.25, 0.25, 0.25 ]
		},
		"fixed": {
			"translation":  [ 0, -3, 0 ],
			"scale":  [ 0.5, 0.5, 0.5 ]
		}
	}
}