{
	"__comment": "Designed by AndrealVox",
	"ambientocclusion": false,
	"textures": {
		"particle": "items/arrow",
		"texture": "blocks/planks_oak",
		"texture2": "items/arrow",
		"texture3": "items/tipped_arrow_head"
	},
	"elements": [
		{
			"__comment": "Shaft",
			"from": [ 8, 2, 2 ],
			"to": [ 9, 3, 14 ],
			"faces": {
				"down": { "uv": [ 8, 2, 9, 14 ], "texture": "#texture" },
				"up": { "uv": [ 8, 2, 9, 14 ], "texture": "#texture" },
				"west": { "uv": [ 2, 13, 14, 14 ], "texture": "#texture" },
				"east": { "uv": [ 2, 13, 14, 14 ], "texture": "#texture" }
			}
		},
		{
			"__comment": "Arrowhead",
			"from": [ 8, 2, 0 ],
			"to": [ 9, 3, 1 ],
			"faces": {
				"down": { "uv": [ 12, 2, 13, 3 ], "texture": "#texture3", "tintindex": 0 },
				"up": { "uv": [ 12, 2, 13, 3 ], "texture": "#texture3", "tintindex": 0 },
				"north": { "uv": [ 12, 2, 13, 3 ], "texture": "#texture3", "tintindex": 0 },
				"west": { "uv": [ 12, 2, 13, 3 ], "texture": "#texture3", "tintindex": 0 },
				"east": { "uv": [ 12, 2, 13, 3 ], "texture": "#texture3", "tintindex": 0 }
			}
		},
		{
			"__comment": "Arrowhead1",
			"from": [ 8, 1, 1 ],
			"to": [ 9, 4, 2 ],
			"faces": {
				"down": { "uv": [ 12, 2, 13, 3 ], "texture": "#texture3", "tintindex": 0 },
				"up": { "uv": [ 12, 2, 13, 3 ], "texture": "#texture3", "tintindex": 0 },
				"north": { "uv": [ 12, 2, 13, 3 ], "texture": "#texture3", "tintindex": 0 },
				"south": { "uv": [ 12, 2, 13, 3 ], "texture": "#texture3", "tintindex": 0 },
				"west": { "uv": [ 12, 2, 13, 3 ], "texture": "#texture3", "tintindex": 0 },
				"east": { "uv": [ 12, 2, 13, 3 ], "texture": "#texture3", "tintindex": 0 }
			}
		},
		{
			"__comment": "Arrowhead2",
			"from": [ 7, 2, 1 ],
			"to": [ 10, 3, 2 ],
			"faces": {
				"down": { "uv": [ 12, 2, 13, 3 ], "texture": "#texture3", "tintindex": 0 },
				"up": { "uv": [ 12, 2, 13, 3 ], "texture": "#texture3", "tintindex": 0 },
				"north": { "uv": [ 12, 2, 13, 3 ], "texture": "#texture3", "tintindex": 0 },
				"south": { "uv": [ 12, 2, 13, 3 ], "texture": "#texture3", "tintindex": 0 },
				"west": { "uv": [ 12, 2, 13, 3 ], "texture": "#texture3", "tintindex": 0 },
				"east": { "uv": [ 12, 2, 13, 3 ], "texture": "#texture3", "tintindex": 0 }
			}
		},
		{
			"__comment": "Arrowhead3",
			"from": [ 8, 3.5, 2 ],
			"to": [ 9, 4.5, 3 ],
			"faces": {
				"down": { "uv": [ 12, 2, 13, 3 ], "texture": "#texture3", "tintindex": 0 },
				"up": { "uv": [ 12, 2, 13, 3 ], "texture": "#texture3", "tintindex": 0 },
				"north": { "uv": [ 12, 2, 13, 3 ], "texture": "#texture3", "tintindex": 0 },
				"south": { "uv": [ 12, 2, 13, 3 ], "texture": "#texture3", "tintindex": 0 },
				"west": { "uv": [ 12, 2, 13, 3 ], "texture": "#texture3", "tintindex": 0 },
				"east": { "uv": [ 12, 2, 13, 3 ], "texture": "#texture3", "tintindex": 0 }
			}
		},
		{
			"__comment": "Arrowhead4",
			"from": [ 8, 0.5, 2 ],
			"to": [ 9, 1.5, 3 ],
			"faces": {
				"down": { "uv": [ 12, 2, 13, 3 ], "texture": "#texture3", "tintindex": 0 },
				"up": { "uv": [ 12, 2, 13, 3 ], "texture": "#texture3", "tintindex": 0 },
				"north": { "uv": [ 12, 2, 13, 3 ], "texture": "#texture3", "tintindex": 0 },
				"south": { "uv": [ 12, 2, 13, 3 ], "texture": "#texture3", "tintindex": 0 },
				"west": { "uv": [ 12, 2, 13, 3 ], "texture": "#texture3", "tintindex": 0 },
				"east": { "uv": [ 12, 2, 13, 3 ], "texture": "#texture3", "tintindex": 0 }
			}
		},
		{
			"__comment": "Arrowhead5",
			"from": [ 6.5, 2, 2 ],
			"to": [ 7.5, 3, 3 ],
			"faces": {
				"down": { "uv": [ 12, 2, 13, 3 ], "texture": "#texture3", "tintindex": 0 },
				"up": { "uv": [ 12, 2, 13, 3 ], "texture": "#texture3", "tintindex": 0 },
				"north": { "uv": [ 12, 2, 13, 3 ], "texture": "#texture3", "tintindex": 0 },
				"south": { "uv": [ 12, 2, 13, 3 ], "texture": "#texture3", "tintindex": 0 },
				"west": { "uv": [ 12, 2, 13, 3 ], "texture": "#texture3", "tintindex": 0 },
				"east": { "uv": [ 12, 2, 13, 3 ], "texture": "#texture3", "tintindex": 0 }
			}
		},
		{
			"__comment": "Arrowhead6",
			"from": [ 9.5, 2, 2 ],
			"to": [ 10.5, 3, 3 ],
			"faces": {
				"down": { "uv": [ 12, 2, 13, 3 ], "texture": "#texture3", "tintindex": 0 },
				"up": { "uv": [ 12, 2, 13, 3 ], "texture": "#texture3", "tintindex": 0 },
				"north": { "uv": [ 12, 2, 13, 3 ], "texture": "#texture3", "tintindex": 0 },
				"south": { "uv": [ 12, 2, 13, 3 ], "texture": "#texture3", "tintindex": 0 },
				"west": { "uv": [ 12, 2, 13, 3 ], "texture": "#texture3", "tintindex": 0 },
				"east": { "uv": [ 12, 2, 13, 3 ], "texture": "#texture3", "tintindex": 0 }
			}
		},
		{
			"__comment": "Fletching",
			"from": [ 9.25, 1, 14 ],
			"to": [ 10.25, 4, 15 ],
			"rotation": { "origin": [ 9.25, 1, 14 ], "axis": "z", "angle": 45 },
			"faces": {
				"down": { "uv": [ 13, 2, 14, 3 ], "texture": "#texture2" },
				"up": { "uv": [ 13, 2, 14, 3 ], "texture": "#texture2" },
				"north": { "uv": [ 13, 2, 14, 3 ], "texture": "#texture2" },
				"south": { "uv": [ 13, 2, 14, 3 ], "texture": "#texture2" },
				"west": { "uv": [ 13, 2, 14, 3 ], "texture": "#texture2" },
				"east": { "uv": [ 13, 2, 14, 3 ], "texture": "#texture2" }
			}
		},
		{
			"__comment": "Fletching1",
			"from": [ 8.25, 2, 14 ],
			"to": [ 11.25, 3, 15 ],
			"rotation": { "origin": [ 9.25, 1, 14 ], "axis": "z", "angle": 45 },
			"faces": {
				"down": { "uv": [ 14, 3, 13, 2 ], "texture": "#texture2", "rotation": 270 },
				"up": { "uv": [ 13, 2, 14, 3 ], "texture": "#texture2", "rotation": 90 },
				"north": { "uv": [ 13, 2, 14, 3 ], "texture": "#texture2", "rotation": 270 },
				"south": { "uv": [ 13, 2, 14, 3 ], "texture": "#texture2", "rotation": 90 },
				"west": { "uv": [ 13, 2, 14, 3 ], "texture": "#texture2" },
				"east": { "uv": [ 14, 3, 13, 2 ], "texture": "#texture2" }
			}
		},
		{
			"__comment": "Fletching2",
			"from": [ 9.25, 3.5, 15 ],
			"to": [ 10.25, 4.5, 16 ],
			"rotation": { "origin": [ 9.25, 1, 14 ], "axis": "z", "angle": 45 },
			"faces": {
				"down": { "uv": [ 13, 2, 14, 3 ], "texture": "#texture2" },
				"up": { "uv": [ 13, 2, 14, 3 ], "texture": "#texture2" },
				"north": { "uv": [ 13, 2, 14, 3 ], "texture": "#texture2" },
				"south": { "uv": [ 13, 2, 14, 3 ], "texture": "#texture2" },
				"west": { "uv": [ 13, 2, 14, 3 ], "texture": "#texture2" },
				"east": { "uv": [ 13, 2, 14, 3 ], "texture": "#texture2" }
			}
		},
		{
			"__comment": "Fletching3",
			"from": [ 9.25, 0.5, 15 ],
			"to": [ 10.25, 1.5, 16 ],
			"rotation": { "origin": [ 9.25, 1, 14 ], "axis": "z", "angle": 45 },
			"faces": {
				"down": { "uv": [ 13, 2, 14, 3 ], "texture": "#texture2" },
				"up": { "uv": [ 13, 2, 14, 3 ], "texture": "#texture2" },
				"north": { "uv": [ 13, 2, 14, 3 ], "texture": "#texture2" },
				"south": { "uv": [ 13, 2, 14, 3 ], "texture": "#texture2" },
				"west": { "uv": [ 13, 2, 14, 3 ], "texture": "#texture2" },
				"east": { "uv": [ 13, 2, 14, 3 ], "texture": "#texture2" }
			}
		},
		{
			"__comment": "Fletching4",
			"from": [ 7.75, 2, 15 ],
			"to": [ 8.75, 3, 16 ],
			"rotation": { "origin": [ 9.25, 1, 14 ], "axis": "z", "angle": 45 },
			"faces": {
				"down": { "uv": [ 13, 2, 14, 3 ], "texture": "#texture2" },
				"up": { "uv": [ 13, 2, 14, 3 ], "texture": "#texture2" },
				"north": { "uv": [ 13, 2, 14, 3 ], "texture": "#texture2" },
				"south": { "uv": [ 13, 2, 14, 3 ], "texture": "#texture2" },
				"west": { "uv": [ 13, 2, 14, 3 ], "texture": "#texture2" },
				"east": { "uv": [ 13, 2, 14, 3 ], "texture": "#texture2" }
			}
		},
		{
			"__comment": "Fletching5",
			"from": [ 10.75, 2, 15 ],
			"to": [ 11.75, 3, 16 ],
			"rotation": { "origin": [ 9.25, 1, 14 ], "axis": "z", "angle": 45 },
			"faces": {
				"down": { "uv": [ 13, 2, 14, 3 ], "texture": "#texture2" },
				"up": { "uv": [ 13, 2, 14, 3 ], "texture": "#texture2" },
				"north": { "uv": [ 13, 2, 14, 3 ], "texture": "#texture2" },
				"south": { "uv": [ 13, 2, 14, 3 ], "texture": "#texture2" },
				"west": { "uv": [ 13, 2, 14, 3 ], "texture": "#texture2" },
				"east": { "uv": [ 13, 2, 14, 3 ], "texture": "#texture2" }
			}
		}
	],
	"display": {
		"thirdperson_righthand": {
			"rotation":  [ 75, 45, 0 ],
			"translation":  [ -2, 2, 2 ],
			"scale":  [ 0.375, 0.375, 0.375 ]
		},
		"thirdperson_lefthand": {
			"rotation":  [ 75, 45, 0 ],
			"translation":  [ -2, 2, 2 ],
			"scale":  [ 0.375, 0.375, 0.375 ]
		},
		"firstperson_righthand": {
			"rotation":  [ 22, 0, 45 ],
			"translation":  [ -2, 6, 0 ],
			"scale":  [ 0.75, 0.75, 0.75 ]
		},
		"firstperson_lefthand": {
			"rotation":  [ 22, 0, 45 ],
			"translation":  [ -2, 6, 0 ],
			"scale":  [ 0.75, 0.75, 0.75 ]
		},
		"gui": {
			"rotation":  [ 90, 45, 45 ],
			"translation":  [ -3, -3, 0 ]
		},
		"ground": {
			"translation":  [ 0, 3, 0 ],
			"scale":  [ 0.25, 0.25, 0.25 ]
		},
		"fixed": {
			"rotation":  [ 90, -45, 45 ],
			"translation":  [ -3, 3, 3 ]
		}
	}
}