{
	"__comment": "Designed by AndrealVox",
	"ambientocclusion": false,
	"textures": {
		"particle": "item/arrow",
		"shaft": "block/planks_oak",
		"arrow": "item/arrow"
	},
	"elements": [
		{
			"__comment": "Shaft",
			"from": [ 8, 2, 2 ],
			"to": [ 9, 3, 14 ],
			"faces": {
				"down": { "uv": [ 8, 2, 9, 14 ], "texture": "#shaft" },
				"up": { "uv": [ 8, 2, 9, 14 ], "texture": "#shaft" },
				"west": { "uv": [ 2, 13, 14, 14 ], "texture": "#shaft" },
				"east": { "uv": [ 2, 13, 14, 14 ], "texture": "#shaft" }
			}
		},
		{
			"__comment": "Arrowhead1",
			"from": [ 8, 2, 0 ],
			"to": [ 9, 3, 1 ],
			"faces": {
				"down": { "uv": [ 12, 2, 13, 3 ], "texture": "#arrow" },
				"up": { "uv": [ 12, 2, 13, 3 ], "texture": "#arrow" },
				"north": { "uv": [ 12, 2, 13, 3 ], "texture": "#arrow" },
				"west": { "uv": [ 12, 2, 13, 3 ], "texture": "#arrow" },
				"east": { "uv": [ 12, 2, 13, 3 ], "texture": "#arrow" }
			}
		},
		{
			"__comment": "Arrowhead2",
			"from": [ 8, 1, 1 ],
			"to": [ 9, 4, 2 ],
			"faces": {
				"down": { "uv": [ 12, 2, 13, 3 ], "texture": "#arrow" },
				"up": { "uv": [ 12, 2, 13, 3 ], "texture": "#arrow" },
				"north": { "uv": [ 12, 2, 13, 3 ], "texture": "#arrow" },
				"south": { "uv": [ 12, 2, 13, 3 ], "texture": "#arrow" },
				"west": { "uv": [ 12, 2, 13, 3 ], "texture": "#arrow" },
				"east": { "uv": [ 12, 2, 13, 3 ], "texture": "#arrow" }
			}
		},
		{
			"__comment": "Arrowhead3",
			"from": [ 7, 2, 1 ],
			"to": [ 10, 3, 2 ],
			"faces": {
				"down": { "uv": [ 12, 2, 13, 3 ], "texture": "#arrow" },
				"up": { "uv": [ 12, 2, 13, 3 ], "texture": "#arrow" },
				"north": { "uv": [ 12, 2, 13, 3 ], "texture": "#arrow" },
				"south": { "uv": [ 12, 2, 13, 3 ], "texture": "#arrow" },
				"west": { "uv": [ 12, 2, 13, 3 ], "texture": "#arrow" },
				"east": { "uv": [ 12, 2, 13, 3 ], "texture": "#arrow" }
			}
		},
		{
			"__comment": "Arrowhead4",
			"from": [ 8, 3.5, 2 ],
			"to": [ 9, 4.5, 3 ],
			"faces": {
				"down": { "uv": [ 12, 2, 13, 3 ], "texture": "#arrow" },
				"up": { "uv": [ 12, 2, 13, 3 ], "texture": "#arrow" },
				"north": { "uv": [ 12, 2, 13, 3 ], "texture": "#arrow" },
				"south": { "uv": [ 12, 2, 13, 3 ], "texture": "#arrow" },
				"west": { "uv": [ 12, 2, 13, 3 ], "texture": "#arrow" },
				"east": { "uv": [ 12, 2, 13, 3 ], "texture": "#arrow" }
			}
		},
		{
			"__comment": "Arrowhead5",
			"from": [ 8, 0.5, 2 ],
			"to": [ 9, 1.5, 3 ],
			"faces": {
				"down": { "uv": [ 12, 2, 13, 3 ], "texture": "#arrow" },
				"up": { "uv": [ 12, 2, 13, 3 ], "texture": "#arrow" },
				"north": { "uv": [ 12, 2, 13, 3 ], "texture": "#arrow" },
				"south": { "uv": [ 12, 2, 13, 3 ], "texture": "#arrow" },
				"west": { "uv": [ 12, 2, 13, 3 ], "texture": "#arrow" },
				"east": { "uv": [ 12, 2, 13, 3 ], "texture": "#arrow" }
			}
		},
		{
			"__comment": "Arrowhead6",
			"from": [ 6.5, 2, 2 ],
			"to": [ 7.5, 3, 3 ],
			"faces": {
				"down": { "uv": [ 12, 2, 13, 3 ], "texture": "#arrow" },
				"up": { "uv": [ 12, 2, 13, 3 ], "texture": "#arrow" },
				"north": { "uv": [ 12, 2, 13, 3 ], "texture": "#arrow" },
				"south": { "uv": [ 12, 2, 13, 3 ], "texture": "#arrow" },
				"west": { "uv": [ 12, 2, 13, 3 ], "texture": "#arrow" },
				"east": { "uv": [ 12, 2, 13, 3 ], "texture": "#arrow" }
			}
		},
		{
			"__comment": "Arrowhead",
			"from": [ 9.5, 2, 2 ],
			"to": [ 10.5, 3, 3 ],
			"faces": {
				"down": { "uv": [ 12, 2, 13, 3 ], "texture": "#arrow" },
				"up": { "uv": [ 12, 2, 13, 3 ], "texture": "#arrow" },
				"north": { "uv": [ 12, 2, 13, 3 ], "texture": "#arrow" },
				"south": { "uv": [ 12, 2, 13, 3 ], "texture": "#arrow" },
				"west": { "uv": [ 12, 2, 13, 3 ], "texture": "#arrow" },
				"east": { "uv": [ 12, 2, 13, 3 ], "texture": "#arrow" }
			}
		},
		{
			"__comment": "Fletching",
			"from": [ 9.25, 1, 14 ],
			"to": [ 10.25, 4, 15 ],
			"rotation": { "origin": [ 9.25, 1, 14 ], "axis": "z", "angle": 45 },
			"faces": {
				"down": { "uv": [ 13, 2, 14, 3 ], "texture": "#arrow" },
				"up": { "uv": [ 13, 2, 14, 3 ], "texture": "#arrow" },
				"north": { "uv": [ 13, 2, 14, 3 ], "texture": "#arrow" },
				"south": { "uv": [ 13, 2, 14, 3 ], "texture": "#arrow" },
				"west": { "uv": [ 13, 2, 14, 3 ], "texture": "#arrow" },
				"east": { "uv": [ 13, 2, 14, 3 ], "texture": "#arrow" }
			}
		},
		{
			"__comment": "Fletching1",
			"from": [ 8.250199, 2.0002, 14 ],
			"to": [ 11.2502, 3.0002, 15 ],
			"rotation": { "origin": [ 9.25, 1, 14 ], "axis": "z", "angle": 45 },
			"faces": {
				"down": { "uv": [ 14, 3, 13, 2 ], "texture": "#arrow", "rotation": 270 },
				"up": { "uv": [ 13, 2, 14, 3 ], "texture": "#arrow", "rotation": 90 },
				"north": { "uv": [ 13, 2, 14, 3 ], "texture": "#arrow", "rotation": 270 },
				"south": { "uv": [ 13, 2, 14, 3 ], "texture": "#arrow", "rotation": 90 },
				"west": { "uv": [ 13, 2, 14, 3 ], "texture": "#arrow" },
				"east": { "uv": [ 14, 3, 13, 2 ], "texture": "#arrow" }
			}
		},
		{
			"__comment": "Fletching2",
			"from": [ 9.2506, 3.5, 15 ],
			"to": [ 10.2506, 4.5, 16 ],
			"rotation": { "origin": [ 9.25, 1, 14 ], "axis": "z", "angle": 45 },
			"faces": {
				"down": { "uv": [ 13, 2, 14, 3 ], "texture": "#arrow" },
				"up": { "uv": [ 13, 2, 14, 3 ], "texture": "#arrow" },
				"north": { "uv": [ 13, 2, 14, 3 ], "texture": "#arrow" },
				"south": { "uv": [ 13, 2, 14, 3 ], "texture": "#arrow" },
				"west": { "uv": [ 13, 2, 14, 3 ], "texture": "#arrow" },
				"east": { "uv": [ 13, 2, 14, 3 ], "texture": "#arrow" }
			}
		},
		{
			"__comment": "Fletching3",
			"from": [ 9.2499, 0.5, 15 ],
			"to": [ 10.2499, 1.5, 16 ],
			"rotation": { "origin": [ 9.25, 1, 14 ], "axis": "z", "angle": 45 },
			"faces": {
				"down": { "uv": [ 13, 2, 14, 3 ], "texture": "#arrow" },
				"up": { "uv": [ 13, 2, 14, 3 ], "texture": "#arrow" },
				"north": { "uv": [ 13, 2, 14, 3 ], "texture": "#arrow" },
				"south": { "uv": [ 13, 2, 14, 3 ], "texture": "#arrow" },
				"west": { "uv": [ 13, 2, 14, 3 ], "texture": "#arrow" },
				"east": { "uv": [ 13, 2, 14, 3 ], "texture": "#arrow" }
			}
		},
		{
			"__comment": "Fletching4",
			"from": [ 7.7502, 2.0004, 15 ],
			"to": [ 8.7502, 3.0004, 16 ],
			"rotation": { "origin": [ 9.25, 1, 14 ], "axis": "z", "angle": 45 },
			"faces": {
				"down": { "uv": [ 13, 2, 14, 3 ], "texture": "#arrow" },
				"up": { "uv": [ 13, 2, 14, 3 ], "texture": "#arrow" },
				"north": { "uv": [ 13, 2, 14, 3 ], "texture": "#arrow" },
				"south": { "uv": [ 13, 2, 14, 3 ], "texture": "#arrow" },
				"west": { "uv": [ 13, 2, 14, 3 ], "texture": "#arrow" },
				"east": { "uv": [ 13, 2, 14, 3 ], "texture": "#arrow" }
			}
		},
		{
			"__comment": "Fletching5",
			"from": [ 10.7502, 1.9996, 15 ],
			"to": [ 11.7502, 2.9996, 16 ],
			"rotation": { "origin": [ 9.25, 1, 14 ], "axis": "z", "angle": 45 },
			"faces": {
				"down": { "uv": [ 13, 2, 14, 3 ], "texture": "#arrow" },
				"up": { "uv": [ 13, 2, 14, 3 ], "texture": "#arrow" },
				"north": { "uv": [ 13, 2, 14, 3 ], "texture": "#arrow" },
				"south": { "uv": [ 13, 2, 14, 3 ], "texture": "#arrow" },
				"west": { "uv": [ 13, 2, 14, 3 ], "texture": "#arrow" },
				"east": { "uv": [ 13, 2, 14, 3 ], "texture": "#arrow" }
			}
		}
	],
	"display": {
		"thirdperson_righthand": {
			"rotation":  [ 75, 45, 0 ],
			"translation":  [ -2, 2, 2 ],
			"scale":  [ 0.375, 0.375, 0.375 ]
		},
		"thirdperson_lefthand": {
			"rotation":  [ 75, 45, 0 ],
			"translation":  [ -2, 2, 2 ],
			"scale":  [ 0.375, 0.375, 0.375 ]
		},
		"firstperson_righthand": {
			"rotation":  [ 22, 0, 45 ],
			"translation":  [ -2, 6, 0 ],
			"scale":  [ 0.75, 0.75, 0.75 ]
		},
		"firstperson_lefthand": {
			"rotation":  [ 22, 0, 45 ],
			"translation":  [ -2, 6, 0 ],
			"scale":  [ 0.75, 0.75, 0.75 ]
		},
		"gui": {
			"rotation":  [ 90, 45, 45 ],
			"translation":  [ -3, -3, 0 ]
		},
		"ground": {
			"translation":  [ 0, 3, 0 ],
			"scale":  [ 0.25, 0.25, 0.25 ]
		},
		"fixed": {
			"rotation":  [ 90, -45, 45 ],
			"translation":  [ -3, 3, 3 ]
		}
	}
}