{
	"__comment": "Designed by AndrealVox",
	"ambientocclusion": false,
	"textures": {
		"particle": "item/arrow",
		"shaft": "block/planks_oak",
		"arrow": "item/arrow",
		"texture": "item/bow",
		"texture_1": "block/planks_oak",
		"texture2": "item/arrow"
	},
	"elements": [ 	 
		{
			"__comment": "Shaft",
			"from": [ 7.875, 2, -1 ],
			"to": [ 8.875, 3, 11 ],
			"faces": {
				"down": { "uv": [ 8, 2, 9, 14 ], "texture": "#shaft" },
				"up": { "uv": [ 8, 2, 9, 14 ], "texture": "#shaft" },
				"west": { "uv": [ 2, 13, 14, 14 ], "texture": "#shaft" },
				"east": { "uv": [ 2, 13, 14, 14 ], "texture": "#shaft" }
			}
		},
		{
			"__comment": "Arrowhead1",
			"from": [ 7.875, 2, -3 ],
			"to": [ 8.875, 3, -2 ],
			"faces": {
				"down": { "uv": [ 12, 2, 13, 3 ], "texture": "#arrow" },
				"up": { "uv": [ 12, 2, 13, 3 ], "texture": "#arrow" },
				"north": { "uv": [ 12, 2, 13, 3 ], "texture": "#arrow" },
				"west": { "uv": [ 12, 2, 13, 3 ], "texture": "#arrow" },
				"east": { "uv": [ 12, 2, 13, 3 ], "texture": "#arrow" }
			}
		},
		{
			"__comment": "Arrowhead2",
			"from": [ 7.875, 1, -2 ],
			"to": [ 8.875, 4, -1 ],
			"faces": {
				"down": { "uv": [ 12, 2, 13, 3 ], "texture": "#arrow" },
				"up": { "uv": [ 12, 2, 13, 3 ], "texture": "#arrow" },
				"north": { "uv": [ 12, 2, 13, 3 ], "texture": "#arrow" },
				"south": { "uv": [ 12, 2, 13, 3 ], "texture": "#arrow" },
				"west": { "uv": [ 12, 2, 13, 3 ], "texture": "#arrow" },
				"east": { "uv": [ 12, 2, 13, 3 ], "texture": "#arrow" }
			}
		},
		{
			"__comment": "Arrowhead3",
			"from": [ 6.875, 2, -2 ],
			"to": [ 9.875, 3, -1 ],
			"faces": {
				"down": { "uv": [ 12, 2, 13, 3 ], "texture": "#arrow" },
				"up": { "uv": [ 12, 2, 13, 3 ], "texture": "#arrow" },
				"north": { "uv": [ 12, 2, 13, 3 ], "texture": "#arrow" },
				"south": { "uv": [ 12, 2, 13, 3 ], "texture": "#arrow" },
				"west": { "uv": [ 12, 2, 13, 3 ], "texture": "#arrow" },
				"east": { "uv": [ 12, 2, 13, 3 ], "texture": "#arrow" }
			}
		},
		{
			"__comment": "Arrowhead4",
			"from": [ 7.875, 3.5, -1 ],
			"to": [ 8.875, 4.5, 0 ],
			"faces": {
				"down": { "uv": [ 12, 2, 13, 3 ], "texture": "#arrow" },
				"up": { "uv": [ 12, 2, 13, 3 ], "texture": "#arrow" },
				"north": { "uv": [ 12, 2, 13, 3 ], "texture": "#arrow" },
				"south": { "uv": [ 12, 2, 13, 3 ], "texture": "#arrow" },
				"west": { "uv": [ 12, 2, 13, 3 ], "texture": "#arrow" },
				"east": { "uv": [ 12, 2, 13, 3 ], "texture": "#arrow" }
			}
		},
		{
			"__comment": "Arrowhead5",
			"from": [ 7.875, 0.5, -1 ],
			"to": [ 8.875, 1.5, 0 ],
			"faces": {
				"down": { "uv": [ 12, 2, 13, 3 ], "texture": "#arrow" },
				"up": { "uv": [ 12, 2, 13, 3 ], "texture": "#arrow" },
				"north": { "uv": [ 12, 2, 13, 3 ], "texture": "#arrow" },
				"south": { "uv": [ 12, 2, 13, 3 ], "texture": "#arrow" },
				"west": { "uv": [ 12, 2, 13, 3 ], "texture": "#arrow" },
				"east": { "uv": [ 12, 2, 13, 3 ], "texture": "#arrow" }
			}
		},
		{
			"__comment": "Arrowhead6",
			"from": [ 6.375, 2, -1 ],
			"to": [ 7.375, 3, 0 ],
			"faces": {
				"down": { "uv": [ 12, 2, 13, 3 ], "texture": "#arrow" },
				"up": { "uv": [ 12, 2, 13, 3 ], "texture": "#arrow" },
				"north": { "uv": [ 12, 2, 13, 3 ], "texture": "#arrow" },
				"south": { "uv": [ 12, 2, 13, 3 ], "texture": "#arrow" },
				"west": { "uv": [ 12, 2, 13, 3 ], "texture": "#arrow" },
				"east": { "uv": [ 12, 2, 13, 3 ], "texture": "#arrow" }
			}
		},
		{
			"__comment": "Arrowhead",
			"from": [ 9.375, 2, -1 ],
			"to": [ 10.375, 3, 0 ],
			"faces": {
				"down": { "uv": [ 12, 2, 13, 3 ], "texture": "#arrow" },
				"up": { "uv": [ 12, 2, 13, 3 ], "texture": "#arrow" },
				"north": { "uv": [ 12, 2, 13, 3 ], "texture": "#arrow" },
				"south": { "uv": [ 12, 2, 13, 3 ], "texture": "#arrow" },
				"west": { "uv": [ 12, 2, 13, 3 ], "texture": "#arrow" },
				"east": { "uv": [ 12, 2, 13, 3 ], "texture": "#arrow" }
			}
		},
		{
			"__comment": "Fletching",
			"from": [ 9.125, 1, 11 ],
			"to": [ 10.125, 4, 12 ],
			"rotation": { "origin": [ 9.125, 1, 11 ], "axis": "z", "angle": 45 },
			"faces": {
				"down": { "uv": [ 13, 2, 14, 3 ], "texture": "#arrow" },
				"up": { "uv": [ 13, 2, 14, 3 ], "texture": "#arrow" },
				"north": { "uv": [ 13, 2, 14, 3 ], "texture": "#arrow" },
				"south": { "uv": [ 13, 2, 14, 3 ], "texture": "#arrow" },
				"west": { "uv": [ 13, 2, 14, 3 ], "texture": "#arrow" },
				"east": { "uv": [ 13, 2, 14, 3 ], "texture": "#arrow" }
			}
		},
		{
			"__comment": "Fletching1",
			"from": [ 8.1254, 2.0004, 11 ],
			"to": [ 11.1254, 3.0004, 12 ],
			"rotation": { "origin": [ 9.125, 1, 11 ], "axis": "z", "angle": 45 },
			"faces": {
				"down": { "uv": [ 14, 3, 13, 2 ], "texture": "#arrow", "rotation": 270 },
				"up": { "uv": [ 13, 2, 14, 3 ], "texture": "#arrow", "rotation": 90 },
				"north": { "uv": [ 13, 2, 14, 3 ], "texture": "#arrow", "rotation": 270 },
				"south": { "uv": [ 13, 2, 14, 3 ], "texture": "#arrow", "rotation": 90 },
				"west": { "uv": [ 13, 2, 14, 3 ], "texture": "#arrow" },
				"east": { "uv": [ 14, 3, 13, 2 ], "texture": "#arrow" }
			}
		},
		{
			"__comment": "Fletching2",
			"from": [ 9.1262, 3.5, 12 ],
			"to": [ 10.1262, 4.5, 13 ],
			"rotation": { "origin": [ 9.125, 1, 11 ], "axis": "z", "angle": 45 },
			"faces": {
				"down": { "uv": [ 13, 2, 14, 3 ], "texture": "#arrow" },
				"up": { "uv": [ 13, 2, 14, 3 ], "texture": "#arrow" },
				"north": { "uv": [ 13, 2, 14, 3 ], "texture": "#arrow" },
				"south": { "uv": [ 13, 2, 14, 3 ], "texture": "#arrow" },
				"west": { "uv": [ 13, 2, 14, 3 ], "texture": "#arrow" },
				"east": { "uv": [ 13, 2, 14, 3 ], "texture": "#arrow" }
			}
		},
		{
			"__comment": "Fletching3",
			"from": [ 9.1248, 0.5, 12 ],
			"to": [ 10.1248, 1.5, 13 ],
			"rotation": { "origin": [ 9.125, 1, 11 ], "axis": "z", "angle": 45 },
			"faces": {
				"down": { "uv": [ 13, 2, 14, 3 ], "texture": "#arrow" },
				"up": { "uv": [ 13, 2, 14, 3 ], "texture": "#arrow" },
				"north": { "uv": [ 13, 2, 14, 3 ], "texture": "#arrow" },
				"south": { "uv": [ 13, 2, 14, 3 ], "texture": "#arrow" },
				"west": { "uv": [ 13, 2, 14, 3 ], "texture": "#arrow" },
				"east": { "uv": [ 13, 2, 14, 3 ], "texture": "#arrow" }
			}
		},
		{
			"__comment": "Fletching4",
			"from": [ 7.6254, 2.0008, 12 ],
			"to": [ 8.625401, 3.0008, 13 ],
			"rotation": { "origin": [ 9.125, 1, 11 ], "axis": "z", "angle": 45 },
			"faces": {
				"down": { "uv": [ 13, 2, 14, 3 ], "texture": "#arrow" },
				"up": { "uv": [ 13, 2, 14, 3 ], "texture": "#arrow" },
				"north": { "uv": [ 13, 2, 14, 3 ], "texture": "#arrow" },
				"south": { "uv": [ 13, 2, 14, 3 ], "texture": "#arrow" },
				"west": { "uv": [ 13, 2, 14, 3 ], "texture": "#arrow" },
				"east": { "uv": [ 13, 2, 14, 3 ], "texture": "#arrow" }
			}
		},
		{
			"__comment": "Fletching5",
			"from": [ 10.6254, 1.9992, 12 ],
			"to": [ 11.6254, 2.9992, 13 ],
			"rotation": { "origin": [ 9.125, 1, 11 ], "axis": "z", "angle": 45 },
			"faces": {
				"down": { "uv": [ 13, 2, 14, 3 ], "texture": "#arrow" },
				"up": { "uv": [ 13, 2, 14, 3 ], "texture": "#arrow" },
				"north": { "uv": [ 13, 2, 14, 3 ], "texture": "#arrow" },
				"south": { "uv": [ 13, 2, 14, 3 ], "texture": "#arrow" },
				"west": { "uv": [ 13, 2, 14, 3 ], "texture": "#arrow" },
				"east": { "uv": [ 13, 2, 14, 3 ], "texture": "#arrow" }
			}
		},
		{
			"__comment": "Bow",
			"from": [ -1.125, 1, 8.875 ],
			"to": [ -0.125, 4, 9.875 ],
			"rotation": { "origin": [ -1.125, 1, 9.875 ], "axis": "y", "angle": -45 },
			"faces": {
				"down": { "uv": [ 3, 16, 2, 15 ], "texture": "#texture" },
				"up": { "uv": [ 2, 15, 3, 16 ], "texture": "#texture" },
				"south": { "uv": [ 2, 15, 3, 16 ], "texture": "#texture" },
				"west": { "uv": [ 2, 15, 3, 16 ], "texture": "#texture", "rotation": 270 },
				"east": { "uv": [ 2, 15, 3, 16 ], "texture": "#texture", "rotation": 90 }
			}
		},
		{
			"__comment": "Bow",
			"from": [ -2.125, 1, 4.875 ],
			"to": [ 0.875, 4, 8.875 ],
			"rotation": { "origin": [ -1.125, 0.9999995, 9.875 ], "axis": "y", "angle": -45 },
			"faces": {
				"down": { "uv": [ 4, 15, 1, 11 ], "texture": "#texture" },
				"up": { "uv": [ 1, 11, 4, 15 ], "texture": "#texture" },
				"north": { "uv": [ 4, 13, 1, 11 ], "texture": "#texture" },
				"south": { "uv": [ 1, 13, 4, 15 ], "texture": "#texture" },
				"west": { "uv": [ 1, 11, 2, 15 ], "texture": "#texture", "rotation": 270 },
				"east": { "uv": [ 3, 11, 4, 15 ], "texture": "#texture", "rotation": 90 }
			}
		},
		{
			"__comment": "Bow",
			"from": [ -1.625, 1, 1.875 ],
			"to": [ 1.375, 4, 4.875 ],
			"rotation": { "origin": [ -1.125, 0.9999995, 9.875 ], "axis": "y", "angle": -45 },
			"faces": {
				"down": { "uv": [ 5, 11, 2, 8 ], "texture": "#texture" },
				"up": { "uv": [ 2, 8, 5, 11 ], "texture": "#texture" },
				"north": { "uv": [ 5, 10, 2, 8 ], "texture": "#texture" },
				"south": { "uv": [ 2, 9, 5, 11 ], "texture": "#texture" },
				"west": { "uv": [ 2, 8, 3, 11 ], "texture": "#texture", "rotation": 270 },
				"east": { "uv": [ 4, 8, 5, 11 ], "texture": "#texture", "rotation": 90 }
			}
		},
		{
			"__comment": "Bow",
			"from": [ -0.625, 1, -0.125 ],
			"to": [ 2.375, 4, 1.875 ],
			"rotation": { "origin": [ -1.125, 0.9999995, 9.875 ], "axis": "y", "angle": -45 },
			"faces": {
				"down": { "uv": [ 3, 8, 6, 6 ], "texture": "#texture" },
				"up": { "uv": [ 3, 6, 6, 8 ], "texture": "#texture" },
				"north": { "uv": [ 4, 7, 3, 6 ], "texture": "#texture" },
				"south": { "uv": [ 5, 7, 6, 8 ], "texture": "#texture" },
				"west": { "uv": [ 3, 6, 4, 8 ], "texture": "#texture", "rotation": 270 },
				"east": { "uv": [ 5, 6, 6, 8 ], "texture": "#texture", "rotation": 90 }
			}
		},
		{
			"__comment": "Bow",
			"from": [ 0.375, 1, -1.125 ],
			"to": [ 1.375, 4, -0.125 ],
			"rotation": { "origin": [ -1.125, 0.9999995, 9.875 ], "axis": "y", "angle": -45 },
			"faces": {
				"down": { "uv": [ 5, 6, 4, 5 ], "texture": "#texture" },
				"up": { "uv": [ 4, 5, 5, 6 ], "texture": "#texture" },
				"north": { "uv": [ 5, 6, 4, 5 ], "texture": "#texture" },
				"west": { "uv": [ 4, 5, 5, 6 ], "texture": "#texture", "rotation": 270 }
			}
		},
		{
			"__comment": "Bow",
			"from": [ 2.375, 1, -0.125 ],
			"to": [ 3.375, 4, 0.875 ],
			"rotation": { "origin": [ -1.125, 0.9999995, 9.875 ], "axis": "y", "angle": -45 },
			"faces": {
				"down": { "uv": [ 7, 7, 6, 6 ], "texture": "#texture" },
				"up": { "uv": [ 6, 6, 7, 7 ], "texture": "#texture" },
				"south": { "uv": [ 6, 6, 7, 7 ], "texture": "#texture" },
				"east": { "uv": [ 6, 6, 7, 7 ], "texture": "#texture", "rotation": 90 }
			}
		},
		{
			"__comment": "Bow",
			"from": [ 1.375, 1, -2.125 ],
			"to": [ 4.375, 4, -0.125 ],
			"rotation": { "origin": [ -1.125, 0.9999995, 9.875 ], "axis": "y", "angle": -45 },
			"faces": {
				"down": { "uv": [ 5, 6, 8, 4 ], "texture": "#texture" },
				"up": { "uv": [ 5, 4, 8, 6 ], "texture": "#texture" },
				"north": { "uv": [ 6, 5, 5, 4 ], "texture": "#texture" },
				"south": { "uv": [ 7, 5, 8, 6 ], "texture": "#texture" },
				"west": { "uv": [ 7, 4, 8, 6 ], "texture": "#texture", "rotation": 270 },
				"east": { "uv": [ 5, 4, 6, 6 ], "texture": "#texture", "rotation": 90 }
			}
		},
		{
			"__comment": "Bow",
			"from": [ 2.375, 1, -3.125 ],
			"to": [ 4.375, 4, -2.125 ],
			"rotation": { "origin": [ -1.125, 0.9999995, 9.875 ], "axis": "y", "angle": -45 },
			"faces": {
				"down": { "uv": [ 8, 4, 6, 3 ], "texture": "#texture" },
				"up": { "uv": [ 6, 3, 8, 4 ], "texture": "#texture" },
				"north": { "uv": [ 8, 4, 6, 3 ], "texture": "#texture" },
				"west": { "uv": [ 7, 3, 8, 4 ], "texture": "#texture", "rotation": 270 }
			}
		},
		{
			"__comment": "Bow",
			"from": [ 4.375, 1, -4.125 ],
			"to": [ 7.375, 4, -1.125 ],
			"rotation": { "origin": [ -1.125, 0.9999995, 9.875 ], "axis": "y", "angle": -45 },
			"faces": {
				"down": { "uv": [ 11, 5, 8, 2 ], "texture": "#texture" },
				"up": { "uv": [ 8, 2, 11, 5 ], "texture": "#texture" },
				"north": { "uv": [ 11, 5, 8, 4 ], "texture": "#texture" },
				"south": { "uv": [ 8, 2, 11, 3 ], "texture": "#texture" },
				"west": { "uv": [ 8, 2, 9, 5 ], "texture": "#texture", "rotation": 270 },
				"east": { "uv": [ 10, 2, 11, 5 ], "texture": "#texture", "rotation": 90 }
			}
		},
		{
			"__comment": "Bow",
			"from": [ 7.375, 1, -4.625 ],
			"to": [ 11.375, 4, -1.625 ],
			"rotation": { "origin": [ -1.125, 0.9999995, 9.875 ], "axis": "y", "angle": -45 },
			"faces": {
				"down": { "uv": [ 15, 4, 11, 1 ], "texture": "#texture" },
				"up": { "uv": [ 11, 1, 15, 4 ], "texture": "#texture" },
				"north": { "uv": [ 15, 2, 11, 1 ], "texture": "#texture" },
				"south": { "uv": [ 11, 3, 15, 4 ], "texture": "#texture" },
				"west": { "uv": [ 11, 1, 12, 4 ], "texture": "#texture", "rotation": 270 },
				"east": { "uv": [ 14, 1, 15, 4 ], "texture": "#texture", "rotation": 90 }
			}
		},
		{
			"__comment": "Bow",
			"from": [ 11.375, 1, -3.625 ],
			"to": [ 12.375, 4, -2.625 ],
			"rotation": { "origin": [ -1.125, 0.9999995, 9.875 ], "axis": "y", "angle": -45 },
			"faces": {
				"down": { "uv": [ 16, 3, 15, 2 ], "texture": "#texture" },
				"up": { "uv": [ 15, 2, 16, 3 ], "texture": "#texture" },
				"north": { "uv": [ 16, 3, 15, 2 ], "texture": "#texture" },
				"south": { "uv": [ 15, 2, 16, 3 ], "texture": "#texture" },
				"east": { "uv": [ 15, 2, 16, 3 ], "texture": "#texture", "rotation": 90 }
			}
		},
		{
			"__comment": "String",
			"from": [ 0.875, 2, 7.875 ],
			"to": [ 2.375, 3, 8.875 ],
			"rotation": { "origin": [ -1.125, 1.5, 9.875 ], "axis": "y", "angle": -45 },
			"faces": {
				"down": { "uv": [ 5, 14, 4, 13 ], "texture": "#texture" },
				"up": { "uv": [ 4, 13, 5, 14 ], "texture": "#texture" },
				"north": { "uv": [ 5, 14, 4, 13 ], "texture": "#texture" },
				"south": { "uv": [ 4, 13, 5, 14 ], "texture": "#texture" },
				"east": { "uv": [ 4, 13, 5, 14 ], "texture": "#texture", "rotation": 90 }
			}
		},
		{
			"__comment": "String",
			"from": [ 2.375, 2, 6.875 ],
			"to": [ 4.375, 3, 7.875 ],
			"rotation": { "origin": [ -1.125, 1.5, 9.875 ], "axis": "y", "angle": -45 },
			"faces": {
				"down": { "uv": [ 5, 14, 4, 13 ], "texture": "#texture" },
				"up": { "uv": [ 4, 13, 5, 14 ], "texture": "#texture" },
				"north": { "uv": [ 5, 14, 4, 13 ], "texture": "#texture" },
				"south": { "uv": [ 4, 13, 5, 14 ], "texture": "#texture" },
				"west": { "uv": [ 4, 13, 5, 14 ], "texture": "#texture", "rotation": 270 },
				"east": { "uv": [ 4, 13, 5, 14 ], "texture": "#texture", "rotation": 90 }
			}
		},
		{
			"__comment": "String",
			"from": [ 4.375, 2, 5.875 ],
			"to": [ 6.375, 3, 6.875 ],
			"rotation": { "origin": [ -1.125, 1.5, 9.875 ], "axis": "y", "angle": -45 },
			"faces": {
				"down": { "uv": [ 5, 14, 4, 13 ], "texture": "#texture" },
				"up": { "uv": [ 4, 13, 5, 14 ], "texture": "#texture" },
				"north": { "uv": [ 5, 14, 4, 13 ], "texture": "#texture" },
				"south": { "uv": [ 4, 13, 5, 14 ], "texture": "#texture" },
				"west": { "uv": [ 4, 13, 5, 14 ], "texture": "#texture", "rotation": 270 },
				"east": { "uv": [ 4, 13, 5, 14 ], "texture": "#texture", "rotation": 90 }
			}
		},
		{
			"__comment": "String",
			"from": [ 6.375, 2, 4.875 ],
			"to": [ 7.375, 3, 5.875 ],
			"rotation": { "origin": [ -1.125, 1.5, 9.875 ], "axis": "y", "angle": -45 },
			"faces": {
				"down": { "uv": [ 5, 14, 4, 13 ], "texture": "#texture" },
				"up": { "uv": [ 4, 13, 5, 14 ], "texture": "#texture" },
				"north": { "uv": [ 5, 14, 4, 13 ], "texture": "#texture" },
				"south": { "uv": [ 4, 13, 5, 14 ], "texture": "#texture" },
				"west": { "uv": [ 4, 13, 5, 14 ], "texture": "#texture", "rotation": 270 },
				"east": { "uv": [ 4, 13, 5, 14 ], "texture": "#texture", "rotation": 90 }
			}
		},
		{
			"__comment": "String",
			"from": [ 8.375, 2, 1.875 ],
			"to": [ 9.375, 3, 3.875 ],
			"rotation": { "origin": [ -1.125, 1.5, 9.875 ], "axis": "y", "angle": -45 },
			"faces": {
				"down": { "uv": [ 5, 14, 4, 13 ], "texture": "#texture" },
				"up": { "uv": [ 4, 13, 5, 14 ], "texture": "#texture" },
				"north": { "uv": [ 5, 14, 4, 13 ], "texture": "#texture" },
				"south": { "uv": [ 4, 13, 5, 14 ], "texture": "#texture" },
				"west": { "uv": [ 4, 13, 5, 14 ], "texture": "#texture", "rotation": 270 },
				"east": { "uv": [ 4, 13, 5, 14 ], "texture": "#texture", "rotation": 90 }
			}
		},
		{
			"__comment": "String",
			"from": [ 9.375, 2, -0.125 ],
			"to": [ 10.375, 3, 1.875 ],
			"rotation": { "origin": [ -1.125, 1.5, 9.875 ], "axis": "y", "angle": -45 },
			"faces": {
				"down": { "uv": [ 5, 14, 4, 13 ], "texture": "#texture" },
				"up": { "uv": [ 4, 13, 5, 14 ], "texture": "#texture" },
				"north": { "uv": [ 5, 14, 4, 13 ], "texture": "#texture" },
				"south": { "uv": [ 4, 13, 5, 14 ], "texture": "#texture" },
				"west": { "uv": [ 4, 13, 5, 14 ], "texture": "#texture", "rotation": 270 },
				"east": { "uv": [ 4, 13, 5, 14 ], "texture": "#texture", "rotation": 90 }
			}
		},
		{
			"__comment": "String",
			"from": [ 10.375, 2, -1.625 ],
			"to": [ 11.375, 3, -0.125 ],
			"rotation": { "origin": [ -1.125, 1.5, 9.875 ], "axis": "y", "angle": -45 },
			"faces": {
				"down": { "uv": [ 5, 14, 4, 13 ], "texture": "#texture" },
				"up": { "uv": [ 4, 13, 5, 14 ], "texture": "#texture" },
				"south": { "uv": [ 4, 13, 5, 14 ], "texture": "#texture" },
				"west": { "uv": [ 4, 13, 5, 14 ], "texture": "#texture", "rotation": 270 },
				"east": { "uv": [ 4, 13, 5, 14 ], "texture": "#texture", "rotation": 90 }
			}
		},
		{
			"__comment": "String",
			"from": [ 7.375, 2, 3.875 ],
			"to": [ 8.375, 3, 4.875 ],
			"rotation": { "origin": [ -1.125, 1.5, 9.875 ], "axis": "y", "angle": -45 },
			"faces": {
				"down": { "uv": [ 5, 14, 4, 13 ], "texture": "#texture" },
				"up": { "uv": [ 4, 13, 5, 14 ], "texture": "#texture" },
				"north": { "uv": [ 5, 14, 4, 13 ], "texture": "#texture" },
				"south": { "uv": [ 4, 13, 5, 14 ], "texture": "#texture" },
				"west": { "uv": [ 4, 13, 5, 14 ], "texture": "#texture", "rotation": 270 },
				"east": { "uv": [ 4, 13, 5, 14 ], "texture": "#texture", "rotation": 90 }
			}
		}
	],
	"display": {
		"thirdperson_righthand": {
			"rotation":  [ 0, -35, 90 ],
			"translation":  [ -5, -2.5, 0 ],
			"scale":  [ 0.85, 0.85, 0.85 ]
		},
		"thirdperson_lefthand": {
			"rotation":  [ 0, -35, 90 ],
			"translation":  [ -5, -2.5, 0 ],
			"scale":  [ 0.85, 0.85, 0.85 ]
		},
		"firstperson_righthand": {
			"rotation":  [ 0, 0, 90 ],
			"scale":  [ 0.5, 0.5, 0.5 ]
		},
		"firstperson_lefthand": {
			"rotation":  [ 0, 0, 90 ],
			"translation":  [ 0, 0.5, 0 ],
			"scale":  [ 0.5, 0.5, 0.5 ]
		},
		"gui": {
			"rotation":  [ 45, 45, 45 ],
			"translation":  [ -2.5, 0.5, 0 ],
			"scale":  [ 0.75, 0.75, 0.75 ]
		}
	}
}