{
	"__comment": "Designed by AndrealVox",
	"ambientocclusion": false,
	"textures": {
		"particle": "item/arrow",
		"shaft": "block/planks_oak",
		"arrow": "item/arrow",
		"texture": "item/bow",
		"texture_1": "block/planks_oak",
		"texture2": "item/arrow"
	},
	"elements": [ 	 
		{
			"__comment": "Shaft",
			"from": [ 8, 2, 0.25 ],
			"to": [ 9, 3, 12.25 ],
			"faces": {
				"down": { "uv": [ 8, 2, 9, 14 ], "texture": "#shaft" },
				"up": { "uv": [ 8, 2, 9, 14 ], "texture": "#shaft" },
				"west": { "uv": [ 2, 13, 14, 14 ], "texture": "#shaft" },
				"east": { "uv": [ 2, 13, 14, 14 ], "texture": "#shaft" }
			}
		},
		{
			"__comment": "Arrowhead1",
			"from": [ 8, 2, -1.75 ],
			"to": [ 9, 3, -0.75 ],
			"faces": {
				"down": { "uv": [ 12, 2, 13, 3 ], "texture": "#arrow" },
				"up": { "uv": [ 12, 2, 13, 3 ], "texture": "#arrow" },
				"north": { "uv": [ 12, 2, 13, 3 ], "texture": "#arrow" },
				"west": { "uv": [ 12, 2, 13, 3 ], "texture": "#arrow" },
				"east": { "uv": [ 12, 2, 13, 3 ], "texture": "#arrow" }
			}
		},
		{
			"__comment": "Arrowhead2",
			"from": [ 8, 1, -0.75 ],
			"to": [ 9, 4, 0.25 ],
			"faces": {
				"down": { "uv": [ 12, 2, 13, 3 ], "texture": "#arrow" },
				"up": { "uv": [ 12, 2, 13, 3 ], "texture": "#arrow" },
				"north": { "uv": [ 12, 2, 13, 3 ], "texture": "#arrow" },
				"south": { "uv": [ 12, 2, 13, 3 ], "texture": "#arrow" },
				"west": { "uv": [ 12, 2, 13, 3 ], "texture": "#arrow" },
				"east": { "uv": [ 12, 2, 13, 3 ], "texture": "#arrow" }
			}
		},
		{
			"__comment": "Arrowhead3",
			"from": [ 7, 2, -0.75 ],
			"to": [ 10, 3, 0.25 ],
			"faces": {
				"down": { "uv": [ 12, 2, 13, 3 ], "texture": "#arrow" },
				"up": { "uv": [ 12, 2, 13, 3 ], "texture": "#arrow" },
				"north": { "uv": [ 12, 2, 13, 3 ], "texture": "#arrow" },
				"south": { "uv": [ 12, 2, 13, 3 ], "texture": "#arrow" },
				"west": { "uv": [ 12, 2, 13, 3 ], "texture": "#arrow" },
				"east": { "uv": [ 12, 2, 13, 3 ], "texture": "#arrow" }
			}
		},
		{
			"__comment": "Arrowhead4",
			"from": [ 8, 3.5, 0.25 ],
			"to": [ 9, 4.5, 1.25 ],
			"faces": {
				"down": { "uv": [ 12, 2, 13, 3 ], "texture": "#arrow" },
				"up": { "uv": [ 12, 2, 13, 3 ], "texture": "#arrow" },
				"north": { "uv": [ 12, 2, 13, 3 ], "texture": "#arrow" },
				"south": { "uv": [ 12, 2, 13, 3 ], "texture": "#arrow" },
				"west": { "uv": [ 12, 2, 13, 3 ], "texture": "#arrow" },
				"east": { "uv": [ 12, 2, 13, 3 ], "texture": "#arrow" }
			}
		},
		{
			"__comment": "Arrowhead5",
			"from": [ 8, 0.5, 0.25 ],
			"to": [ 9, 1.5, 1.25 ],
			"faces": {
				"down": { "uv": [ 12, 2, 13, 3 ], "texture": "#arrow" },
				"up": { "uv": [ 12, 2, 13, 3 ], "texture": "#arrow" },
				"north": { "uv": [ 12, 2, 13, 3 ], "texture": "#arrow" },
				"south": { "uv": [ 12, 2, 13, 3 ], "texture": "#arrow" },
				"west": { "uv": [ 12, 2, 13, 3 ], "texture": "#arrow" },
				"east": { "uv": [ 12, 2, 13, 3 ], "texture": "#arrow" }
			}
		},
		{
			"__comment": "Arrowhead6",
			"from": [ 6.5, 2, 0.25 ],
			"to": [ 7.5, 3, 1.25 ],
			"faces": {
				"down": { "uv": [ 12, 2, 13, 3 ], "texture": "#arrow" },
				"up": { "uv": [ 12, 2, 13, 3 ], "texture": "#arrow" },
				"north": { "uv": [ 12, 2, 13, 3 ], "texture": "#arrow" },
				"south": { "uv": [ 12, 2, 13, 3 ], "texture": "#arrow" },
				"west": { "uv": [ 12, 2, 13, 3 ], "texture": "#arrow" },
				"east": { "uv": [ 12, 2, 13, 3 ], "texture": "#arrow" }
			}
		},
		{
			"__comment": "Arrowhead",
			"from": [ 9.5, 2, 0.25 ],
			"to": [ 10.5, 3, 1.25 ],
			"faces": {
				"down": { "uv": [ 12, 2, 13, 3 ], "texture": "#arrow" },
				"up": { "uv": [ 12, 2, 13, 3 ], "texture": "#arrow" },
				"north": { "uv": [ 12, 2, 13, 3 ], "texture": "#arrow" },
				"south": { "uv": [ 12, 2, 13, 3 ], "texture": "#arrow" },
				"west": { "uv": [ 12, 2, 13, 3 ], "texture": "#arrow" },
				"east": { "uv": [ 12, 2, 13, 3 ], "texture": "#arrow" }
			}
		},
		{
			"__comment": "Fletching",
			"from": [ 9.25, 1, 12.25 ],
			"to": [ 10.25, 4, 13.25 ],
			"rotation": { "origin": [ 9.25, 1, 12.25 ], "axis": "z", "angle": 45 },
			"faces": {
				"down": { "uv": [ 13, 2, 14, 3 ], "texture": "#arrow" },
				"up": { "uv": [ 13, 2, 14, 3 ], "texture": "#arrow" },
				"north": { "uv": [ 13, 2, 14, 3 ], "texture": "#arrow" },
				"south": { "uv": [ 13, 2, 14, 3 ], "texture": "#arrow" },
				"west": { "uv": [ 13, 2, 14, 3 ], "texture": "#arrow" },
				"east": { "uv": [ 13, 2, 14, 3 ], "texture": "#arrow" }
			}
		},
		{
			"__comment": "Fletching1",
			"from": [ 8.2504, 2.0004, 12.25 ],
			"to": [ 11.2504, 3.0004, 13.25 ],
			"rotation": { "origin": [ 9.25, 1, 12.25 ], "axis": "z", "angle": 45 },
			"faces": {
				"down": { "uv": [ 14, 3, 13, 2 ], "texture": "#arrow", "rotation": 270 },
				"up": { "uv": [ 13, 2, 14, 3 ], "texture": "#arrow", "rotation": 90 },
				"north": { "uv": [ 13, 2, 14, 3 ], "texture": "#arrow", "rotation": 270 },
				"south": { "uv": [ 13, 2, 14, 3 ], "texture": "#arrow", "rotation": 90 },
				"west": { "uv": [ 13, 2, 14, 3 ], "texture": "#arrow" },
				"east": { "uv": [ 14, 3, 13, 2 ], "texture": "#arrow" }
			}
		},
		{
			"__comment": "Fletching2",
			"from": [ 9.2512, 3.5, 13.25 ],
			"to": [ 10.2512, 4.5, 14.25 ],
			"rotation": { "origin": [ 9.25, 1, 12.25 ], "axis": "z", "angle": 45 },
			"faces": {
				"down": { "uv": [ 13, 2, 14, 3 ], "texture": "#arrow" },
				"up": { "uv": [ 13, 2, 14, 3 ], "texture": "#arrow" },
				"north": { "uv": [ 13, 2, 14, 3 ], "texture": "#arrow" },
				"south": { "uv": [ 13, 2, 14, 3 ], "texture": "#arrow" },
				"west": { "uv": [ 13, 2, 14, 3 ], "texture": "#arrow" },
				"east": { "uv": [ 13, 2, 14, 3 ], "texture": "#arrow" }
			}
		},
		{
			"__comment": "Fletching3",
			"from": [ 9.2498, 0.5, 13.25 ],
			"to": [ 10.2498, 1.5, 14.25 ],
			"rotation": { "origin": [ 9.25, 1, 12.25 ], "axis": "z", "angle": 45 },
			"faces": {
				"down": { "uv": [ 13, 2, 14, 3 ], "texture": "#arrow" },
				"up": { "uv": [ 13, 2, 14, 3 ], "texture": "#arrow" },
				"north": { "uv": [ 13, 2, 14, 3 ], "texture": "#arrow" },
				"south": { "uv": [ 13, 2, 14, 3 ], "texture": "#arrow" },
				"west": { "uv": [ 13, 2, 14, 3 ], "texture": "#arrow" },
				"east": { "uv": [ 13, 2, 14, 3 ], "texture": "#arrow" }
			}
		},
		{
			"__comment": "Fletching4",
			"from": [ 7.7504, 2.0008, 13.25 ],
			"to": [ 8.750401, 3.0008, 14.25 ],
			"rotation": { "origin": [ 9.25, 1, 12.25 ], "axis": "z", "angle": 45 },
			"faces": {
				"down": { "uv": [ 13, 2, 14, 3 ], "texture": "#arrow" },
				"up": { "uv": [ 13, 2, 14, 3 ], "texture": "#arrow" },
				"north": { "uv": [ 13, 2, 14, 3 ], "texture": "#arrow" },
				"south": { "uv": [ 13, 2, 14, 3 ], "texture": "#arrow" },
				"west": { "uv": [ 13, 2, 14, 3 ], "texture": "#arrow" },
				"east": { "uv": [ 13, 2, 14, 3 ], "texture": "#arrow" }
			}
		},
		{
			"__comment": "Fletching5",
			"from": [ 10.7504, 1.9992, 13.25 ],
			"to": [ 11.7504, 2.9992, 14.25 ],
			"rotation": { "origin": [ 9.25, 1, 12.25 ], "axis": "z", "angle": 45 },
			"faces": {
				"down": { "uv": [ 13, 2, 14, 3 ], "texture": "#arrow" },
				"up": { "uv": [ 13, 2, 14, 3 ], "texture": "#arrow" },
				"north": { "uv": [ 13, 2, 14, 3 ], "texture": "#arrow" },
				"south": { "uv": [ 13, 2, 14, 3 ], "texture": "#arrow" },
				"west": { "uv": [ 13, 2, 14, 3 ], "texture": "#arrow" },
				"east": { "uv": [ 13, 2, 14, 3 ], "texture": "#arrow" }
			}
		},
		{
			"__comment": "Bow",
			"from": [ -0.75, 1, 9.125 ],
			"to": [ 0.25, 4, 10.125 ],
			"rotation": { "origin": [ -0.75, 1, 10.125 ], "axis": "y", "angle": -45 },
			"faces": {
				"down": { "uv": [ 3, 16, 2, 15 ], "texture": "#texture" },
				"up": { "uv": [ 2, 15, 3, 16 ], "texture": "#texture" },
				"south": { "uv": [ 2, 15, 3, 16 ], "texture": "#texture" },
				"west": { "uv": [ 2, 15, 3, 16 ], "texture": "#texture", "rotation": 270 },
				"east": { "uv": [ 2, 15, 3, 16 ], "texture": "#texture", "rotation": 90 }
			}
		},
		{
			"__comment": "Bow",
			"from": [ -1.75, 1, 5.125 ],
			"to": [ 1.25, 4, 9.125 ],
			"rotation": { "origin": [ -0.75, 0.9999995, 10.125 ], "axis": "y", "angle": -45 },
			"faces": {
				"down": { "uv": [ 4, 15, 1, 11 ], "texture": "#texture" },
				"up": { "uv": [ 1, 11, 4, 15 ], "texture": "#texture" },
				"south": { "uv": [ 1, 13, 4, 15 ], "texture": "#texture" },
				"west": { "uv": [ 1, 11, 2, 15 ], "texture": "#texture", "rotation": 270 },
				"east": { "uv": [ 3, 11, 4, 15 ], "texture": "#texture", "rotation": 90 }
			}
		},
		{
			"__comment": "Bow",
			"from": [ -1.75, 1, 2.125 ],
			"to": [ 1.25, 4, 5.125 ],
			"rotation": { "origin": [ -0.75, 0.9999995, 10.125 ], "axis": "y", "angle": -45 },
			"faces": {
				"down": { "uv": [ 5, 11, 2, 8 ], "texture": "#texture" },
				"up": { "uv": [ 2, 8, 5, 11 ], "texture": "#texture" },
				"north": { "uv": [ 5, 10, 2, 8 ], "texture": "#texture" },
				"west": { "uv": [ 2, 8, 3, 11 ], "texture": "#texture", "rotation": 270 },
				"east": { "uv": [ 4, 8, 5, 11 ], "texture": "#texture", "rotation": 90 }
			}
		},
		{
			"__comment": "Bow",
			"from": [ -0.75, 1, 0.125 ],
			"to": [ 2.25, 4, 2.125 ],
			"rotation": { "origin": [ -0.75, 0.9999995, 10.125 ], "axis": "y", "angle": -45 },
			"faces": {
				"down": { "uv": [ 3, 8, 6, 6 ], "texture": "#texture" },
				"up": { "uv": [ 3, 6, 6, 8 ], "texture": "#texture" },
				"north": { "uv": [ 4, 7, 3, 6 ], "texture": "#texture" },
				"south": { "uv": [ 5, 7, 6, 8 ], "texture": "#texture" },
				"west": { "uv": [ 3, 6, 4, 8 ], "texture": "#texture", "rotation": 270 },
				"east": { "uv": [ 5, 6, 6, 8 ], "texture": "#texture", "rotation": 90 }
			}
		},
		{
			"__comment": "Bow",
			"from": [ 0.25, 1, -0.875 ],
			"to": [ 1.25, 4, 0.125 ],
			"rotation": { "origin": [ -0.75, 0.9999995, 10.125 ], "axis": "y", "angle": -45 },
			"faces": {
				"down": { "uv": [ 5, 6, 4, 5 ], "texture": "#texture" },
				"up": { "uv": [ 4, 5, 5, 6 ], "texture": "#texture" },
				"north": { "uv": [ 5, 6, 4, 5 ], "texture": "#texture" },
				"west": { "uv": [ 4, 5, 5, 6 ], "texture": "#texture", "rotation": 270 }
			}
		},
		{
			"__comment": "Bow",
			"from": [ 2.25, 1, 0.125 ],
			"to": [ 3.25, 4, 1.125 ],
			"rotation": { "origin": [ -0.75, 0.9999995, 10.125 ], "axis": "y", "angle": -45 },
			"faces": {
				"down": { "uv": [ 7, 7, 6, 6 ], "texture": "#texture" },
				"up": { "uv": [ 6, 6, 7, 7 ], "texture": "#texture" },
				"south": { "uv": [ 6, 6, 7, 7 ], "texture": "#texture" },
				"east": { "uv": [ 6, 6, 7, 7 ], "texture": "#texture", "rotation": 90 }
			}
		},
		{
			"__comment": "Bow",
			"from": [ 1.25, 1, -1.875 ],
			"to": [ 4.25, 4, 0.125 ],
			"rotation": { "origin": [ -0.75, 0.9999995, 10.125 ], "axis": "y", "angle": -45 },
			"faces": {
				"down": { "uv": [ 5, 6, 8, 4 ], "texture": "#texture" },
				"up": { "uv": [ 5, 4, 8, 6 ], "texture": "#texture" },
				"north": { "uv": [ 6, 5, 5, 4 ], "texture": "#texture" },
				"south": { "uv": [ 7, 5, 8, 6 ], "texture": "#texture" },
				"west": { "uv": [ 7, 4, 8, 6 ], "texture": "#texture", "rotation": 270 },
				"east": { "uv": [ 5, 4, 6, 6 ], "texture": "#texture", "rotation": 90 }
			}
		},
		{
			"__comment": "Bow",
			"from": [ 2.25, 1, -2.875 ],
			"to": [ 4.25, 4, -1.875 ],
			"rotation": { "origin": [ -0.75, 0.9999995, 10.125 ], "axis": "y", "angle": -45 },
			"faces": {
				"down": { "uv": [ 8, 4, 6, 3 ], "texture": "#texture" },
				"up": { "uv": [ 6, 3, 8, 4 ], "texture": "#texture" },
				"north": { "uv": [ 8, 4, 6, 3 ], "texture": "#texture" },
				"west": { "uv": [ 7, 3, 8, 4 ], "texture": "#texture", "rotation": 270 }
			}
		},
		{
			"__comment": "Bow",
			"from": [ 4.25, 1, -3.875 ],
			"to": [ 7.25, 4, -0.875 ],
			"rotation": { "origin": [ -0.75, 0.9999995, 10.125 ], "axis": "y", "angle": -45 },
			"faces": {
				"down": { "uv": [ 11, 5, 8, 2 ], "texture": "#texture" },
				"up": { "uv": [ 8, 2, 11, 5 ], "texture": "#texture" },
				"north": { "uv": [ 11, 5, 8, 4 ], "texture": "#texture" },
				"south": { "uv": [ 8, 2, 11, 3 ], "texture": "#texture" },
				"west": { "uv": [ 8, 2, 9, 5 ], "texture": "#texture", "rotation": 270 }
			}
		},
		{
			"__comment": "Bow",
			"from": [ 7.25, 1, -3.875 ],
			"to": [ 11.25, 4, -0.875 ],
			"rotation": { "origin": [ -0.75, 0.9999995, 10.125 ], "axis": "y", "angle": -45 },
			"faces": {
				"down": { "uv": [ 15, 4, 11, 1 ], "texture": "#texture" },
				"up": { "uv": [ 11, 1, 15, 4 ], "texture": "#texture" },
				"north": { "uv": [ 15, 2, 11, 1 ], "texture": "#texture" },
				"south": { "uv": [ 11, 3, 15, 4 ], "texture": "#texture" },
				"east": { "uv": [ 14, 1, 15, 4 ], "texture": "#texture", "rotation": 90 }
			}
		},
		{
			"__comment": "Bow",
			"from": [ 11.25, 1, -2.875 ],
			"to": [ 12.25, 4, -1.875 ],
			"rotation": { "origin": [ -0.75, 0.9999995, 10.125 ], "axis": "y", "angle": -45 },
			"faces": {
				"down": { "uv": [ 16, 3, 15, 2 ], "texture": "#texture" },
				"up": { "uv": [ 15, 2, 16, 3 ], "texture": "#texture" },
				"north": { "uv": [ 16, 3, 15, 2 ], "texture": "#texture" },
				"south": { "uv": [ 15, 2, 16, 3 ], "texture": "#texture" },
				"east": { "uv": [ 15, 2, 16, 3 ], "texture": "#texture", "rotation": 90 }
			}
		},
		{
			"__comment": "String",
			"from": [ 1.25, 2, 8.125 ],
			"to": [ 3.25, 3, 9.125 ],
			"rotation": { "origin": [ -0.75, 1.5, 10.125 ], "axis": "y", "angle": -45 },
			"faces": {
				"down": { "uv": [ 5, 14, 4, 13 ], "texture": "#texture" },
				"up": { "uv": [ 4, 13, 5, 14 ], "texture": "#texture" },
				"north": { "uv": [ 5, 14, 4, 13 ], "texture": "#texture" },
				"south": { "uv": [ 4, 13, 5, 14 ], "texture": "#texture" },
				"east": { "uv": [ 4, 13, 5, 14 ], "texture": "#texture", "rotation": 90 }
			}
		},
		{
			"__comment": "String",
			"from": [ 3.25, 2, 7.125 ],
			"to": [ 7.25, 3, 8.125 ],
			"rotation": { "origin": [ -0.75, 1.5, 10.125 ], "axis": "y", "angle": -45 },
			"faces": {
				"down": { "uv": [ 5, 14, 4, 13 ], "texture": "#texture" },
				"up": { "uv": [ 4, 13, 5, 14 ], "texture": "#texture" },
				"north": { "uv": [ 5, 14, 4, 13 ], "texture": "#texture" },
				"south": { "uv": [ 4, 13, 5, 14 ], "texture": "#texture" },
				"west": { "uv": [ 4, 13, 5, 14 ], "texture": "#texture", "rotation": 270 },
				"east": { "uv": [ 4, 13, 5, 14 ], "texture": "#texture", "rotation": 90 }
			}
		},
		{
			"__comment": "String",
			"from": [ 7.25, 2, 6.125 ],
			"to": [ 8.25, 3, 7.125 ],
			"rotation": { "origin": [ -0.75, 1.5, 10.125 ], "axis": "y", "angle": -45 },
			"faces": {
				"down": { "uv": [ 5, 14, 4, 13 ], "texture": "#texture" },
				"up": { "uv": [ 4, 13, 5, 14 ], "texture": "#texture" },
				"north": { "uv": [ 5, 14, 4, 13 ], "texture": "#texture" },
				"south": { "uv": [ 4, 13, 5, 14 ], "texture": "#texture" },
				"west": { "uv": [ 4, 13, 5, 14 ], "texture": "#texture", "rotation": 270 },
				"east": { "uv": [ 4, 13, 5, 14 ], "texture": "#texture", "rotation": 90 }
			}
		},
		{
			"__comment": "String",
			"from": [ 9.25, 2, 1.125 ],
			"to": [ 10.25, 3, 5.125 ],
			"rotation": { "origin": [ -0.75, 1.5, 10.125 ], "axis": "y", "angle": -45 },
			"faces": {
				"down": { "uv": [ 5, 14, 4, 13 ], "texture": "#texture" },
				"up": { "uv": [ 4, 13, 5, 14 ], "texture": "#texture" },
				"north": { "uv": [ 5, 14, 4, 13 ], "texture": "#texture" },
				"south": { "uv": [ 4, 13, 5, 14 ], "texture": "#texture" },
				"west": { "uv": [ 4, 13, 5, 14 ], "texture": "#texture", "rotation": 270 },
				"east": { "uv": [ 4, 13, 5, 14 ], "texture": "#texture", "rotation": 90 }
			}
		},
		{
			"__comment": "String",
			"from": [ 10.25, 2, -0.875 ],
			"to": [ 11.25, 3, 1.125 ],
			"rotation": { "origin": [ -0.75, 1.5, 10.125 ], "axis": "y", "angle": -45 },
			"faces": {
				"down": { "uv": [ 5, 14, 4, 13 ], "texture": "#texture" },
				"up": { "uv": [ 4, 13, 5, 14 ], "texture": "#texture" },
				"south": { "uv": [ 4, 13, 5, 14 ], "texture": "#texture" },
				"west": { "uv": [ 4, 13, 5, 14 ], "texture": "#texture", "rotation": 270 },
				"east": { "uv": [ 4, 13, 5, 14 ], "texture": "#texture", "rotation": 90 }
			}
		},
		{
			"__comment": "String",
			"from": [ 8.25, 2, 5.125 ],
			"to": [ 9.25, 3, 6.125 ],
			"rotation": { "origin": [ -0.75, 1.5, 10.125 ], "axis": "y", "angle": -45 },
			"faces": {
				"down": { "uv": [ 5, 14, 4, 13 ], "texture": "#texture" },
				"up": { "uv": [ 4, 13, 5, 14 ], "texture": "#texture" },
				"north": { "uv": [ 5, 14, 4, 13 ], "texture": "#texture" },
				"south": { "uv": [ 4, 13, 5, 14 ], "texture": "#texture" },
				"west": { "uv": [ 4, 13, 5, 14 ], "texture": "#texture", "rotation": 270 },
				"east": { "uv": [ 4, 13, 5, 14 ], "texture": "#texture", "rotation": 90 }
			}
		}
	],
	"display": {
		"thirdperson_righthand": {
			"rotation":  [ 0, -35, 90 ],
			"translation":  [ -5, -2.5, 0 ],
			"scale":  [ 0.85, 0.85, 0.85 ]
		},
		"thirdperson_lefthand": {
			"rotation":  [ 0, -35, 90 ],
			"translation":  [ -5, -2.5, 0 ],
			"scale":  [ 0.85, 0.85, 0.85 ]
		},
		"firstperson_righthand": {
			"rotation":  [ 0, 0, 90 ],
			"scale":  [ 0.5, 0.5, 0.5 ]
		},
		"firstperson_lefthand": {
			"rotation":  [ 0, 0, 90 ],
			"translation":  [ 0, 0.5, 0 ],
			"scale":  [ 0.5, 0.5, 0.5 ]
		},
		"gui": {
			"rotation":  [ 45, 45, 45 ],
			"translation":  [ -2.5, 0.5, 0 ],
			"scale":  [ 0.75, 0.75, 0.75 ]
		}
	}
}