{
"ambientocclusion": false,
"textures": {
    "particle": "item/diamond_shovel",
    "texture": "item/diamond_shovel"
},
"elements": [ 
{
    "__comment": "diamond_shovel x16",
    "from": [ 2, 2, 7.5 ],
    "to": [ 5, 4, 8.5 ],
    "faces": {
        "down":  { "uv": [ 4, 13, 5, 14 ], "texture": "#texture" },
        "up":    { "uv": [ 2, 12, 3, 13 ], "texture": "#texture" },
        "north": { "uv": [ 5, 12, 2, 14 ], "texture": "#texture" },
        "south": { "uv": [ 2, 12, 5, 14 ], "texture": "#texture" },
        "west":  { "uv": [ 2, 12, 3, 13 ], "texture": "#texture" },
        "east":  { "uv": [ 4, 13, 5, 14 ], "texture": "#texture" }
    }
},
{
    "__comment": "diamond_shovel x16",
    "from": [ 3, 1, 7.5 ],
    "to": [ 5, 2, 8.5 ],
    "faces": {
        "down":  { "uv": [ 4, 14, 5, 15 ], "texture": "#texture" },
        "north": { "uv": [ 5, 14, 3, 15 ], "texture": "#texture" },
        "south": { "uv": [ 3, 14, 5, 15 ], "texture": "#texture" },
        "west":  { "uv": [ 3, 14, 4, 15 ], "texture": "#texture" },
        "east":  { "uv": [ 4, 14, 5, 15 ], "texture": "#texture" }
    }
},
{
    "__comment": "diamond_shovel x16",
    "from": [ 4, 4, 7.5 ],
    "to": [ 7, 5, 8.5 ],
    "faces": {
        "down":  { "uv": [ 6, 11, 7, 12 ], "texture": "#texture" },
        "up":    { "uv": [ 4, 11, 5, 12 ], "texture": "#texture" },
        "north": { "uv": [ 7, 11, 4, 12 ], "texture": "#texture" },
        "south": { "uv": [ 4, 11, 7, 12 ], "texture": "#texture" },
        "west":  { "uv": [ 4, 11, 5, 12 ], "texture": "#texture" },
        "east":  { "uv": [ 6, 11, 7, 12 ], "texture": "#texture" }
    }
},
{
    "__comment": "diamond_shovel x16",
    "from": [ 5, 5, 7.5 ],
    "to": [ 8, 6, 8.5 ],
    "faces": {
        "down":  { "uv": [ 7, 10, 8, 11 ], "texture": "#texture" },
        "up":    { "uv": [ 5, 10, 6, 11 ], "texture": "#texture" },
        "north": { "uv": [ 8, 10, 5, 11 ], "texture": "#texture" },
        "south": { "uv": [ 5, 10, 8, 11 ], "texture": "#texture" },
        "west":  { "uv": [ 5, 10, 6, 11 ], "texture": "#texture" },
        "east":  { "uv": [ 7, 10, 8, 11 ], "texture": "#texture" }
    }
},
{
    "__comment": "diamond_shovel x16",
    "from": [ 5, 3, 7.5 ],
    "to": [ 6, 4, 8.5 ],
    "faces": {
        "down":  { "uv": [ 5, 12, 6, 13 ], "texture": "#texture" },
        "north": { "uv": [ 6, 12, 5, 13 ], "texture": "#texture" },
        "south": { "uv": [ 5, 12, 6, 13 ], "texture": "#texture" },
        "east":  { "uv": [ 5, 12, 6, 13 ], "texture": "#texture" }
    }
},
{
    "__comment": "diamond_shovel x16",
    "from": [ 6, 6, 7.5 ],
    "to": [ 9, 7, 8.5 ],
    "faces": {
        "down":  { "uv": [ 8, 9, 9, 10 ], "texture": "#texture" },
        "up":    { "uv": [ 6, 9, 7, 10 ], "texture": "#texture" },
        "north": { "uv": [ 9, 9, 6, 10 ], "texture": "#texture" },
        "south": { "uv": [ 6, 9, 9, 10 ], "texture": "#texture" },
        "west":  { "uv": [ 6, 9, 7, 10 ], "texture": "#texture" },
        "east":  { "uv": [ 8, 9, 9, 10 ], "texture": "#texture" }
    }
},
{
    "__comment": "diamond_shovel x16",
    "from": [ 7, 7, 7.5 ],
    "to": [ 10, 8, 8.5 ],
    "faces": {
        "down":  { "uv": [ 9, 8, 10, 9 ], "texture": "#texture" },
        "up":    { "uv": [ 7, 8, 8, 9 ], "texture": "#texture" },
        "north": { "uv": [ 10, 8, 7, 9 ], "texture": "#texture" },
        "south": { "uv": [ 7, 8, 10, 9 ], "texture": "#texture" },
        "west":  { "uv": [ 7, 8, 8, 9 ], "texture": "#texture" },
        "east":  { "uv": [ 9, 8, 10, 9 ], "texture": "#texture" }
    }
},
{
    "__comment": "diamond_shovel x16",
    "from": [ 8, 10, 7 ],
    "to": [ 15, 11, 9 ],
    "faces": {
        "down":  { "uv": [ 8, 5, 15, 6 ], "texture": "#texture" },
        "up":    { "uv": [ 8, 5, 9, 6 ], "texture": "#texture" },
        "north": { "uv": [ 15, 5, 8, 6 ], "texture": "#texture" },
        "south": { "uv": [ 8, 5, 15, 6 ], "texture": "#texture" },
        "west":  { "uv": [ 8, 5, 9, 6 ], "texture": "#texture" },
        "east":  { "uv": [ 14, 5, 15, 6 ], "texture": "#texture" }
    }
},
{
    "__comment": "diamond_shovel x16",
    "from": [ 8, 8, 7.5 ],
    "to": [ 11, 9, 8.5 ],
    "faces": {
        "down":  { "uv": [ 10, 7, 11, 8 ], "texture": "#texture" },
        "up":    { "uv": [ 8, 7, 9, 8 ], "texture": "#texture" },
        "north": { "uv": [ 11, 7, 8, 8 ], "texture": "#texture" },
        "south": { "uv": [ 8, 7, 11, 8 ], "texture": "#texture" },
        "west":  { "uv": [ 8, 7, 9, 8 ], "texture": "#texture" }
    }
},
{
    "__comment": "diamond_shovel x16",
    "from": [ 9, 11, 7 ],
    "to": [ 15, 12, 9 ],
    "faces": {
        "up":    { "uv": [ 9, 4, 10, 5 ], "texture": "#texture" },
        "north": { "uv": [ 15, 4, 9, 5 ], "texture": "#texture" },
        "south": { "uv": [ 9, 4, 15, 5 ], "texture": "#texture" },
        "west":  { "uv": [ 9, 4, 10, 5 ], "texture": "#texture" },
        "east":  { "uv": [ 14, 4, 15, 5 ], "texture": "#texture" }
    }
},
{
    "__comment": "diamond_shovel x16",
    "from": [ 10, 9, 7 ],
    "to": [ 14, 10, 9 ],
    "faces": {
        "down":  { "uv": [ 13, 6, 14, 7 ], "texture": "#texture" },
        "north": { "uv": [ 14, 6, 10, 7 ], "texture": "#texture" },
        "south": { "uv": [ 10, 6, 14, 7 ], "texture": "#texture" },
        "west":  { "uv": [ 10, 6, 11, 7 ], "texture": "#texture" },
        "east":  { "uv": [ 13, 6, 14, 7 ], "texture": "#texture" }
    }
},
{
    "__comment": "diamond_shovel x16",
    "from": [ 10, 12, 7 ],
    "to": [ 15, 13, 9 ],
    "faces": {
        "up":    { "uv": [ 10, 3, 11, 4 ], "texture": "#texture" },
        "north": { "uv": [ 15, 3, 10, 4 ], "texture": "#texture" },
        "south": { "uv": [ 10, 3, 15, 4 ], "texture": "#texture" },
        "west":  { "uv": [ 10, 3, 11, 4 ], "texture": "#texture" },
        "east":  { "uv": [ 14, 3, 15, 4 ], "texture": "#texture" }
    }
},
{
    "__comment": "diamond_shovel x16",
    "from": [ 11, 13, 7 ],
    "to": [ 14, 14, 9 ],
    "faces": {
        "up":    { "uv": [ 11, 2, 12, 3 ], "texture": "#texture" },
        "north": { "uv": [ 14, 2, 11, 3 ], "texture": "#texture" },
        "south": { "uv": [ 11, 2, 14, 3 ], "texture": "#texture" },
        "west":  { "uv": [ 11, 2, 12, 3 ], "texture": "#texture" },
        "east":  { "uv": [ 13, 2, 14, 3 ], "texture": "#texture" }
    }
},
{
    "__comment": "diamond_shovel x16",
    "from": [ 11, 7, 7 ],
    "to": [ 12, 8, 9 ],
    "faces": {
        "down":  { "uv": [ 11, 8, 12, 9 ], "texture": "#texture" },
        "north": { "uv": [ 12, 8, 11, 9 ], "texture": "#texture" },
        "south": { "uv": [ 11, 8, 12, 9 ], "texture": "#texture" },
        "west":  { "uv": [ 11, 8, 12, 9 ], "texture": "#texture" },
        "east":  { "uv": [ 11, 8, 12, 9 ], "texture": "#texture" }
    }
},
{
    "__comment": "diamond_shovel x16*",
    "from": [ 9, 9, 7.5 ],
    "to": [ 10, 10, 8.5 ],
    "faces": {
        "north": { "uv": [ 9, 6, 10, 6.5 ], "texture": "#texture" },
        "south": { "uv": [ 9, 7, 10, 6.5 ], "texture": "#texture" },
        "west":  { "uv": [ 9, 6, 9.5, 6.5 ], "texture": "#texture" }
    }
},
{
    "__comment": "diamond_shovel x16*",
    "from": [ 11, 8, 7 ],
    "to": [ 13, 9, 9 ],
    "faces": {
        "down":  { "uv": [ 12, 7, 13, 8 ], "texture": "#texture" },
        "north": { "uv": [ 13, 7, 11, 8 ], "texture": "#texture" },
        "south": { "uv": [ 11, 7, 13, 8 ], "texture": "#texture" },
        "west":  { "uv": [ 11, 7, 12, 8 ], "texture": "#texture" },
        "east":  { "uv": [ 12, 7, 13, 8 ], "texture": "#texture" }
    }
}
],
"display": {
    "thirdperson_righthand": {
        "rotation": [ 0, -90, 55 ],
        "translation": [ 0, 4, 0.5 ],
        "scale": [ 0.85, 0.85, 0.85 ]
    },
    "thirdperson_lefthand": {
        "rotation": [ 0, 90, -55 ],
        "translation": [ 0, 4, 0.5 ],
        "scale": [ 0.85, 0.85, 0.85 ]
    },
    "ground": {
        "rotation": [ 90, 0, 0 ],
        "translation": [ 0, 0, 2.5 ],
        "scale": [ 0.85, 0.85, 0.85 ]
    },
    "fixed": {
        "rotation": [ 0, 0, 0 ],
        "translation": [ 0, 0, 0 ],
        "scale": [ 0.5, 0.5, 0.5 ]
    },
    "firstperson_righthand": {
        "rotation": [ 0, -90, 45 ],
        "translation": [ 0, 2.2, 0 ],
        "scale": [ 0.68, 0.68, 0.68 ]
    },
    "firstperson_lefthand": {
        "rotation": [ 0, 90, -45 ],
        "translation": [ 0, 2.2, 0 ],
        "scale": [ 0.68, 0.68, 0.68 ]
    },
    "gui": {
        "rotation": [ -30, 180, 15 ],
        "translation": [ 0, 0, 0 ],
        "scale": [ 0.85, 0.85, 0.85 ]
    }
}
}