{
	"__comment": "Designed by AndrealVox with Cubik Studio - https://cubik.studio",
	"ambientocclusion": false,
	"textures": {
		"particle": "item/dragon_breath",
		"texture": "block/glass",
		"inside": "item/dragon_breath",
		"brown": "block/hardened_clay_stained_brown",
		"top": "block/iron_block"
	},
	"elements": [ 	 
		{
			"__comment": "Bot",
			"from": [ 4, 0, 4 ],
			"to": [ 12, 2, 12 ],
			"faces": {
				"down": { "uv": [ 0.001, 0.001000404, 15.999, 15.999 ], "texture": "#texture" },
				"north": { "uv": [ 15.999, 12.001, 0.001000404, 15.999 ], "texture": "#texture" },
				"south": { "uv": [ 0.001, 3.999001, 15.999, 0.001000404 ], "texture": "#texture" },
				"west": { "uv": [ 3.999, 0.001000404, 0.000999928, 15.999 ], "texture": "#texture", "rotation": 90 },
				"east": { "uv": [ 12.001, 15.999, 15.999, 0.001000404 ], "texture": "#texture", "rotation": 90 }
			}
		},
		{
			"__comment": "Top",
			"from": [ 4, 10, 4 ],
			"to": [ 12, 12, 12 ],
			"faces": {
				"up": { "uv": [ 0.001, 0.001000404, 15.999, 15.999 ], "texture": "#texture" },
				"north": { "uv": [ 15.999, 0.001000404, 0.001000404, 3.999001 ], "texture": "#texture" },
				"south": { "uv": [ 0.001, 15.999, 15.999, 12.001 ], "texture": "#texture" },
				"west": { "uv": [ 0.001, 15.999, 3.999, 0.001000404 ], "texture": "#texture", "rotation": 90 },
				"east": { "uv": [ 15.999, 0.001000404, 12.001, 15.999 ], "texture": "#texture", "rotation": 90 }
			}
		},
		{
			"__comment": "Top",
			"from": [ 6, 11.75, 6 ],
			"to": [ 10, 14, 10 ],
			"faces": {
				"down": { "uv": [ 9.999, 9.999, 6.001, 6.000999 ], "texture": "#top" },
				"up": { "uv": [ 6.001, 6.000999, 9.999, 9.999 ], "texture": "#top" },
				"north": { "uv": [ 6.001, 2.000999, 9.999, 4.249001 ], "texture": "#top" },
				"south": { "uv": [ 6.001, 2.000999, 9.999, 4.249001 ], "texture": "#top" },
				"west": { "uv": [ 6.001, 2.000999, 9.999, 4.249001 ], "texture": "#top" },
				"east": { "uv": [ 6.001, 2.000999, 9.999, 4.249001 ], "texture": "#top" }
			}
		},
		{
			"__comment": "Top",
			"from": [ 6, 16, 6 ],
			"to": [ 10, 17, 10 ],
			"faces": {
				"down": { "uv": [ 3.999, 3.999001, 0.000999928, 0.001000404 ], "texture": "#top" },
				"up": { "uv": [ 0.001, 0.001000404, 3.999, 3.999001 ], "texture": "#top" },
				"north": { "uv": [ 6.001, 0.001000404, 9.999, 0.9989996 ], "texture": "#top" },
				"south": { "uv": [ 6.001, 0.001000404, 9.999, 0.9989996 ], "texture": "#top" },
				"west": { "uv": [ 7.001, 0.001000404, 8.999, 0.9989996 ], "texture": "#top" },
				"east": { "uv": [ 7.001, 0.001000404, 8.999, 0.9989996 ], "texture": "#top" }
			}
		},
		{
			"__comment": "Top",
			"from": [ 7, 14, 7 ],
			"to": [ 9, 16, 9 ],
			"faces": {
				"north": { "uv": [ 6.001, 0.001000404, 7.999, 1.999 ], "texture": "#top" },
				"south": { "uv": [ 6.001, 0.001000404, 7.999, 1.999 ], "texture": "#top" },
				"west": { "uv": [ 6.001, 0.001000404, 7.999, 1.999 ], "texture": "#top" },
				"east": { "uv": [ 6.001, 0.001000404, 7.999, 1.999 ], "texture": "#top" }
			}
		},
		{
			"__comment": "Side",
			"from": [ 4, 2, 2 ],
			"to": [ 12, 10, 4 ],
			"faces": {
				"down": { "uv": [ 15.999, 12.001, 0.001000404, 15.999 ], "texture": "#texture" },
				"up": { "uv": [ 15.999, 0.001000404, 0.001000404, 3.999001 ], "texture": "#texture" },
				"north": { "uv": [ 0.001, 0.001000404, 15.999, 15.999 ], "texture": "#texture" },
				"west": { "uv": [ 15.999, 0.001000404, 12.001, 15.999 ], "texture": "#texture" },
				"east": { "uv": [ 3.999, 0.001000404, 0.000999928, 15.999 ], "texture": "#texture" }
			}
		},
		{
			"__comment": "Side",
			"from": [ 12, 2, 4 ],
			"to": [ 14, 10, 12 ],
			"faces": {
				"down": { "uv": [ 15.999, 12.001, 0.001000404, 15.999 ], "texture": "#texture", "rotation": 270 },
				"up": { "uv": [ 15.999, 0.001000404, 0.001000404, 3.999001 ], "texture": "#texture", "rotation": 90 },
				"north": { "uv": [ 15.999, 0.001000404, 12.001, 15.999 ], "texture": "#texture" },
				"south": { "uv": [ 3.999, 0.001000404, 0.000999928, 15.999 ], "texture": "#texture" },
				"east": { "uv": [ 0.001, 0.001000404, 15.999, 15.999 ], "texture": "#texture" }
			}
		},
		{
			"__comment": "Side",
			"from": [ 4, 2, 12 ],
			"to": [ 12, 10, 14 ],
			"faces": {
				"down": { "uv": [ 15.999, 12.001, 0.001000404, 15.999 ], "texture": "#texture", "rotation": 180 },
				"up": { "uv": [ 15.999, 0.001000404, 0.001000404, 3.999001 ], "texture": "#texture", "rotation": 180 },
				"south": { "uv": [ 0.001, 0.001000404, 15.999, 15.999 ], "texture": "#texture" },
				"west": { "uv": [ 3.999, 0.001000404, 0.000999928, 15.999 ], "texture": "#texture" },
				"east": { "uv": [ 15.999, 0.001000404, 12.001, 15.999 ], "texture": "#texture" }
			}
		},
		{
			"__comment": "Side",
			"from": [ 2, 2, 4 ],
			"to": [ 4, 10, 12 ],
			"faces": {
				"down": { "uv": [ 15.999, 12.001, 0.001000404, 15.999 ], "texture": "#texture", "rotation": 90 },
				"up": { "uv": [ 15.999, 0.001000404, 0.001000404, 3.999001 ], "texture": "#texture", "rotation": 270 },
				"north": { "uv": [ 3.999, 0.001000404, 0.000999928, 15.999 ], "texture": "#texture" },
				"south": { "uv": [ 15.999, 0.001000404, 12.001, 15.999 ], "texture": "#texture" },
				"west": { "uv": [ 0.001, 0.001000404, 15.999, 15.999 ], "texture": "#texture" }
			}
		},
		{
			"__comment": "Inside",
			"from": [ 4.125, 2.125, 2.125 ],
			"to": [ 11.875, 9.875, 13.875 ],
			"faces": {
				"down": { "uv": [ 9.999, 12.999, 7.001, 9.001 ], "texture": "#inside", "tintindex": 0 },
				"up": { "uv": [ 7.001, 9.001, 9.999, 12.999 ], "texture": "#inside", "tintindex": 0 },
				"north": { "uv": [ 7.001, 9.001, 9.999, 11.999 ], "texture": "#inside", "tintindex": 0 },
				"south": { "uv": [ 7.001, 9.001, 9.999, 11.999 ], "texture": "#inside", "tintindex": 0 },
				"west": { "uv": [ 7.001, 9.001, 9.999, 12.999 ], "texture": "#inside", "rotation": 90, "tintindex": 0 },
				"east": { "uv": [ 7.001, 9.001, 9.999, 12.999 ], "texture": "#inside", "rotation": 90, "tintindex": 0 }
			}
		},
		{
			"__comment": "Inside",
			"from": [ 2.125, 2.125, 4.125 ],
			"to": [ 4.125, 9.875, 11.875 ],
			"faces": {
				"down": { "uv": [ 9.999, 12.999, 9.001, 9.001 ], "texture": "#inside", "tintindex": 0 },
				"up": { "uv": [ 7.001, 9.001, 7.999, 12.999 ], "texture": "#inside", "tintindex": 0 },
				"north": { "uv": [ 9.001, 9.001, 9.999, 12.999 ], "texture": "#inside", "tintindex": 0 },
				"south": { "uv": [ 7.001, 9.001, 7.999, 12.999 ], "texture": "#inside", "tintindex": 0 },
				"west": { "uv": [ 7.001, 9.001, 9.999, 11.999 ], "texture": "#inside", "tintindex": 0 }
			}
		},
		{
			"__comment": "Inside",
			"from": [ 11.875, 2.125, 4.125 ],
			"to": [ 13.875, 9.875, 11.875 ],
			"faces": {
				"down": { "uv": [ 9.999, 12.999, 9.001, 9.001 ], "texture": "#inside", "tintindex": 0 },
				"up": { "uv": [ 7.001, 9.001, 7.999, 12.999 ], "texture": "#inside", "tintindex": 0 },
				"north": { "uv": [ 9.001, 9.001, 9.999, 12.999 ], "texture": "#inside", "tintindex": 0 },
				"south": { "uv": [ 7.001, 9.001, 7.999, 12.999 ], "texture": "#inside", "tintindex": 0 },
				"east": { "uv": [ 7.001, 9.001, 9.999, 11.999 ], "texture": "#inside", "tintindex": 0 }
			}
		},
		{
			"__comment": "Inside",
			"from": [ 4.125, 0.125, 4.125 ],
			"to": [ 11.875, 2.125, 11.875 ],
			"faces": {
				"down": { "uv": [ 9.999, 11.999, 7.001, 9.001 ], "texture": "#inside", "tintindex": 0 },
				"north": { "uv": [ 7.001, 11.001, 9.999, 11.999 ], "texture": "#inside", "tintindex": 0 },
				"south": { "uv": [ 7.001, 11.001, 9.999, 11.999 ], "texture": "#inside", "tintindex": 0 },
				"west": { "uv": [ 7.001, 11.001, 9.999, 11.999 ], "texture": "#inside", "tintindex": 0 },
				"east": { "uv": [ 6.001, 11.001, 8.999, 11.999 ], "texture": "#inside", "tintindex": 0 }
			}
		},
		{
			"__comment": "Kork",
			"from": [ 7, 16, 7.0625 ],
			"to": [ 9, 18, 9.0625 ],
			"faces": {
				"down": { "uv": [ 7, 6.9375, 9, 8.9375 ], "texture": "#brown" },
				"up": { "uv": [ 7, 6.9375, 9, 8.9375 ], "texture": "#brown" },
				"north": { "uv": [ 7, 6.9375, 9, 8.9375 ], "texture": "#brown" },
				"south": { "uv": [ 7, 6.9375, 9, 8.9375 ], "texture": "#brown" },
				"west": { "uv": [ 7, 6.9375, 9, 8.9375 ], "texture": "#brown" },
				"east": { "uv": [ 7, 6.9375, 9, 8.9375 ], "texture": "#brown" }
			}
		}
	],
	"display": {
		"thirdperson_righthand": {
			"scale":  [ 0.25, 0.25, 0.25 ]
		},
		"thirdperson_lefthand": {
			"scale":  [ 0.25, 0.25, 0.25 ]
		},
		"firstperson_righthand": {
			"rotation":  [ 25, 0, 0 ],
			"translation":  [ 1, 0, 0 ],
			"scale":  [ 0.25, 0.25, 0.25 ]
		},
		"firstperson_lefthand": {
			"rotation":  [ 25, 0, 0 ],
			"translation":  [ 1, 0, 0 ],
			"scale":  [ 0.25, 0.25, 0.25 ]
		},
		"gui": {
			"rotation":  [ 25, 25, 0 ],
			"scale":  [ 0.75, 0.75, 0.75 ]
		},
		"head": {
			"translation":  [ 0, 10, 0 ],
			"scale":  [ 0.5, 0.5, 0.5 ]
		},
		"ground": {
			"translation":  [ 0, 2, 0 ],
			"scale":  [ 0.25, 0.25, 0.25 ]
		},
		"fixed": {
			"scale":  [ 0.5, 0.5, 0.5 ]
		}
	}
}