{
"ambientocclusion": false,
"textures": {
    "particle": "item/golden_sword",
    "texture": "item/golden_sword"
},
"elements": [ 
{
    "__comment": "diamond_sword x16",
    "from": [ 0, 0, 7 ],
    "to": [ 2, 3, 9 ],
    "faces": {
        "down":  { "uv": [ 1, 15, 2, 16 ], "texture": "#texture" },
        "up":    { "uv": [ 0, 13, 1, 14 ], "texture": "#texture" },
        "north": { "uv": [ 2, 13, 0, 16 ], "texture": "#texture" },
        "south": { "uv": [ 0, 13, 2, 16 ], "texture": "#texture" },
        "west":  { "uv": [ 0, 13, 1, 14 ], "texture": "#texture" },
        "east":  { "uv": [ 2, 15, 3, 16 ], "texture": "#texture" }
    }
},
{
    "__comment": "diamond_sword x16",
    "from": [ 2, 8, 7 ],
    "to": [ 4, 10, 9 ],
    "faces": {
        "down":  { "uv": [ 2, 7, 3, 8 ], "texture": "#texture" },
        "up":    { "uv": [ 2, 6, 3, 7 ], "texture": "#texture" },
        "north": { "uv": [ 4, 6, 2, 8 ], "texture": "#texture" },
        "south": { "uv": [ 2, 6, 4, 8 ], "texture": "#texture" },
        "west":  { "uv": [ 2, 6, 3, 7 ], "texture": "#texture" },
        "east":  { "uv": [ 3, 6, 4, 7 ], "texture": "#texture" }
    }
},
{
    "__comment": "diamond_sword x16",
    "from": [ 2, 3, 7.5 ],
    "to": [ 5, 4, 8.5 ],
    "faces": {
        "down":  { "uv": [ 4, 12, 5, 13 ], "texture": "#texture" },
        "up":    { "uv": [ 2, 12, 3, 13 ], "texture": "#texture" },
        "north": { "uv": [ 5, 12, 2, 13 ], "texture": "#texture" },
        "south": { "uv": [ 2, 12, 5, 13 ], "texture": "#texture" },
        "west":  { "uv": [ 2, 12, 3, 13 ], "texture": "#texture" },
        "east":  { "uv": [ 4, 12, 5, 13 ], "texture": "#texture" }
    }
},
{
    "__comment": "diamond_sword x16",
    "from": [ 3, 6, 7.5 ],
    "to": [ 6, 8, 8.5 ],
    "faces": {
        "down":  { "uv": [ 5, 9, 6, 10 ], "texture": "#texture" },
        "up":    { "uv": [ 3, 8, 4, 9 ], "texture": "#texture" },
        "north": { "uv": [ 6, 8, 3, 10 ], "texture": "#texture" },
        "south": { "uv": [ 3, 8, 6, 10 ], "texture": "#texture" },
        "west":  { "uv": [ 3, 8, 4, 9 ], "texture": "#texture" }
    }
},
{
    "__comment": "diamond_sword x16",
    "from": [ 5, 4, 7 ],
    "to": [ 9, 5, 9 ],
    "faces": {
        "down":  { "uv": [ 8, 11, 9, 12 ], "texture": "#texture" },
        "up":    { "uv": [ 5, 11, 6, 12 ], "texture": "#texture" },
        "north": { "uv": [ 9, 11, 5, 12 ], "texture": "#texture" },
        "south": { "uv": [ 5, 11, 9, 12 ], "texture": "#texture" },
        "west":  { "uv": [ 5, 11, 6, 12 ], "texture": "#texture" },
        "east":  { "uv": [ 8, 11, 9, 12 ], "texture": "#texture" }
    }
},
{
    "__comment": "diamond_sword x16",
    "from": [ 3, 2, 7.5 ],
    "to": [ 4, 3, 8.5 ],
    "faces": {
        "down":  { "uv": [ 3, 13, 4, 14 ], "texture": "#texture" },
        "north": { "uv": [ 4, 13, 3, 14 ], "texture": "#texture" },
        "south": { "uv": [ 3, 13, 4, 14 ], "texture": "#texture" },
        "east":  { "uv": [ 3, 13, 4, 14 ], "texture": "#texture" }
    }
},
{
    "__comment": "diamond_sword x16",
    "from": [ 4, 8, 7 ],
    "to": [ 5, 9, 9 ],
    "faces": {
        "up":    { "uv": [ 4, 7, 5, 8 ], "texture": "#texture" },
        "north": { "uv": [ 5, 7, 4, 8 ], "texture": "#texture" },
        "south": { "uv": [ 4, 7, 5, 8 ], "texture": "#texture" },
        "east":  { "uv": [ 4, 7, 5, 8 ], "texture": "#texture" }
    }
},
{
    "__comment": "diamond_sword x16",
    "from": [ 4, 5, 7 ],
    "to": [ 8, 6, 9 ],
    "faces": {
        "down":  { "uv": [ 7, 10, 8, 11 ], "texture": "#texture" },
        "up":    { "uv": [ 4, 10, 5, 11 ], "texture": "#texture" },
        "north": { "uv": [ 8, 10, 4, 11 ], "texture": "#texture" },
        "south": { "uv": [ 4, 10, 8, 11 ], "texture": "#texture" },
        "west":  { "uv": [ 4, 10, 5, 11 ], "texture": "#texture" },
        "east":  { "uv": [ 7, 10, 8, 11 ], "texture": "#texture" }
    }
},
{
    "__comment": "diamond_sword x16",
    "from": [ 6, 8, 7.75 ],
    "to": [ 11, 9, 8.25 ],
    "faces": {
        "down":  { "uv": [ 10, 7, 11, 8 ], "texture": "#texture" },
        "up":    { "uv": [ 6, 7, 7, 8 ], "texture": "#texture" },
        "north": { "uv": [ 11, 7, 6, 8 ], "texture": "#texture" },
        "south": { "uv": [ 6, 7, 11, 8 ], "texture": "#texture" },
        "west":  { "uv": [ 6, 7, 7, 8 ], "texture": "#texture" },
        "east":  { "uv": [ 10, 7, 11, 8 ], "texture": "#texture" }
    }
},
{
    "__comment": "diamond_sword x16",
    "from": [ 6, 3, 7 ],
    "to": [ 10, 4, 9 ],
    "faces": {
        "down":  { "uv": [ 9, 12, 10, 13 ], "texture": "#texture" },
        "up":    { "uv": [ 6, 12, 7, 13 ], "texture": "#texture" },
        "north": { "uv": [ 10, 12, 6, 13 ], "texture": "#texture" },
        "south": { "uv": [ 6, 12, 10, 13 ], "texture": "#texture" },
        "west":  { "uv": [ 6, 12, 7, 13 ], "texture": "#texture" },
        "east":  { "uv": [ 9, 12, 10, 13 ], "texture": "#texture" }
    }
},
{
    "__comment": "diamond_sword x16",
    "from": [ 7, 9, 7.75 ],
    "to": [ 12, 10, 8.25 ],
    "faces": {
        "down":  { "uv": [ 11, 6, 12, 7 ], "texture": "#texture" },
        "up":    { "uv": [ 7, 6, 8, 7 ], "texture": "#texture" },
        "north": { "uv": [ 12, 6, 7, 7 ], "texture": "#texture" },
        "south": { "uv": [ 7, 6, 12, 7 ], "texture": "#texture" },
        "west":  { "uv": [ 7, 6, 8, 7 ], "texture": "#texture" },
        "east":  { "uv": [ 11, 6, 12, 7 ], "texture": "#texture" }
    }
},
{
    "__comment": "diamond_sword x16",
    "from": [ 8, 10, 7.75 ],
    "to": [ 13, 11, 8.25 ],
    "faces": {
        "down":  { "uv": [ 12, 5, 13, 6 ], "texture": "#texture" },
        "up":    { "uv": [ 8, 5, 9, 6 ], "texture": "#texture" },
        "north": { "uv": [ 13, 5, 8, 6 ], "texture": "#texture" },
        "south": { "uv": [ 8, 5, 13, 6 ], "texture": "#texture" },
        "west":  { "uv": [ 8, 5, 9, 6 ], "texture": "#texture" },
        "east":  { "uv": [ 12, 5, 13, 6 ], "texture": "#texture" }
    }
},
{
    "__comment": "diamond_sword x16",
    "from": [ 8, 2, 7 ],
    "to": [ 10, 3, 9 ],
    "faces": {
        "down":  { "uv": [ 9, 13, 10, 14 ], "texture": "#texture" },
        "north": { "uv": [ 10, 13, 8, 14 ], "texture": "#texture" },
        "south": { "uv": [ 8, 13, 10, 14 ], "texture": "#texture" },
        "west":  { "uv": [ 8, 13, 9, 14 ], "texture": "#texture" },
        "east":  { "uv": [ 9, 13, 10, 14 ], "texture": "#texture" }
    }
},
{
    "__comment": "diamond_sword x16",
    "from": [ 9, 11, 7.75 ],
    "to": [ 14, 12, 8.25 ],
    "faces": {
        "down":  { "uv": [ 13, 4, 14, 5 ], "texture": "#texture" },
        "up":    { "uv": [ 9, 4, 10, 5 ], "texture": "#texture" },
        "north": { "uv": [ 14, 4, 9, 5 ], "texture": "#texture" },
        "south": { "uv": [ 9, 4, 14, 5 ], "texture": "#texture" },
        "west":  { "uv": [ 9, 4, 10, 5 ], "texture": "#texture" },
        "east":  { "uv": [ 13, 4, 14, 5 ], "texture": "#texture" }
    }
},
{
    "__comment": "diamond_sword x16",
    "from": [ 9, 7, 7.75 ],
    "to": [ 10, 8, 8.25 ],
    "faces": {
        "down":  { "uv": [ 9, 8, 10, 9 ], "texture": "#texture" },
        "north": { "uv": [ 10, 8, 9, 9 ], "texture": "#texture" },
        "south": { "uv": [ 9, 8, 10, 9 ], "texture": "#texture" },
        "east":  { "uv": [ 9, 8, 10, 9 ], "texture": "#texture" }
    }
},
{
    "__comment": "diamond_sword x16",
    "from": [ 10, 12, 7.75 ],
    "to": [ 15, 13, 8.25 ],
    "faces": {
        "down":  { "uv": [ 14, 3, 15, 4 ], "texture": "#texture" },
        "up":    { "uv": [ 10, 3, 11, 4 ], "texture": "#texture" },
        "north": { "uv": [ 15, 3, 10, 4 ], "texture": "#texture" },
        "south": { "uv": [ 10, 3, 15, 4 ], "texture": "#texture" },
        "west":  { "uv": [ 10, 3, 11, 4 ], "texture": "#texture" },
        "east":  { "uv": [ 14, 3, 15, 4 ], "texture": "#texture" }
    }
},
{
    "__comment": "diamond_sword x16",
    "from": [ 11, 13, 7.75 ],
    "to": [ 16, 14, 8.25 ],
    "faces": {
        "down":  { "uv": [ 15, 2, 16, 3 ], "texture": "#texture" },
        "up":    { "uv": [ 11, 2, 12, 3 ], "texture": "#texture" },
        "north": { "uv": [ 16, 2, 11, 3 ], "texture": "#texture" },
        "south": { "uv": [ 11, 2, 16, 3 ], "texture": "#texture" },
        "west":  { "uv": [ 11, 2, 12, 3 ], "texture": "#texture" },
        "east":  { "uv": [ 15, 2, 16, 3 ], "texture": "#texture" }
    }
},
{
    "__comment": "diamond_sword x16",
    "from": [ 12, 14, 7.75 ],
    "to": [ 16, 15, 8.25 ],
    "faces": {
        "up":    { "uv": [ 12, 1, 13, 2 ], "texture": "#texture" },
        "north": { "uv": [ 16, 1, 12, 2 ], "texture": "#texture" },
        "south": { "uv": [ 12, 1, 16, 2 ], "texture": "#texture" },
        "west":  { "uv": [ 12, 1, 13, 2 ], "texture": "#texture" },
        "east":  { "uv": [ 15, 1, 16, 2 ], "texture": "#texture" }
    }
},
{
    "__comment": "diamond_sword x16",
    "from": [ 13, 15, 7.75 ],
    "to": [ 16, 16, 8.25 ],
    "faces": {
        "up":    { "uv": [ 13, 0, 14, 1 ], "texture": "#texture" },
        "north": { "uv": [ 16, 0, 13, 1 ], "texture": "#texture" },
        "south": { "uv": [ 13, 0, 16, 1 ], "texture": "#texture" },
        "west":  { "uv": [ 13, 0, 14, 1 ], "texture": "#texture" },
        "east":  { "uv": [ 15, 0, 16, 1 ], "texture": "#texture" }
    }
},
{
    "__comment": "diamond_sword x16*",
    "from": [ 2, 0, 7 ],
    "to": [ 3, 2, 9 ],
    "faces": {
        "down":  { "uv": [ 2, 15, 3, 16 ], "texture": "#texture" },
        "up":    { "uv": [ 2, 14, 3, 15 ], "texture": "#texture" },
        "north": { "uv": [ 3, 14, 2, 16 ], "texture": "#texture" },
        "south": { "uv": [ 2, 14, 3, 16 ], "texture": "#texture" },
        "east":  { "uv": [ 2, 15, 3, 16 ], "texture": "#texture" }
    }
},
{
    "__comment": "diamond_sword x16*",
    "from": [ 2, 2, 7.5 ],
    "to": [ 3, 3, 8.5 ],
    "faces": {
        "north": { "uv": [ 3, 13, 2, 14 ], "texture": "#texture" },
        "south": { "uv": [ 2, 13, 3, 14 ], "texture": "#texture" }
    }
},
{
    "__comment": "diamond_sword x16*",
    "from": [ 3, 6, 7 ],
    "to": [ 6, 8, 9 ],
    "faces": {
        "down":  { "uv": [ 5, 9, 6, 10 ], "texture": "#texture" },
        "up":    { "uv": [ 3, 8, 4, 9 ], "texture": "#texture" },
        "north": { "uv": [ 6, 8, 3, 10 ], "texture": "#texture" },
        "south": { "uv": [ 3, 8, 6, 10 ], "texture": "#texture" },
        "west":  { "uv": [ 3, 8, 4, 9 ], "texture": "#texture" },
        "east":  { "uv": [ 5, 9, 6, 10 ], "texture": "#texture" }
    }
},
{
    "__comment": "diamond_sword x16*",
    "from": [ 6, 6, 7.75 ],
    "to": [ 9, 8, 8.25 ],
    "faces": {
        "down":  { "uv": [ 8, 9, 9, 10 ], "texture": "#texture" },
        "north": { "uv": [ 9, 8, 6, 10 ], "texture": "#texture" },
        "south": { "uv": [ 6, 8, 9, 10 ], "texture": "#texture" },
        "east":  { "uv": [ 8, 9, 9, 10 ], "texture": "#texture" }
    }
},
{
    "__comment": "diamond_sword x16*",
    "from": [ 3, 4, 7.5 ],
    "to": [ 5, 5, 8.5 ],
    "faces": {
        "up":    { "uv": [ 3, 11, 4, 12 ], "texture": "#texture" },
        "north": { "uv": [ 5, 11, 3, 12 ], "texture": "#texture" },
        "south": { "uv": [ 3, 11, 5, 12 ], "texture": "#texture" },
        "west":  { "uv": [ 3, 11, 4, 12 ], "texture": "#texture" }
    }
}
],
"display": {
    "thirdperson_righthand": {
        "rotation": [ 0, -90, 55 ],
        "translation": [ 0, 4, 0.5 ],
        "scale": [ 0.85, 0.85, 0.85 ]
    },
    "thirdperson_lefthand": {
        "rotation": [ 0, 90, -55 ],
        "translation": [ 0, 4, 0.5 ],
        "scale": [ 0.85, 0.85, 0.85 ]
    },
    "head": {
        "rotation": [ 0, 0, 0 ],
        "translation": [ 0, 13, 0 ],
        "scale": [ 1, 1, 1 ]
    },
    "ground": {
        "rotation": [ 90, 0, 0 ],
        "translation": [ 0, 0, 2.5 ],
        "scale": [ 0.85, 0.85, 0.85 ]
    },
    "fixed": {
        "rotation": [ 0, 0, 0 ],
        "translation": [ 0, 0, 0 ],
        "scale": [ 0.5, 0.5, 0.5 ]
    },
    "firstperson_righthand": {
        "rotation": [ 0, -90, 45 ],
        "translation": [ 0, 2.2, 0 ],
        "scale": [ 0.68, 0.68, 0.68 ]
    },
    "firstperson_lefthand": {
        "rotation": [ 0, 90, -45 ],
        "translation": [ 0, 2.2, 0 ],
        "scale": [ 0.68, 0.68, 0.68 ]
    },
    "gui": {
        "rotation": [ -30, 180, 15 ],
        "translation": [ 0, 0, 0 ],
        "scale": [ 0.85, 0.85, 0.85 ]
    }
}
}