{
	"__comment": "Designed by AndrealVox",
	"ambientocclusion": false,
	"textures": {
		"particle": "item/arrow",
		"texture": "block/planks_oak",
		"texture2": "item/arrow",
		"texture3": "item/spectral_arrow"
	},
	"elements": [
		{
			"__comment": "Shaft",
			"from": [ 8, 2, 0.5 ],
			"to": [ 9.25, 3.25, 15.5 ],
			"faces": {
				"down": { "uv": [ 8, 2, 9, 14 ], "texture": "#texture" },
				"up": { "uv": [ 8, 2, 9, 14 ], "texture": "#texture" },
				"west": { "uv": [ 2, 13, 14, 14 ], "texture": "#texture" },
				"east": { "uv": [ 2, 13, 14, 14 ], "texture": "#texture" }
			}
		},
		{
			"__comment": "Arrowhead1",
			"from": [ 8, 2, -2 ],
			"to": [ 9.25, 3.25, -0.75 ],
			"faces": {
				"down": { "uv": [ 12, 2, 13, 3 ], "texture": "#texture3", "tintindex": 0 },
				"up": { "uv": [ 12, 2, 13, 3 ], "texture": "#texture3", "tintindex": 0 },
				"north": { "uv": [ 12, 2, 13, 3 ], "texture": "#texture3", "tintindex": 0 },
				"west": { "uv": [ 12, 2, 13, 3 ], "texture": "#texture3", "tintindex": 0 },
				"east": { "uv": [ 12, 2, 13, 3 ], "texture": "#texture3", "tintindex": 0 }
			}
		},
		{
			"__comment": "Arrowhead2",
			"from": [ 8, 0.75, -0.75 ],
			"to": [ 9.25, 4.5, 0.5 ],
			"faces": {
				"down": { "uv": [ 12, 2, 13, 3 ], "texture": "#texture3", "tintindex": 0 },
				"up": { "uv": [ 12, 2, 13, 3 ], "texture": "#texture3", "tintindex": 0 },
				"north": { "uv": [ 12, 2, 13, 3 ], "texture": "#texture3", "tintindex": 0 },
				"south": { "uv": [ 12, 2, 13, 3 ], "texture": "#texture3", "tintindex": 0 },
				"west": { "uv": [ 12, 2, 13, 3 ], "texture": "#texture3", "tintindex": 0 },
				"east": { "uv": [ 12, 2, 13, 3 ], "texture": "#texture3", "tintindex": 0 }
			}
		},
		{
			"__comment": "Arrowhead3",
			"from": [ 6.75, 2, -0.75 ],
			"to": [ 10.5, 3.25, 0.5 ],
			"faces": {
				"down": { "uv": [ 12, 2, 13, 3 ], "texture": "#texture3", "tintindex": 0 },
				"up": { "uv": [ 12, 2, 13, 3 ], "texture": "#texture3", "tintindex": 0 },
				"north": { "uv": [ 12, 2, 13, 3 ], "texture": "#texture3", "tintindex": 0 },
				"south": { "uv": [ 12, 2, 13, 3 ], "texture": "#texture3", "tintindex": 0 },
				"west": { "uv": [ 12, 2, 13, 3 ], "texture": "#texture3", "tintindex": 0 },
				"east": { "uv": [ 12, 2, 13, 3 ], "texture": "#texture3", "tintindex": 0 }
			}
		},
		{
			"__comment": "Arrowhead4",
			"from": [ 8, 3.875, 0.5 ],
			"to": [ 9.25, 5.125, 1.75 ],
			"faces": {
				"down": { "uv": [ 12, 2, 13, 3 ], "texture": "#texture3", "tintindex": 0 },
				"up": { "uv": [ 12, 2, 13, 3 ], "texture": "#texture3", "tintindex": 0 },
				"north": { "uv": [ 12, 2, 13, 3 ], "texture": "#texture3", "tintindex": 0 },
				"south": { "uv": [ 12, 2, 13, 3 ], "texture": "#texture3", "tintindex": 0 },
				"west": { "uv": [ 12, 2, 13, 3 ], "texture": "#texture3", "tintindex": 0 },
				"east": { "uv": [ 12, 2, 13, 3 ], "texture": "#texture3", "tintindex": 0 }
			}
		},
		{
			"__comment": "Arrowhead5",
			"from": [ 8, 0.125, 0.5 ],
			"to": [ 9.25, 1.375, 1.75 ],
			"faces": {
				"down": { "uv": [ 12, 2, 13, 3 ], "texture": "#texture3", "tintindex": 0 },
				"up": { "uv": [ 12, 2, 13, 3 ], "texture": "#texture3", "tintindex": 0 },
				"north": { "uv": [ 12, 2, 13, 3 ], "texture": "#texture3", "tintindex": 0 },
				"south": { "uv": [ 12, 2, 13, 3 ], "texture": "#texture3", "tintindex": 0 },
				"west": { "uv": [ 12, 2, 13, 3 ], "texture": "#texture3", "tintindex": 0 },
				"east": { "uv": [ 12, 2, 13, 3 ], "texture": "#texture3", "tintindex": 0 }
			}
		},
		{
			"__comment": "Arrowhead6",
			"from": [ 6.125, 2, 0.5 ],
			"to": [ 7.375, 3.25, 1.75 ],
			"faces": {
				"down": { "uv": [ 12, 2, 13, 3 ], "texture": "#texture3", "tintindex": 0 },
				"up": { "uv": [ 12, 2, 13, 3 ], "texture": "#texture3", "tintindex": 0 },
				"north": { "uv": [ 12, 2, 13, 3 ], "texture": "#texture3", "tintindex": 0 },
				"south": { "uv": [ 12, 2, 13, 3 ], "texture": "#texture3", "tintindex": 0 },
				"west": { "uv": [ 12, 2, 13, 3 ], "texture": "#texture3", "tintindex": 0 },
				"east": { "uv": [ 12, 2, 13, 3 ], "texture": "#texture3", "tintindex": 0 }
			}
		},
		{
			"__comment": "Arrowhead",
			"from": [ 9.875, 2, 0.5 ],
			"to": [ 11.125, 3.25, 1.75 ],
			"faces": {
				"down": { "uv": [ 12, 2, 13, 3 ], "texture": "#texture3", "tintindex": 0 },
				"up": { "uv": [ 12, 2, 13, 3 ], "texture": "#texture3", "tintindex": 0 },
				"north": { "uv": [ 12, 2, 13, 3 ], "texture": "#texture3", "tintindex": 0 },
				"south": { "uv": [ 12, 2, 13, 3 ], "texture": "#texture3", "tintindex": 0 },
				"west": { "uv": [ 12, 2, 13, 3 ], "texture": "#texture3", "tintindex": 0 },
				"east": { "uv": [ 12, 2, 13, 3 ], "texture": "#texture3", "tintindex": 0 }
			}
		},
		{
			"__comment": "Fletching",
			"from": [ 9.5, 0.875, 15.5 ],
			"to": [ 10.75, 4.625, 16.75 ],
			"rotation": { "origin": [ 9.5, 0.875, 15.5 ], "axis": "z", "angle": 45 },
			"faces": {
				"down": { "uv": [ 13, 3, 14, 4 ], "texture": "#texture2" },
				"up": { "uv": [ 13, 3, 14, 4 ], "texture": "#texture2" },
				"north": { "uv": [ 13, 3, 14, 4 ], "texture": "#texture2" },
				"south": { "uv": [ 13, 3, 14, 4 ], "texture": "#texture2" },
				"west": { "uv": [ 13, 3, 14, 4 ], "texture": "#texture2" },
				"east": { "uv": [ 13, 3, 14, 4 ], "texture": "#texture2" }
			}
		},
		{
			"__comment": "Fletching1",
			"from": [ 8.25, 2.125, 15.5 ],
			"to": [ 12, 3.375, 16.75 ],
			"rotation": { "origin": [ 9.5, 0.875, 15.5 ], "axis": "z", "angle": 45 },
			"faces": {
				"down": { "uv": [ 13, 3, 14, 4 ], "texture": "#texture2" },
				"up": { "uv": [ 13, 3, 14, 4 ], "texture": "#texture2" },
				"north": { "uv": [ 13, 3, 14, 4 ], "texture": "#texture2" },
				"south": { "uv": [ 13, 3, 14, 4 ], "texture": "#texture2" },
				"west": { "uv": [ 13, 3, 14, 4 ], "texture": "#texture2" },
				"east": { "uv": [ 13, 3, 14, 4 ], "texture": "#texture2" }
			}
		},
		{
			"__comment": "Fletching2",
			"from": [ 9.5, 4, 16.75 ],
			"to": [ 10.75, 5.25, 18 ],
			"rotation": { "origin": [ 9.5, 0.875, 15.5 ], "axis": "z", "angle": 45 },
			"faces": {
				"down": { "uv": [ 13, 3, 14, 4 ], "texture": "#texture2" },
				"up": { "uv": [ 13, 3, 14, 4 ], "texture": "#texture2" },
				"north": { "uv": [ 13, 3, 14, 4 ], "texture": "#texture2" },
				"south": { "uv": [ 13, 3, 14, 4 ], "texture": "#texture2" },
				"west": { "uv": [ 13, 3, 14, 4 ], "texture": "#texture2" },
				"east": { "uv": [ 13, 3, 14, 4 ], "texture": "#texture2" }
			}
		},
		{
			"__comment": "Fletching3",
			"from": [ 9.5, 0.25, 16.75 ],
			"to": [ 10.75, 1.5, 18 ],
			"rotation": { "origin": [ 9.5, 0.875, 15.5 ], "axis": "z", "angle": 45 },
			"faces": {
				"down": { "uv": [ 13, 3, 14, 4 ], "texture": "#texture2" },
				"up": { "uv": [ 13, 3, 14, 4 ], "texture": "#texture2" },
				"north": { "uv": [ 13, 3, 14, 4 ], "texture": "#texture2" },
				"south": { "uv": [ 13, 3, 14, 4 ], "texture": "#texture2" },
				"west": { "uv": [ 13, 3, 14, 4 ], "texture": "#texture2" },
				"east": { "uv": [ 13, 3, 14, 4 ], "texture": "#texture2" }
			}
		},
		{
			"__comment": "Fletching4",
			"from": [ 7.625, 2.125, 16.75 ],
			"to": [ 8.875, 3.375, 18 ],
			"rotation": { "origin": [ 9.5, 0.875, 15.5 ], "axis": "z", "angle": 45 },
			"faces": {
				"down": { "uv": [ 13, 3, 14, 4 ], "texture": "#texture2" },
				"up": { "uv": [ 13, 3, 14, 4 ], "texture": "#texture2" },
				"north": { "uv": [ 13, 3, 14, 4 ], "texture": "#texture2" },
				"south": { "uv": [ 13, 3, 14, 4 ], "texture": "#texture2" },
				"west": { "uv": [ 13, 3, 14, 4 ], "texture": "#texture2" },
				"east": { "uv": [ 13, 3, 14, 4 ], "texture": "#texture2" }
			}
		},
		{
			"__comment": "Fletching5",
			"from": [ 11.375, 2.125, 16.75 ],
			"to": [ 12.625, 3.375, 18 ],
			"rotation": { "origin": [ 9.5, 0.875, 15.5 ], "axis": "z", "angle": 45 },
			"faces": {
				"down": { "uv": [ 13, 3, 14, 4 ], "texture": "#texture2" },
				"up": { "uv": [ 13, 3, 14, 4 ], "texture": "#texture2" },
				"north": { "uv": [ 13, 3, 14, 4 ], "texture": "#texture2" },
				"south": { "uv": [ 13, 3, 14, 4 ], "texture": "#texture2" },
				"west": { "uv": [ 13, 3, 14, 4 ], "texture": "#texture2" },
				"east": { "uv": [ 13, 3, 14, 4 ], "texture": "#texture2" }
			}
		}
	],
	"display": {
		"thirdperson_righthand": {
			"rotation":  [ 75, 45, 0 ],
			"translation":  [ -2, 2, 2 ],
			"scale":  [ 0.375, 0.375, 0.375 ]
		},
		"thirdperson_lefthand": {
			"rotation":  [ 75, 45, 0 ],
			"translation":  [ -2, 2, 2 ],
			"scale":  [ 0.375, 0.375, 0.375 ]
		},
		"firstperson_righthand": {
			"rotation":  [ 22, 0, 45 ],
			"translation":  [ -2, 6, 0 ],
			"scale":  [ 0.75, 0.75, 0.75 ]
		},
		"firstperson_lefthand": {
			"rotation":  [ 22, 0, 45 ],
			"translation":  [ -2, 6, 0 ],
			"scale":  [ 0.75, 0.75, 0.75 ]
		},
		"gui": {
			"rotation":  [ 90, 45, 45 ],
			"translation":  [ -3, -3, 0 ]
		},
		"ground": {
			"translation":  [ 0, 3, 0 ],
			"scale":  [ 0.25, 0.25, 0.25 ]
		},
		"fixed": {
			"rotation":  [ 90, -45, 45 ],
			"translation":  [ -3, 3, 3 ]
		}
	}
}