{
	"__comment": "Designed by AndrealVox",
	"ambientocclusion": false,
	"textures": {
		"layer0": "item/spawn_egg",
		"layer1": "item/spawn_egg_overlay"
	},
	"elements": [ 	 
		{
			"__comment": "Egg",
			"from": [ 6, 1, 6 ],
			"to": [ 10, 2, 10 ],
			"faces": {
				"down": { "uv": [ 6, 6, 10, 10 ], "texture": "#layer1", "tintindex": 0 },
				"up": { "uv": [ 6, 6, 10, 10 ], "texture": "#layer1", "tintindex": 0 },
				"north": { "uv": [ 6, 14, 10, 15 ], "texture": "#layer1", "tintindex": 0 },
				"south": { "uv": [ 6, 14, 10, 15 ], "texture": "#layer1", "tintindex": 0 },
				"west": { "uv": [ 6, 14, 10, 15 ], "texture": "#layer1", "tintindex": 0 },
				"east": { "uv": [ 6, 14, 10, 15 ], "texture": "#layer1", "tintindex": 0 }
			}
		},
		{
			"__comment": "Egg1",
			"from": [ 4, 2, 4 ],
			"to": [ 12, 3, 12 ],
			"faces": {
				"down": { "uv": [ 4, 4, 12, 12 ], "texture": "#layer1", "tintindex": 0 },
				"up": { "uv": [ 4, 4, 12, 12 ], "texture": "#layer1", "tintindex": 0 },
				"north": { "uv": [ 4, 13, 12, 14 ], "texture": "#layer1", "tintindex": 0 },
				"south": { "uv": [ 4, 13, 12, 14 ], "texture": "#layer1", "tintindex": 0 },
				"west": { "uv": [ 4, 13, 12, 14 ], "texture": "#layer1", "tintindex": 0 },
				"east": { "uv": [ 4, 13, 12, 14 ], "texture": "#layer1", "tintindex": 0 }
			}
		},
		{
			"__comment": "Egg2",
			"from": [ 3, 3, 3 ],
			"to": [ 13, 5, 13 ],
			"faces": {
				"down": { "uv": [ 3, 3, 13, 13 ], "texture": "#layer1", "tintindex": 0 },
				"up": { "uv": [ 3, 3, 13, 13 ], "texture": "#layer1", "tintindex": 0 },
				"north": { "uv": [ 3, 11, 13, 13 ], "texture": "#layer1", "tintindex": 0 },
				"south": { "uv": [ 3, 11, 13, 13 ], "texture": "#layer1", "tintindex": 0 },
				"west": { "uv": [ 3, 11, 13, 13 ], "texture": "#layer1", "tintindex": 0 },
				"east": { "uv": [ 3, 11, 13, 13 ], "texture": "#layer1", "tintindex": 0 }
			}
		},
		{
			"__comment": "Egg3",
			"from": [ 2, 5, 2 ],
			"to": [ 14, 8, 14 ],
			"faces": {
				"down": { "uv": [ 2, 2, 14, 14 ], "texture": "#layer1", "tintindex": 0 },
				"up": { "uv": [ 2, 8, 14, 11 ], "texture": "#layer1", "tintindex": 0 },
				"north": { "uv": [ 2, 8, 14, 11 ], "texture": "#layer1", "tintindex": 0 },
				"south": { "uv": [ 2, 8, 14, 11 ], "texture": "#layer1", "tintindex": 0 },
				"west": { "uv": [ 2, 8, 14, 11 ], "texture": "#layer1", "tintindex": 0 },
				"east": { "uv": [ 2, 8, 14, 11 ], "texture": "#layer1", "tintindex": 0 }
			}
		},
		{
			"__comment": "Egg4",
			"from": [ 3, 8, 3 ],
			"to": [ 13, 10, 13 ],
			"faces": {
				"down": { "uv": [ 3, 3, 13, 13 ], "texture": "#layer1", "tintindex": 0 },
				"up": { "uv": [ 3, 6, 13, 13 ], "texture": "#layer1", "tintindex": 0 },
				"north": { "uv": [ 3, 6, 13, 8 ], "texture": "#layer1", "tintindex": 0 },
				"south": { "uv": [ 3, 6, 13, 8 ], "texture": "#layer1", "tintindex": 0 },
				"west": { "uv": [ 3, 6, 13, 8 ], "texture": "#layer1", "tintindex": 0 },
				"east": { "uv": [ 3, 6, 13, 8 ], "texture": "#layer1", "tintindex": 0 }
			}
		},
		{
			"__comment": "Egg5",
			"from": [ 4, 10, 4 ],
			"to": [ 12, 12, 12 ],
			"faces": {
				"down": { "uv": [ 4, 4, 12, 12 ], "texture": "#layer1", "tintindex": 0 },
				"up": { "uv": [ 4, 4, 12, 13 ], "texture": "#layer1", "tintindex": 0 },
				"north": { "uv": [ 4, 4, 12, 6 ], "texture": "#layer1", "tintindex": 0 },
				"south": { "uv": [ 4, 4, 12, 6 ], "texture": "#layer1", "tintindex": 0 },
				"west": { "uv": [ 4, 4, 12, 6 ], "texture": "#layer1", "tintindex": 0 },
				"east": { "uv": [ 4, 4, 12, 6 ], "texture": "#layer1", "tintindex": 0 }
			}
		},
		{
			"__comment": "Egg6",
			"from": [ 5, 12, 5 ],
			"to": [ 11, 13, 11 ],
			"faces": {
				"down": { "uv": [ 5, 5, 11, 11 ], "texture": "#layer1", "tintindex": 0 },
				"up": { "uv": [ 5, 3, 11, 9 ], "texture": "#layer1", "tintindex": 0 },
				"north": { "uv": [ 5, 3, 11, 4 ], "texture": "#layer1", "tintindex": 0 },
				"south": { "uv": [ 5, 3, 11, 4 ], "texture": "#layer1", "tintindex": 0 },
				"west": { "uv": [ 5, 3, 11, 4 ], "texture": "#layer1", "tintindex": 0 },
				"east": { "uv": [ 5, 3, 11, 4 ], "texture": "#layer1", "tintindex": 0 }
			}
		},
		{
			"__comment": "Egg7",
			"from": [ 7, 13, 7 ],
			"to": [ 9, 14, 9 ],
			"faces": {
				"down": { "uv": [ 7, 7, 9, 9 ], "texture": "#layer1", "tintindex": 0 },
				"up": { "uv": [ 7, 2, 9, 3 ], "texture": "#layer1", "tintindex": 0 },
				"north": { "uv": [ 7, 2, 9, 3 ], "texture": "#layer1", "tintindex": 0 },
				"south": { "uv": [ 7, 2, 9, 3 ], "texture": "#layer1", "tintindex": 0 },
				"west": { "uv": [ 7, 2, 9, 3 ], "texture": "#layer1", "tintindex": 0 },
				"east": { "uv": [ 7, 2, 9, 3 ], "texture": "#layer1", "tintindex": 0 }
			}
		},
		{
			"__comment": "Box",
			"from": [ 0, 1.75, 20.25 ],
			"to": [ 16, 8.75, 21.25 ],
			"rotation": { "origin": [ 0, 1.75, 20.25 ], "axis": "x", "angle": -45 },
			"faces": {
				"down": { "uv": [ 1, 13, 15, 14 ], "texture": "#layer0", "tintindex": 1 },
				"up": { "uv": [ 1, 2, 15, 3 ], "texture": "#layer0", "tintindex": 1 },
				"north": { "uv": [ 1, 9, 15, 16 ], "texture": "#layer0", "tintindex": 1 },
				"south": { "uv": [ 1, 9, 15, 16 ], "texture": "#layer0", "tintindex": 1 },
				"west": { "uv": [ 2, 9, 3, 16 ], "texture": "#layer0", "tintindex": 1 },
				"east": { "uv": [ 13, 9, 14, 16 ], "texture": "#layer0", "tintindex": 1 }
			}
		},
		{
			"__comment": "Box1",
			"from": [ 1, 0, 0 ],
			"to": [ 15, 7, 1 ],
			"faces": {
				"down": { "uv": [ 1, 15, 15, 16 ], "texture": "#layer0", "tintindex": 1 },
				"up": { "uv": [ 1, 0, 15, 1 ], "texture": "#layer0", "tintindex": 1 },
				"north": { "uv": [ 1, 9, 15, 16 ], "texture": "#layer0", "tintindex": 1 },
				"south": { "uv": [ 1, 9, 15, 16 ], "texture": "#layer0", "tintindex": 1 },
				"west": { "uv": [ 0, 9, 1, 16 ], "texture": "#layer0", "tintindex": 1 },
				"east": { "uv": [ 15, 9, 16, 16 ], "texture": "#layer0", "tintindex": 1 }
			}
		},
		{
			"__comment": "Box2",
			"from": [ 0, 0, 0 ],
			"to": [ 16, 0.001, 16 ],
			"faces": {
				"down": { "uv": [ 0, 0, 16, 16 ], "texture": "#layer0", "tintindex": 1 },
				"up": { "uv": [ 0, 0, 16, 16 ], "texture": "#layer0", "tintindex": 1 }
			}
		},
		{
			"__comment": "Box3",
			"from": [ 0, 0, 0 ],
			"to": [ 1, 7, 16 ],
			"faces": {
				"down": { "uv": [ 0, 0, 1, 16 ], "texture": "#layer0", "tintindex": 1 },
				"up": { "uv": [ 0, 0, 1, 16 ], "texture": "#layer0", "tintindex": 1 },
				"north": { "uv": [ 15, 9, 16, 16 ], "texture": "#layer0", "tintindex": 1 },
				"south": { "uv": [ 0, 9, 1, 16 ], "texture": "#layer0", "tintindex": 1 },
				"west": { "uv": [ 0, 9, 16, 16 ], "texture": "#layer0", "tintindex": 1 },
				"east": { "uv": [ 0, 9, 16, 16 ], "texture": "#layer0", "tintindex": 1 }
			}
		},
		{
			"__comment": "Box4",
			"from": [ 15, 0, 0 ],
			"to": [ 16, 7, 16 ],
			"faces": {
				"down": { "uv": [ 15, 0, 16, 16 ], "texture": "#layer0", "tintindex": 1 },
				"up": { "uv": [ 15, 0, 16, 16 ], "texture": "#layer0", "tintindex": 1 },
				"north": { "uv": [ 0, 9, 1, 16 ], "texture": "#layer0", "tintindex": 1 },
				"south": { "uv": [ 15, 9, 16, 16 ], "texture": "#layer0", "tintindex": 1 },
				"west": { "uv": [ 0, 9, 16, 16 ], "texture": "#layer0", "tintindex": 1 },
				"east": { "uv": [ 0, 9, 16, 16 ], "texture": "#layer0", "tintindex": 1 }
			}
		},
		{
			"__comment": "Box5",
			"from": [ -5, 2.5, 0 ],
			"to": [ -4, 9.5, 16 ],
			"rotation": { "origin": [ -5, 2.5, 0 ], "axis": "z", "angle": -45 },
			"faces": {
				"down": { "uv": [ 13, 0, 14, 16 ], "texture": "#layer0", "tintindex": 1 },
				"up": { "uv": [ 13, 0, 14, 16 ], "texture": "#layer0", "tintindex": 1 },
				"north": { "uv": [ 2, 9, 3, 16 ], "texture": "#layer0", "tintindex": 1 },
				"south": { "uv": [ 13, 9, 14, 16 ], "texture": "#layer0", "tintindex": 1 },
				"west": { "uv": [ 0, 9, 16, 16 ], "texture": "#layer0", "tintindex": 1 },
				"east": { "uv": [ 0, 9, 16, 16 ], "texture": "#layer0", "tintindex": 1 }
			}
		},
		{
			"__comment": "Box6",
			"from": [ 20, 2.5, 0 ],
			"to": [ 21, 9.5, 16 ],
			"rotation": { "origin": [ 21, 2.5, 16 ], "axis": "z", "angle": 45 },
			"faces": {
				"down": { "uv": [ 13, 0, 14, 16 ], "texture": "#layer0", "rotation": 180, "tintindex": 1 },
				"up": { "uv": [ 13, 0, 14, 16 ], "texture": "#layer0", "rotation": 180, "tintindex": 1 },
				"north": { "uv": [ 13, 9, 14, 16 ], "texture": "#layer0", "tintindex": 1 },
				"south": { "uv": [ 2, 9, 3, 16 ], "texture": "#layer0", "tintindex": 1 },
				"west": { "uv": [ 0, 9, 16, 16 ], "texture": "#layer0", "tintindex": 1 },
				"east": { "uv": [ 0, 9, 16, 16 ], "texture": "#layer0", "tintindex": 1 }
			}
		},
		{
			"__comment": "Box7",
			"from": [ 1, 0, 15 ],
			"to": [ 15, 7, 16 ],
			"faces": {
				"down": { "uv": [ 1, 0, 15, 1 ], "texture": "#layer0", "tintindex": 1 },
				"up": { "uv": [ 1, 15, 15, 16 ], "texture": "#layer0", "tintindex": 1 },
				"north": { "uv": [ 1, 9, 15, 16 ], "texture": "#layer0", "tintindex": 1 },
				"south": { "uv": [ 1, 9, 15, 16 ], "texture": "#layer0", "tintindex": 1 },
				"west": { "uv": [ 15, 9, 16, 16 ], "texture": "#layer0", "tintindex": 1 },
				"east": { "uv": [ 0, 9, 1, 16 ], "texture": "#layer0", "tintindex": 1 }
			}
		},
		{
			"__comment": "Box8",
			"from": [ 1, 0, 15 ],
			"to": [ 15, 7, 16 ],
			"faces": {
				"down": { "uv": [ 1, 0, 15, 1 ], "texture": "#layer0", "tintindex": 1 },
				"up": { "uv": [ 1, 15, 15, 16 ], "texture": "#layer0", "tintindex": 1 },
				"north": { "uv": [ 1, 9, 15, 16 ], "texture": "#layer0", "tintindex": 1 },
				"south": { "uv": [ 1, 9, 15, 16 ], "texture": "#layer0", "tintindex": 1 },
				"west": { "uv": [ 15, 9, 16, 16 ], "texture": "#layer0", "tintindex": 1 },
				"east": { "uv": [ 0, 9, 1, 16 ], "texture": "#layer0", "tintindex": 1 }
			}
		},
		{
			"__comment": "Box9",
			"from": [ 0, 1.75, -5.25 ],
			"to": [ 16, 8.75, -4.25 ],
			"rotation": { "origin": [ 16, 1.75, -4.25 ], "axis": "x", "angle": 45 },
			"faces": {
				"down": { "uv": [ 1, 13, 15, 14 ], "texture": "#layer0", "rotation": 180, "tintindex": 1 },
				"up": { "uv": [ 1, 2, 15, 3 ], "texture": "#layer0", "rotation": 180, "tintindex": 1 },
				"north": { "uv": [ 1, 9, 15, 16 ], "texture": "#layer0", "tintindex": 1 },
				"south": { "uv": [ 1, 9, 15, 16 ], "texture": "#layer0", "tintindex": 1 },
				"west": { "uv": [ 13, 9, 14, 16 ], "texture": "#layer0", "tintindex": 1 },
				"east": { "uv": [ 2, 9, 3, 16 ], "texture": "#layer0", "tintindex": 1 }
			}
		}
	],
	"display": {
		"thirdperson_righthand": {
			"rotation":  [ -22, 45, 0 ],
			"translation":  [ 0, 1, 0 ],
			"scale":  [ 0.25, 0.25, 0.25 ]
		},
		"thirdperson_lefthand": {
			"rotation":  [ -22, 45, 0 ],
			"translation":  [ 0, 1, 0 ],
			"scale":  [ 0.25, 0.25, 0.25 ]
		},
		"firstperson_righthand": {
			"rotation":  [ -22, 22, 0 ],
			"translation":  [ 1, 3, 0 ],
			"scale":  [ 0.24, 0.24, 0.24 ]
		},
		"firstperson_lefthand": {
			"rotation":  [ -22, 22, 0 ],
			"translation":  [ 1, 3, 0 ],
			"scale":  [ 0.24, 0.24, 0.24 ]
		},
		"gui": {
			"rotation":  [ 30, 135, 0 ],
			"scale":  [ 0.5, 0.5, 0.5 ]
		},
		"ground": {
			"translation":  [ 0, 3, 0 ],
			"scale":  [ 0.25, 0.25, 0.25 ]
		},
		"fixed": {
			"scale":  [ 0.5, 0.5, 0.25 ]
		}
	}
}