{
	"__comment": "Designed by AndrealVox",
	"ambientocclusion": false,
	"textures": {
		"particle": "block/wheat_stage_7",
		"wool": "block/wool_colored_white"
	},
	"elements": [
		{
			"__comment": "Small",
			"from": [ 11.5, -1, 7 ],
			"to": [ 12.5, 15, 8 ],
			"rotation": { "origin": [ 11.5, -1, 7 ], "axis": "z", "angle": 22.5 },
			"faces": {
				"down": { "uv": [ 7, 15, 8, 16 ], "texture": "#particle" },
				"up": { "uv": [ 7, 1, 8, 2 ], "texture": "#particle" },
				"north": { "uv": [ 7, 1, 8, 16 ], "texture": "#particle" },
				"south": { "uv": [ 7, 1, 8, 16 ], "texture": "#particle" },
				"west": { "uv": [ 7, 1, 8, 16 ], "texture": "#particle" },
				"east": { "uv": [ 7, 1, 8, 16 ], "texture": "#particle" }
			}
		},
		{
			"__comment": "Small",
			"from": [ 8, 1, 10.5 ],
			"to": [ 9, 17, 11.5 ],
			"rotation": { "origin": [ 8, 1, 10.5 ], "axis": "x", "angle": -22.5 },
			"faces": {
				"down": { "uv": [ 7, 15, 8, 16 ], "texture": "#particle" },
				"up": { "uv": [ 7, 1, 8, 2 ], "texture": "#particle" },
				"north": { "uv": [ 7, 1, 8, 16 ], "texture": "#particle" },
				"south": { "uv": [ 7, 1, 8, 16 ], "texture": "#particle" },
				"west": { "uv": [ 7, 1, 8, 16 ], "texture": "#particle" },
				"east": { "uv": [ 7, 1, 8, 16 ], "texture": "#particle" }
			}
		},
		{
			"__comment": "Wool",
			"from": [ 6.5, 7.5, 6.5 ],
			"to": [ 9.5, 8.5, 10 ],
			"faces": {
				"down": { "uv": [ 9.5, 10, 6.5, 6.5 ], "texture": "#wool" },
				"up": { "uv": [ 6.5, 6.5, 9.5, 10 ], "texture": "#wool" },
				"north": { "uv": [ 6.5, 7.5, 9.5, 8.5 ], "texture": "#wool" },
				"south": { "uv": [ 6.5, 7.5, 9.5, 8.5 ], "texture": "#wool" },
				"west": { "uv": [ 6.5, 7.5, 10, 8.5 ], "texture": "#wool" },
				"east": { "uv": [ 6, 7.5, 9.5, 8.5 ], "texture": "#wool" }
			}
		},
		{
			"__comment": "Small",
			"from": [ 6.875, 1, 5 ],
			"to": [ 7.875, 17, 6 ],
			"rotation": { "origin": [ 6.875, 1, 5 ], "axis": "x", "angle": 22.5 },
			"faces": {
				"down": { "uv": [ 7, 15, 8, 16 ], "texture": "#particle" },
				"up": { "uv": [ 7, 1, 8, 2 ], "texture": "#particle" },
				"north": { "uv": [ 7, 1, 8, 16 ], "texture": "#particle" },
				"south": { "uv": [ 7, 1, 8, 16 ], "texture": "#particle" },
				"west": { "uv": [ 7, 1, 8, 16 ], "texture": "#particle" },
				"east": { "uv": [ 7, 1, 8, 16 ], "texture": "#particle" }
			}
		},
		{
			"__comment": "Small",
			"from": [ 5, 1, 8.5 ],
			"to": [ 6, 17, 9.5 ],
			"rotation": { "origin": [ 5, 1, 8.5 ], "axis": "z", "angle": -22.5 },
			"faces": {
				"down": { "uv": [ 7, 15, 8, 16 ], "texture": "#particle" },
				"up": { "uv": [ 7, 1, 8, 2 ], "texture": "#particle" },
				"north": { "uv": [ 7, 1, 8, 16 ], "texture": "#particle" },
				"south": { "uv": [ 7, 1, 8, 16 ], "texture": "#particle" },
				"west": { "uv": [ 7, 1, 8, 16 ], "texture": "#particle" },
				"east": { "uv": [ 7, 1, 8, 16 ], "texture": "#particle" }
			}
		},
		{
			"__comment": "Small",
			"from": [ 4, -1, 7.25 ],
			"to": [ 5, 15, 8.25 ],
			"rotation": { "origin": [ 4, -1, 7.25 ], "axis": "z", "angle": -22.5 },
			"faces": {
				"down": { "uv": [ 7, 15, 8, 16 ], "texture": "#particle" },
				"up": { "uv": [ 7, 1, 8, 2 ], "texture": "#particle" },
				"north": { "uv": [ 7, 1, 8, 16 ], "texture": "#particle" },
				"south": { "uv": [ 7, 1, 8, 16 ], "texture": "#particle" },
				"west": { "uv": [ 7, 1, 8, 16 ], "texture": "#particle" },
				"east": { "uv": [ 7, 1, 8, 16 ], "texture": "#particle" }
			}
		},
		{
			"__comment": "Small",
			"from": [ 10.5, 0, 8.25 ],
			"to": [ 11.5, 16, 9.25 ],
			"rotation": { "origin": [ 10.5, 0, 8.25 ], "axis": "z", "angle": 22.5 },
			"faces": {
				"down": { "uv": [ 7, 15, 8, 16 ], "texture": "#particle" },
				"up": { "uv": [ 7, 1, 8, 2 ], "texture": "#particle" },
				"north": { "uv": [ 7, 1, 8, 16 ], "texture": "#particle" },
				"south": { "uv": [ 7, 1, 8, 16 ], "texture": "#particle" },
				"west": { "uv": [ 7, 1, 8, 16 ], "texture": "#particle" },
				"east": { "uv": [ 7, 1, 8, 16 ], "texture": "#particle" }
			}
		},
		{
			"__comment": "Small",
			"from": [ 8.375, 0, 6.75 ],
			"to": [ 9.375, 16, 7.75 ],
			"faces": {
				"down": { "uv": [ 7, 15, 8, 16 ], "texture": "#particle" },
				"up": { "uv": [ 7, 1, 8, 2 ], "texture": "#particle" },
				"north": { "uv": [ 7, 1, 8, 16 ], "texture": "#particle" },
				"south": { "uv": [ 7, 1, 8, 16 ], "texture": "#particle" },
				"west": { "uv": [ 7, 1, 8, 16 ], "texture": "#particle" },
				"east": { "uv": [ 7, 1, 8, 16 ], "texture": "#particle" }
			}
		},
		{
			"__comment": "Small",
			"from": [ 6.625, 0, 6.625 ],
			"to": [ 7.625, 16, 7.625 ],
			"faces": {
				"down": { "uv": [ 7, 15, 8, 16 ], "texture": "#particle" },
				"up": { "uv": [ 7, 1, 8, 2 ], "texture": "#particle" },
				"north": { "uv": [ 7, 1, 8, 16 ], "texture": "#particle" },
				"south": { "uv": [ 7, 1, 8, 16 ], "texture": "#particle" },
				"west": { "uv": [ 7, 1, 8, 16 ], "texture": "#particle" },
				"east": { "uv": [ 7, 1, 8, 16 ], "texture": "#particle" }
			}
		},
		{
			"__comment": "Small",
			"from": [ 6.625, 0, 8.875 ],
			"to": [ 7.625, 16, 9.875 ],
			"faces": {
				"down": { "uv": [ 7, 15, 8, 16 ], "texture": "#particle" },
				"up": { "uv": [ 7, 1, 8, 2 ], "texture": "#particle" },
				"north": { "uv": [ 7, 1, 8, 16 ], "texture": "#particle" },
				"south": { "uv": [ 7, 1, 8, 16 ], "texture": "#particle" },
				"west": { "uv": [ 7, 1, 8, 16 ], "texture": "#particle" },
				"east": { "uv": [ 7, 1, 8, 16 ], "texture": "#particle" }
			}
		},
		{
			"__comment": "Small",
			"from": [ 8, 1.125, 8.25 ],
			"to": [ 9, 17.125, 9.25 ],
			"faces": {
				"down": { "uv": [ 7, 15, 8, 16 ], "texture": "#particle" },
				"up": { "uv": [ 7, 1, 8, 2 ], "texture": "#particle" },
				"north": { "uv": [ 7, 1, 8, 16 ], "texture": "#particle" },
				"south": { "uv": [ 7, 1, 8, 16 ], "texture": "#particle" },
				"west": { "uv": [ 7, 1, 8, 16 ], "texture": "#particle" },
				"east": { "uv": [ 7, 1, 8, 16 ], "texture": "#particle" }
			}
		},
		{
			"__comment": "Small",
			"from": [ 7, -2.5, 11.5 ],
			"to": [ 8, 13.5, 12.5 ],
			"rotation": { "origin": [ 7, -2.5, 11.5 ], "axis": "x", "angle": -22.5 },
			"faces": {
				"down": { "uv": [ 7, 15, 8, 16 ], "texture": "#particle" },
				"up": { "uv": [ 7, 1, 8, 2 ], "texture": "#particle" },
				"north": { "uv": [ 7, 1, 8, 16 ], "texture": "#particle" },
				"south": { "uv": [ 7, 1, 8, 16 ], "texture": "#particle" },
				"west": { "uv": [ 7, 1, 8, 16 ], "texture": "#particle" },
				"east": { "uv": [ 7, 1, 8, 16 ], "texture": "#particle" }
			}
		},
		{
			"__comment": "Small",
			"from": [ 8.125, -3, 3.875 ],
			"to": [ 9.125, 13, 4.875 ],
			"rotation": { "origin": [ 8.125, -3, 3.875 ], "axis": "x", "angle": 22.5 },
			"faces": {
				"down": { "uv": [ 7, 15, 8, 16 ], "texture": "#particle" },
				"up": { "uv": [ 7, 1, 8, 2 ], "texture": "#particle" },
				"north": { "uv": [ 7, 1, 8, 16 ], "texture": "#particle" },
				"south": { "uv": [ 7, 1, 8, 16 ], "texture": "#particle" },
				"west": { "uv": [ 7, 1, 8, 16 ], "texture": "#particle" },
				"east": { "uv": [ 7, 1, 8, 16 ], "texture": "#particle" }
			}
		},
		{
			"__comment": "Small",
			"from": [ 8.375, 0, 8.75 ],
			"to": [ 9.375, 16, 9.75 ],
			"faces": {
				"down": { "uv": [ 7, 15, 8, 16 ], "texture": "#particle" },
				"up": { "uv": [ 7, 1, 8, 2 ], "texture": "#particle" },
				"north": { "uv": [ 7, 1, 8, 16 ], "texture": "#particle" },
				"south": { "uv": [ 7, 1, 8, 16 ], "texture": "#particle" },
				"west": { "uv": [ 7, 1, 8, 16 ], "texture": "#particle" },
				"east": { "uv": [ 7, 1, 8, 16 ], "texture": "#particle" }
			}
		},
		{
			"__comment": "Small",
			"from": [ 7, 1.875, 7 ],
			"to": [ 8, 17.875, 8 ],
			"faces": {
				"down": { "uv": [ 7, 15, 8, 16 ], "texture": "#particle" },
				"up": { "uv": [ 7, 1, 8, 2 ], "texture": "#particle" },
				"north": { "uv": [ 7, 1, 8, 16 ], "texture": "#particle" },
				"south": { "uv": [ 7, 1, 8, 16 ], "texture": "#particle" },
				"west": { "uv": [ 7, 1, 8, 16 ], "texture": "#particle" },
				"east": { "uv": [ 7, 1, 8, 16 ], "texture": "#particle" }
			}
		}
	],
	"display": {
		"thirdperson_righthand": {
			"scale":  [ 0.75, 0.75, 0.75 ]
		},
		"thirdperson_lefthand": {
			"scale":  [ 0.75, 0.75, 0.75 ]
		},
		"firstperson_righthand": {
			"translation":  [ 2, 1, 0 ],
			"scale":  [ 0.5, 0.5, 0.5 ]
		},
		"firstperson_lefthand": {
			"translation":  [ 2, 1, 0 ],
			"scale":  [ 0.5, 0.5, 0.5 ]
		},
		"gui": {
			"rotation":  [ 35, 35, 35 ],
			"translation":  [ -0.75, 0.5, 0 ]
		},
		"head": {
			"rotation":  [ 0, 0, -35 ],
			"translation":  [ -7, 7, -4 ]
		},
		"ground": {
			"rotation":  [ 90, 0, 0 ]
		},
		"fixed": {
			"rotation":  [ 25, 25, -45 ]
		}
	}
}