{
"ambientocclusion": false,
"textures": {
    "particle": "blocks/door_acacia_upper",
    "top": "blocks/door_acacia_upper"
},
"elements": [ 
{
    "from": [ 0, 0, 0 ],
    "to": [ 3, 16, 16 ],
    "faces": {
        "up":    { "uv": [ 13, 0, 16, 15 ], "rotation": 180, "texture": "#top", "cullface": "up" },
        "north": { "uv": [ 0, 0, 3, 16 ], "texture": "#top", "cullface": "north" },
        "south": { "uv": [ 3, 0, 0, 16 ], "texture": "#top", "cullface": "south" },
        "west":  { "uv": [ 16, 0, 0, 16 ], "texture": "#top", "cullface": "west" },
        "east":  { "uv": [ 0, 0, 16, 16 ], "texture": "#top" }
    }
},
{
    "from": [ 0, 1, 5 ],
    "to": [ 3, 13, 6 ],
    "faces": {
        "down":  { "uv": [ 0, 10, 3, 11 ], "rotation": 180, "texture": "#top" },
        "up":    { "uv": [ 0, 10, 3, 11 ], "rotation": 180, "texture": "#top" },
        "north": { "uv": [ 13, 3, 16, 15 ], "texture": "#top" }
    }
},
{
    "from": [ 0, 1, 2 ],
    "to": [ 3, 13, 3 ],
    "faces": {
        "down":  { "uv": [ 0, 13, 3, 14 ], "rotation": 180, "texture": "#top" },
        "up":    { "uv": [ 0, 13, 3, 14 ], "rotation": 180, "texture": "#top" },
        "north": { "uv": [ 13, 3, 16, 15 ], "texture": "#top" },
        "south": { "uv": [ 13, 3, 16, 15 ], "texture": "#top" }
    }
},
{
    "from": [ 0, 0, 3 ],
    "to": [ 3, 1, 5 ],
    "faces": {
        "down":  { "uv": [ 0, 11, 3, 13 ], "rotation": 180, "texture": "#top", "cullface": "down" },
        "up":    { "uv": [ 0, 11, 3, 13 ], "rotation": 180, "texture": "#top" },
        "north": { "uv": [ 0, 14, 3, 15 ], "texture": "#top" },
        "south": { "uv": [ 0, 14, 3, 15 ], "texture": "#top" }
    }
},
{
    "from": [ 0, 13, 3 ],
    "to": [ 3, 14, 5 ],
    "faces": {
        "down":  { "uv": [ 0, 11, 3, 13 ], "rotation": 180, "texture": "#top" },
        "up":    { "uv": [ 0, 11, 3, 13 ], "rotation": 180, "texture": "#top" },
        "north": { "uv": [ 0, 2, 3, 3 ], "texture": "#top" },
        "south": { "uv": [ 0, 2, 3, 3 ], "texture": "#top" }
    }
},
{
    "from": [ 0, 1, 13 ],
    "to": [ 3, 13, 14 ],
    "faces": {
        "down":  { "uv": [ 0, 2, 3, 3 ], "rotation": 180, "texture": "#top" },
        "up":    { "uv": [ 0, 2, 3, 3 ], "rotation": 180, "texture": "#top" },
        "north": { "uv": [ 13, 3, 16, 15 ], "texture": "#top" },
        "south": { "uv": [ 13, 3, 16, 15 ], "texture": "#top" }
    }
},
{
    "from": [ 0, 1, 10 ],
    "to": [ 3, 13, 11 ],
    "faces": {
        "down":  { "uv": [ 0, 6, 3, 7 ], "rotation": 180, "texture": "#top" },
        "up":    { "uv": [ 0, 6, 3, 7 ], "rotation": 180, "texture": "#top" },
        "south": { "uv": [ 13, 3, 16, 15 ], "texture": "#top" }
    }
},
{
    "from": [ 0, 0, 11 ],
    "to": [ 3, 1, 13 ],
    "faces": {
        "down":  { "uv": [ 0, 2, 3, 4 ], "rotation": 180, "texture": "#top", "cullface": "down" },
        "up":    { "uv": [ 0, 2, 3, 4 ], "rotation": 180, "texture": "#top" },
        "north": { "uv": [ 0, 14, 3, 15 ], "texture": "#top" },
        "south": { "uv": [ 0, 14, 3, 15 ], "texture": "#top" }
    }
},
{
    "from": [ 0, 13, 11 ],
    "to": [ 3, 14, 13 ],
    "faces": {
        "down":  { "uv": [ 0, 2, 3, 4 ], "rotation": 180, "texture": "#top" },
        "up":    { "uv": [ 0, 2, 3, 4 ], "rotation": 180, "texture": "#top" },
        "north": { "uv": [ 0, 2, 3, 3 ], "texture": "#top" },
        "south": { "uv": [ 0, 2, 3, 3 ], "texture": "#top" }
    }
},
{
    "from": [ 0, 1, 9 ],
    "to": [ 3, 13, 10 ],
    "faces": {
        "down":  { "uv": [ 0, 6, 3, 7 ], "rotation": 180, "texture": "#top" },
        "up":    { "uv": [ 0, 6, 3, 7 ], "rotation": 180, "texture": "#top" },
        "north": { "uv": [ 13, 3, 16, 15 ], "texture": "#top" }
    }
},
{
    "from": [ 0, 1, 6 ],
    "to": [ 3, 13, 7 ],
    "faces": {
        "down":  { "uv": [ 0, 9, 3, 10 ], "rotation": 180, "texture": "#top" },
        "up":    { "uv": [ 0, 9, 3, 10 ], "rotation": 180, "texture": "#top" },
        "south": { "uv": [ 13, 3, 16, 15 ], "texture": "#top" }
    }
},
{
    "from": [ 0, 0, 7 ],
    "to": [ 3, 1, 9 ],
    "faces": {
        "down":  { "uv": [ 0, 7, 3, 9 ], "rotation": 180, "texture": "#top", "cullface": "down" },
        "up":    { "uv": [ 0, 7, 3, 9 ], "rotation": 180, "texture": "#top" },
        "north": { "uv": [ 0, 14, 3, 15 ], "texture": "#top" },
        "south": { "uv": [ 0, 14, 3, 15 ], "texture": "#top" }
    }
},
{
    "from": [ 0, 13, 7 ],
    "to": [ 3, 14, 9 ],
    "faces": {
        "down":  { "uv": [ 0, 7, 3, 9 ], "rotation": 180, "texture": "#top" },
        "up":    { "uv": [ 0, 7, 3, 9 ], "rotation": 180, "texture": "#top" },
        "north": { "uv": [ 0, 2, 3, 3 ], "texture": "#top" },
        "south": { "uv": [ 0, 2, 3, 3 ], "texture": "#top" }
    }
}
]
}