{
	"__comment": "Designed by AndrealVox",
	"ambientocclusion": false,
	"textures": {
		"particle": "blocks/bed_head_side",
		"texture": "blocks/hay_block_side",
		"bed_head_end": "blocks/bed_head_end",
		"bed_head_top": "blocks/bed_head_top",
		"bed_feet_side": "blocks/bed_feet_side",
		"bed_feet_end": "blocks/bed_feet_end",
		"bed_feet_top": "blocks/bed_feet_top",
		"wool": "blocks/wool_colored_white",
		"hay_top": "blocks/hay_block_top"
	},
	"elements": [
		{
			"__comment": "Bed Foot",
			"from": [ 0.5, 5, -15.5 ],
			"to": [ 15.5, 8.5, 0 ],
			"faces": {
				"up": { "uv": [ 0.001, 15.999, 15.999, 0.001000404 ], "texture": "#bed_feet_top", "cullface": "north", "rotation": 90 },
				"north": { "uv": [ 0.001, 7.000999, 15.999, 10.999 ], "texture": "#bed_feet_end", "cullface": "north" },
				"west": { "uv": [ 0.001, 7.000999, 15.999, 10.999 ], "texture": "#bed_feet_top", "cullface": "north" },
				"east": { "uv": [ 15.999, 7.000999, 0.001, 10.999 ], "texture": "#bed_feet_side", "cullface": "north" }
			}
		},
		{
			"__comment": "Bed Head 1",
			"from": [ 1, 5, 8 ],
			"to": [ 15, 8, 15 ],
			"faces": {
				"up": { "uv": [ 15.999, 0.001000404, 8.001, 15.999 ], "texture": "#bed_head_top", "rotation": 270 },
				"south": { "uv": [ 0.001, 7.000999, 15.999, 10.999 ], "texture": "#bed_head_end" },
				"west": { "uv": [ 8.001, 7.000999, 15.999, 10.999 ], "texture": "#bed_head_top" },
				"east": { "uv": [ 15.999, 7.000999, 8.001, 10.999 ], "texture": "#particle" }
			}
		},
		{
			"__comment": "Bed Head 1*",
			"from": [ 0.5, 5, 0 ],
			"to": [ 15.5, 8.5, 8 ],
			"faces": {
				"up": { "uv": [ 7.999, 0.001000404, 0.001, 15.999 ], "texture": "#bed_head_top", "rotation": 270 },
				"south": { "uv": [ 0.001, 7.000999, 15.999, 10.999 ], "texture": "#bed_feet_end" },
				"west": { "uv": [ 0.001, 7.000999, 7.999, 10.999 ], "texture": "#bed_head_top" },
				"east": { "uv": [ 7.999, 7.000999, 0.001, 10.999 ], "texture": "#particle" }
			}
		},
		{
			"__comment": "Cube32",
			"from": [ 0, 0, -16 ],
			"to": [ 16, 5, 0 ],
			"faces": {
				"down": { "uv": [ 0, 0, 16, 16 ], "texture": "#hay_top" },
				"up": { "uv": [ 0, 0, 16, 16 ], "texture": "#hay_top" },
				"north": { "uv": [ 0, 11, 16, 16 ], "texture": "#texture" },
				"west": { "uv": [ 0, 11, 16, 16 ], "texture": "#texture" },
				"east": { "uv": [ 0, 11, 16, 16 ], "texture": "#texture" }
			}
		},
		{
			"__comment": "Cube32",
			"from": [ 0, 0, 0 ],
			"to": [ 16, 5, 16 ],
			"faces": {
				"down": { "uv": [ 0, 0, 16, 16 ], "texture": "#hay_top" },
				"up": { "uv": [ 0, 0, 16, 16 ], "texture": "#hay_top" },
				"south": { "uv": [ 0, 11, 16, 16 ], "texture": "#texture" },
				"west": { "uv": [ 0, 11, 16, 16 ], "texture": "#texture" },
				"east": { "uv": [ 0, 11, 16, 16 ], "texture": "#texture" }
			}
		}
	],
	"display": {
		"thirdperson_righthand": {
			"rotation":  [ 80, 180, -28 ],
			"translation":  [ 0, 2.5, 0 ],
			"scale":  [ 0.375, 0.375, 0.375 ]
		},
		"thirdperson_lefthand": {
			"rotation":  [ 80, 180, -28 ],
			"translation":  [ 0, 2.5, 0 ],
			"scale":  [ 0.375, 0.375, 0.375 ]
		},
		"firstperson_righthand": {
			"rotation":  [ 0, 180, 0 ],
			"translation":  [ 5, 0, -5 ],
			"scale":  [ 0.4, 0.4, 0.4 ]
		},
		"firstperson_lefthand": {
			"rotation":  [ 0, 180, 0 ],
			"translation":  [ 5, 0, -5 ],
			"scale":  [ 0.4, 0.4, 0.4 ]
		},
		"gui": {
			"rotation":  [ 30, 135, 0 ],
			"translation":  [ 2.5, 2, 0 ],
			"scale":  [ 0.45, 0.45, 0.45 ]
		},
		"ground": {
			"translation":  [ 0, 3, 0 ],
			"scale":  [ 0.25, 0.25, 0.25 ]
		},
		"fixed": {
			"rotation":  [ 0, 90, -90 ],
			"translation":  [ 4, 0, -2 ],
			"scale":  [ 0.5, 0.5, 0.5 ]
		}
	}
}