{
"__comment": "Designed by Sibsib92 with BDcraft Cubik PRO 0.95 Beta - http://bdcraft.net",
"ambientocclusion": false,
"textures": {
    "particle": "blocks/bed_feet_end",
    "texture": "blocks/wool_colored_white"
},
"elements": [ 
{
    "__comment": "Pillow",
    "from": [ 1.5, 8, 24.5 ],
    "to": [ 14.5, 8.5, 30.5 ],
    "faces": {
        "up":    { "uv": [ 1.501, 8.501, 14.499, 14.499 ], "texture": "#texture" },
        "north": { "uv": [ 1.501, 7.501, 14.499, 7.999 ], "texture": "#texture" },
        "south": { "uv": [ 1.501, 7.501, 14.499, 7.999 ], "texture": "#texture" },
        "west":  { "uv": [ 8.501, 7.501, 14.499, 7.999 ], "texture": "#texture" },
        "east":  { "uv": [ 1.501, 7.501, 7.499, 7.999 ], "texture": "#texture" }
    }
},
{
    "__comment": "Pillow",
    "from": [ 2.5, 8.5, 25.5 ],
    "to": [ 13.5, 9, 29.5 ],
    "faces": {
        "up":    { "uv": [ 2.501, 9.501, 13.499, 13.499 ], "texture": "#texture" },
        "north": { "uv": [ 2.501, 7.001, 13.499, 7.499 ], "texture": "#texture" },
        "south": { "uv": [ 2.501, 7.001, 13.499, 7.499 ], "texture": "#texture" },
        "west":  { "uv": [ 9.501, 7.001, 13.499, 7.499 ], "texture": "#texture" },
        "east":  { "uv": [ 2.501, 7.001, 6.499, 7.499 ], "texture": "#texture" }
    }
}
]
}