{
"ambientocclusion": false,
"textures": {
    "particle": "blocks/sapling_birch",
    "down": "blocks/sapling_birch",
    "up": "blocks/sapling_birch",
    "north": "blocks/sapling_birch",
    "south": "blocks/sapling_birch",
    "west": "blocks/sapling_birch",
    "east": "blocks/sapling_birch"
},
"elements": [ 
{
    "from": [ 14, 3, 14 ],
    "to": [ 15, 5, 15 ],
    "faces": {
        "down":  { "uv": [ 14, 12, 15, 13 ], "texture": "#down" },
        "up":    { "uv": [ 14, 11, 15, 12 ], "texture": "#up" },
        "north": { "uv": [ 14, 11, 15, 13 ], "texture": "#north" },
        "south": { "uv": [ 14, 11, 15, 13 ], "texture": "#south" },
        "west":  { "uv": [ 14, 11, 15, 13 ], "texture": "#west" },
        "east":  { "uv": [ 14, 11, 15, 13 ], "texture": "#east" }
    }
},
{
    "from": [ 13, 3, 13 ],
    "to": [ 14, 6, 14 ],
    "faces": {
        "down":  { "uv": [ 13, 12, 14, 13 ], "texture": "#down" },
        "up":    { "uv": [ 13, 10, 14, 11 ], "texture": "#up" },
        "north": { "uv": [ 13, 10, 14, 13 ], "texture": "#north" },
        "south": { "uv": [ 13, 10, 14, 13 ], "texture": "#south" },
        "west":  { "uv": [ 13, 10, 14, 13 ], "texture": "#west" },
        "east":  { "uv": [ 13, 10, 14, 13 ], "texture": "#east" }
    }
},
{
    "from": [ 13, 7, 13 ],
    "to": [ 14, 9, 14 ],
    "faces": {
        "down":  { "uv": [ 13, 8, 14, 9 ], "texture": "#down" },
        "up":    { "uv": [ 13, 7, 14, 8 ], "texture": "#up" },
        "north": { "uv": [ 13, 7, 14, 9 ], "texture": "#north" },
        "south": { "uv": [ 13, 7, 14, 9 ], "texture": "#south" },
        "west":  { "uv": [ 13, 7, 14, 9 ], "texture": "#west" },
        "east":  { "uv": [ 13, 7, 14, 9 ], "texture": "#east" }
    }
},
{
    "from": [ 13, 10, 13 ],
    "to": [ 14, 12, 14 ],
    "faces": {
        "down":  { "uv": [ 13, 5, 14, 6 ], "texture": "#down" },
        "up":    { "uv": [ 13, 4, 14, 5 ], "texture": "#up" },
        "north": { "uv": [ 13, 4, 14, 6 ], "texture": "#north" },
        "south": { "uv": [ 13, 4, 14, 6 ], "texture": "#south" },
        "west":  { "uv": [ 13, 4, 14, 6 ], "texture": "#west" },
        "east":  { "uv": [ 13, 4, 14, 6 ], "texture": "#east" }
    }
},
{
    "from": [ 12, 4, 12 ],
    "to": [ 13, 7, 13 ],
    "faces": {
        "down":  { "uv": [ 12, 11, 13, 12 ], "texture": "#down" },
        "up":    { "uv": [ 12, 9, 13, 10 ], "texture": "#up" },
        "north": { "uv": [ 12, 9, 13, 12 ], "texture": "#north" },
        "south": { "uv": [ 12, 9, 13, 12 ], "texture": "#south" },
        "west":  { "uv": [ 12, 9, 13, 12 ], "texture": "#west" },
        "east":  { "uv": [ 12, 9, 13, 12 ], "texture": "#east" }
    }
},
{
    "from": [ 12, 8, 12 ],
    "to": [ 13, 9, 13 ],
    "faces": {
        "down":  { "uv": [ 12, 7, 13, 8 ], "texture": "#down" },
        "up":    { "uv": [ 12, 7, 13, 8 ], "texture": "#up" },
        "north": { "uv": [ 12, 7, 13, 8 ], "texture": "#north" },
        "south": { "uv": [ 12, 7, 13, 8 ], "texture": "#south" },
        "west":  { "uv": [ 12, 7, 13, 8 ], "texture": "#west" },
        "east":  { "uv": [ 12, 7, 13, 8 ], "texture": "#east" }
    }
},
{
    "from": [ 12, 10, 12 ],
    "to": [ 13, 14, 13 ],
    "faces": {
        "down":  { "uv": [ 12, 5, 13, 6 ], "texture": "#down" },
        "up":    { "uv": [ 12, 2, 13, 3 ], "texture": "#up" },
        "north": { "uv": [ 12, 2, 13, 6 ], "texture": "#north" },
        "south": { "uv": [ 12, 2, 13, 6 ], "texture": "#south" },
        "west":  { "uv": [ 12, 2, 13, 6 ], "texture": "#west" },
        "east":  { "uv": [ 12, 2, 13, 6 ], "texture": "#east" }
    }
},
{
    "from": [ 11, 3, 11 ],
    "to": [ 12, 8, 12 ],
    "faces": {
        "down":  { "uv": [ 11, 12, 12, 13 ], "texture": "#down" },
        "up":    { "uv": [ 11, 8, 12, 9 ], "texture": "#up" },
        "north": { "uv": [ 11, 8, 12, 13 ], "texture": "#north" },
        "south": { "uv": [ 11, 8, 12, 13 ], "texture": "#south" },
        "west":  { "uv": [ 11, 8, 12, 13 ], "texture": "#west" },
        "east":  { "uv": [ 11, 8, 12, 13 ], "texture": "#east" }
    }
},
{
    "from": [ 11, 9, 11 ],
    "to": [ 12, 14, 12 ],
    "faces": {
        "down":  { "uv": [ 11, 6, 12, 7 ], "texture": "#down" },
        "up":    { "uv": [ 11, 2, 12, 3 ], "texture": "#up" },
        "north": { "uv": [ 11, 2, 12, 7 ], "texture": "#north" },
        "south": { "uv": [ 11, 2, 12, 7 ], "texture": "#south" },
        "west":  { "uv": [ 11, 2, 12, 7 ], "texture": "#west" },
        "east":  { "uv": [ 11, 2, 12, 7 ], "texture": "#east" }
    }
},
{
    "from": [ 10, 6, 10 ],
    "to": [ 11, 12, 11 ],
    "faces": {
        "down":  { "uv": [ 10, 9, 11, 10 ], "texture": "#down" },
        "up":    { "uv": [ 10, 4, 11, 5 ], "texture": "#up" },
        "north": { "uv": [ 10, 4, 11, 10 ], "texture": "#north" },
        "south": { "uv": [ 10, 4, 11, 10 ], "texture": "#south" },
        "west":  { "uv": [ 10, 4, 11, 10 ], "texture": "#west" },
        "east":  { "uv": [ 10, 4, 11, 10 ], "texture": "#east" }
    }
},
{
    "from": [ 9, 0, 9 ],
    "to": [ 10, 10, 10 ],
    "faces": {
        "down":  { "uv": [ 9, 15, 10, 16 ], "texture": "#down" },
        "up":    { "uv": [ 9, 6, 10, 7 ], "texture": "#up" },
        "north": { "uv": [ 9, 6, 10, 16 ], "texture": "#north" },
        "south": { "uv": [ 9, 6, 10, 16 ], "texture": "#south" },
        "west":  { "uv": [ 9, 6, 10, 16 ], "texture": "#west" },
        "east":  { "uv": [ 9, 6, 10, 16 ], "texture": "#east" }
    }
},
{
    "from": [ 9, 12, 9 ],
    "to": [ 10, 13, 10 ],
    "faces": {
        "down":  { "uv": [ 9, 3, 10, 4 ], "texture": "#down" },
        "up":    { "uv": [ 9, 3, 10, 4 ], "texture": "#up" },
        "north": { "uv": [ 9, 3, 10, 4 ], "texture": "#north" },
        "south": { "uv": [ 9, 3, 10, 4 ], "texture": "#south" },
        "west":  { "uv": [ 9, 3, 10, 4 ], "texture": "#west" },
        "east":  { "uv": [ 9, 3, 10, 4 ], "texture": "#east" }
    }
},
{
    "from": [ 8, 0, 8 ],
    "to": [ 9, 13, 9 ],
    "faces": {
        "down":  { "uv": [ 8, 15, 9, 16 ], "texture": "#down" },
        "up":    { "uv": [ 8, 3, 9, 4 ], "texture": "#up" },
        "south": { "uv": [ 8, 3, 9, 16 ], "texture": "#south" },
        "east":  { "uv": [ 8, 3, 9, 16 ], "texture": "#east" }
    }
},
{
    "from": [ 7, 0, 7 ],
    "to": [ 8, 13, 8 ],
    "faces": {
        "down":  { "uv": [ 7, 15, 8, 16 ], "texture": "#down" },
        "up":    { "uv": [ 7, 3, 8, 4 ], "texture": "#up" },
        "north": { "uv": [ 7, 3, 8, 16 ], "texture": "#north" },
        "west":  { "uv": [ 7, 3, 8, 16 ], "texture": "#west" }
    }
},
{
    "from": [ 6, 2, 6 ],
    "to": [ 7, 8, 7 ],
    "faces": {
        "down":  { "uv": [ 6, 13, 7, 14 ], "texture": "#down" },
        "up":    { "uv": [ 6, 8, 7, 9 ], "texture": "#up" },
        "north": { "uv": [ 6, 8, 7, 14 ], "texture": "#north" },
        "south": { "uv": [ 6, 8, 7, 14 ], "texture": "#south" },
        "west":  { "uv": [ 6, 8, 7, 14 ], "texture": "#west" },
        "east":  { "uv": [ 6, 8, 7, 14 ], "texture": "#east" }
    }
},
{
    "from": [ 6, 9, 6 ],
    "to": [ 7, 12, 7 ],
    "faces": {
        "down":  { "uv": [ 6, 6, 7, 7 ], "texture": "#down" },
        "up":    { "uv": [ 6, 4, 7, 5 ], "texture": "#up" },
        "north": { "uv": [ 6, 4, 7, 7 ], "texture": "#north" },
        "south": { "uv": [ 6, 4, 7, 7 ], "texture": "#south" },
        "west":  { "uv": [ 6, 4, 7, 7 ], "texture": "#west" },
        "east":  { "uv": [ 6, 4, 7, 7 ], "texture": "#east" }
    }
},
{
    "from": [ 6, 13, 6 ],
    "to": [ 7, 14, 7 ],
    "faces": {
        "down":  { "uv": [ 6, 2, 7, 3 ], "texture": "#down" },
        "up":    { "uv": [ 6, 2, 7, 3 ], "texture": "#up" },
        "north": { "uv": [ 6, 2, 7, 3 ], "texture": "#north" },
        "south": { "uv": [ 6, 2, 7, 3 ], "texture": "#south" },
        "west":  { "uv": [ 6, 2, 7, 3 ], "texture": "#west" },
        "east":  { "uv": [ 6, 2, 7, 3 ], "texture": "#east" }
    }
},
{
    "from": [ 5, 5, 5 ],
    "to": [ 6, 8, 6 ],
    "faces": {
        "down":  { "uv": [ 5, 10, 6, 11 ], "texture": "#down" },
        "up":    { "uv": [ 5, 8, 6, 9 ], "texture": "#up" },
        "north": { "uv": [ 5, 8, 6, 11 ], "texture": "#north" },
        "south": { "uv": [ 5, 8, 6, 11 ], "texture": "#south" },
        "west":  { "uv": [ 5, 8, 6, 11 ], "texture": "#west" },
        "east":  { "uv": [ 5, 8, 6, 11 ], "texture": "#east" }
    }
},
{
    "from": [ 5, 9, 5 ],
    "to": [ 6, 15, 6 ],
    "faces": {
        "down":  { "uv": [ 5, 6, 6, 7 ], "texture": "#down" },
        "up":    { "uv": [ 5, 1, 6, 2 ], "texture": "#up" },
        "north": { "uv": [ 5, 1, 6, 7 ], "texture": "#north" },
        "south": { "uv": [ 5, 1, 6, 7 ], "texture": "#south" },
        "west":  { "uv": [ 5, 1, 6, 7 ], "texture": "#west" },
        "east":  { "uv": [ 5, 1, 6, 7 ], "texture": "#east" }
    }
},
{
    "from": [ 4, 5, 4 ],
    "to": [ 5, 7, 5 ],
    "faces": {
        "down":  { "uv": [ 4, 10, 5, 11 ], "texture": "#down" },
        "up":    { "uv": [ 4, 9, 5, 10 ], "texture": "#up" },
        "north": { "uv": [ 4, 9, 5, 11 ], "texture": "#north" },
        "south": { "uv": [ 4, 9, 5, 11 ], "texture": "#south" },
        "west":  { "uv": [ 4, 9, 5, 11 ], "texture": "#west" },
        "east":  { "uv": [ 4, 9, 5, 11 ], "texture": "#east" }
    }
},
{
    "from": [ 4, 8, 4 ],
    "to": [ 5, 9, 5 ],
    "faces": {
        "down":  { "uv": [ 4, 7, 5, 8 ], "texture": "#down" },
        "up":    { "uv": [ 4, 7, 5, 8 ], "texture": "#up" },
        "north": { "uv": [ 4, 7, 5, 8 ], "texture": "#north" },
        "south": { "uv": [ 4, 7, 5, 8 ], "texture": "#south" },
        "west":  { "uv": [ 4, 7, 5, 8 ], "texture": "#west" },
        "east":  { "uv": [ 4, 7, 5, 8 ], "texture": "#east" }
    }
},
{
    "from": [ 4, 10, 4 ],
    "to": [ 5, 14, 5 ],
    "faces": {
        "down":  { "uv": [ 4, 5, 5, 6 ], "texture": "#down" },
        "up":    { "uv": [ 4, 2, 5, 3 ], "texture": "#up" },
        "north": { "uv": [ 4, 2, 5, 6 ], "texture": "#north" },
        "south": { "uv": [ 4, 2, 5, 6 ], "texture": "#south" },
        "west":  { "uv": [ 4, 2, 5, 6 ], "texture": "#west" },
        "east":  { "uv": [ 4, 2, 5, 6 ], "texture": "#east" }
    }
},
{
    "from": [ 3, 6, 3 ],
    "to": [ 4, 12, 4 ],
    "faces": {
        "down":  { "uv": [ 3, 9, 4, 10 ], "texture": "#down" },
        "up":    { "uv": [ 3, 4, 4, 5 ], "texture": "#up" },
        "north": { "uv": [ 3, 4, 4, 10 ], "texture": "#north" },
        "south": { "uv": [ 3, 4, 4, 10 ], "texture": "#south" },
        "west":  { "uv": [ 3, 4, 4, 10 ], "texture": "#west" },
        "east":  { "uv": [ 3, 4, 4, 10 ], "texture": "#east" }
    }
},
{
    "from": [ 2, 5, 2 ],
    "to": [ 3, 7, 3 ],
    "faces": {
        "down":  { "uv": [ 2, 10, 3, 11 ], "texture": "#down" },
        "up":    { "uv": [ 2, 9, 3, 10 ], "texture": "#up" },
        "north": { "uv": [ 2, 9, 3, 11 ], "texture": "#north" },
        "south": { "uv": [ 2, 9, 3, 11 ], "texture": "#south" },
        "west":  { "uv": [ 2, 9, 3, 11 ], "texture": "#west" },
        "east":  { "uv": [ 2, 9, 3, 11 ], "texture": "#east" }
    }
},
{
    "from": [ 2, 8, 2 ],
    "to": [ 3, 10, 3 ],
    "faces": {
        "down":  { "uv": [ 2, 7, 3, 8 ], "texture": "#down" },
        "up":    { "uv": [ 2, 6, 3, 7 ], "texture": "#up" },
        "north": { "uv": [ 2, 6, 3, 8 ], "texture": "#north" },
        "south": { "uv": [ 2, 6, 3, 8 ], "texture": "#south" },
        "west":  { "uv": [ 2, 6, 3, 8 ], "texture": "#west" },
        "east":  { "uv": [ 2, 6, 3, 8 ], "texture": "#east" }
    }
},
{
    "from": [ 1, 4, 1 ],
    "to": [ 2, 6, 2 ],
    "faces": {
        "down":  { "uv": [ 1, 11, 2, 12 ], "texture": "#down" },
        "up":    { "uv": [ 1, 10, 2, 11 ], "texture": "#up" },
        "north": { "uv": [ 1, 10, 2, 12 ], "texture": "#north" },
        "south": { "uv": [ 1, 10, 2, 12 ], "texture": "#south" },
        "west":  { "uv": [ 1, 10, 2, 12 ], "texture": "#west" },
        "east":  { "uv": [ 1, 10, 2, 12 ], "texture": "#east" }
    }
},
{
    "from": [ 1, 3, 14 ],
    "to": [ 2, 5, 15 ],
    "faces": {
        "down":  { "uv": [ 14, 12, 15, 13 ], "texture": "#down" },
        "up":    { "uv": [ 14, 11, 15, 12 ], "texture": "#up" },
        "north": { "uv": [ 14, 11, 15, 13 ], "texture": "#north" },
        "south": { "uv": [ 14, 11, 15, 13 ], "texture": "#south" },
        "west":  { "uv": [ 14, 11, 15, 13 ], "texture": "#west" },
        "east":  { "uv": [ 14, 11, 15, 13 ], "texture": "#east" }
    }
},
{
    "from": [ 2, 3, 13 ],
    "to": [ 3, 6, 14 ],
    "faces": {
        "down":  { "uv": [ 13, 12, 14, 13 ], "texture": "#down" },
        "up":    { "uv": [ 13, 10, 14, 11 ], "texture": "#up" },
        "north": { "uv": [ 13, 10, 14, 13 ], "texture": "#north" },
        "south": { "uv": [ 13, 10, 14, 13 ], "texture": "#south" },
        "west":  { "uv": [ 13, 10, 14, 13 ], "texture": "#west" },
        "east":  { "uv": [ 13, 10, 14, 13 ], "texture": "#east" }
    }
},
{
    "from": [ 2, 7, 13 ],
    "to": [ 3, 9, 14 ],
    "faces": {
        "down":  { "uv": [ 13, 8, 14, 9 ], "texture": "#down" },
        "up":    { "uv": [ 13, 7, 14, 8 ], "texture": "#up" },
        "north": { "uv": [ 13, 7, 14, 9 ], "texture": "#north" },
        "south": { "uv": [ 13, 7, 14, 9 ], "texture": "#south" },
        "west":  { "uv": [ 13, 7, 14, 9 ], "texture": "#west" },
        "east":  { "uv": [ 13, 7, 14, 9 ], "texture": "#east" }
    }
},
{
    "from": [ 2, 10, 13 ],
    "to": [ 3, 12, 14 ],
    "faces": {
        "down":  { "uv": [ 13, 5, 14, 6 ], "texture": "#down" },
        "up":    { "uv": [ 13, 4, 14, 5 ], "texture": "#up" },
        "north": { "uv": [ 13, 4, 14, 6 ], "texture": "#north" },
        "south": { "uv": [ 13, 4, 14, 6 ], "texture": "#south" },
        "west":  { "uv": [ 13, 4, 14, 6 ], "texture": "#west" },
        "east":  { "uv": [ 13, 4, 14, 6 ], "texture": "#east" }
    }
},
{
    "from": [ 3, 4, 12 ],
    "to": [ 4, 7, 13 ],
    "faces": {
        "down":  { "uv": [ 12, 11, 13, 12 ], "texture": "#down" },
        "up":    { "uv": [ 12, 9, 13, 10 ], "texture": "#up" },
        "north": { "uv": [ 12, 9, 13, 12 ], "texture": "#north" },
        "south": { "uv": [ 12, 9, 13, 12 ], "texture": "#south" },
        "west":  { "uv": [ 12, 9, 13, 12 ], "texture": "#west" },
        "east":  { "uv": [ 12, 9, 13, 12 ], "texture": "#east" }
    }
},
{
    "from": [ 3, 8, 12 ],
    "to": [ 4, 9, 13 ],
    "faces": {
        "down":  { "uv": [ 12, 7, 13, 8 ], "texture": "#down" },
        "up":    { "uv": [ 12, 7, 13, 8 ], "texture": "#up" },
        "north": { "uv": [ 12, 7, 13, 8 ], "texture": "#north" },
        "south": { "uv": [ 12, 7, 13, 8 ], "texture": "#south" },
        "west":  { "uv": [ 12, 7, 13, 8 ], "texture": "#west" },
        "east":  { "uv": [ 12, 7, 13, 8 ], "texture": "#east" }
    }
},
{
    "from": [ 3, 10, 12 ],
    "to": [ 4, 14, 13 ],
    "faces": {
        "down":  { "uv": [ 12, 5, 13, 6 ], "texture": "#down" },
        "up":    { "uv": [ 12, 2, 13, 3 ], "texture": "#up" },
        "north": { "uv": [ 12, 2, 13, 6 ], "texture": "#north" },
        "south": { "uv": [ 12, 2, 13, 6 ], "texture": "#south" },
        "west":  { "uv": [ 12, 2, 13, 6 ], "texture": "#west" },
        "east":  { "uv": [ 12, 2, 13, 6 ], "texture": "#east" }
    }
},
{
    "from": [ 4, 3, 11 ],
    "to": [ 5, 8, 12 ],
    "faces": {
        "down":  { "uv": [ 11, 12, 12, 13 ], "texture": "#down" },
        "up":    { "uv": [ 11, 8, 12, 9 ], "texture": "#up" },
        "north": { "uv": [ 11, 8, 12, 13 ], "texture": "#north" },
        "south": { "uv": [ 11, 8, 12, 13 ], "texture": "#south" },
        "west":  { "uv": [ 11, 8, 12, 13 ], "texture": "#west" },
        "east":  { "uv": [ 11, 8, 12, 13 ], "texture": "#east" }
    }
},
{
    "from": [ 4, 9, 11 ],
    "to": [ 5, 14, 12 ],
    "faces": {
        "down":  { "uv": [ 11, 6, 12, 7 ], "texture": "#down" },
        "up":    { "uv": [ 11, 2, 12, 3 ], "texture": "#up" },
        "north": { "uv": [ 11, 2, 12, 7 ], "texture": "#north" },
        "south": { "uv": [ 11, 2, 12, 7 ], "texture": "#south" },
        "west":  { "uv": [ 11, 2, 12, 7 ], "texture": "#west" },
        "east":  { "uv": [ 11, 2, 12, 7 ], "texture": "#east" }
    }
},
{
    "from": [ 5, 6, 10 ],
    "to": [ 6, 12, 11 ],
    "faces": {
        "down":  { "uv": [ 10, 9, 11, 10 ], "texture": "#down" },
        "up":    { "uv": [ 10, 4, 11, 5 ], "texture": "#up" },
        "north": { "uv": [ 10, 4, 11, 10 ], "texture": "#north" },
        "south": { "uv": [ 10, 4, 11, 10 ], "texture": "#south" },
        "west":  { "uv": [ 10, 4, 11, 10 ], "texture": "#west" },
        "east":  { "uv": [ 10, 4, 11, 10 ], "texture": "#east" }
    }
},
{
    "from": [ 6, 0, 9 ],
    "to": [ 7, 10, 10 ],
    "faces": {
        "down":  { "uv": [ 9, 15, 10, 16 ], "texture": "#down" },
        "up":    { "uv": [ 9, 5, 10, 6 ], "texture": "#up" },
        "north": { "uv": [ 9, 6, 10, 16 ], "texture": "#north" },
        "south": { "uv": [ 9, 6, 10, 16 ], "texture": "#south" },
        "west":  { "uv": [ 9, 6, 10, 16 ], "texture": "#west" },
        "east":  { "uv": [ 9, 6, 10, 16 ], "texture": "#east" }
    }
},
{
    "from": [ 6, 12, 9 ],
    "to": [ 7, 13, 10 ],
    "faces": {
        "down":  { "uv": [ 9, 3, 10, 4 ], "texture": "#down" },
        "up":    { "uv": [ 9, 3, 10, 4 ], "texture": "#up" },
        "north": { "uv": [ 9, 3, 10, 4 ], "texture": "#north" },
        "south": { "uv": [ 9, 3, 10, 4 ], "texture": "#south" },
        "west":  { "uv": [ 9, 3, 10, 4 ], "texture": "#west" },
        "east":  { "uv": [ 9, 3, 10, 4 ], "texture": "#east" }
    }
},
{
    "from": [ 7, 0, 8 ],
    "to": [ 8, 13, 9 ],
    "faces": {
        "down":  { "uv": [ 8, 15, 9, 16 ], "texture": "#down" },
        "up":    { "uv": [ 8, 3, 9, 4 ], "texture": "#up" },
        "south": { "uv": [ 8, 3, 9, 16 ], "texture": "#south" },
        "west":  { "uv": [ 8, 3, 9, 16 ], "texture": "#west" }
    }
},
{
    "from": [ 8, 0, 7 ],
    "to": [ 9, 13, 8 ],
    "faces": {
        "down":  { "uv": [ 7, 15, 8, 16 ], "texture": "#down" },
        "up":    { "uv": [ 7, 3, 8, 4 ], "texture": "#up" },
        "north": { "uv": [ 7, 3, 8, 16 ], "texture": "#north" },
        "east":  { "uv": [ 7, 3, 8, 16 ], "texture": "#east" }
    }
},
{
    "from": [ 9, 2, 6 ],
    "to": [ 10, 8, 7 ],
    "faces": {
        "down":  { "uv": [ 6, 13, 7, 14 ], "texture": "#down" },
        "up":    { "uv": [ 6, 8, 7, 9 ], "texture": "#up" },
        "north": { "uv": [ 6, 8, 7, 14 ], "texture": "#north" },
        "south": { "uv": [ 6, 8, 7, 14 ], "texture": "#south" },
        "west":  { "uv": [ 6, 8, 7, 14 ], "texture": "#west" },
        "east":  { "uv": [ 6, 8, 7, 14 ], "texture": "#east" }
    }
},
{
    "from": [ 9, 9, 6 ],
    "to": [ 10, 12, 7 ],
    "faces": {
        "down":  { "uv": [ 6, 5, 7, 6 ], "texture": "#down" },
        "up":    { "uv": [ 6, 4, 7, 5 ], "texture": "#up" },
        "north": { "uv": [ 6, 4, 7, 7 ], "texture": "#north" },
        "south": { "uv": [ 6, 4, 7, 7 ], "texture": "#south" },
        "west":  { "uv": [ 6, 4, 7, 7 ], "texture": "#west" },
        "east":  { "uv": [ 6, 4, 7, 7 ], "texture": "#east" }
    }
},
{
    "from": [ 9, 13, 6 ],
    "to": [ 10, 14, 7 ],
    "faces": {
        "down":  { "uv": [ 6, 2, 7, 3 ], "texture": "#down" },
        "up":    { "uv": [ 6, 2, 7, 3 ], "texture": "#up" },
        "north": { "uv": [ 6, 2, 7, 3 ], "texture": "#north" },
        "south": { "uv": [ 6, 2, 7, 3 ], "texture": "#south" },
        "west":  { "uv": [ 6, 2, 7, 3 ], "texture": "#west" },
        "east":  { "uv": [ 6, 2, 7, 3 ], "texture": "#east" }
    }
},
{
    "from": [ 10, 5, 5 ],
    "to": [ 11, 8, 6 ],
    "faces": {
        "down":  { "uv": [ 5, 11, 6, 12 ], "texture": "#down" },
        "up":    { "uv": [ 5, 8, 6, 9 ], "texture": "#up" },
        "north": { "uv": [ 5, 8, 6, 11 ], "texture": "#north" },
        "south": { "uv": [ 5, 8, 6, 11 ], "texture": "#south" },
        "west":  { "uv": [ 5, 8, 6, 11 ], "texture": "#west" },
        "east":  { "uv": [ 5, 8, 6, 11 ], "texture": "#east" }
    }
},
{
    "from": [ 10, 9, 5 ],
    "to": [ 11, 15, 6 ],
    "faces": {
        "down":  { "uv": [ 5, 6, 6, 7 ], "texture": "#down" },
        "up":    { "uv": [ 5, 1, 6, 2 ], "texture": "#up" },
        "north": { "uv": [ 5, 1, 6, 7 ], "texture": "#north" },
        "south": { "uv": [ 5, 1, 6, 7 ], "texture": "#south" },
        "west":  { "uv": [ 5, 1, 6, 7 ], "texture": "#west" },
        "east":  { "uv": [ 5, 1, 6, 7 ], "texture": "#east" }
    }
},
{
    "from": [ 11, 5, 4 ],
    "to": [ 12, 7, 5 ],
    "faces": {
        "down":  { "uv": [ 4, 10, 5, 11 ], "texture": "#down" },
        "up":    { "uv": [ 4, 9, 5, 10 ], "texture": "#up" },
        "north": { "uv": [ 4, 9, 5, 11 ], "texture": "#north" },
        "south": { "uv": [ 4, 9, 5, 11 ], "texture": "#south" },
        "west":  { "uv": [ 4, 9, 5, 11 ], "texture": "#west" },
        "east":  { "uv": [ 4, 9, 5, 11 ], "texture": "#east" }
    }
},
{
    "from": [ 11, 8, 4 ],
    "to": [ 12, 9, 5 ],
    "faces": {
        "down":  { "uv": [ 4, 7, 5, 8 ], "texture": "#down" },
        "up":    { "uv": [ 4, 7, 5, 8 ], "texture": "#up" },
        "north": { "uv": [ 4, 7, 5, 8 ], "texture": "#north" },
        "south": { "uv": [ 4, 7, 5, 8 ], "texture": "#south" },
        "west":  { "uv": [ 4, 7, 5, 8 ], "texture": "#west" },
        "east":  { "uv": [ 4, 7, 5, 8 ], "texture": "#east" }
    }
},
{
    "from": [ 11, 10, 4 ],
    "to": [ 12, 14, 5 ],
    "faces": {
        "down":  { "uv": [ 4, 5, 5, 6 ], "texture": "#down" },
        "up":    { "uv": [ 4, 2, 5, 3 ], "texture": "#up" },
        "north": { "uv": [ 4, 2, 5, 6 ], "texture": "#north" },
        "south": { "uv": [ 4, 2, 5, 6 ], "texture": "#south" },
        "west":  { "uv": [ 4, 2, 5, 6 ], "texture": "#west" },
        "east":  { "uv": [ 4, 2, 5, 6 ], "texture": "#east" }
    }
},
{
    "from": [ 12, 6, 3 ],
    "to": [ 13, 12, 4 ],
    "faces": {
        "down":  { "uv": [ 3, 9, 4, 10 ], "texture": "#down" },
        "up":    { "uv": [ 3, 4, 4, 5 ], "texture": "#up" },
        "north": { "uv": [ 3, 4, 4, 10 ], "texture": "#north" },
        "south": { "uv": [ 3, 4, 4, 10 ], "texture": "#south" },
        "west":  { "uv": [ 3, 4, 4, 10 ], "texture": "#west" },
        "east":  { "uv": [ 3, 4, 4, 10 ], "texture": "#east" }
    }
},
{
    "from": [ 13, 5, 2 ],
    "to": [ 14, 7, 3 ],
    "faces": {
        "down":  { "uv": [ 2, 10, 3, 11 ], "texture": "#down" },
        "up":    { "uv": [ 2, 9, 3, 10 ], "texture": "#up" },
        "north": { "uv": [ 2, 9, 3, 11 ], "texture": "#north" },
        "south": { "uv": [ 2, 9, 3, 11 ], "texture": "#south" },
        "west":  { "uv": [ 2, 9, 3, 11 ], "texture": "#west" },
        "east":  { "uv": [ 2, 9, 3, 11 ], "texture": "#east" }
    }
},
{
    "from": [ 13, 8, 2 ],
    "to": [ 14, 10, 3 ],
    "faces": {
        "down":  { "uv": [ 2, 7, 3, 8 ], "texture": "#down" },
        "up":    { "uv": [ 2, 6, 3, 7 ], "texture": "#up" },
        "north": { "uv": [ 2, 6, 3, 8 ], "texture": "#north" },
        "south": { "uv": [ 2, 6, 3, 8 ], "texture": "#south" },
        "west":  { "uv": [ 2, 6, 3, 8 ], "texture": "#west" },
        "east":  { "uv": [ 2, 6, 3, 8 ], "texture": "#east" }
    }
},
{
    "from": [ 14, 4, 1 ],
    "to": [ 15, 6, 2 ],
    "faces": {
        "down":  { "uv": [ 1, 11, 2, 12 ], "texture": "#down" },
        "up":    { "uv": [ 1, 10, 2, 11 ], "texture": "#up" },
        "north": { "uv": [ 1, 10, 2, 12 ], "texture": "#north" },
        "south": { "uv": [ 1, 10, 2, 12 ], "texture": "#south" },
        "west":  { "uv": [ 1, 10, 2, 12 ], "texture": "#west" },
        "east":  { "uv": [ 1, 10, 2, 12 ], "texture": "#east" }
    }
}
],
"display": {
    "thirdperson_righthand": {
        "rotation": [ 0, -90, 0 ],
        "translation": [ 0, 4, 2.5 ],
        "scale": [ 0.85, 0.85, 0.85 ]
    },
    "thirdperson_lefthand": {
        "rotation": [ 0, 90, 0 ],
        "translation": [ 0, 4, 2.5 ],
        "scale": [ 0.85, 0.85, 0.85 ]
    },
    "ground": {
        "rotation": [ 0, 0, 0 ],
        "translation": [ 0, 2, 0 ],
        "scale": [ 0.5, 0.5, 0.5 ]
    },
    "fixed": {
        "rotation": [ 0, 0, 0 ],
        "translation": [ 0, 0, 0 ],
        "scale": [ 0.5, 0.5, 0.5 ]
    },
    "firstperson_righthand": {
        "rotation": [ 0, -90, 25 ],
        "translation": [ -1.5, 3.2, 1.12 ],
        "scale": [ 0.68, 0.68, 0.68 ]
    },
    "firstperson_lefthand": {
        "rotation": [ 0, 90, -25 ],
        "translation": [ -1.5, 3.2, 1.12 ],
        "scale": [ 0.68, 0.68, 0.68 ]
    },
    "gui": {
        "rotation": [ 30, 225, 0 ],
        "translation": [ 0, 0, 0 ],
        "scale": [ 0.75, 0.75, 0.75 ]
    }
}
}