{
    "textures": {
        "end": "blocks/planks_oak",
		"particle": "blocks/bookshelf",
        "side": "blocks/bookshelf"
    },
	"elements": [
        {
            
            "from": [ 0, 15, 0 ],
            "to": [ 16, 16, 16 ],
            "faces": {
                "down": {
                    "uv": [ 0, 0, 16, 16 ],
                    "texture": "#end"
                },
                "up": {
                    "uv": [ 0, 0, 16, 16 ],
                    "texture": "#end"
                },
                "north": {
                    "uv": [ 0, 0, 16, 1 ],
                    "texture": "#side"
                },
                "south": {
                    "uv": [ 0, 0, 16, 1 ],
                    "texture": "#side"
                },
                "west": {
                    "uv": [ 0, 0, 16, 1 ],
                    "texture": "#side"
                },
                "east": {
                    "uv": [ 0, 0, 16, 1 ],
                    "texture": "#side"
                }
            }
        },
        {
            
            "from": [ 0, 0, 0 ],
            "to": [ 16, 1, 16 ],
            "faces": {
                "down": {
                    "uv": [ 0, 0, 16, 16 ],
                    "texture": "#end"
                },
                "up": {
                    "uv": [ 0, 0, 16, 16 ],
                    "texture": "#end"
                },
                "north": {
                    "uv": [ 0, 15, 16, 16 ],
                    "texture": "#side"
                },
                "south": {
                    "uv": [ 0, 15, 16, 16 ],
                    "texture": "#side"
                },
                "west": {
                    "uv": [ 0, 15, 16, 16 ],
                    "texture": "#side"
                },
                "east": {
                    "uv": [ 0, 15, 16, 16 ],
                    "texture": "#side"
                }
            }
        },
        {
            
            "from": [ 0, 1, 0 ],
            "to": [ 1, 15, 1 ],
            "faces": {
                "north": {
                    "uv": [ 15, 1, 16, 15 ],
                    "texture": "#side"
                },
                "south": {
                    "uv": [ 0, 1, 1, 15 ],
                    "texture": "#side"
                },
                "east": {
                    "uv": [ 15, 1, 16, 15 ],
                    "texture": "#side"
                },
                "west": {
                    "uv": [ 0, 1, 1, 15 ],
                    "texture": "#side"
                }

            }
        },
        {
            
            "from": [ 15, 1, 0 ],
            "to": [ 16, 15, 1 ],
            "faces": {
                "north": {
                    "uv": [ 15, 1, 16, 15 ],
                    "texture": "#side"
                },
                "south": {
                    "uv": [ 0, 1, 1, 15 ],
                    "texture": "#side"
                },
                "east": {
                    "uv": [ 15, 1, 16, 15 ],
                    "texture": "#side"
                },
                "west": {
                    "uv": [ 0, 1, 1, 15 ],
                    "texture": "#side"
                }

            }
        },
        {
            
            "from": [ 15, 1, 15 ],
            "to": [ 16, 15, 16 ],
            "faces": {
                "north": {
                    "uv": [ 0, 1, 1, 15 ],
                    "texture": "#side"
                },
                "south": {
                    "uv": [ 15, 1, 16, 15 ],
                    "texture": "#side"
                },
                "east": {
                    "uv": [ 0, 1, 1, 15 ],
                    "texture": "#side"
                },
                "west": {
                    "uv": [ 15, 1, 16, 15 ],
                    "texture": "#side"
                }

            }
        },
        {
            
            "from": [ 0, 1, 15 ],
            "to": [ 1, 15, 16 ],
            "faces": {
                "north": {
                    "uv": [ 0, 1, 1, 15 ],
                    "texture": "#side"
                },
                "south": {
                    "uv": [ 15, 1, 16, 15 ],
                    "texture": "#side"
                },
                "east": {
                    "uv": [ 0, 1, 1, 15 ],
                    "texture": "#side"
                },
                "west": {
                    "uv": [ 15, 1, 16, 15 ],
                    "texture": "#side"
                }

            }
        },
        {
            
            "from": [ 1, 7, 0 ],
            "to": [ 15, 9, 1 ],
            "faces": {
                "north": {
                    "uv": [ 1, 7, 15, 9 ],
                    "texture": "#side"
                },
                "up": {
                    "uv": [ 1, 8, 15, 9 ],
                    "texture": "#end"
                },
                "down": {
                    "uv": [ 1, 8, 15, 9 ],
                    "texture": "#end"
                }
            }
        },
        {
            
            "from": [ 1, 7, 15 ],
            "to": [ 15, 9, 16 ],
            "faces": {
                "south": {
                    "uv": [ 1, 7, 15, 9 ],
                    "texture": "#side"
                },
                "up": {
                    "uv": [ 1, 8, 15, 9 ],
                    "texture": "#end"
                },
                "down": {
                    "uv": [ 1, 8, 15, 9 ],
                    "texture": "#end"
                }
            }
        },
        {
            
            "from": [ 15, 7, 1 ],
            "to": [ 16, 9, 15 ],
            "faces": {
                "east": {
                    "uv": [ 1, 7, 15, 9 ],
                    "texture": "#side"
                },
                "up": {
                    "uv": [ 0, 1, 1, 15 ],
                    "texture": "#end"
                },
                "down": {
                    "uv": [ 0, 1, 1, 15 ],
                    "texture": "#end"
                }
            }
        },
        {
            
            "from": [ 0, 7, 1 ],
            "to": [ 1, 9, 15 ],
            "faces": {
                "west": {
                    "uv": [ 1, 7, 15, 9 ],
                    "texture": "#side"
                },
                "up": {
                    "uv": [ 0, 1, 1, 15 ],
                    "texture": "#end"
                },
                "down": {
                    "uv": [ 0, 1, 1, 15 ],
                    "texture": "#end"
                }
            }
        },
        {
            
            "from": [ 1, 7, 1 ],
            "to": [ 15, 9, 15 ],
            "faces": {
                "down": {
                    "uv": [ 1, 1, 15, 15 ],
                    "texture": "#end"
                },
                "up": {
                    "uv": [ 1, 1, 15, 15 ],
                    "texture": "#end"
                }
            }
        },
        {
            
            "from": [ 1, 1, 14 ],
            "to": [ 15, 7, 15 ],
            "faces": {
                "south": {
                    "uv": [ 1, 9, 15, 15 ],
                    "texture": "#side"
                }
            }
        },
        {
            
            "from": [ 1, 1, 1 ],
            "to": [ 15, 7, 2 ],
            "faces": {
                "north": {
                    "uv": [ 1, 9, 15, 15 ],
                    "texture": "#side"
                }
            }
        },
        {
            
            "from": [ 1, 1, 1 ],
            "to": [ 2, 7, 15 ],
            "faces": {
                "west": {
                    "uv": [ 1, 9, 15, 15 ],
                    "texture": "#side"
                }
            }
        },
        {
            
            "from": [ 14, 1, 1 ],
            "to": [ 15, 7, 15 ],
            "faces": {
                "east": {
                    "uv": [ 1, 9, 15, 15 ],
                    "texture": "#side"
                }
            }
        },
        {
            
            "from": [ 1, 9, 14 ],
            "to": [ 15, 15, 15 ],
            "faces": {
                "south": {
                    "uv": [ 1, 1, 15, 7 ],
                    "texture": "#side"
                }
            }
        },
        {
            
            "from": [ 1, 9, 1 ],
            "to": [ 15, 15, 2 ],
            "faces": {
                "north": {
                    "uv": [ 1, 1, 15, 7 ],
                    "texture": "#side"
                }
            }
        },
        {
            
            "from": [ 1, 9, 1 ],
            "to": [ 2, 15, 15 ],
            "faces": {
                "west": {
                    "uv": [ 1, 1, 15, 7 ],
                    "texture": "#side"
                }
            }
        },
        {
            
            "from": [ 14, 9, 1 ],
            "to": [ 15, 15, 15 ],
            "faces": {
                "east": {
                    "uv": [ 1, 1, 15, 7 ],
                    "texture": "#side"
                }
            }
        },
		{
		    
		    "from": [ 1, 9, 15 ],
		    "to": [ 3, 14, 16 ],
		    "faces": {
		        "south": {
		            "uv": [ 1, 2, 3, 7 ],
		            "texture": "#side"
		        },
		        "east": {
		            "uv": [ 2, 2, 3, 7 ],
		            "texture": "#side"
		        },
		        "up": {
		            "uv": [ 3, 2, 2, 3 ],
		            "texture": "#side"
		        }
		    }
		},
		{
		    
		    "from": [ 3, 9, 15 ],
		    "to": [ 4, 13, 16 ],
		    "faces": {
		        "south": {
		            "uv": [ 3, 3, 4, 7 ],
		            "texture": "#side"
		        },
		        "up": {
		            "uv": [ 3, 3, 4, 7 ],
		            "texture": "#side"
		        }
		    }
		},
		{
		    
		    "from": [ 4, 9, 15 ],
		    "to": [ 6, 14, 16 ],
		    "faces": {
		        "south": {
		            "uv": [ 4, 2, 6, 7 ],
		            "texture": "#side"
		        },
		        "west": {
		            "uv": [ 4, 2, 5, 3 ],
		            "texture": "#side"
		        },
		        "up": {
		            "uv": [ 4, 2, 5, 3 ],
		            "texture": "#side"
		        }
		    }
		},
		{
		    
		    "from": [ 6, 9, 15 ],
		    "to": [ 8, 15, 16 ],
		    "faces": {
		        "south": {
		            "uv": [ 6, 1, 8, 7 ],
		            "texture": "#side"
		        },
		        "east": {
		            "uv": [ 6, 1, 7, 2 ],
		            "texture": "#side"
		        },
		        "west": {
		            "uv": [ 7, 1, 8, 7 ],
		            "texture": "#side"
		        }
		    }
		},
		{
		    
		    "from": [ 8, 11, 15 ],
		    "to": [ 10, 13, 16 ],
		    "faces": {
		        "south": {
		            "uv": [ 8, 3, 10, 5 ],
		            "texture": "#side"
		        },
		        "east": {
		            "uv": [ 9, 3, 10, 5 ],
		            "texture": "#side"
		        },
		        "up": {
		            "uv": [ 9, 4, 10, 3 ],
		            "texture": "#side"
		        },
		        "down": {
		            "uv": [ 8, 3, 9, 4 ],
		            "texture": "#side"
		        }
		    }
		},
		{
		    
		    "from": [ 9, 9, 15 ],
		    "to": [ 11, 11, 16 ],
		    "faces": {
		        "south": {
		            "uv": [ 9, 5, 11, 7 ],
		            "texture": "#side"
		        },
		        "west": {
		            "uv": [ 9, 5, 10, 7 ],
		            "texture": "#side"
		        },
		        "up": {
		            "uv": [ 10, 5, 11, 7 ],
		            "texture": "#side"
		        }
		    }
		},
		{
		    
		    "from": [ 11, 9, 15 ],
		    "to": [ 13, 14, 16 ],
		    "faces": {
		        "south": {
		            "uv": [ 11, 2, 13, 7 ],
		            "texture": "#side"
		        },
		        "east": {
		            "uv": [ 11, 2, 12, 7 ],
		            "texture": "#side"
		        },
		        "west": {
		            "uv": [ 12, 2, 13, 3 ],
		            "texture": "#side"
		        },
		        "up": {
		            "uv": [ 12, 2, 13, 3 ],
		            "texture": "#side"
		        }
		    }
		},
		{
		    
		    "from": [ 13, 9, 15 ],
		    "to": [ 15, 13, 16 ],
		    "faces": {
		        "south": {
		            "uv": [ 13, 3, 15, 7 ],
		            "texture": "#side"
		        },
		        "up": {
		            "uv": [ 14, 3, 15, 4 ],
		            "texture": "#side"
		        }
		    }
		},
        {
            
            "from": [ 13, 9, 0 ],
            "to": [ 15, 14, 1 ],
            "faces": {
                "north": {
                    "uv": [ 1, 2, 3, 7 ],
                    "texture": "#side"
                },
                "west": {
                    "uv": [ 2, 2, 3, 7 ],
                    "texture": "#side"
                },
                "up": {
                    "uv": [ 3, 2, 2, 3 ],
                    "texture": "#side"
                }
            }
        },
        {
            
            "from": [ 12, 9, 0 ],
            "to": [ 13, 13, 1 ],
            "faces": {
                "north": {
                    "uv": [ 3, 3, 4, 7 ],
                    "texture": "#side"
                },
                "up": {
                    "uv": [ 3, 3, 4, 7 ],
                    "texture": "#side"
                }
            }
        },
        {
            
            "from": [ 10, 9, 0 ],
            "to": [ 12, 14, 1 ],
            "faces": {
                "north": {
                    "uv": [ 4, 2, 6, 7 ],
                    "texture": "#side"
                },
                "east": {
                    "uv": [ 4, 2, 5, 3 ],
                    "texture": "#side"
                },
                "up": {
                    "uv": [ 4, 2, 5, 3 ],
                    "texture": "#side"
                }
            }
        },
        {
            
            "from": [ 8, 9, 0 ],
            "to": [ 10, 15, 1 ],
            "faces": {
                "north": {
                    "uv": [ 6, 1, 8, 7 ],
                    "texture": "#side"
                },
                "west": {
                    "uv": [ 6, 1, 7, 2 ],
                    "texture": "#side"
                },
                "east": {
                    "uv": [ 7, 1, 8, 7 ],
                    "texture": "#side"
                }
            }
        },
        {
            
            "from": [ 6, 11, 0 ],
            "to": [ 8, 13, 1 ],
            "faces": {
                "north": {
                    "uv": [ 8, 3, 10, 5 ],
                    "texture": "#side"
                },
                "west": {
                    "uv": [ 9, 3, 10, 5 ],
                    "texture": "#side"
                },
                "up": {
                    "uv": [ 9, 4, 10, 3 ],
                    "texture": "#side"
                },
                "down": {
                    "uv": [ 8, 3, 9, 4 ],
                    "texture": "#side"
                }
            }
        },
        {
            
            "from": [ 5, 9, 0 ],
            "to": [ 7, 11, 1 ],
            "faces": {
                "north": {
                    "uv": [ 9, 5, 11, 7 ],
                    "texture": "#side"
                },
                "east": {
                    "uv": [ 9, 5, 10, 7 ],
                    "texture": "#side"
                },
                "up": {
                    "uv": [ 10, 5, 11, 7 ],
                    "texture": "#side"
                }
            }
        },
        {
            
            "from": [ 3, 9, 0 ],
            "to": [ 5, 14, 1 ],
            "faces": {
                "north": {
                    "uv": [ 11, 2, 13, 7 ],
                    "texture": "#side"
                },
                "west": {
                    "uv": [ 11, 2, 12, 7 ],
                    "texture": "#side"
                },
                "east": {
                    "uv": [ 12, 2, 13, 3 ],
                    "texture": "#side"
                },
                "up": {
                    "uv": [ 12, 2, 13, 3 ],
                    "texture": "#side"
                }
            }
        },
        {
            
            "from": [ 1, 9, 0 ],
            "to": [ 3, 13, 1 ],
            "faces": {
                "north": {
                    "uv": [ 13, 3, 15, 7 ],
                    "texture": "#side"
                },
                "up": {
                    "uv": [ 14, 3, 15, 4 ],
                    "texture": "#side"
                }
            }
        },
        {
            
            "from": [ 0, 9, 1 ],
            "to": [ 1, 14, 3 ],
            "faces": {
                "west": {
                    "uv": [ 1, 2, 3, 7 ],
                    "texture": "#side"
                },
                "south": {
                    "uv": [ 2, 2, 3, 7 ],
                    "texture": "#side"
                },
                "up": {
                    "uv": [ 3, 2, 2, 3 ],
                    "texture": "#side"
                }
            }
        },
        {
            
            "from": [ 0, 9, 3 ],
            "to": [ 1, 13, 4 ],
            "faces": {
                "west": {
                    "uv": [ 3, 3, 4, 7 ],
                    "texture": "#side"
                },
                "north": {
                    "uv": [ 3, 3, 4, 7 ],
                    "texture": "#side"
                },
                "up": {
                    "uv": [ 3, 3, 4, 7 ],
                    "texture": "#side"
                }
            }
        },
        {
            
            "from": [ 0, 9, 4 ],
            "to": [ 1, 14, 6 ],
            "faces": {
                "west": {
                    "uv": [ 4, 2, 6, 7 ],
                    "texture": "#side"
                },
                "north": {
                    "uv": [ 4, 2, 5, 3 ],
                    "texture": "#side"
                },
                "up": {
                    "uv": [ 4, 2, 5, 3 ],
                    "texture": "#side"
                }
            }
        },
        {
            
            "from": [ 0, 9, 6 ],
            "to": [ 1, 15, 8 ],
            "faces": {
                "west": {
                    "uv": [ 6, 1, 8, 7 ],
                    "texture": "#side"
                },
                "south": {
                    "uv": [ 6, 1, 7, 2 ],
                    "texture": "#side"
                },
                "north": {
                    "uv": [ 7, 1, 8, 7 ],
                    "texture": "#side"
                }
            }
        },
        {
            
            "from": [ 0, 11, 8 ],
            "to": [ 1, 13, 10 ],
            "faces": {
                "west": {
                    "uv": [ 8, 3, 10, 5 ],
                    "texture": "#side"
                },
                "south": {
                    "uv": [ 9, 3, 10, 5 ],
                    "texture": "#side"
                },
                "up": {
                    "uv": [ 9, 4, 10, 3 ],
                    "texture": "#side"
                },
                "down": {
                    "uv": [ 8, 3, 9, 4 ],
                    "texture": "#side"
                }
            }
        },
        {
            
            "from": [ 0, 9, 9 ],
            "to": [ 1, 11, 11 ],
            "faces": {
                "west": {
                    "uv": [ 9, 5, 11, 7 ],
                    "texture": "#side"
                },
                "north": {
                    "uv": [ 9, 5, 10, 7 ],
                    "texture": "#side"
                },
                "up": {
                    "uv": [ 10, 5, 11, 7 ],
                    "texture": "#side"
                }
            }
        },
        {
            
            "from": [ 0, 9, 11 ],
            "to": [ 1, 14, 13 ],
            "faces": {
                "west": {
                    "uv": [ 11, 2, 13, 7 ],
                    "texture": "#side"
                },
                "south": {
                    "uv": [ 11, 2, 12, 7 ],
                    "texture": "#side"
                },
                "north": {
                    "uv": [ 12, 2, 13, 3 ],
                    "texture": "#side"
                },
                "up": {
                    "uv": [ 12, 2, 13, 3 ],
                    "texture": "#side"
                }
            }
        },
        {
            
            "from": [ 0, 9, 13 ],
            "to": [ 1, 13, 15 ],
            "faces": {
                "west": {
                    "uv": [ 13, 3, 15, 7 ],
                    "texture": "#side"
                },
                "up": {
                    "uv": [ 14, 3, 15, 4 ],
                    "texture": "#side"
                }
            }
        },
        {
            
            "from": [ 15, 9, 13 ],
            "to": [ 16, 14, 15 ],
            "faces": {
                "east": {
                    "uv": [ 1, 2, 3, 7 ],
                    "texture": "#side"
                },
                "north": {
                    "uv": [ 2, 2, 3, 7 ],
                    "texture": "#side"
                },
                "up": {
                    "uv": [ 3, 2, 2, 3 ],
                    "texture": "#side"
                }
            }
        },
        {
            
            "from": [ 15, 9, 12 ],
            "to": [ 16, 13, 13 ],
            "faces": {
                "east": {
                    "uv": [ 3, 3, 4, 7 ],
                    "texture": "#side"
                },
                "north": {
                    "uv": [ 3, 3, 4, 7 ],
                    "texture": "#side"
                },
                "up": {
                    "uv": [ 3, 3, 4, 7 ],
                    "texture": "#side"
                }
            }
        },
        {
            
            "from": [ 15, 9, 10 ],
            "to": [ 16, 14, 12 ],
            "faces": {
                "east": {
                    "uv": [ 4, 2, 6, 7 ],
                    "texture": "#side"
                },
                "south": {
                    "uv": [ 4, 2, 5, 3 ],
                    "texture": "#side"
                },
                "up": {
                    "uv": [ 4, 2, 5, 3 ],
                    "texture": "#side"
                }
            }
        },
        {
            
            "from": [ 15, 9, 8 ],
            "to": [ 16, 15, 10 ],
            "faces": {
                "east": {
                    "uv": [ 6, 1, 8, 7 ],
                    "texture": "#side"
                },
                "south": {
                    "uv": [ 6, 1, 7, 2 ],
                    "texture": "#side"
                },
                "north": {
                    "uv": [ 7, 1, 8, 7 ],
                    "texture": "#side"
                }
            }
        },
        {
            
            "from": [ 15, 11, 6 ],
            "to": [ 16, 13, 8 ],
            "faces": {
                "east": {
                    "uv": [ 8, 3, 10, 5 ],
                    "texture": "#side"
                },
                "north": {
                    "uv": [ 9, 3, 10, 5 ],
                    "texture": "#side"
                },
                "up": {
                    "uv": [ 9, 4, 10, 3 ],
                    "texture": "#side"
                },
                "down": {
                    "uv": [ 8, 3, 9, 4 ],
                    "texture": "#side"
                }
            }
        },
        {
            
            "from": [ 15, 9, 5 ],
            "to": [ 16, 11, 7 ],
            "faces": {
                "east": {
                    "uv": [ 9, 5, 11, 7 ],
                    "texture": "#side"
                },
                "south": {
                    "uv": [ 9, 5, 10, 7 ],
                    "texture": "#side"
                },
                "up": {
                    "uv": [ 10, 5, 11, 7 ],
                    "texture": "#side"
                }
            }
        },
        {
            
            "from": [ 15, 9, 3 ],
            "to": [ 16, 14, 5 ],
            "faces": {
                "east": {
                    "uv": [ 11, 2, 13, 7 ],
                    "texture": "#side"
                },
                "south": {
                    "uv": [ 11, 2, 12, 7 ],
                    "texture": "#side"
                },
                "north": {
                    "uv": [ 12, 2, 13, 3 ],
                    "texture": "#side"
                },
                "up": {
                    "uv": [ 12, 2, 13, 3 ],
                    "texture": "#side"
                }
            }
        },
        {
            
            "from": [ 15, 9, 1 ],
            "to": [ 16, 13, 3 ],
            "faces": {
                "east": {
                    "uv": [ 13, 3, 15, 7 ],
                    "texture": "#side"
                },
                "up": {
                    "uv": [ 14, 3, 15, 4 ],
                    "texture": "#side"
                }
            }
        },
        {
            
            "from": [ 15, 1, 12 ],
            "to": [ 16, 5, 15 ],
            "faces": {
                "east": {
                    "uv": [ 1, 11, 4, 15 ],
                    "texture": "#side"
                },
                "up": {
                    "uv": [ 2, 11, 3, 15 ],
                    "texture": "#side"
                }
            }
        },
        {
            
            "from": [ 12, 1, 0 ],
            "to": [ 15, 5, 1 ],
            "faces": {
                "north": {
                    "uv": [ 1, 11, 4, 15 ],
                    "texture": "#side"
                },
                "up": {
                    "uv": [ 2, 11, 3, 15 ],
                    "texture": "#side"
                }
            }
        },
        {
            
            "from": [ 10, 1, 0 ],
            "to": [ 12, 6, 1 ],
            "faces": {
                "north": {
                    "uv": [ 4, 10, 6, 15 ],
                    "texture": "#side"
                },
                "east": {
                    "uv": [ 4, 10, 5, 15 ],
                    "texture": "#side"
                },
                "west": {
                    "uv": [ 5, 10, 6, 15 ],
                    "texture": "#side"
                },
                "up": {
                    "uv": [ 5, 10, 6, 11 ],
                    "texture": "#side"
                }
            }
        },
        {
            
            "from": [ 9, 1, 0 ],
            "to": [ 10, 4, 1 ],
            "faces": {
                "north": {
                    "uv": [ 6, 12, 7, 15 ],
                    "texture": "#side"
                },
                "west": {
                    "uv": [ 6, 12, 7, 15 ],
                    "texture": "#side"
                },
                "up": {
                    "uv": [ 6, 12, 7, 15 ],
                    "texture": "#side"
                }
            }
        },
        {
            
            "from": [ 8, 1, 0 ],
            "to": [ 9, 3, 1 ],
            "faces": {
                "north": {
                    "uv": [ 7, 13, 8, 15 ],
                    "texture": "#side"
                },
                "west": {
                    "uv": [ 7, 13, 8, 15 ],
                    "texture": "#side"
                },
                "up": {
                    "uv": [ 7, 13, 8, 15 ],
                    "texture": "#side"
                }
            }
        },
        {
            
            "from": [ 7, 3, 0 ],
            "to": [ 8, 5, 1 ],
            "faces": {
                "north": {
                    "uv": [ 8, 11, 9, 13 ],
                    "texture": "#side"
                },
                "east": {
                    "uv": [ 8, 11, 9, 13 ],
                    "texture": "#side"
                },
                "up": {
                    "uv": [ 8, 11, 9, 13 ],
                    "texture": "#side"
                },
                "down": {
                    "uv": [ 8, 11, 9, 13 ],
                    "texture": "#side"
                }
            }
        },
        {
            
            "from": [ 5, 1, 0 ],
            "to": [ 7, 6, 1 ],
            "faces": {
                "north": {
                    "uv": [ 9, 10, 11, 15 ],
                    "texture": "#side"
                },
                "east": {
                    "uv": [ 9, 10, 10, 15 ],
                    "texture": "#side"
                },
                "west": {
                    "uv": [ 10, 10, 11, 15 ],
                    "texture": "#side"
                },
                "up": {
                    "uv": [ 10, 10, 11, 11 ],
                    "texture": "#side"
                }
            }
        },
        {
            
            "from": [ 4, 1, 0 ],
            "to": [ 5, 5, 1 ],
            "faces": {
                "north": {
                    "uv": [ 11, 11, 12, 15 ],
                    "texture": "#side"
                },
                "up": {
                    "uv": [ 11, 11, 12, 15 ],
                    "texture": "#side"
                }
            }
        },
        {
            
            "from": [ 2, 1, 0 ],
            "to": [ 4, 7, 1 ],
            "faces": {
                "north": {
                    "uv": [ 12, 9, 14, 15 ],
                    "texture": "#side"
                },
                "east": {
                    "uv": [ 12, 9, 13, 15 ],
                    "texture": "#side"
                },
                "west": {
                    "uv": [ 14, 9, 14, 15 ],
                    "texture": "#side"
                }
            }
        },
        {
            
            "from": [ 1, 1, 0 ],
            "to": [ 2, 5, 1 ],
            "faces": {
                "north": {
                    "uv": [ 14, 11, 15, 15 ],
                    "texture": "#side"
                },
                "up": {
                    "uv": [ 14, 11, 15, 15 ],
                    "texture": "#side"
                }
            }
        },
        {
            
            "from": [ 1, 1, 15 ],
            "to": [ 4, 5, 16 ],
            "faces": {
                "south": {
                    "uv": [ 1, 11, 4, 15 ],
                    "texture": "#side"
                },
                "up": {
                    "uv": [ 2, 11, 3, 15 ],
                    "texture": "#side"
                }
            }
        },
        {
            
            "from": [ 4, 1, 15 ],
            "to": [ 6, 6, 16 ],
            "faces": {
                "south": {
                    "uv": [ 4, 10, 6, 15 ],
                    "texture": "#side"
                },
                "east": {
                    "uv": [ 4, 10, 5, 15 ],
                    "texture": "#side"
                },
                "west": {
                    "uv": [ 5, 10, 6, 15 ],
                    "texture": "#side"
                },
                "up": {
                    "uv": [ 5, 10, 6, 11 ],
                    "texture": "#side"
                }
            }
        },
        {
            
            "from": [ 6, 1, 15 ],
            "to": [ 7, 4, 16 ],
            "faces": {
                "south": {
                    "uv": [ 6, 12, 7, 15 ],
                    "texture": "#side"
                },
                "west": {
                    "uv": [ 6, 12, 7, 15 ],
                    "texture": "#side"
                },
                "up": {
                    "uv": [ 6, 12, 7, 15 ],
                    "texture": "#side"
                }
            }
        },
        {
            
            "from": [ 7, 1, 15 ],
            "to": [ 8, 3, 16 ],
            "faces": {
                "south": {
                    "uv": [ 7, 13, 8, 15 ],
                    "texture": "#side"
                },
                "west": {
                    "uv": [ 7, 13, 8, 15 ],
                    "texture": "#side"
                },
                "up": {
                    "uv": [ 7, 13, 8, 15 ],
                    "texture": "#side"
                }
            }
        },
        {
            
            "from": [ 8, 3, 15 ],
            "to": [ 9, 5, 16 ],
            "faces": {
                "south": {
                    "uv": [ 8, 11, 9, 13 ],
                    "texture": "#side"
                },
                "west": {
                    "uv": [ 8, 11, 9, 13 ],
                    "texture": "#side"
                },
                "up": {
                    "uv": [ 8, 11, 9, 13 ],
                    "texture": "#side"
                },
                "down": {
                    "uv": [ 8, 11, 9, 13 ],
                    "texture": "#side"
                }
            }
        },
        {
            
            "from": [ 9, 1, 15 ],
            "to": [ 11, 6, 16 ],
            "faces": {
                "south": {
                    "uv": [ 9, 10, 11, 15 ],
                    "texture": "#side"
                },
                "east": {
                    "uv": [ 9, 10, 10, 15 ],
                    "texture": "#side"
                },
                "west": {
                    "uv": [ 10, 10, 11, 15 ],
                    "texture": "#side"
                },
                "up": {
                    "uv": [ 10, 10, 11, 11 ],
                    "texture": "#side"
                }
            }
        },
        {
            
            "from": [ 11, 1, 15 ],
            "to": [ 12, 5, 16 ],
            "faces": {
                "south": {
                    "uv": [ 11, 11, 12, 15 ],
                    "texture": "#side"
                },
                "up": {
                    "uv": [ 11, 11, 12, 15 ],
                    "texture": "#side"
                }
            }
        },
        {
            
            "from": [ 12, 1, 15 ],
            "to": [ 14, 7, 16 ],
            "faces": {
                "south": {
                    "uv": [ 12, 9, 14, 15 ],
                    "texture": "#side"
                },
                "east": {
                    "uv": [ 12, 9, 13, 15 ],
                    "texture": "#side"
                },
                "west": {
                    "uv": [ 14, 9, 14, 15 ],
                    "texture": "#side"
                }
            }
        },
        {
            
            "from": [ 14, 1, 15 ],
            "to": [ 15, 5, 16 ],
            "faces": {
                "south": {
                    "uv": [ 14, 11, 15, 15 ],
                    "texture": "#side"
                },
                "up": {
                    "uv": [ 14, 11, 15, 15 ],
                    "texture": "#side"
                }
            }
        },
        {
            
            "from": [ 0, 1, 14 ],
            "to": [ 1, 5, 15 ],
            "faces": {
                "west": {
                    "uv": [ 14, 11, 15, 15 ],
                    "texture": "#side"
                },
                "up": {
                    "uv": [ 14, 11, 15, 15 ],
                    "texture": "#side"
                }
            }
        },
        {
            
            "from": [ 0, 1, 12 ],
            "to": [ 1, 7, 14 ],
            "faces": {
                "west": {
                    "uv": [ 12, 9, 14, 15 ],
                    "texture": "#side"
                }
            }
        },
        {
            
            "from": [ 0, 1, 11 ],
            "to": [ 1, 5, 12 ],
            "faces": {
                "west": {
                    "uv": [ 11, 11, 12, 15 ],
                    "texture": "#side"
                },
                "up": {
                    "uv": [ 11, 11, 12, 15 ],
                    "texture": "#side"
                }
            }
        },
        {
            
            "from": [ 0, 1, 9 ],
            "to": [ 1, 6, 11 ],
            "faces": {
                "west": {
                    "uv": [ 9, 10, 11, 15 ],
                    "texture": "#side"
                },
                "south": {
                    "uv": [ 10, 10, 11, 15 ],
                    "texture": "#side"
                },
                "north": {
                    "uv": [ 9, 10, 10, 15 ],
                    "texture": "#side"
                },
                "up": {
                    "uv": [ 9, 10, 10, 11 ],
                    "texture": "#side"
                }
            }
        },
        {
            
            "from": [ 0, 3, 8 ],
            "to": [ 1, 5, 9 ],
            "faces": {
                "west": {
                    "uv": [ 8, 11, 9, 13 ],
                    "texture": "#side"
                },
                "north": {
                    "uv": [ 8, 11, 9, 13 ],
                    "texture": "#side"
                },
                "up": {
                    "uv": [ 8, 11, 9, 13 ],
                    "texture": "#side"
                },
                "down": {
                    "uv": [ 8, 11, 9, 13 ],
                    "texture": "#side"
                }
            }
        },
        {
            
            "from": [ 0, 1, 7 ],
            "to": [ 1, 3, 8 ],
            "faces": {
                "west": {
                    "uv": [ 7, 13, 8, 15 ],
                    "texture": "#side"
                },
                "south": {
                    "uv": [ 7, 13, 8, 15 ],
                    "texture": "#side"
                },
                "up": {
                    "uv": [ 7, 13, 8, 15 ],
                    "texture": "#side"
                }
            }
        },
        {
            
            "from": [ 0, 1, 6 ],
            "to": [ 1, 4, 7 ],
            "faces": {
                "west": {
                    "uv": [ 6, 12, 7, 15 ],
                    "texture": "#side"
                },
                "south": {
                    "uv": [ 6, 12, 7, 15 ],
                    "texture": "#side"
                },
                "up": {
                    "uv": [ 6, 12, 7, 15 ],
                    "texture": "#side"
                }
            }
        },
        {
            
            "from": [ 0, 1, 4 ],
            "to": [ 1, 6, 6 ],
            "faces": {
                "west": {
                    "uv": [ 4, 10, 6, 15 ],
                    "texture": "#side"
                },
                "north": {
                    "uv": [ 4, 10, 5, 15 ],
                    "texture": "#side"
                },
                "south": {
                    "uv": [ 5, 10, 6, 15 ],
                    "texture": "#side"
                },
                "up": {
                    "uv": [ 5, 10, 6, 15 ],
                    "texture": "#side"
                }
            }
        },
        {
            
            "from": [ 0, 1, 1 ],
            "to": [ 1, 5, 4 ],
            "faces": {
                "west": {
                    "uv": [ 1, 11, 4, 15 ],
                    "texture": "#side"
                },
                "up": {
                    "uv": [ 2, 11, 3, 15 ],
                    "texture": "#side"
                }
            }
        },
        {
            
            "from": [ 15, 1, 10 ],
            "to": [ 16, 6, 12 ],
            "faces": {
                "east": {
                    "uv": [ 4, 10, 6, 15 ],
                    "texture": "#side"
                },
                "south": {
                    "uv": [ 4, 10, 5, 15 ],
                    "texture": "#side"
                },
                "north": {
                    "uv": [ 5, 10, 6, 15 ],
                    "texture": "#side"
                },
                "up": {
                    "uv": [ 5, 10, 6, 15 ],
                    "texture": "#side"
                }
            }
        },
        {
            
            "from": [ 15, 1, 9 ],
            "to": [ 16, 4, 10 ],
            "faces": {
                "east": {
                    "uv": [ 6, 12, 7, 15 ],
                    "texture": "#side"
                },
                "north": {
                    "uv": [ 6, 12, 7, 15 ],
                    "texture": "#side"
                },
                "up": {
                    "uv": [ 6, 12, 7, 15 ],
                    "texture": "#side"
                }
            }
        },
        {
            
            "from": [ 15, 1, 8 ],
            "to": [ 16, 3, 9 ],
            "faces": {
                "east": {
                    "uv": [ 7, 13, 8, 15 ],
                    "texture": "#side"
                },
                "north": {
                    "uv": [ 7, 13, 8, 15 ],
                    "texture": "#side"
                },
                "up": {
                    "uv": [ 7, 13, 8, 15 ],
                    "texture": "#side"
                }
            }
        },
        {
            
            "from": [ 15, 3, 7 ],
            "to": [ 16, 5, 8 ],
            "faces": {
                "east": {
                    "uv": [ 8, 11, 9, 13 ],
                    "texture": "#side"
                },
                "south": {
                    "uv": [ 8, 11, 9, 13 ],
                    "texture": "#side"
                },
                "up": {
                    "uv": [ 8, 11, 9, 13 ],
                    "texture": "#side"
                },
                "down": {
                    "uv": [ 8, 11, 9, 13 ],
                    "texture": "#side"
                }
            }
        },
        {
            
            "from": [ 15, 1, 5 ],
            "to": [ 16, 6, 7 ],
            "faces": {
                "east": {
                    "uv": [ 9, 10, 11, 15 ],
                    "texture": "#side"
                },
                "north": {
                    "uv": [ 10, 10, 11, 15 ],
                    "texture": "#side"
                },
                "south": {
                    "uv": [ 9, 10, 10, 15 ],
                    "texture": "#side"
                },
                "up": {
                    "uv": [ 9, 10, 10, 11 ],
                    "texture": "#side"
                }
            }
        },
        {
            
            "from": [ 15, 1, 4 ],
            "to": [ 16, 5, 5 ],
            "faces": {
                "east": {
                    "uv": [ 11, 11, 12, 15 ],
                    "texture": "#side"
                },
                "up": {
                    "uv": [ 11, 11, 12, 15 ],
                    "texture": "#side"
                }
            }
        },
        {
            
            "from": [ 15, 1, 2 ],
            "to": [ 16, 7, 4 ],
            "faces": {
                "east": {
                    "uv": [ 12, 9, 14, 15 ],
                    "texture": "#side"
                }
            }
        },
        {
        	
            "from": [ 15, 1, 1 ],
            "to": [ 16, 5, 2 ],
            "faces": {
                "east": {
                    "uv": [ 14, 11, 15, 15 ],
                    "texture": "#side"
                },
                "up": {
                    "uv": [ 14, 11, 15, 15 ],
                    "texture": "#side"
                }
            }
        }
],
"display": {
        "gui": {
            "rotation": [ 30, 225, 0 ],
            "translation": [ 0, 0, 0],
            "scale":[ 0.625, 0.625, 0.625 ]
        },
        "ground": {
            "rotation": [ 0, 0, 0 ],
            "translation": [ 0, 3, 0],
            "scale":[ 0.25, 0.25, 0.25 ]
        },
        "fixed": {
            "rotation": [ 0, 0, 0 ],
            "translation": [ 0, 0, 0],
            "scale":[ 0.5, 0.5, 0.5 ]
        },
        "thirdperson_righthand": {
            "rotation": [ 75, 45, 0 ],
            "translation": [ 0, 2.5, 0],
            "scale": [ 0.375, 0.375, 0.375 ]
        },
        "firstperson_righthand": {
            "rotation": [ 0, 45, 0 ],
            "translation": [ 0, 0, 0 ],
            "scale": [ 0.40, 0.40, 0.40 ]
        },
        "firstperson_lefthand": {
            "rotation": [ 0, 225, 0 ],
            "translation": [ 0, 0, 0 ],
            "scale": [ 0.40, 0.40, 0.40 ]
        }
    }
}
}
