{
"ambientocclusion": false,
"textures": {
    "particle": "blocks/brewing_stand",
    "texture": "blocks/hardened_clay_stained_yellow",
    "gray": "blocks/cauldron_inner",
    "redbrown": "blocks/hardened_clay_stained_red",
    "stone": "blocks/stone",
    "glass": "blocks/glass",
    "iron": "blocks/iron_block",
    "water": "blocks/water_still",
    "brown": "blocks/hardened_clay",
    "stoneslab": "blocks/stone_slab_top"
},
"elements": [ 
{
    "__comment": "brown rubber parts",
    "from": [ 4.375, 10.25, 11.125 ],
    "to": [ 5.125, 12, 11.875 ],
    "rotation": { "origin": [ 4.375, 10.25, 11.125 ], "axis": "y", "angle": -45 },
    "faces": {
        "down":  { "uv": [ 2.874, 8.374, 2.126, 7.626 ], "texture": "#redbrown" },
        "north": { "uv": [ 2.126, 4.001, 2.874, 5.749 ], "texture": "#redbrown" },
        "south": { "uv": [ 13.126, 4.001, 13.874, 5.749 ], "texture": "#redbrown" },
        "west":  { "uv": [ 7.626, 4.001, 8.374, 5.749 ], "texture": "#redbrown" },
        "east":  { "uv": [ 7.626, 4.001, 8.374, 5.749 ], "texture": "#redbrown" }
    }
},
{
    "__comment": "Bot*",
    "from": [ 3.25, 5, 10.75 ],
    "to": [ 5.25, 5.5, 12.75 ],
    "faces": {
        "down":  { "uv": [ 0.001, 0.001, 15.999, 15.999 ], "texture": "#glass" },
        "north": { "uv": [ 15.999, 12.001, 0.001, 15.999 ], "texture": "#glass" },
        "south": { "uv": [ 0.001, 3.999, 15.999, 0.001 ], "texture": "#glass" },
        "west":  { "uv": [ 3.999, 0.001, 0.001, 15.999 ], "rotation": 90, "texture": "#glass" },
        "east":  { "uv": [ 12.001, 15.999, 15.999, 0.001 ], "rotation": 90, "texture": "#glass" }
    }
},
{
    "__comment": "Top*",
    "from": [ 3.25, 7.5, 10.75 ],
    "to": [ 5.25, 8, 12.75 ],
    "faces": {
        "up":    { "uv": [ 0.001, 0.001, 15.999, 15.999 ], "texture": "#glass" },
        "north": { "uv": [ 15.999, 0.001, 0.001, 3.999 ], "texture": "#glass" },
        "south": { "uv": [ 0.001, 15.999, 15.999, 12.001 ], "texture": "#glass" },
        "west":  { "uv": [ 0.001, 15.999, 3.999, 0.001 ], "rotation": 90, "texture": "#glass" },
        "east":  { "uv": [ 15.999, 0.001, 12.001, 15.999 ], "rotation": 90, "texture": "#glass" }
    }
},
{
    "__comment": "Top*",
    "from": [ 3.75, 8, 11.25 ],
    "to": [ 4.75, 8.5, 12.25 ],
    "faces": {
        "up":    { "uv": [ 6.001, 6.001, 9.999, 9.999 ], "texture": "#iron" },
        "north": { "uv": [ 4.001, 0.001, 9.999, 2.999 ], "texture": "#iron" },
        "south": { "uv": [ 4.001, 0.001, 9.999, 2.999 ], "texture": "#iron" },
        "west":  { "uv": [ 4.001, 0.001, 9.999, 2.999 ], "texture": "#iron" },
        "east":  { "uv": [ 4.001, 0.001, 9.999, 2.999 ], "texture": "#iron" }
    }
},
{
    "__comment": "Top*",
    "from": [ 3.75, 9, 11.25 ],
    "to": [ 4.75, 9.25, 12.25 ],
    "faces": {
        "down":  { "uv": [ 3.999, 3.999, 0.001, 0.001 ], "texture": "#iron" },
        "up":    { "uv": [ 0.001, 0.001, 3.999, 3.999 ], "texture": "#iron" },
        "north": { "uv": [ 6.001, 0.001, 9.999, 0.999 ], "texture": "#iron" },
        "south": { "uv": [ 6.001, 0.001, 9.999, 0.999 ], "texture": "#iron" },
        "west":  { "uv": [ 7.001, 0.001, 8.999, 0.999 ], "texture": "#iron" },
        "east":  { "uv": [ 7.001, 0.001, 8.999, 0.999 ], "texture": "#iron" }
    }
},
{
    "__comment": "Top*",
    "from": [ 4, 8.5, 11.5 ],
    "to": [ 4.5, 9, 12 ],
    "faces": {
        "north": { "uv": [ 6.001, 0.001, 7.999, 1.999 ], "texture": "#iron" },
        "south": { "uv": [ 6.001, 0.001, 7.999, 1.999 ], "texture": "#iron" },
        "west":  { "uv": [ 6.001, 0.001, 7.999, 1.999 ], "texture": "#iron" },
        "east":  { "uv": [ 6.001, 0.001, 7.999, 1.999 ], "texture": "#iron" }
    }
},
{
    "__comment": "Side*",
    "from": [ 3.25, 5.5, 10.25 ],
    "to": [ 5.25, 7.5, 10.75 ],
    "faces": {
        "down":  { "uv": [ 15.999, 12.001, 0.001, 15.999 ], "texture": "#glass" },
        "up":    { "uv": [ 15.999, 0.001, 0.001, 3.999 ], "texture": "#glass" },
        "north": { "uv": [ 0.001, 0.001, 15.999, 15.999 ], "texture": "#glass" },
        "west":  { "uv": [ 15.999, 0.001, 12.001, 15.999 ], "texture": "#glass" },
        "east":  { "uv": [ 3.999, 0.001, 0.001, 15.999 ], "texture": "#glass" }
    }
},
{
    "__comment": "Side*",
    "from": [ 5.25, 5.5, 10.75 ],
    "to": [ 5.75, 7.5, 12.75 ],
    "faces": {
        "down":  { "uv": [ 15.999, 12.001, 0.001, 15.999 ], "rotation": 270, "texture": "#glass" },
        "up":    { "uv": [ 15.999, 0.001, 0.001, 3.999 ], "rotation": 90, "texture": "#glass" },
        "north": { "uv": [ 15.999, 0.001, 12.001, 15.999 ], "texture": "#glass" },
        "south": { "uv": [ 3.999, 0.001, 0.001, 15.999 ], "texture": "#glass" },
        "east":  { "uv": [ 0.001, 0.001, 15.999, 15.999 ], "texture": "#glass" }
    }
},
{
    "__comment": "Side*",
    "from": [ 3.25, 5.5, 12.75 ],
    "to": [ 5.25, 7.5, 13.25 ],
    "faces": {
        "down":  { "uv": [ 15.999, 12.001, 0.001, 15.999 ], "rotation": 180, "texture": "#glass" },
        "up":    { "uv": [ 15.999, 0.001, 0.001, 3.999 ], "rotation": 180, "texture": "#glass" },
        "south": { "uv": [ 0.001, 0.001, 15.999, 15.999 ], "texture": "#glass" },
        "west":  { "uv": [ 3.999, 0.001, 0.001, 15.999 ], "texture": "#glass" },
        "east":  { "uv": [ 15.999, 0.001, 12.001, 15.999 ], "texture": "#glass" }
    }
},
{
    "__comment": "Side*",
    "from": [ 2.75, 5.5, 10.75 ],
    "to": [ 3.25, 7.5, 12.75 ],
    "faces": {
        "down":  { "uv": [ 15.999, 12.001, 0.001, 15.999 ], "rotation": 90, "texture": "#glass" },
        "up":    { "uv": [ 15.999, 0.001, 0.001, 3.999 ], "rotation": 270, "texture": "#glass" },
        "north": { "uv": [ 3.999, 0.001, 0.001, 15.999 ], "texture": "#glass" },
        "south": { "uv": [ 15.999, 0.001, 12.001, 15.999 ], "texture": "#glass" },
        "west":  { "uv": [ 0.001, 0.001, 15.999, 15.999 ], "texture": "#glass" }
    }
},
{
    "__comment": "Inside*",
    "from": [ 3.3125, 5.5625, 10.3125 ],
    "to": [ 5.1875, 7.4375, 13.1875 ],
    "faces": {
        "down":  { "uv": [ 9.999, 12.999, 7.001, 9.001 ], "texture": "#water" },
        "up":    { "uv": [ 7.001, 9.001, 9.999, 12.999 ], "texture": "#water" },
        "north": { "uv": [ 7.001, 9.001, 9.999, 11.999 ], "texture": "#water" },
        "south": { "uv": [ 7.001, 9.001, 9.999, 11.999 ], "texture": "#water" },
        "west":  { "uv": [ 7.001, 9.001, 9.999, 12.999 ], "rotation": 90, "texture": "#water" },
        "east":  { "uv": [ 7.001, 9.001, 9.999, 12.999 ], "rotation": 90, "texture": "#water" }
    }
},
{
    "__comment": "Inside*",
    "from": [ 2.9375, 5.5625, 10.8125 ],
    "to": [ 3.3125, 7.4375, 12.6875 ],
    "faces": {
        "down":  { "uv": [ 9.999, 12.999, 9.001, 9.001 ], "texture": "#water" },
        "up":    { "uv": [ 7.001, 9.001, 7.999, 12.999 ], "texture": "#water" },
        "north": { "uv": [ 9.001, 9.001, 9.999, 12.999 ], "texture": "#water" },
        "south": { "uv": [ 7.001, 9.001, 7.999, 12.999 ], "texture": "#water" },
        "west":  { "uv": [ 7.001, 9.001, 9.999, 11.999 ], "texture": "#water" }
    }
},
{
    "__comment": "Inside*",
    "from": [ 5.1875, 5.5625, 10.8125 ],
    "to": [ 5.5625, 7.4375, 12.6875 ],
    "faces": {
        "down":  { "uv": [ 9.999, 12.999, 9.001, 9.001 ], "texture": "#water" },
        "up":    { "uv": [ 7.001, 9.001, 7.999, 12.999 ], "texture": "#water" },
        "north": { "uv": [ 9.001, 9.001, 9.999, 12.999 ], "texture": "#water" },
        "south": { "uv": [ 7.001, 9.001, 7.999, 12.999 ], "texture": "#water" },
        "east":  { "uv": [ 7.001, 9.001, 9.999, 11.999 ], "texture": "#water" }
    }
},
{
    "__comment": "Inside*",
    "from": [ 3.3125, 5.1875, 10.8125 ],
    "to": [ 5.1875, 5.5625, 12.6875 ],
    "faces": {
        "down":  { "uv": [ 9.999, 11.999, 7.001, 9.001 ], "texture": "#water" },
        "north": { "uv": [ 7.001, 11.001, 9.999, 11.999 ], "texture": "#water" },
        "south": { "uv": [ 7.001, 11.001, 9.999, 11.999 ], "texture": "#water" },
        "west":  { "uv": [ 7.001, 11.001, 9.999, 11.999 ], "texture": "#water" },
        "east":  { "uv": [ 6.001, 11.001, 8.999, 11.999 ], "texture": "#water" }
    }
},
{
    "__comment": "brown rubber parts",
    "from": [ 4.375, 9.25, 11.3125 ],
    "to": [ 4.875, 10.25, 11.8125 ],
    "rotation": { "origin": [ 4.375, 9.25, 11.3125 ], "axis": "y", "angle": -45 },
    "faces": {
        "north": { "uv": [ 2.251, 5.751, 2.749, 6.749 ], "texture": "#brown" },
        "south": { "uv": [ 13.251, 5.751, 13.749, 6.749 ], "texture": "#brown" },
        "west":  { "uv": [ 7.751, 5.751, 8.249, 6.749 ], "texture": "#brown" },
        "east":  { "uv": [ 7.751, 5.751, 8.249, 6.749 ], "texture": "#brown" }
    }
}
]
}