{
"ambientocclusion": false,
"textures": {
    "particle": "blocks/brewing_stand",
    "texture": "blocks/hardened_clay_stained_yellow",
    "gray": "blocks/cauldron_inner",
    "redbrown": "blocks/hardened_clay_stained_red",
    "stone": "blocks/stone",
    "glass": "blocks/glass",
    "iron": "blocks/iron_block",
    "water": "blocks/water_still",
    "brown": "blocks/hardened_clay",
    "stoneslab": "blocks/stone_slab_top"
},
"elements": [ 
{
    "__comment": "Bot",
    "from": [ 12.5, 5, 7 ],
    "to": [ 14.5, 5.5, 9 ],
    "faces": {
        "down":  { "uv": [ 0.001, 0.001, 15.999, 15.999 ], "texture": "#glass" },
        "north": { "uv": [ 15.999, 12.001, 0.001, 15.999 ], "texture": "#glass" },
        "south": { "uv": [ 0.001, 3.999, 15.999, 0.001 ], "texture": "#glass" },
        "west":  { "uv": [ 3.999, 0.001, 0.001, 15.999 ], "rotation": 90, "texture": "#glass" },
        "east":  { "uv": [ 12.001, 15.999, 15.999, 0.001 ], "rotation": 90, "texture": "#glass" }
    }
},
{
    "__comment": "Top",
    "from": [ 12.5, 7.5, 7 ],
    "to": [ 14.5, 8, 9 ],
    "faces": {
        "up":    { "uv": [ 0.001, 0.001, 15.999, 15.999 ], "texture": "#glass" },
        "north": { "uv": [ 15.999, 0.001, 0.001, 3.999 ], "texture": "#glass" },
        "south": { "uv": [ 0.001, 15.999, 15.999, 12.001 ], "texture": "#glass" },
        "west":  { "uv": [ 0.001, 15.999, 3.999, 0.001 ], "rotation": 90, "texture": "#glass" },
        "east":  { "uv": [ 15.999, 0.001, 12.001, 15.999 ], "rotation": 90, "texture": "#glass" }
    }
},
{
    "__comment": "Top",
    "from": [ 13, 8, 7.5 ],
    "to": [ 14, 8.5, 8.5 ],
    "faces": {
        "up":    { "uv": [ 6.001, 6.001, 9.999, 9.999 ], "texture": "#iron" },
        "north": { "uv": [ 4.001, 0.001, 9.999, 2.999 ], "texture": "#iron" },
        "south": { "uv": [ 4.001, 0.001, 9.999, 2.999 ], "texture": "#iron" },
        "west":  { "uv": [ 4.001, 0.001, 9.999, 2.999 ], "texture": "#iron" },
        "east":  { "uv": [ 4.001, 0.001, 9.999, 2.999 ], "texture": "#iron" }
    }
},
{
    "__comment": "Top",
    "from": [ 13, 9, 7.5 ],
    "to": [ 14, 9.25, 8.5 ],
    "faces": {
        "down":  { "uv": [ 3.999, 3.999, 0.001, 0.001 ], "texture": "#iron" },
        "up":    { "uv": [ 0.001, 0.001, 3.999, 3.999 ], "texture": "#iron" },
        "north": { "uv": [ 6.001, 0.001, 9.999, 0.999 ], "texture": "#iron" },
        "south": { "uv": [ 6.001, 0.001, 9.999, 0.999 ], "texture": "#iron" },
        "west":  { "uv": [ 7.001, 0.001, 8.999, 0.999 ], "texture": "#iron" },
        "east":  { "uv": [ 7.001, 0.001, 8.999, 0.999 ], "texture": "#iron" }
    }
},
{
    "__comment": "Top",
    "from": [ 13.25, 8.5, 7.75 ],
    "to": [ 13.75, 9, 8.25 ],
    "faces": {
        "north": { "uv": [ 6.001, 0.001, 7.999, 1.999 ], "texture": "#iron" },
        "south": { "uv": [ 6.001, 0.001, 7.999, 1.999 ], "texture": "#iron" },
        "west":  { "uv": [ 6.001, 0.001, 7.999, 1.999 ], "texture": "#iron" },
        "east":  { "uv": [ 6.001, 0.001, 7.999, 1.999 ], "texture": "#iron" }
    }
},
{
    "__comment": "Side",
    "from": [ 12.5, 5.5, 6.5 ],
    "to": [ 14.5, 7.5, 7 ],
    "faces": {
        "down":  { "uv": [ 15.999, 12.001, 0.001, 15.999 ], "texture": "#glass" },
        "up":    { "uv": [ 15.999, 0.001, 0.001, 3.999 ], "texture": "#glass" },
        "north": { "uv": [ 0.001, 0.001, 15.999, 15.999 ], "texture": "#glass" },
        "west":  { "uv": [ 15.999, 0.001, 12.001, 15.999 ], "texture": "#glass" },
        "east":  { "uv": [ 3.999, 0.001, 0.001, 15.999 ], "texture": "#glass" }
    }
},
{
    "__comment": "Side",
    "from": [ 14.5, 5.5, 7 ],
    "to": [ 15, 7.5, 9 ],
    "faces": {
        "down":  { "uv": [ 15.999, 12.001, 0.001, 15.999 ], "rotation": 270, "texture": "#glass" },
        "up":    { "uv": [ 15.999, 0.001, 0.001, 3.999 ], "rotation": 90, "texture": "#glass" },
        "north": { "uv": [ 15.999, 0.001, 12.001, 15.999 ], "texture": "#glass" },
        "south": { "uv": [ 3.999, 0.001, 0.001, 15.999 ], "texture": "#glass" },
        "east":  { "uv": [ 0.001, 0.001, 15.999, 15.999 ], "texture": "#glass" }
    }
},
{
    "__comment": "Side",
    "from": [ 12.5, 5.5, 9 ],
    "to": [ 14.5, 7.5, 9.5 ],
    "faces": {
        "down":  { "uv": [ 15.999, 12.001, 0.001, 15.999 ], "rotation": 180, "texture": "#glass" },
        "up":    { "uv": [ 15.999, 0.001, 0.001, 3.999 ], "rotation": 180, "texture": "#glass" },
        "south": { "uv": [ 0.001, 0.001, 15.999, 15.999 ], "texture": "#glass" },
        "west":  { "uv": [ 3.999, 0.001, 0.001, 15.999 ], "texture": "#glass" },
        "east":  { "uv": [ 15.999, 0.001, 12.001, 15.999 ], "texture": "#glass" }
    }
},
{
    "__comment": "Side",
    "from": [ 12, 5.5, 7 ],
    "to": [ 12.5, 7.5, 9 ],
    "faces": {
        "down":  { "uv": [ 15.999, 12.001, 0.001, 15.999 ], "rotation": 90, "texture": "#glass" },
        "up":    { "uv": [ 15.999, 0.001, 0.001, 3.999 ], "rotation": 270, "texture": "#glass" },
        "north": { "uv": [ 3.999, 0.001, 0.001, 15.999 ], "texture": "#glass" },
        "south": { "uv": [ 15.999, 0.001, 12.001, 15.999 ], "texture": "#glass" },
        "west":  { "uv": [ 0.001, 0.001, 15.999, 15.999 ], "texture": "#glass" }
    }
},
{
    "__comment": "Inside",
    "from": [ 12.5625, 5.5625, 6.5625 ],
    "to": [ 14.4375, 7.4375, 9.4375 ],
    "faces": {
        "down":  { "uv": [ 9.999, 12.999, 7.001, 9.001 ], "texture": "#water" },
        "up":    { "uv": [ 7.001, 9.001, 9.999, 12.999 ], "texture": "#water" },
        "north": { "uv": [ 7.001, 9.001, 9.999, 11.999 ], "texture": "#water" },
        "south": { "uv": [ 7.001, 9.001, 9.999, 11.999 ], "texture": "#water" },
        "west":  { "uv": [ 7.001, 9.001, 9.999, 12.999 ], "rotation": 90, "texture": "#water" },
        "east":  { "uv": [ 7.001, 9.001, 9.999, 12.999 ], "rotation": 90, "texture": "#water" }
    }
},
{
    "__comment": "Inside",
    "from": [ 12.1875, 5.5625, 7.0625 ],
    "to": [ 12.5625, 7.4375, 8.9375 ],
    "faces": {
        "down":  { "uv": [ 9.999, 12.999, 9.001, 9.001 ], "texture": "#water" },
        "up":    { "uv": [ 7.001, 9.001, 7.999, 12.999 ], "texture": "#water" },
        "north": { "uv": [ 9.001, 9.001, 9.999, 12.999 ], "texture": "#water" },
        "south": { "uv": [ 7.001, 9.001, 7.999, 12.999 ], "texture": "#water" },
        "west":  { "uv": [ 7.001, 9.001, 9.999, 11.999 ], "texture": "#water" }
    }
},
{
    "__comment": "Inside",
    "from": [ 14.4375, 5.5625, 7.0625 ],
    "to": [ 14.8125, 7.4375, 8.9375 ],
    "faces": {
        "down":  { "uv": [ 9.999, 12.999, 9.001, 9.001 ], "texture": "#water" },
        "up":    { "uv": [ 7.001, 9.001, 7.999, 12.999 ], "texture": "#water" },
        "north": { "uv": [ 9.001, 9.001, 9.999, 12.999 ], "texture": "#water" },
        "south": { "uv": [ 7.001, 9.001, 7.999, 12.999 ], "texture": "#water" },
        "east":  { "uv": [ 7.001, 9.001, 9.999, 11.999 ], "texture": "#water" }
    }
},
{
    "__comment": "Inside",
    "from": [ 12.5625, 5.1875, 7.0625 ],
    "to": [ 14.4375, 5.5625, 8.9375 ],
    "faces": {
        "down":  { "uv": [ 9.999, 11.999, 7.001, 9.001 ], "texture": "#water" },
        "north": { "uv": [ 7.001, 11.001, 9.999, 11.999 ], "texture": "#water" },
        "south": { "uv": [ 7.001, 11.001, 9.999, 11.999 ], "texture": "#water" },
        "west":  { "uv": [ 7.001, 11.001, 9.999, 11.999 ], "texture": "#water" },
        "east":  { "uv": [ 6.001, 11.001, 8.999, 11.999 ], "texture": "#water" }
    }
},
{
    "__comment": "brown rubber parts",
    "from": [ 13.25, 9.25, 7.75 ],
    "to": [ 13.75, 10.25, 8.25 ],
    "faces": {
        "north": { "uv": [ 2.251, 5.751, 2.749, 6.749 ], "texture": "#brown" },
        "south": { "uv": [ 13.251, 5.751, 13.749, 6.749 ], "texture": "#brown" },
        "west":  { "uv": [ 7.751, 5.751, 8.249, 6.749 ], "texture": "#brown" },
        "east":  { "uv": [ 7.751, 5.751, 8.249, 6.749 ], "texture": "#brown" }
    }
},
{
    "__comment": "brown rubber parts",
    "from": [ 13.125, 10.25, 7.625 ],
    "to": [ 13.875, 12, 8.375 ],
    "faces": {
        "down":  { "uv": [ 2.874, 8.374, 2.126, 7.626 ], "texture": "#redbrown" },
        "north": { "uv": [ 2.126, 4.001, 2.874, 5.749 ], "texture": "#redbrown" },
        "south": { "uv": [ 13.126, 4.001, 13.874, 5.749 ], "texture": "#redbrown" },
        "west":  { "uv": [ 7.626, 4.001, 8.374, 5.749 ], "texture": "#redbrown" },
        "east":  { "uv": [ 7.626, 4.001, 8.374, 5.749 ], "texture": "#redbrown" }
    }
}
]
}