{
"ambientocclusion": false,
"textures": {
    "particle": "blocks/mushroom_brown",
    "all": "blocks/mushroom_brown"
},
"elements": [ 
{
    "from": [ 7, 0, 7 ],
    "to": [ 9, 2, 9 ],
    "faces": {
        "down":  { "uv": [ 7, 16, 9, 14 ], "texture": "#all" },
        "up":    { "uv": [ 7, 16, 9, 14 ], "texture": "#all" },
        "north": { "uv": [ 7, 16, 9, 14 ], "texture": "#all" },
        "south": { "uv": [ 7, 16, 9, 14 ], "texture": "#all" },
        "west":  { "uv": [ 7, 16, 9, 14 ], "texture": "#all" },
        "east":  { "uv": [ 7, 16, 9, 14 ], "texture": "#all" }
    }
},
{
    "from": [ 5, 2, 5 ],
    "to": [ 11, 3, 11 ],
    "faces": {
        "down":  { "uv": [ 10, 13, 9, 12 ], "texture": "#all" },
        "up":    { "uv": [ 6, 10, 10, 14 ], "texture": "#all" },
        "north": { "uv": [ 5, 13, 10, 13 ], "texture": "#all" },
        "south": { "uv": [ 5, 13, 10, 13 ], "texture": "#all" },
        "west":  { "uv": [ 5, 13, 10, 13 ], "texture": "#all" },
        "east":  { "uv": [ 5, 13, 10, 13 ], "texture": "#all" }
    }
},
{
    "from": [ 5, 3, 5 ],
    "to": [ 11, 4, 11 ],
    "faces": {
        "down":  { "uv": [ 10, 13, 9, 12 ], "texture": "#all" },
        "up":    { "uv": [ 6, 10, 10, 14 ], "texture": "#all" },
        "north": { "uv": [ 5, 12, 10, 12 ], "texture": "#all" },
        "south": { "uv": [ 5, 12, 10, 12 ], "texture": "#all" },
        "west":  { "uv": [ 5, 12, 10, 12 ], "texture": "#all" },
        "east":  { "uv": [ 5, 12, 10, 12 ], "texture": "#all" }
    }
},
{
    "from": [ 5.5, 4, 5.5 ],
    "to": [ 10.5, 5, 10.5 ],
    "faces": {
        "down":  { "uv": [ 10, 13, 9, 12 ], "texture": "#all" },
        "up":    { "uv": [ 6, 10, 10, 14 ], "texture": "#all" },
        "north": { "uv": [ 6, 11, 10, 11 ], "texture": "#all" },
        "south": { "uv": [ 6, 11, 10, 11 ], "texture": "#all" },
        "west":  { "uv": [ 6, 11, 10, 11 ], "texture": "#all" },
        "east":  { "uv": [ 6, 11, 10, 11 ], "texture": "#all" }
    }
}
],
"display": {
    "thirdperson_righthand": {
        "rotation": [ 0, -90, 0 ],
        "translation": [ 0, 4, 2 ],
        "scale": [ 0.85, 0.85, 0.85 ]
    },
    "thirdperson_lefthand": {
        "rotation": [ 0, 90, 0 ],
        "translation": [ 0, 4, 2 ],
        "scale": [ 0.85, 0.85, 0.85 ]
    },
    "ground": {
        "rotation": [ 0, 0, 0 ],
        "translation": [ 0, 2, 0 ],
        "scale": [ 0.5, 0.5, 0.5 ]
    },
    "fixed": {
        "rotation": [ 0, 0, 0 ],
        "translation": [ 0, 0, 0 ],
        "scale": [ 0.5, 0.5, 0.5 ]
    },
    "firstperson_righthand": {
        "rotation": [ 0, -90, 25 ],
        "translation": [ 1.2, 3.2, 1.13 ],
        "scale": [ 0.68, 0.68, 0.68 ]
    },
    "firstperson_lefthand": {
        "rotation": [ 0, 90, -25 ],
        "translation": [ 0.2, 3.2, 1.12 ],
        "scale": [ 0.68, 0.68, 0.68 ]
    },
    "gui": {
        "rotation": [ 30, 225, 0 ],
        "translation": [ 0, 0, 0 ],
        "scale": [ 0.75, 0.75, 0.75 ]
    }
}
}