{
	"__comment": "Designed by AndrealVox",
	"ambientocclusion": false,
	"textures": {
		"particle": "blocks/cactus_side",
		"bottom": "blocks/cactus_bottom",
		"top": "blocks/cactus_top",
		"side": "blocks/cactus_side"
	},
	"elements": [
		{
			"__comment": "MAIN BLOCK",
			"from": [ 1, 0, 1 ],
			"to": [ 15, 16, 15 ],
			"faces": {
				"down": { "uv": [ 1, 1, 15, 15 ], "texture": "#bottom", "cullface": "down" },
				"up": { "uv": [ 1, 1, 15, 15 ], "texture": "#top", "cullface": "up" },
				"north": { "uv": [ 1, 0, 15, 16 ], "texture": "#side", "cullface": "north" },
				"south": { "uv": [ 1, 0, 15, 16 ], "texture": "#side", "cullface": "south" },
				"west": { "uv": [ 1, 0, 15, 16 ], "texture": "#side", "cullface": "west" },
				"east": { "uv": [ 1, 0, 15, 16 ], "texture": "#side", "cullface": "east" }
			}
		},
		{
			"__comment": "#side",
			"from": [ 0, 3, 1 ],
			"to": [ 1, 4, 2 ],
			"faces": {
				"down": { "uv": [ 0, 2, 1, 3 ], "texture": "#side", "cullface": "down" },
				"up": { "uv": [ 0, 2, 1, 3 ], "texture": "#side", "cullface": "up" },
				"north": { "uv": [ 0, 12, 1, 13 ], "texture": "#side", "cullface": "north" },
				"south": { "uv": [ 0, 12, 1, 13 ], "texture": "#side", "cullface": "south" },
				"west": { "uv": [ 1, 12, 2, 13 ], "texture": "#side", "cullface": "west" }
			}
		},
		{
			"from": [ 0, 9, 1 ],
			"to": [ 1, 10, 2 ],
			"faces": {
				"down": { "uv": [ 0, 2, 1, 3 ], "texture": "#side", "cullface": "down" },
				"up": { "uv": [ 0, 2, 1, 3 ], "texture": "#side", "cullface": "up" },
				"north": { "uv": [ 0, 6, 1, 7 ], "texture": "#side", "cullface": "north" },
				"south": { "uv": [ 0, 6, 1, 7 ], "texture": "#side", "cullface": "south" },
				"west": { "uv": [ 1, 6, 2, 7 ], "texture": "#side", "cullface": "west" }
			}
		},
		{
			"from": [ 0, 13, 1 ],
			"to": [ 1, 14, 2 ],
			"faces": {
				"down": { "uv": [ 0, 2, 1, 3 ], "texture": "#side", "cullface": "down" },
				"up": { "uv": [ 0, 2, 1, 3 ], "texture": "#side", "cullface": "up" },
				"north": { "uv": [ 0, 2, 1, 3 ], "texture": "#side", "cullface": "north" },
				"south": { "uv": [ 0, 2, 1, 3 ], "texture": "#side", "cullface": "south" },
				"west": { "uv": [ 1, 2, 2, 3 ], "texture": "#side", "cullface": "west" }
			}
		},
		{
			"from": [ 0, 1, 7 ],
			"to": [ 1, 2, 8 ],
			"faces": {
				"down": { "uv": [ 0, 6, 1, 7 ], "texture": "#side", "cullface": "down" },
				"up": { "uv": [ 0, 6, 1, 7 ], "texture": "#side", "cullface": "up" },
				"north": { "uv": [ 0, 12, 1, 13 ], "texture": "#side", "cullface": "north" },
				"south": { "uv": [ 0, 12, 1, 13 ], "texture": "#side", "cullface": "south" },
				"west": { "uv": [ 7, 14, 8, 15 ], "texture": "#side", "cullface": "west" }
			}
		},
		{
			"from": [ 0, 3, 8 ],
			"to": [ 1, 4, 9 ],
			"faces": {
				"down": { "uv": [ 0, 6, 1, 7 ], "texture": "#side", "cullface": "down" },
				"up": { "uv": [ 0, 6, 1, 7 ], "texture": "#side", "cullface": "up" },
				"north": { "uv": [ 0, 12, 1, 13 ], "texture": "#side", "cullface": "north" },
				"south": { "uv": [ 0, 12, 1, 13 ], "texture": "#side", "cullface": "south" },
				"west": { "uv": [ 8, 12, 9, 13 ], "texture": "#side", "cullface": "west" }
			}
		},
		{
			"from": [ 0, 6, 7 ],
			"to": [ 1, 7, 8 ],
			"faces": {
				"down": { "uv": [ 0, 6, 1, 7 ], "texture": "#side", "cullface": "down" },
				"up": { "uv": [ 0, 6, 1, 7 ], "texture": "#side", "cullface": "up" },
				"north": { "uv": [ 0, 10, 1, 11 ], "texture": "#side", "cullface": "north" },
				"south": { "uv": [ 0, 10, 1, 11 ], "texture": "#side", "cullface": "south" },
				"west": { "uv": [ 7, 9, 8, 10 ], "texture": "#side", "cullface": "west" }
			}
		},
		{
			"from": [ 0, 8, 8 ],
			"to": [ 1, 9, 9 ],
			"faces": {
				"down": { "uv": [ 0, 6, 1, 7 ], "texture": "#side", "cullface": "down" },
				"up": { "uv": [ 0, 6, 1, 7 ], "texture": "#side", "cullface": "up" },
				"north": { "uv": [ 0, 6, 1, 7 ], "texture": "#side", "cullface": "north" },
				"south": { "uv": [ 0, 6, 1, 7 ], "texture": "#side", "cullface": "south" },
				"west": { "uv": [ 8, 7, 9, 8 ], "texture": "#side", "cullface": "west" }
			}
		},
		{
			"from": [ 0, 12, 8 ],
			"to": [ 1, 13, 9 ],
			"faces": {
				"down": { "uv": [ 0, 6, 1, 7 ], "texture": "#side", "cullface": "down" },
				"up": { "uv": [ 0, 6, 1, 7 ], "texture": "#side", "cullface": "up" },
				"north": { "uv": [ 0, 2, 1, 3 ], "texture": "#side", "cullface": "north" },
				"south": { "uv": [ 0, 2, 1, 3 ], "texture": "#side", "cullface": "south" },
				"west": { "uv": [ 8, 3, 9, 4 ], "texture": "#side", "cullface": "west" }
			}
		},
		{
			"from": [ 0, 14, 7 ],
			"to": [ 1, 15, 8 ],
			"faces": {
				"down": { "uv": [ 0, 6, 1, 7 ], "texture": "#side", "cullface": "down" },
				"up": { "uv": [ 0, 6, 1, 7 ], "texture": "#side", "cullface": "up" },
				"north": { "uv": [ 0, 2, 1, 3 ], "texture": "#side", "cullface": "north" },
				"south": { "uv": [ 0, 2, 1, 3 ], "texture": "#side", "cullface": "south" },
				"west": { "uv": [ 7, 1, 8, 2 ], "texture": "#side", "cullface": "west" }
			}
		},
		{
			"from": [ 0, 5, 14 ],
			"to": [ 1, 6, 15 ],
			"faces": {
				"down": { "uv": [ 0, 12, 1, 13 ], "texture": "#side", "cullface": "down" },
				"up": { "uv": [ 0, 12, 1, 13 ], "texture": "#side", "cullface": "up" },
				"north": { "uv": [ 0, 10, 1, 11 ], "texture": "#side", "cullface": "north" },
				"south": { "uv": [ 0, 10, 1, 11 ], "texture": "#side", "cullface": "south" },
				"west": { "uv": [ 14, 10, 15, 11 ], "texture": "#side", "cullface": "west" }
			}
		},
		{
			"from": [ 0, 9, 14 ],
			"to": [ 1, 10, 15 ],
			"faces": {
				"down": { "uv": [ 0, 12, 1, 13 ], "texture": "#side", "cullface": "down" },
				"up": { "uv": [ 0, 12, 1, 13 ], "texture": "#side", "cullface": "up" },
				"north": { "uv": [ 0, 6, 1, 7 ], "texture": "#side", "cullface": "north" },
				"south": { "uv": [ 0, 6, 1, 7 ], "texture": "#side", "cullface": "south" },
				"west": { "uv": [ 14, 6, 15, 7 ], "texture": "#side", "cullface": "west" }
			}
		},
		{
			"from": [ 0, 13, 14 ],
			"to": [ 1, 14, 15 ],
			"faces": {
				"down": { "uv": [ 0, 12, 1, 13 ], "texture": "#side", "cullface": "down" },
				"up": { "uv": [ 0, 12, 1, 13 ], "texture": "#side", "cullface": "up" },
				"north": { "uv": [ 0, 2, 1, 3 ], "texture": "#side", "cullface": "north" },
				"south": { "uv": [ 0, 2, 1, 3 ], "texture": "#side", "cullface": "south" },
				"west": { "uv": [ 14, 2, 15, 3 ], "texture": "#side", "cullface": "west" }
			}
		},
		{
			"__comment": "#side*",
			"from": [ 14, 3, 0 ],
			"to": [ 15, 4, 1 ],
			"faces": {
				"down": { "uv": [ 0, 2, 1, 3 ], "texture": "#side", "cullface": "down", "rotation": 270 },
				"up": { "uv": [ 0, 2, 1, 3 ], "texture": "#side", "cullface": "up", "rotation": 90 },
				"north": { "uv": [ 1, 12, 2, 13 ], "texture": "#side", "cullface": "north" },
				"west": { "uv": [ 0, 12, 1, 13 ], "texture": "#side", "cullface": "west" },
				"east": { "uv": [ 0, 12, 1, 13 ], "texture": "#side", "cullface": "east" }
			}
		},
		{
			"from": [ 14, 9, 0 ],
			"to": [ 15, 10, 1 ],
			"faces": {
				"down": { "uv": [ 0, 2, 1, 3 ], "texture": "#side", "cullface": "down", "rotation": 270 },
				"up": { "uv": [ 0, 2, 1, 3 ], "texture": "#side", "cullface": "up", "rotation": 90 },
				"north": { "uv": [ 1, 6, 2, 7 ], "texture": "#side", "cullface": "north" },
				"west": { "uv": [ 0, 6, 1, 7 ], "texture": "#side", "cullface": "west" },
				"east": { "uv": [ 0, 6, 1, 7 ], "texture": "#side", "cullface": "east" }
			}
		},
		{
			"from": [ 14, 13, 0 ],
			"to": [ 15, 14, 1 ],
			"faces": {
				"down": { "uv": [ 0, 2, 1, 3 ], "texture": "#side", "cullface": "down", "rotation": 270 },
				"up": { "uv": [ 0, 2, 1, 3 ], "texture": "#side", "cullface": "up", "rotation": 90 },
				"north": { "uv": [ 1, 2, 2, 3 ], "texture": "#side", "cullface": "north" },
				"west": { "uv": [ 0, 2, 1, 3 ], "texture": "#side", "cullface": "west" },
				"east": { "uv": [ 0, 2, 1, 3 ], "texture": "#side", "cullface": "east" }
			}
		},
		{
			"from": [ 8, 1, 0 ],
			"to": [ 9, 2, 1 ],
			"faces": {
				"down": { "uv": [ 0, 6, 1, 7 ], "texture": "#side", "cullface": "down", "rotation": 270 },
				"up": { "uv": [ 0, 6, 1, 7 ], "texture": "#side", "cullface": "up", "rotation": 90 },
				"north": { "uv": [ 7, 14, 8, 15 ], "texture": "#side", "cullface": "north" },
				"west": { "uv": [ 0, 12, 1, 13 ], "texture": "#side", "cullface": "west" },
				"east": { "uv": [ 0, 12, 1, 13 ], "texture": "#side", "cullface": "east" }
			}
		},
		{
			"from": [ 7, 3, 0 ],
			"to": [ 8, 4, 1 ],
			"faces": {
				"down": { "uv": [ 0, 6, 1, 7 ], "texture": "#side", "cullface": "down", "rotation": 270 },
				"up": { "uv": [ 0, 6, 1, 7 ], "texture": "#side", "cullface": "up", "rotation": 90 },
				"north": { "uv": [ 8, 12, 9, 13 ], "texture": "#side", "cullface": "north" },
				"west": { "uv": [ 0, 12, 1, 13 ], "texture": "#side", "cullface": "west" },
				"east": { "uv": [ 0, 12, 1, 13 ], "texture": "#side", "cullface": "east" }
			}
		},
		{
			"from": [ 8, 6, 0 ],
			"to": [ 9, 7, 1 ],
			"faces": {
				"down": { "uv": [ 0, 6, 1, 7 ], "texture": "#side", "cullface": "down", "rotation": 270 },
				"up": { "uv": [ 0, 6, 1, 7 ], "texture": "#side", "cullface": "up", "rotation": 90 },
				"north": { "uv": [ 7, 9, 8, 10 ], "texture": "#side", "cullface": "north" },
				"west": { "uv": [ 0, 10, 1, 11 ], "texture": "#side", "cullface": "west" },
				"east": { "uv": [ 0, 10, 1, 11 ], "texture": "#side", "cullface": "east" }
			}
		},
		{
			"from": [ 7, 8, 0 ],
			"to": [ 8, 9, 1 ],
			"faces": {
				"down": { "uv": [ 0, 6, 1, 7 ], "texture": "#side", "cullface": "down", "rotation": 270 },
				"up": { "uv": [ 0, 6, 1, 7 ], "texture": "#side", "cullface": "up", "rotation": 90 },
				"north": { "uv": [ 8, 7, 9, 8 ], "texture": "#side", "cullface": "north" },
				"west": { "uv": [ 0, 6, 1, 7 ], "texture": "#side", "cullface": "west" },
				"east": { "uv": [ 0, 6, 1, 7 ], "texture": "#side", "cullface": "east" }
			}
		},
		{
			"from": [ 7, 12, 0 ],
			"to": [ 8, 13, 1 ],
			"faces": {
				"down": { "uv": [ 0, 6, 1, 7 ], "texture": "#side", "cullface": "down", "rotation": 270 },
				"up": { "uv": [ 0, 6, 1, 7 ], "texture": "#side", "cullface": "up", "rotation": 90 },
				"north": { "uv": [ 8, 3, 9, 4 ], "texture": "#side", "cullface": "north" },
				"west": { "uv": [ 0, 2, 1, 3 ], "texture": "#side", "cullface": "west" },
				"east": { "uv": [ 0, 2, 1, 3 ], "texture": "#side", "cullface": "east" }
			}
		},
		{
			"from": [ 8, 14, 0 ],
			"to": [ 9, 15, 1 ],
			"faces": {
				"down": { "uv": [ 0, 6, 1, 7 ], "texture": "#side", "cullface": "down", "rotation": 270 },
				"up": { "uv": [ 0, 6, 1, 7 ], "texture": "#side", "cullface": "up", "rotation": 90 },
				"north": { "uv": [ 7, 1, 8, 2 ], "texture": "#side", "cullface": "north" },
				"west": { "uv": [ 0, 2, 1, 3 ], "texture": "#side", "cullface": "west" },
				"east": { "uv": [ 0, 2, 1, 3 ], "texture": "#side", "cullface": "east" }
			}
		},
		{
			"from": [ 1, 5, 0 ],
			"to": [ 2, 6, 1 ],
			"faces": {
				"down": { "uv": [ 0, 12, 1, 13 ], "texture": "#side", "cullface": "down", "rotation": 270 },
				"up": { "uv": [ 0, 12, 1, 13 ], "texture": "#side", "cullface": "up", "rotation": 90 },
				"north": { "uv": [ 14, 10, 15, 11 ], "texture": "#side", "cullface": "north" },
				"west": { "uv": [ 0, 10, 1, 11 ], "texture": "#side", "cullface": "west" },
				"east": { "uv": [ 0, 10, 1, 11 ], "texture": "#side", "cullface": "east" }
			}
		},
		{
			"from": [ 1, 9, 0 ],
			"to": [ 2, 10, 1 ],
			"faces": {
				"down": { "uv": [ 0, 12, 1, 13 ], "texture": "#side", "cullface": "down", "rotation": 270 },
				"up": { "uv": [ 0, 12, 1, 13 ], "texture": "#side", "cullface": "up", "rotation": 90 },
				"north": { "uv": [ 14, 6, 15, 7 ], "texture": "#side", "cullface": "north" },
				"west": { "uv": [ 0, 6, 1, 7 ], "texture": "#side", "cullface": "west" },
				"east": { "uv": [ 0, 6, 1, 7 ], "texture": "#side", "cullface": "east" }
			}
		},
		{
			"from": [ 1, 13, 0 ],
			"to": [ 2, 14, 1 ],
			"faces": {
				"down": { "uv": [ 0, 12, 1, 13 ], "texture": "#side", "cullface": "down", "rotation": 270 },
				"up": { "uv": [ 0, 12, 1, 13 ], "texture": "#side", "cullface": "up", "rotation": 90 },
				"north": { "uv": [ 14, 2, 15, 3 ], "texture": "#side", "cullface": "north" },
				"west": { "uv": [ 0, 2, 1, 3 ], "texture": "#side", "cullface": "west" },
				"east": { "uv": [ 0, 2, 1, 3 ], "texture": "#side", "cullface": "east" }
			}
		},
		{
			"__comment": "#side*",
			"from": [ 1, 3, 15 ],
			"to": [ 2, 4, 16 ],
			"faces": {
				"down": { "uv": [ 0, 2, 1, 3 ], "texture": "#side", "cullface": "down", "rotation": 90 },
				"up": { "uv": [ 0, 2, 1, 3 ], "texture": "#side", "cullface": "up", "rotation": 270 },
				"south": { "uv": [ 1, 12, 2, 13 ], "texture": "#side", "cullface": "south" },
				"west": { "uv": [ 0, 12, 1, 13 ], "texture": "#side", "cullface": "west" },
				"east": { "uv": [ 0, 12, 1, 13 ], "texture": "#side", "cullface": "east" }
			}
		},
		{
			"from": [ 1, 9, 15 ],
			"to": [ 2, 10, 16 ],
			"faces": {
				"down": { "uv": [ 0, 2, 1, 3 ], "texture": "#side", "cullface": "down", "rotation": 90 },
				"up": { "uv": [ 0, 2, 1, 3 ], "texture": "#side", "cullface": "up", "rotation": 270 },
				"south": { "uv": [ 1, 6, 2, 7 ], "texture": "#side", "cullface": "south" },
				"west": { "uv": [ 0, 6, 1, 7 ], "texture": "#side", "cullface": "west" },
				"east": { "uv": [ 0, 6, 1, 7 ], "texture": "#side", "cullface": "east" }
			}
		},
		{
			"from": [ 1, 13, 15 ],
			"to": [ 2, 14, 16 ],
			"faces": {
				"down": { "uv": [ 0, 2, 1, 3 ], "texture": "#side", "cullface": "down", "rotation": 90 },
				"up": { "uv": [ 0, 2, 1, 3 ], "texture": "#side", "cullface": "up", "rotation": 270 },
				"south": { "uv": [ 1, 2, 2, 3 ], "texture": "#side", "cullface": "south" },
				"west": { "uv": [ 0, 2, 1, 3 ], "texture": "#side", "cullface": "west" },
				"east": { "uv": [ 0, 2, 1, 3 ], "texture": "#side", "cullface": "east" }
			}
		},
		{
			"from": [ 7, 1, 15 ],
			"to": [ 8, 2, 16 ],
			"faces": {
				"down": { "uv": [ 0, 6, 1, 7 ], "texture": "#side", "cullface": "down", "rotation": 90 },
				"up": { "uv": [ 0, 6, 1, 7 ], "texture": "#side", "cullface": "up", "rotation": 270 },
				"south": { "uv": [ 7, 14, 8, 15 ], "texture": "#side", "cullface": "south" },
				"west": { "uv": [ 0, 12, 1, 13 ], "texture": "#side", "cullface": "west" },
				"east": { "uv": [ 0, 12, 1, 13 ], "texture": "#side", "cullface": "east" }
			}
		},
		{
			"from": [ 8, 3, 15 ],
			"to": [ 9, 4, 16 ],
			"faces": {
				"down": { "uv": [ 0, 6, 1, 7 ], "texture": "#side", "cullface": "down", "rotation": 90 },
				"up": { "uv": [ 0, 6, 1, 7 ], "texture": "#side", "cullface": "up", "rotation": 270 },
				"south": { "uv": [ 8, 12, 9, 13 ], "texture": "#side", "cullface": "south" },
				"west": { "uv": [ 0, 12, 1, 13 ], "texture": "#side", "cullface": "west" },
				"east": { "uv": [ 0, 12, 1, 13 ], "texture": "#side", "cullface": "east" }
			}
		},
		{
			"from": [ 7, 6, 15 ],
			"to": [ 8, 7, 16 ],
			"faces": {
				"down": { "uv": [ 0, 6, 1, 7 ], "texture": "#side", "cullface": "down", "rotation": 90 },
				"up": { "uv": [ 0, 6, 1, 7 ], "texture": "#side", "cullface": "up", "rotation": 270 },
				"south": { "uv": [ 7, 9, 8, 10 ], "texture": "#side", "cullface": "south" },
				"west": { "uv": [ 0, 10, 1, 11 ], "texture": "#side", "cullface": "west" },
				"east": { "uv": [ 0, 10, 1, 11 ], "texture": "#side", "cullface": "east" }
			}
		},
		{
			"from": [ 8, 8, 15 ],
			"to": [ 9, 9, 16 ],
			"faces": {
				"down": { "uv": [ 0, 6, 1, 7 ], "texture": "#side", "cullface": "down", "rotation": 90 },
				"up": { "uv": [ 0, 6, 1, 7 ], "texture": "#side", "cullface": "up", "rotation": 270 },
				"south": { "uv": [ 8, 7, 9, 8 ], "texture": "#side", "cullface": "south" },
				"west": { "uv": [ 0, 6, 1, 7 ], "texture": "#side", "cullface": "west" },
				"east": { "uv": [ 0, 6, 1, 7 ], "texture": "#side", "cullface": "east" }
			}
		},
		{
			"from": [ 8, 12, 15 ],
			"to": [ 9, 13, 16 ],
			"faces": {
				"down": { "uv": [ 0, 6, 1, 7 ], "texture": "#side", "cullface": "down", "rotation": 90 },
				"up": { "uv": [ 0, 6, 1, 7 ], "texture": "#side", "cullface": "up", "rotation": 270 },
				"south": { "uv": [ 8, 3, 9, 4 ], "texture": "#side", "cullface": "south" },
				"west": { "uv": [ 0, 2, 1, 3 ], "texture": "#side", "cullface": "west" },
				"east": { "uv": [ 0, 2, 1, 3 ], "texture": "#side", "cullface": "east" }
			}
		},
		{
			"from": [ 7, 14, 15 ],
			"to": [ 8, 15, 16 ],
			"faces": {
				"down": { "uv": [ 0, 6, 1, 7 ], "texture": "#side", "cullface": "down", "rotation": 90 },
				"up": { "uv": [ 0, 6, 1, 7 ], "texture": "#side", "cullface": "up", "rotation": 270 },
				"south": { "uv": [ 7, 1, 8, 2 ], "texture": "#side", "cullface": "south" },
				"west": { "uv": [ 0, 2, 1, 3 ], "texture": "#side", "cullface": "west" },
				"east": { "uv": [ 0, 2, 1, 3 ], "texture": "#side", "cullface": "east" }
			}
		},
		{
			"from": [ 14, 5, 15 ],
			"to": [ 15, 6, 16 ],
			"faces": {
				"down": { "uv": [ 0, 12, 1, 13 ], "texture": "#side", "cullface": "down", "rotation": 90 },
				"up": { "uv": [ 0, 12, 1, 13 ], "texture": "#side", "cullface": "up", "rotation": 270 },
				"south": { "uv": [ 14, 10, 15, 11 ], "texture": "#side", "cullface": "south" },
				"west": { "uv": [ 0, 10, 1, 11 ], "texture": "#side", "cullface": "west" },
				"east": { "uv": [ 0, 10, 1, 11 ], "texture": "#side", "cullface": "east" }
			}
		},
		{
			"from": [ 14, 9, 15 ],
			"to": [ 15, 10, 16 ],
			"faces": {
				"down": { "uv": [ 0, 12, 1, 13 ], "texture": "#side", "cullface": "down", "rotation": 90 },
				"up": { "uv": [ 0, 12, 1, 13 ], "texture": "#side", "cullface": "up", "rotation": 270 },
				"south": { "uv": [ 14, 6, 15, 7 ], "texture": "#side", "cullface": "south" },
				"west": { "uv": [ 0, 6, 1, 7 ], "texture": "#side", "cullface": "west" },
				"east": { "uv": [ 0, 6, 1, 7 ], "texture": "#side", "cullface": "east" }
			}
		},
		{
			"from": [ 14, 13, 15 ],
			"to": [ 15, 14, 16 ],
			"faces": {
				"down": { "uv": [ 0, 12, 1, 13 ], "texture": "#side", "cullface": "down", "rotation": 90 },
				"up": { "uv": [ 0, 12, 1, 13 ], "texture": "#side", "cullface": "up", "rotation": 270 },
				"south": { "uv": [ 14, 2, 15, 3 ], "texture": "#side", "cullface": "south" },
				"west": { "uv": [ 0, 2, 1, 3 ], "texture": "#side", "cullface": "west" },
				"east": { "uv": [ 0, 2, 1, 3 ], "texture": "#side", "cullface": "east" }
			}
		},
		{
			"__comment": "#side*",
			"from": [ 15, 3, 14 ],
			"to": [ 16, 4, 15 ],
			"faces": {
				"down": { "uv": [ 0, 2, 1, 3 ], "texture": "#side", "cullface": "down", "rotation": 180 },
				"up": { "uv": [ 0, 2, 1, 3 ], "texture": "#side", "cullface": "up", "rotation": 180 },
				"north": { "uv": [ 0, 12, 1, 13 ], "texture": "#side", "cullface": "north" },
				"south": { "uv": [ 0, 12, 1, 13 ], "texture": "#side", "cullface": "south" },
				"east": { "uv": [ 1, 12, 2, 13 ], "texture": "#side", "cullface": "east" }
			}
		},
		{
			"from": [ 15, 9, 14 ],
			"to": [ 16, 10, 15 ],
			"faces": {
				"down": { "uv": [ 0, 2, 1, 3 ], "texture": "#side", "cullface": "down", "rotation": 180 },
				"up": { "uv": [ 0, 2, 1, 3 ], "texture": "#side", "cullface": "up", "rotation": 180 },
				"north": { "uv": [ 0, 6, 1, 7 ], "texture": "#side", "cullface": "north" },
				"south": { "uv": [ 0, 6, 1, 7 ], "texture": "#side", "cullface": "south" },
				"east": { "uv": [ 1, 6, 2, 7 ], "texture": "#side", "cullface": "east" }
			}
		},
		{
			"from": [ 15, 13, 14 ],
			"to": [ 16, 14, 15 ],
			"faces": {
				"down": { "uv": [ 0, 2, 1, 3 ], "texture": "#side", "cullface": "down", "rotation": 180 },
				"up": { "uv": [ 0, 2, 1, 3 ], "texture": "#side", "cullface": "up", "rotation": 180 },
				"north": { "uv": [ 0, 2, 1, 3 ], "texture": "#side", "cullface": "north" },
				"south": { "uv": [ 0, 2, 1, 3 ], "texture": "#side", "cullface": "south" },
				"east": { "uv": [ 1, 2, 2, 3 ], "texture": "#side", "cullface": "east" }
			}
		},
		{
			"from": [ 15, 1, 8 ],
			"to": [ 16, 2, 9 ],
			"faces": {
				"down": { "uv": [ 0, 6, 1, 7 ], "texture": "#side", "cullface": "down", "rotation": 180 },
				"up": { "uv": [ 0, 6, 1, 7 ], "texture": "#side", "cullface": "up", "rotation": 180 },
				"north": { "uv": [ 0, 12, 1, 13 ], "texture": "#side", "cullface": "north" },
				"south": { "uv": [ 0, 12, 1, 13 ], "texture": "#side", "cullface": "south" },
				"east": { "uv": [ 7, 14, 8, 15 ], "texture": "#side", "cullface": "east" }
			}
		},
		{
			"from": [ 15, 3, 7 ],
			"to": [ 16, 4, 8 ],
			"faces": {
				"down": { "uv": [ 0, 6, 1, 7 ], "texture": "#side", "cullface": "down", "rotation": 180 },
				"up": { "uv": [ 0, 6, 1, 7 ], "texture": "#side", "cullface": "up", "rotation": 180 },
				"north": { "uv": [ 0, 12, 1, 13 ], "texture": "#side", "cullface": "north" },
				"south": { "uv": [ 0, 12, 1, 13 ], "texture": "#side", "cullface": "south" },
				"east": { "uv": [ 8, 12, 9, 13 ], "texture": "#side", "cullface": "east" }
			}
		},
		{
			"from": [ 15, 6, 8 ],
			"to": [ 16, 7, 9 ],
			"faces": {
				"down": { "uv": [ 0, 6, 1, 7 ], "texture": "#side", "cullface": "down", "rotation": 180 },
				"up": { "uv": [ 0, 6, 1, 7 ], "texture": "#side", "cullface": "up", "rotation": 180 },
				"north": { "uv": [ 0, 10, 1, 11 ], "texture": "#side", "cullface": "north" },
				"south": { "uv": [ 0, 10, 1, 11 ], "texture": "#side", "cullface": "south" },
				"east": { "uv": [ 7, 9, 8, 10 ], "texture": "#side", "cullface": "east" }
			}
		},
		{
			"from": [ 15, 8, 7 ],
			"to": [ 16, 9, 8 ],
			"faces": {
				"down": { "uv": [ 0, 6, 1, 7 ], "texture": "#side", "cullface": "down", "rotation": 180 },
				"up": { "uv": [ 0, 6, 1, 7 ], "texture": "#side", "cullface": "up", "rotation": 180 },
				"north": { "uv": [ 0, 6, 1, 7 ], "texture": "#side", "cullface": "north" },
				"south": { "uv": [ 0, 6, 1, 7 ], "texture": "#side", "cullface": "south" },
				"east": { "uv": [ 8, 7, 9, 8 ], "texture": "#side", "cullface": "east" }
			}
		},
		{
			"from": [ 15, 12, 7 ],
			"to": [ 16, 13, 8 ],
			"faces": {
				"down": { "uv": [ 0, 6, 1, 7 ], "texture": "#side", "cullface": "down", "rotation": 180 },
				"up": { "uv": [ 0, 6, 1, 7 ], "texture": "#side", "cullface": "up", "rotation": 180 },
				"north": { "uv": [ 0, 2, 1, 3 ], "texture": "#side", "cullface": "north" },
				"south": { "uv": [ 0, 2, 1, 3 ], "texture": "#side", "cullface": "south" },
				"east": { "uv": [ 8, 3, 9, 4 ], "texture": "#side", "cullface": "east" }
			}
		},
		{
			"from": [ 15, 14, 8 ],
			"to": [ 16, 15, 9 ],
			"faces": {
				"down": { "uv": [ 0, 6, 1, 7 ], "texture": "#side", "cullface": "down", "rotation": 180 },
				"up": { "uv": [ 0, 6, 1, 7 ], "texture": "#side", "cullface": "up", "rotation": 180 },
				"north": { "uv": [ 0, 2, 1, 3 ], "texture": "#side", "cullface": "north" },
				"south": { "uv": [ 0, 2, 1, 3 ], "texture": "#side", "cullface": "south" },
				"east": { "uv": [ 7, 1, 8, 2 ], "texture": "#side", "cullface": "east" }
			}
		},
		{
			"from": [ 15, 5, 1 ],
			"to": [ 16, 6, 2 ],
			"faces": {
				"down": { "uv": [ 0, 12, 1, 13 ], "texture": "#side", "cullface": "down", "rotation": 180 },
				"up": { "uv": [ 0, 12, 1, 13 ], "texture": "#side", "cullface": "up", "rotation": 180 },
				"north": { "uv": [ 0, 10, 1, 11 ], "texture": "#side", "cullface": "north" },
				"south": { "uv": [ 0, 10, 1, 11 ], "texture": "#side", "cullface": "south" },
				"east": { "uv": [ 14, 10, 15, 11 ], "texture": "#side", "cullface": "east" }
			}
		},
		{
			"from": [ 15, 9, 1 ],
			"to": [ 16, 10, 2 ],
			"faces": {
				"down": { "uv": [ 0, 12, 1, 13 ], "texture": "#side", "cullface": "down", "rotation": 180 },
				"up": { "uv": [ 0, 12, 1, 13 ], "texture": "#side", "cullface": "up", "rotation": 180 },
				"north": { "uv": [ 0, 6, 1, 7 ], "texture": "#side", "cullface": "north" },
				"south": { "uv": [ 0, 6, 1, 7 ], "texture": "#side", "cullface": "south" },
				"east": { "uv": [ 14, 6, 15, 7 ], "texture": "#side", "cullface": "east" }
			}
		},
		{
			"from": [ 15, 13, 1 ],
			"to": [ 16, 14, 2 ],
			"faces": {
				"down": { "uv": [ 0, 12, 1, 13 ], "texture": "#side", "cullface": "down", "rotation": 180 },
				"up": { "uv": [ 0, 12, 1, 13 ], "texture": "#side", "cullface": "up", "rotation": 180 },
				"north": { "uv": [ 0, 2, 1, 3 ], "texture": "#side", "cullface": "north" },
				"south": { "uv": [ 0, 2, 1, 3 ], "texture": "#side", "cullface": "south" },
				"east": { "uv": [ 14, 2, 15, 3 ], "texture": "#side", "cullface": "east" }
			}
		},
		{
			"from": [ 3, 16, 2 ],
			"to": [ 4, 17, 3 ],
			"faces": {
				"up": { "uv": [ 3, 2, 4, 3 ], "texture": "#top", "cullface": "up" },
				"north": { "uv": [ 3, 2, 4, 3 ], "texture": "#top", "cullface": "north" },
				"south": { "uv": [ 3, 2, 4, 3 ], "texture": "#top", "cullface": "south" },
				"west": { "uv": [ 3, 2, 4, 3 ], "texture": "#top", "cullface": "west" },
				"east": { "uv": [ 3, 2, 4, 3 ], "texture": "#top", "cullface": "east" }
			}
		},
		{
			"from": [ 12, 16, 13 ],
			"to": [ 13, 17, 14 ],
			"faces": {
				"up": { "uv": [ 3, 2, 4, 3 ], "texture": "#top", "cullface": "up" },
				"north": { "uv": [ 3, 2, 4, 3 ], "texture": "#top", "cullface": "north" },
				"south": { "uv": [ 3, 2, 4, 3 ], "texture": "#top", "cullface": "south" },
				"west": { "uv": [ 3, 2, 4, 3 ], "texture": "#top", "cullface": "west" },
				"east": { "uv": [ 3, 2, 4, 3 ], "texture": "#top", "cullface": "east" }
			}
		},
		{
			"from": [ 9, 16, 13 ],
			"to": [ 10, 17, 14 ],
			"faces": {
				"up": { "uv": [ 3, 2, 4, 3 ], "texture": "#top", "cullface": "up" },
				"north": { "uv": [ 3, 2, 4, 3 ], "texture": "#top", "cullface": "north" },
				"south": { "uv": [ 3, 2, 4, 3 ], "texture": "#top", "cullface": "south" },
				"west": { "uv": [ 3, 2, 4, 3 ], "texture": "#top", "cullface": "west" },
				"east": { "uv": [ 3, 2, 4, 3 ], "texture": "#top", "cullface": "east" }
			}
		},
		{
			"from": [ 6, 16, 13 ],
			"to": [ 7, 17, 14 ],
			"faces": {
				"up": { "uv": [ 3, 2, 4, 3 ], "texture": "#top", "cullface": "up" },
				"north": { "uv": [ 3, 2, 4, 3 ], "texture": "#top", "cullface": "north" },
				"south": { "uv": [ 3, 2, 4, 3 ], "texture": "#top", "cullface": "south" },
				"west": { "uv": [ 3, 2, 4, 3 ], "texture": "#top", "cullface": "west" },
				"east": { "uv": [ 3, 2, 4, 3 ], "texture": "#top", "cullface": "east" }
			}
		},
		{
			"from": [ 2, 16, 13 ],
			"to": [ 3, 17, 14 ],
			"faces": {
				"up": { "uv": [ 3, 2, 4, 3 ], "texture": "#top", "cullface": "up" },
				"north": { "uv": [ 3, 2, 4, 3 ], "texture": "#top", "cullface": "north" },
				"south": { "uv": [ 3, 2, 4, 3 ], "texture": "#top", "cullface": "south" },
				"west": { "uv": [ 3, 2, 4, 3 ], "texture": "#top", "cullface": "west" },
				"east": { "uv": [ 3, 2, 4, 3 ], "texture": "#top", "cullface": "east" }
			}
		},
		{
			"from": [ 5, 16, 12 ],
			"to": [ 6, 17, 13 ],
			"faces": {
				"up": { "uv": [ 3, 2, 4, 3 ], "texture": "#top", "cullface": "up" },
				"north": { "uv": [ 3, 2, 4, 3 ], "texture": "#top", "cullface": "north" },
				"south": { "uv": [ 3, 2, 4, 3 ], "texture": "#top", "cullface": "south" },
				"west": { "uv": [ 3, 2, 4, 3 ], "texture": "#top", "cullface": "west" },
				"east": { "uv": [ 3, 2, 4, 3 ], "texture": "#top", "cullface": "east" }
			}
		},
		{
			"from": [ 13, 16, 11 ],
			"to": [ 14, 17, 12 ],
			"faces": {
				"up": { "uv": [ 3, 2, 4, 3 ], "texture": "#top", "cullface": "up" },
				"north": { "uv": [ 3, 2, 4, 3 ], "texture": "#top", "cullface": "north" },
				"south": { "uv": [ 3, 2, 4, 3 ], "texture": "#top", "cullface": "south" },
				"west": { "uv": [ 3, 2, 4, 3 ], "texture": "#top", "cullface": "west" },
				"east": { "uv": [ 3, 2, 4, 3 ], "texture": "#top", "cullface": "east" }
			}
		},
		{
			"from": [ 11, 16, 11 ],
			"to": [ 12, 17, 12 ],
			"faces": {
				"up": { "uv": [ 3, 2, 4, 3 ], "texture": "#top", "cullface": "up" },
				"north": { "uv": [ 3, 2, 4, 3 ], "texture": "#top", "cullface": "north" },
				"south": { "uv": [ 3, 2, 4, 3 ], "texture": "#top", "cullface": "south" },
				"west": { "uv": [ 3, 2, 4, 3 ], "texture": "#top", "cullface": "west" },
				"east": { "uv": [ 3, 2, 4, 3 ], "texture": "#top", "cullface": "east" }
			}
		},
		{
			"from": [ 9, 16, 11 ],
			"to": [ 10, 17, 12 ],
			"faces": {
				"up": { "uv": [ 3, 2, 4, 3 ], "texture": "#top", "cullface": "up" },
				"north": { "uv": [ 3, 2, 4, 3 ], "texture": "#top", "cullface": "north" },
				"south": { "uv": [ 3, 2, 4, 3 ], "texture": "#top", "cullface": "south" },
				"west": { "uv": [ 3, 2, 4, 3 ], "texture": "#top", "cullface": "west" },
				"east": { "uv": [ 3, 2, 4, 3 ], "texture": "#top", "cullface": "east" }
			}
		},
		{
			"from": [ 2, 16, 10 ],
			"to": [ 3, 17, 11 ],
			"faces": {
				"up": { "uv": [ 3, 2, 4, 3 ], "texture": "#top", "cullface": "up" },
				"north": { "uv": [ 3, 2, 4, 3 ], "texture": "#top", "cullface": "north" },
				"south": { "uv": [ 3, 2, 4, 3 ], "texture": "#top", "cullface": "south" },
				"west": { "uv": [ 3, 2, 4, 3 ], "texture": "#top", "cullface": "west" },
				"east": { "uv": [ 3, 2, 4, 3 ], "texture": "#top", "cullface": "east" }
			}
		},
		{
			"from": [ 7, 16, 9 ],
			"to": [ 8, 17, 10 ],
			"faces": {
				"up": { "uv": [ 3, 2, 4, 3 ], "texture": "#top", "cullface": "up" },
				"north": { "uv": [ 3, 2, 4, 3 ], "texture": "#top", "cullface": "north" },
				"south": { "uv": [ 3, 2, 4, 3 ], "texture": "#top", "cullface": "south" },
				"west": { "uv": [ 3, 2, 4, 3 ], "texture": "#top", "cullface": "west" },
				"east": { "uv": [ 3, 2, 4, 3 ], "texture": "#top", "cullface": "east" }
			}
		},
		{
			"from": [ 4, 16, 8 ],
			"to": [ 5, 17, 9 ],
			"faces": {
				"up": { "uv": [ 3, 2, 4, 3 ], "texture": "#top", "cullface": "up" },
				"north": { "uv": [ 3, 2, 4, 3 ], "texture": "#top", "cullface": "north" },
				"south": { "uv": [ 3, 2, 4, 3 ], "texture": "#top", "cullface": "south" },
				"west": { "uv": [ 3, 2, 4, 3 ], "texture": "#top", "cullface": "west" },
				"east": { "uv": [ 3, 2, 4, 3 ], "texture": "#top", "cullface": "east" }
			}
		},
		{
			"from": [ 2, 16, 7 ],
			"to": [ 3, 17, 8 ],
			"faces": {
				"up": { "uv": [ 3, 2, 4, 3 ], "texture": "#top", "cullface": "up" },
				"north": { "uv": [ 3, 2, 4, 3 ], "texture": "#top", "cullface": "north" },
				"south": { "uv": [ 3, 2, 4, 3 ], "texture": "#top", "cullface": "south" },
				"west": { "uv": [ 3, 2, 4, 3 ], "texture": "#top", "cullface": "west" },
				"east": { "uv": [ 3, 2, 4, 3 ], "texture": "#top", "cullface": "east" }
			}
		},
		{
			"from": [ 12, 16, 8 ],
			"to": [ 13, 17, 9 ],
			"faces": {
				"up": { "uv": [ 3, 2, 4, 3 ], "texture": "#top", "cullface": "up" },
				"north": { "uv": [ 3, 2, 4, 3 ], "texture": "#top", "cullface": "north" },
				"south": { "uv": [ 3, 2, 4, 3 ], "texture": "#top", "cullface": "south" },
				"west": { "uv": [ 3, 2, 4, 3 ], "texture": "#top", "cullface": "west" },
				"east": { "uv": [ 3, 2, 4, 3 ], "texture": "#top", "cullface": "east" }
			}
		},
		{
			"from": [ 13, 16, 7 ],
			"to": [ 14, 17, 8 ],
			"faces": {
				"up": { "uv": [ 3, 2, 4, 3 ], "texture": "#top", "cullface": "up" },
				"north": { "uv": [ 3, 2, 4, 3 ], "texture": "#top", "cullface": "north" },
				"south": { "uv": [ 3, 2, 4, 3 ], "texture": "#top", "cullface": "south" },
				"west": { "uv": [ 3, 2, 4, 3 ], "texture": "#top", "cullface": "west" },
				"east": { "uv": [ 3, 2, 4, 3 ], "texture": "#top", "cullface": "east" }
			}
		},
		{
			"from": [ 9, 16, 6 ],
			"to": [ 10, 17, 7 ],
			"faces": {
				"up": { "uv": [ 3, 2, 4, 3 ], "texture": "#top", "cullface": "up" },
				"north": { "uv": [ 3, 2, 4, 3 ], "texture": "#top", "cullface": "north" },
				"south": { "uv": [ 3, 2, 4, 3 ], "texture": "#top", "cullface": "south" },
				"west": { "uv": [ 3, 2, 4, 3 ], "texture": "#top", "cullface": "west" },
				"east": { "uv": [ 3, 2, 4, 3 ], "texture": "#top", "cullface": "east" }
			}
		},
		{
			"from": [ 13, 16, 5 ],
			"to": [ 14, 17, 6 ],
			"faces": {
				"up": { "uv": [ 3, 2, 4, 3 ], "texture": "#top", "cullface": "up" },
				"north": { "uv": [ 3, 2, 4, 3 ], "texture": "#top", "cullface": "north" },
				"south": { "uv": [ 3, 2, 4, 3 ], "texture": "#top", "cullface": "south" },
				"west": { "uv": [ 3, 2, 4, 3 ], "texture": "#top", "cullface": "west" },
				"east": { "uv": [ 3, 2, 4, 3 ], "texture": "#top", "cullface": "east" }
			}
		},
		{
			"from": [ 4, 16, 5 ],
			"to": [ 5, 17, 6 ],
			"faces": {
				"up": { "uv": [ 3, 2, 4, 3 ], "texture": "#top", "cullface": "up" },
				"north": { "uv": [ 3, 2, 4, 3 ], "texture": "#top", "cullface": "north" },
				"south": { "uv": [ 3, 2, 4, 3 ], "texture": "#top", "cullface": "south" },
				"west": { "uv": [ 3, 2, 4, 3 ], "texture": "#top", "cullface": "west" },
				"east": { "uv": [ 3, 2, 4, 3 ], "texture": "#top", "cullface": "east" }
			}
		},
		{
			"from": [ 2, 16, 4 ],
			"to": [ 3, 17, 5 ],
			"faces": {
				"up": { "uv": [ 3, 2, 4, 3 ], "texture": "#top", "cullface": "up" },
				"north": { "uv": [ 3, 2, 4, 3 ], "texture": "#top", "cullface": "north" },
				"south": { "uv": [ 3, 2, 4, 3 ], "texture": "#top", "cullface": "south" },
				"west": { "uv": [ 3, 2, 4, 3 ], "texture": "#top", "cullface": "west" },
				"east": { "uv": [ 3, 2, 4, 3 ], "texture": "#top", "cullface": "east" }
			}
		},
		{
			"from": [ 7, 16, 3 ],
			"to": [ 8, 17, 4 ],
			"faces": {
				"up": { "uv": [ 3, 2, 4, 3 ], "texture": "#top", "cullface": "up" },
				"north": { "uv": [ 3, 2, 4, 3 ], "texture": "#top", "cullface": "north" },
				"south": { "uv": [ 3, 2, 4, 3 ], "texture": "#top", "cullface": "south" },
				"west": { "uv": [ 3, 2, 4, 3 ], "texture": "#top", "cullface": "west" },
				"east": { "uv": [ 3, 2, 4, 3 ], "texture": "#top", "cullface": "east" }
			}
		},
		{
			"from": [ 11, 16, 3 ],
			"to": [ 12, 17, 4 ],
			"faces": {
				"up": { "uv": [ 3, 2, 4, 3 ], "texture": "#top", "cullface": "up" },
				"north": { "uv": [ 3, 2, 4, 3 ], "texture": "#top", "cullface": "north" },
				"south": { "uv": [ 3, 2, 4, 3 ], "texture": "#top", "cullface": "south" },
				"west": { "uv": [ 3, 2, 4, 3 ], "texture": "#top", "cullface": "west" },
				"east": { "uv": [ 3, 2, 4, 3 ], "texture": "#top", "cullface": "east" }
			}
		},
		{
			"from": [ 12, 16, 2 ],
			"to": [ 13, 17, 3 ],
			"faces": {
				"up": { "uv": [ 3, 2, 4, 3 ], "texture": "#top", "cullface": "up" },
				"north": { "uv": [ 3, 2, 4, 3 ], "texture": "#top", "cullface": "north" },
				"south": { "uv": [ 3, 2, 4, 3 ], "texture": "#top", "cullface": "south" },
				"west": { "uv": [ 3, 2, 4, 3 ], "texture": "#top", "cullface": "west" },
				"east": { "uv": [ 3, 2, 4, 3 ], "texture": "#top", "cullface": "east" }
			}
		},
		{
			"from": [ 6, 16, 2 ],
			"to": [ 7, 17, 3 ],
			"faces": {
				"up": { "uv": [ 3, 2, 4, 3 ], "texture": "#top", "cullface": "up" },
				"north": { "uv": [ 3, 2, 4, 3 ], "texture": "#top", "cullface": "north" },
				"south": { "uv": [ 3, 2, 4, 3 ], "texture": "#top", "cullface": "south" },
				"west": { "uv": [ 3, 2, 4, 3 ], "texture": "#top", "cullface": "west" },
				"east": { "uv": [ 3, 2, 4, 3 ], "texture": "#top", "cullface": "east" }
			}
		}
	],
	"display": {
		"thirdperson_righthand": {
			"rotation":  [ 75, 45, 0 ],
			"translation":  [ 0, 2.5, 0 ],
			"scale":  [ 0.375, 0.375, 0.375 ]
		},
		"thirdperson_lefthand": {
			"rotation":  [ 75, 45, 0 ],
			"translation":  [ 0, 2.5, 0 ],
			"scale":  [ 0.375, 0.375, 0.375 ]
		},
		"firstperson_righthand": {
			"rotation":  [ 0, 45, 0 ],
			"scale":  [ 0.4, 0.4, 0.4 ]
		},
		"firstperson_lefthand": {
			"rotation":  [ 0, 225, 0 ],
			"scale":  [ 0.4, 0.4, 0.4 ]
		},
		"gui": {
			"rotation":  [ 30, 225, 0 ],
			"scale":  [ 0.625, 0.625, 0.625 ]
		},
		"ground": {
			"translation":  [ 0, 3, 0 ],
			"scale":  [ 0.25, 0.25, 0.25 ]
		},
		"fixed": {
			"scale":  [ 0.5, 0.5, 0.5 ]
		}
	}
}