{
"ambientocclusion": false,
"textures": {
    "particle": "blocks/crafting_table_front",
    "bottom": "blocks/planks_oak",
    "top": "blocks/crafting_table_top",
    "side2": "blocks/crafting_table_side2",
    "front": "blocks/crafting_table_front",
    "side": "blocks/crafting_table_side"
},
"elements": [ 
{
    "__comment": "Crafting Table",
    "from": [ 0, 0, 0 ],
    "to": [ 16, 16, 16 ],
    "faces": {
        "down":  { "uv": [ 0, 0, 16, 16 ], "texture": "#bottom", "cullface": "down" },
        "up":    { "uv": [ 0, 0, 16, 16 ], "texture": "#top", "cullface": "up" },
        "north": { "uv": [ 0, 0, 16, 16 ], "texture": "#side2", "cullface": "north" },
        "south": { "uv": [ 0, 0, 16, 16 ], "texture": "#front", "cullface": "south" },
        "west":  { "uv": [ 0, 0, 16, 16 ], "texture": "#side2", "cullface": "west" },
        "east":  { "uv": [ 0, 0, 16, 16 ], "texture": "#side", "cullface": "east" }
    }
},
{
    "__comment": "Crafting Table",
    "from": [ 3, 6, 16 ],
    "to": [ 4, 11, 17 ],
    "faces": {
        "down":  { "uv": [ 3, 9, 4, 10 ], "texture": "#front", "cullface": "south" },
        "up":    { "uv": [ 3, 5, 4, 6 ], "texture": "#front", "cullface": "south" },
        "south": { "uv": [ 3, 5, 4, 10 ], "texture": "#front", "cullface": "south" },
        "west":  { "uv": [ 3, 5, 4, 10 ], "texture": "#front", "cullface": "south" },
        "east":  { "uv": [ 3, 5, 4, 10 ], "texture": "#front", "cullface": "south" }
    }
},
{
    "__comment": "Crafting Table",
    "from": [ 4, 5, 16 ],
    "to": [ 5, 8, 17 ],
    "faces": {
        "down":  { "uv": [ 4, 10, 5, 11 ], "texture": "#front", "cullface": "south" },
        "up":    { "uv": [ 4, 8, 5, 9 ], "texture": "#front", "cullface": "south" },
        "south": { "uv": [ 4, 8, 5, 11 ], "texture": "#front", "cullface": "south" },
        "west":  { "uv": [ 4, 8, 5, 11 ], "texture": "#front", "cullface": "south" },
        "east":  { "uv": [ 4, 8, 5, 11 ], "texture": "#front", "cullface": "south" }
    }
},
{
    "__comment": "Crafting Table",
    "from": [ 2, 6, 16 ],
    "to": [ 3, 7, 17 ],
    "faces": {
        "down":  { "uv": [ 2, 9, 3, 10 ], "texture": "#front", "cullface": "south" },
        "up":    { "uv": [ 2, 9, 3, 10 ], "texture": "#front", "cullface": "south" },
        "south": { "uv": [ 2, 9, 3, 10 ], "texture": "#front", "cullface": "south" },
        "west":  { "uv": [ 2, 9, 3, 10 ], "texture": "#front", "cullface": "south" }
    }
},
{
    "__comment": "Crafting Table",
    "from": [ 11, 10, 16 ],
    "to": [ 12, 13, 17 ],
    "faces": {
        "up":    { "uv": [ 11, 3, 12, 4 ], "texture": "#front", "cullface": "south" },
        "south": { "uv": [ 11, 3, 12, 6 ], "texture": "#front", "cullface": "south" },
        "west":  { "uv": [ 11, 3, 12, 6 ], "texture": "#front", "cullface": "south" },
        "east":  { "uv": [ 11, 3, 12, 6 ], "texture": "#front", "cullface": "south" }
    }
},
{
    "__comment": "Crafting Table",
    "from": [ 13, 10, 16 ],
    "to": [ 14, 13, 17 ],
    "faces": {
        "up":    { "uv": [ 13, 3, 14, 4 ], "texture": "#front", "cullface": "south" },
        "south": { "uv": [ 13, 3, 14, 6 ], "texture": "#front", "cullface": "south" },
        "west":  { "uv": [ 13, 3, 14, 6 ], "texture": "#front", "cullface": "south" },
        "east":  { "uv": [ 13, 3, 14, 6 ], "texture": "#front", "cullface": "south" }
    }
},
{
    "__comment": "Crafting Table",
    "from": [ 12, 10, 16 ],
    "to": [ 13, 11, 17 ],
    "faces": {
        "up":    { "uv": [ 12, 3, 13, 4 ], "texture": "#front", "cullface": "south" },
        "south": { "uv": [ 12, 3, 13, 4 ], "texture": "#front", "cullface": "south" }
    }
},
{
    "__comment": "Crafting Table",
    "from": [ 12, 12, 16 ],
    "to": [ 13, 13, 17 ],
    "faces": {
        "down":  { "uv": [ 12, 3, 13, 4 ], "texture": "#front", "cullface": "south" },
        "up":    { "uv": [ 12, 3, 13, 4 ], "texture": "#front", "cullface": "south" },
        "south": { "uv": [ 12, 3, 13, 4 ], "texture": "#front", "cullface": "south" }
    }
},
{
    "__comment": "Crafting Table",
    "from": [ 11, 8, 16 ],
    "to": [ 14, 10, 17 ],
    "faces": {
        "down":  { "uv": [ 11, 6, 14, 7 ], "texture": "#front", "cullface": "south" },
        "up":    { "uv": [ 11, 7, 14, 8 ], "texture": "#front", "cullface": "south" },
        "south": { "uv": [ 11, 6, 14, 8 ], "texture": "#front", "cullface": "south" },
        "west":  { "uv": [ 11, 6, 12, 8 ], "texture": "#front", "cullface": "south" },
        "east":  { "uv": [ 13, 6, 14, 8 ], "texture": "#front", "cullface": "south" }
    }
},
{
    "__comment": "Crafting Table",
    "from": [ 12, 5, 16 ],
    "to": [ 14, 8, 17 ],
    "faces": {
        "down":  { "uv": [ 12, 10, 14, 11 ], "texture": "#front", "cullface": "south" },
        "south": { "uv": [ 12, 8, 14, 11 ], "texture": "#front", "cullface": "south" },
        "west":  { "uv": [ 13, 8, 14, 11 ], "texture": "#front", "cullface": "south" },
        "east":  { "uv": [ 12, 8, 13, 11 ], "texture": "#front", "cullface": "south" }
    }
},
{
    "__comment": "Crafting Table",
    "from": [ 13, 3, 16 ],
    "to": [ 14, 5, 17 ],
    "faces": {
        "down":  { "uv": [ 13, 12, 14, 13 ], "texture": "#front", "cullface": "south" },
        "south": { "uv": [ 13, 11, 14, 13 ], "texture": "#front", "cullface": "south" },
        "west":  { "uv": [ 13, 11, 14, 13 ], "texture": "#front", "cullface": "south" },
        "east":  { "uv": [ 13, 11, 14, 13 ], "texture": "#front", "cullface": "south" }
    }
},
{
    "__comment": "Crafting Table",
    "from": [ 16, 9, 12 ],
    "to": [ 17, 11, 13 ],
    "faces": {
        "down":  { "uv": [ 3, 6, 4, 7 ], "texture": "#side", "cullface": "east" },
        "up":    { "uv": [ 3, 5, 4, 6 ], "texture": "#side", "cullface": "east" },
        "north": { "uv": [ 3, 5, 4, 7 ], "texture": "#side", "cullface": "east" },
        "south": { "uv": [ 3, 5, 4, 7 ], "texture": "#side", "cullface": "east" },
        "east":  { "uv": [ 3, 5, 4, 7 ], "texture": "#side", "cullface": "east" }
    }
},
{
    "__comment": "Crafting Table",
    "from": [ 16, 6, 12 ],
    "to": [ 17, 8, 13 ],
    "faces": {
        "down":  { "uv": [ 3, 9, 4, 10 ], "texture": "#side", "cullface": "east" },
        "up":    { "uv": [ 3, 8, 4, 9 ], "texture": "#side", "cullface": "east" },
        "north": { "uv": [ 3, 8, 4, 10 ], "texture": "#side", "cullface": "east" },
        "south": { "uv": [ 3, 8, 4, 10 ], "texture": "#side", "cullface": "east" },
        "east":  { "uv": [ 3, 8, 4, 10 ], "texture": "#side", "cullface": "east" }
    }
},
{
    "__comment": "Crafting Table",
    "from": [ 16, 9, 10 ],
    "to": [ 17, 11, 11 ],
    "faces": {
        "down":  { "uv": [ 5, 6, 6, 7 ], "texture": "#side", "cullface": "east" },
        "up":    { "uv": [ 5, 5, 6, 6 ], "texture": "#side", "cullface": "east" },
        "north": { "uv": [ 5, 5, 6, 7 ], "texture": "#side", "cullface": "east" },
        "south": { "uv": [ 5, 5, 6, 7 ], "texture": "#side", "cullface": "east" },
        "east":  { "uv": [ 5, 5, 6, 7 ], "texture": "#side", "cullface": "east" }
    }
},
{
    "__comment": "Crafting Table",
    "from": [ 16, 6, 10 ],
    "to": [ 17, 8, 11 ],
    "faces": {
        "down":  { "uv": [ 5, 9, 6, 10 ], "texture": "#side", "cullface": "east" },
        "up":    { "uv": [ 5, 8, 6, 9 ], "texture": "#side", "cullface": "east" },
        "north": { "uv": [ 5, 8, 6, 10 ], "texture": "#side", "cullface": "east" },
        "south": { "uv": [ 5, 8, 6, 10 ], "texture": "#side", "cullface": "east" },
        "east":  { "uv": [ 5, 8, 6, 10 ], "texture": "#side", "cullface": "east" }
    }
},
{
    "__comment": "Crafting Table",
    "from": [ 16, 8, 11 ],
    "to": [ 17, 9, 12 ],
    "faces": {
        "down":  { "uv": [ 4, 7, 5, 8 ], "texture": "#side", "cullface": "east" },
        "up":    { "uv": [ 4, 7, 5, 8 ], "texture": "#side", "cullface": "east" },
        "north": { "uv": [ 4, 7, 5, 8 ], "texture": "#side", "cullface": "east" },
        "south": { "uv": [ 4, 7, 5, 8 ], "texture": "#side", "cullface": "east" },
        "east":  { "uv": [ 4, 7, 5, 8 ], "texture": "#side", "cullface": "east" }
    }
},
{
    "__comment": "Crafting Table",
    "from": [ 6, 14, 16 ],
    "to": [ 10, 15, 17 ],
    "faces": {
        "down":  { "uv": [ 6, 1, 10, 2 ], "texture": "#front", "cullface": "south" },
        "south": { "uv": [ 6, 1, 10, 2 ], "texture": "#front", "cullface": "south" },
        "west":  { "uv": [ 6, 1, 7, 2 ], "texture": "#front", "cullface": "south" },
        "east":  { "uv": [ 9, 1, 10, 2 ], "texture": "#front", "cullface": "south" }
    }
},
{
    "__comment": "Crafting Table",
    "from": [ 5, 15, 16 ],
    "to": [ 11, 16, 17 ],
    "faces": {
        "down":  { "uv": [ 5, 0, 11, 1 ], "texture": "#front", "cullface": "south" },
        "up":    { "uv": [ 5, 0, 11, 1 ], "texture": "#front", "cullface": "south" },
        "south": { "uv": [ 5, 0, 11, 1 ], "texture": "#front", "cullface": "south" },
        "west":  { "uv": [ 5, 0, 6, 1 ], "texture": "#front", "cullface": "south" },
        "east":  { "uv": [ 10, 0, 11, 1 ], "texture": "#front", "cullface": "south" }
    }
},
{
    "__comment": "Crafting Table",
    "from": [ 7, 0, 16 ],
    "to": [ 9, 14, 17 ],
    "faces": {
        "down":  { "uv": [ 9, 16, 7, 15 ], "texture": "#front", "cullface": "south" },
        "south": { "uv": [ 7, 2, 9, 16 ], "texture": "#front", "cullface": "south" },
        "west":  { "uv": [ 15, 2, 16, 16 ], "texture": "#front", "cullface": "south" },
        "east":  { "uv": [ 0, 2, 1, 16 ], "texture": "#front", "cullface": "south" }
    }
},
{
    "__comment": "Crafting Table",
    "from": [ 2, 16, 2 ],
    "to": [ 14, 17, 14 ],
    "faces": {
        "up":    { "uv": [ 2, 2, 14, 14 ], "texture": "#top", "cullface": "up" },
        "north": { "uv": [ 2, 0, 14, 1 ], "texture": "#top", "cullface": "up" },
        "south": { "uv": [ 2, 0, 14, 1 ], "texture": "#top", "cullface": "up" },
        "west":  { "uv": [ 2, 0, 14, 1 ], "texture": "#top", "cullface": "up" },
        "east":  { "uv": [ 2, 0, 14, 1 ], "texture": "#top", "cullface": "up" }
    }
},
{
    "__comment": "Crafting Table",
    "from": [ 3, 16, 14 ],
    "to": [ 13, 17, 15 ],
    "faces": {
        "up":    { "uv": [ 3, 14, 13, 15 ], "texture": "#top", "cullface": "up" },
        "south": { "uv": [ 3, 0, 13, 1 ], "texture": "#top", "cullface": "up" },
        "west":  { "uv": [ 14, 0, 15, 1 ], "texture": "#top", "cullface": "up" },
        "east":  { "uv": [ 1, 0, 2, 1 ], "texture": "#top", "cullface": "up" }
    }
},
{
    "__comment": "Crafting Table",
    "from": [ 1, 16, 3 ],
    "to": [ 2, 17, 13 ],
    "faces": {
        "up":    { "uv": [ 3, 14, 13, 15 ], "rotation": 90, "texture": "#top", "cullface": "up" },
        "north": { "uv": [ 14, 0, 15, 0 ], "texture": "#top", "cullface": "up" },
        "south": { "uv": [ 1, 0, 2, 0 ], "texture": "#top", "cullface": "up" },
        "west":  { "uv": [ 3, 0, 13, 0 ], "texture": "#top", "cullface": "up" }
    }
},
{
    "__comment": "Crafting Table",
    "from": [ 3, 16, 1 ],
    "to": [ 13, 17, 2 ],
    "faces": {
        "up":    { "uv": [ 3, 14, 13, 15 ], "rotation": 180, "texture": "#top", "cullface": "up" },
        "north": { "uv": [ 3, 0, 13, 0 ], "texture": "#top", "cullface": "up" },
        "west":  { "uv": [ 1, 0, 2, 0 ], "texture": "#top", "cullface": "up" },
        "east":  { "uv": [ 14, 0, 15, 0 ], "texture": "#top", "cullface": "up" }
    }
},
{
    "__comment": "Crafting Table",
    "from": [ 14, 16, 3 ],
    "to": [ 15, 17, 13 ],
    "faces": {
        "up":    { "uv": [ 3, 14, 13, 15 ], "rotation": 270, "texture": "#top", "cullface": "up" },
        "north": { "uv": [ 1, 0, 2, 0 ], "texture": "#top", "cullface": "up" },
        "south": { "uv": [ 14, 0, 15, 0 ], "texture": "#top", "cullface": "up" },
        "east":  { "uv": [ 3, 0, 13, 0 ], "texture": "#top", "cullface": "up" }
    }
},
{
    "__comment": "Crafting Table*",
    "from": [ 5, 16, 15 ],
    "to": [ 11, 17, 16 ],
    "faces": {
        "up":    { "uv": [ 5, 0, 11, 1 ], "texture": "#front", "cullface": "up" },
        "south": { "uv": [ 5, 0, 11, 1 ], "texture": "#front", "cullface": "up" },
        "west":  { "uv": [ 5, 0, 6, 1 ], "texture": "#front", "cullface": "up" },
        "east":  { "uv": [ 10, 0, 11, 1 ], "texture": "#front", "cullface": "up" }
    }
},
{
    "__comment": "Crafting Table*",
    "from": [ -1, 14, 6 ],
    "to": [ 0, 15, 10 ],
    "faces": {
        "down":  { "uv": [ 6, 1, 10, 2 ], "rotation": 270, "texture": "#front", "cullface": "west" },
        "north": { "uv": [ 6, 1, 7, 2 ], "texture": "#front", "cullface": "west" },
        "south": { "uv": [ 9, 1, 10, 2 ], "texture": "#front", "cullface": "west" },
        "west":  { "uv": [ 6, 1, 10, 2 ], "texture": "#front", "cullface": "west" }
    }
},
{
    "__comment": "Crafting Table*",
    "from": [ -1, 15, 5 ],
    "to": [ 0, 16, 11 ],
    "faces": {
        "down":  { "uv": [ 5, 0, 11, 1 ], "rotation": 270, "texture": "#front", "cullface": "west" },
        "up":    { "uv": [ 5, 0, 11, 1 ], "rotation": 90, "texture": "#front", "cullface": "west" },
        "north": { "uv": [ 5, 0, 6, 1 ], "texture": "#front", "cullface": "west" },
        "south": { "uv": [ 10, 0, 11, 1 ], "texture": "#front", "cullface": "west" },
        "west":  { "uv": [ 5, 0, 11, 1 ], "texture": "#front", "cullface": "west" }
    }
},
{
    "__comment": "Crafting Table*",
    "from": [ -1, 0, 7 ],
    "to": [ 0, 14, 9 ],
    "faces": {
        "down":  { "uv": [ 9, 16, 7, 15 ], "rotation": 270, "texture": "#front", "cullface": "west" },
        "north": { "uv": [ 15, 2, 16, 16 ], "texture": "#front", "cullface": "west" },
        "south": { "uv": [ 0, 2, 1, 16 ], "texture": "#front", "cullface": "west" },
        "west":  { "uv": [ 7, 2, 9, 16 ], "texture": "#front", "cullface": "west" }
    }
},
{
    "__comment": "Crafting Table*",
    "from": [ 0, 16, 5 ],
    "to": [ 1, 17, 11 ],
    "faces": {
        "up":    { "uv": [ 5, 0, 11, 1 ], "rotation": 90, "texture": "#front", "cullface": "up" },
        "north": { "uv": [ 5, 0, 6, 1 ], "texture": "#front", "cullface": "up" },
        "south": { "uv": [ 10, 0, 11, 1 ], "texture": "#front", "cullface": "up" },
        "west":  { "uv": [ 5, 0, 11, 1 ], "texture": "#front", "cullface": "up" }
    }
},
{
    "__comment": "Crafting Table*",
    "from": [ 6, 14, -1 ],
    "to": [ 10, 15, 0 ],
    "faces": {
        "down":  { "uv": [ 6, 1, 10, 2 ], "rotation": 180, "texture": "#front", "cullface": "north" },
        "north": { "uv": [ 6, 1, 10, 2 ], "texture": "#front", "cullface": "north" },
        "west":  { "uv": [ 9, 1, 10, 2 ], "texture": "#front", "cullface": "north" },
        "east":  { "uv": [ 6, 1, 7, 2 ], "texture": "#front", "cullface": "north" }
    }
},
{
    "__comment": "Crafting Table*",
    "from": [ 5, 15, -1 ],
    "to": [ 11, 16, 0 ],
    "faces": {
        "down":  { "uv": [ 5, 0, 11, 1 ], "rotation": 180, "texture": "#front", "cullface": "north" },
        "up":    { "uv": [ 5, 0, 11, 1 ], "rotation": 180, "texture": "#front", "cullface": "north" },
        "north": { "uv": [ 5, 0, 11, 1 ], "texture": "#front", "cullface": "north" },
        "west":  { "uv": [ 10, 0, 11, 1 ], "texture": "#front", "cullface": "north" },
        "east":  { "uv": [ 5, 0, 6, 1 ], "texture": "#front", "cullface": "north" }
    }
},
{
    "__comment": "Crafting Table*",
    "from": [ 7, 0, -1 ],
    "to": [ 9, 14, 0 ],
    "faces": {
        "down":  { "uv": [ 9, 16, 7, 15 ], "rotation": 180, "texture": "#front", "cullface": "north" },
        "north": { "uv": [ 7, 2, 9, 16 ], "texture": "#front", "cullface": "north" },
        "west":  { "uv": [ 0, 2, 1, 16 ], "texture": "#front", "cullface": "north" },
        "east":  { "uv": [ 15, 2, 16, 16 ], "texture": "#front", "cullface": "north" }
    }
},
{
    "__comment": "Crafting Table*",
    "from": [ 5, 16, 0 ],
    "to": [ 11, 17, 1 ],
    "faces": {
        "up":    { "uv": [ 5, 0, 11, 1 ], "rotation": 180, "texture": "#front", "cullface": "up" },
        "north": { "uv": [ 5, 0, 11, 1 ], "texture": "#front", "cullface": "up" },
        "west":  { "uv": [ 10, 0, 11, 1 ], "texture": "#front", "cullface": "up" },
        "east":  { "uv": [ 5, 0, 6, 1 ], "texture": "#front", "cullface": "up" }
    }
},
{
    "__comment": "Crafting Table*",
    "from": [ 16, 14, 6 ],
    "to": [ 17, 15, 10 ],
    "faces": {
        "down":  { "uv": [ 6, 1, 10, 2 ], "rotation": 90, "texture": "#front", "cullface": "east" },
        "north": { "uv": [ 9, 1, 10, 2 ], "texture": "#front", "cullface": "east" },
        "south": { "uv": [ 6, 1, 7, 2 ], "texture": "#front", "cullface": "east" },
        "east":  { "uv": [ 6, 1, 10, 2 ], "texture": "#front", "cullface": "east" }
    }
},
{
    "__comment": "Crafting Table*",
    "from": [ 16, 15, 5 ],
    "to": [ 17, 16, 11 ],
    "faces": {
        "down":  { "uv": [ 5, 0, 11, 1 ], "rotation": 90, "texture": "#front", "cullface": "east" },
        "up":    { "uv": [ 5, 0, 11, 1 ], "rotation": 270, "texture": "#front", "cullface": "east" },
        "north": { "uv": [ 10, 0, 11, 1 ], "texture": "#front", "cullface": "east" },
        "south": { "uv": [ 5, 0, 6, 1 ], "texture": "#front", "cullface": "east" },
        "east":  { "uv": [ 5, 0, 11, 1 ], "texture": "#front", "cullface": "east" }
    }
},
{
    "__comment": "Crafting Table*",
    "from": [ 16, 0, 7 ],
    "to": [ 17, 14, 9 ],
    "faces": {
        "down":  { "uv": [ 9, 16, 7, 15 ], "rotation": 90, "texture": "#front", "cullface": "east" },
        "north": { "uv": [ 0, 2, 1, 16 ], "texture": "#front", "cullface": "east" },
        "south": { "uv": [ 15, 2, 16, 16 ], "texture": "#front", "cullface": "east" },
        "east":  { "uv": [ 7, 2, 9, 16 ], "texture": "#front", "cullface": "east" }
    }
},
{
    "__comment": "Crafting Table*",
    "from": [ 15, 16, 5 ],
    "to": [ 16, 17, 11 ],
    "faces": {
        "up":    { "uv": [ 5, 0, 11, 1 ], "rotation": 270, "texture": "#front", "cullface": "up" },
        "north": { "uv": [ 10, 0, 11, 1 ], "texture": "#front", "cullface": "up" },
        "south": { "uv": [ 5, 0, 6, 1 ], "texture": "#front", "cullface": "up" },
        "east":  { "uv": [ 5, 0, 11, 1 ], "texture": "#front", "cullface": "up" }
    }
}
],
"display": {
        "gui": {
            "rotation": [ 30, 225, 0 ],
            "translation": [ 0, 0, 0],
            "scale":[ 0.625, 0.625, 0.625 ]
        },
        "ground": {
            "rotation": [ 0, 0, 0 ],
            "translation": [ 0, 3, 0],
            "scale":[ 0.25, 0.25, 0.25 ]
        },
        "fixed": {
            "rotation": [ 0, 0, 0 ],
            "translation": [ 0, 0, 0],
            "scale":[ 0.5, 0.5, 0.5 ]
        },
        "thirdperson_righthand": {
            "rotation": [ 75, 45, 0 ],
            "translation": [ 0, 2.5, 0],
            "scale": [ 0.375, 0.375, 0.375 ]
        },
        "firstperson_righthand": {
            "rotation": [ 0, 45, 0 ],
            "translation": [ 0, 0, 0 ],
            "scale": [ 0.40, 0.40, 0.40 ]
        },
        "firstperson_lefthand": {
            "rotation": [ 0, 225, 0 ],
            "translation": [ 0, 0, 0 ],
            "scale": [ 0.40, 0.40, 0.40 ]
        }
    }
}
