{
"ambientocclusion": false,
"textures": {
    "particle": "blocks/flower_oxeye_daisy",
    "all": "blocks/flower_oxeye_daisy"
},
"elements": [ 
{
    "from": [ 7, 9.5, 8.5 ],
    "to": [ 8, 10.5, 9.5 ],
    "faces": {
        "down":  { "uv": [ 7, 6, 8, 7 ], "texture": "#all" },
        "up":    { "uv": [ 7, 6, 8, 7 ], "texture": "#all" },
        "north": { "uv": [ 7, 6, 8, 7 ], "texture": "#all" },
        "south": { "uv": [ 7, 6, 8, 7 ], "texture": "#all" },
        "west":  { "uv": [ 7, 6, 8, 7 ], "texture": "#all" },
        "east":  { "uv": [ 7, 6, 8, 7 ], "texture": "#all" }
    }
},
{
    "from": [ 7, 10.5, 7.5 ],
    "to": [ 8, 11.5, 8.5 ],
    "faces": {
        "down":  { "uv": [ 7, 4, 8, 5 ], "texture": "#all" },
        "up":    { "uv": [ 7, 4, 8, 5 ], "texture": "#all" },
        "north": { "uv": [ 7, 4, 8, 5 ], "texture": "#all" },
        "south": { "uv": [ 7, 4, 8, 5 ], "texture": "#all" },
        "west":  { "uv": [ 7, 4, 8, 5 ], "texture": "#all" },
        "east":  { "uv": [ 7, 4, 8, 5 ], "texture": "#all" }
    }
},
{
    "from": [ 6, 10, 8 ],
    "to": [ 9, 11, 9 ],
    "faces": {
        "down":  { "uv": [ 6, 5, 9, 6 ], "texture": "#all" },
        "up":    { "uv": [ 6, 5, 9, 6 ], "texture": "#all" },
        "north": { "uv": [ 6, 5, 9, 6 ], "texture": "#all" },
        "south": { "uv": [ 6, 5, 9, 6 ], "texture": "#all" },
        "west":  { "uv": [ 7, 5, 8, 6 ], "texture": "#all" },
        "east":  { "uv": [ 7, 5, 8, 6 ], "texture": "#all" }
    }
},
{
    "from": [ 8.5, 3, 8 ],
    "to": [ 10, 4, 9.5 ],
    "faces": {
        "down":  { "uv": [ 7, 13, 8, 14 ], "texture": "#all" },
        "up":    { "uv": [ 7, 13, 8, 14 ], "texture": "#all" },
        "north": { "uv": [ 7, 13, 8, 14 ], "texture": "#all" },
        "south": { "uv": [ 7, 13, 8, 14 ], "texture": "#all" },
        "west":  { "uv": [ 7, 13, 8, 14 ], "texture": "#all" },
        "east":  { "uv": [ 7, 13, 8, 14 ], "texture": "#all" }
    }
},
{
    "from": [ 8, 1, 7.5 ],
    "to": [ 9, 3, 8.5 ],
    "faces": {
        "down":  { "uv": [ 8, 8, 9, 9 ], "texture": "#all" },
        "up":    { "uv": [ 8, 8, 9, 9 ], "texture": "#all" },
        "north": { "uv": [ 8, 13, 9, 15 ], "texture": "#all" },
        "south": { "uv": [ 8, 13, 9, 15 ], "texture": "#all" },
        "west":  { "uv": [ 7, 13, 8, 15 ], "texture": "#all" },
        "east":  { "uv": [ 7, 13, 8, 15 ], "texture": "#all" }
    }
},
{
    "from": [ 4.5, 4, 6 ],
    "to": [ 6.5, 5, 8 ],
    "faces": {
        "down":  { "uv": [ 6, 11, 8, 13 ], "texture": "#all" },
        "up":    { "uv": [ 6, 11, 8, 13 ], "texture": "#all" },
        "north": { "uv": [ 5, 11, 7, 12 ], "texture": "#all" },
        "south": { "uv": [ 5, 11, 7, 12 ], "texture": "#all" },
        "west":  { "uv": [ 6, 11, 8, 12 ], "texture": "#all" },
        "east":  { "uv": [ 6, 11, 8, 12 ], "texture": "#all" }
    }
},
{
    "from": [ 6, 3, 6.5 ],
    "to": [ 7, 5, 7.5 ],
    "faces": {
        "down":  { "uv": [ 7, 10, 8, 11 ], "texture": "#all" },
        "up":    { "uv": [ 7, 11, 8, 12 ], "texture": "#all" },
        "north": { "uv": [ 6, 11, 7, 13 ], "texture": "#all" },
        "south": { "uv": [ 6, 11, 7, 13 ], "texture": "#all" },
        "west":  { "uv": [ 6.5, 11, 7.5, 13 ], "texture": "#all" },
        "east":  { "uv": [ 6.5, 11, 7.5, 13 ], "texture": "#all" }
    }
},
{
    "from": [ 7, 7, 7.5 ],
    "to": [ 8, 10, 8.5 ],
    "faces": {
        "down":  { "uv": [ 7, 15, 8, 16 ], "texture": "#all" },
        "up":    { "uv": [ 7, 9, 8, 10 ], "texture": "#all" },
        "north": { "uv": [ 7, 9, 8, 12 ], "texture": "#all" },
        "south": { "uv": [ 7, 9, 8, 12 ], "texture": "#all" },
        "west":  { "uv": [ 7, 9, 8, 12 ], "texture": "#all" },
        "east":  { "uv": [ 7, 9, 8, 12 ], "texture": "#all" }
    }
},
{
    "from": [ 7, 0, 7 ],
    "to": [ 8, 7, 8 ],
    "faces": {
        "down":  { "uv": [ 7, 15, 8, 16 ], "texture": "#all" },
        "up":    { "uv": [ 7, 15, 8, 16 ], "texture": "#all" },
        "north": { "uv": [ 7, 9, 8, 16 ], "texture": "#all" },
        "south": { "uv": [ 7, 9, 8, 16 ], "texture": "#all" },
        "west":  { "uv": [ 7, 9, 8, 16 ], "texture": "#all" },
        "east":  { "uv": [ 7, 9, 8, 16 ], "texture": "#all" }
    }
},
{
    "from": [ 4.5, 10, 7 ],
    "to": [ 10.5, 11, 8 ],
    "faces": {
        "down":  { "uv": [ 4, 5, 11, 6 ], "texture": "#all" },
        "up":    { "uv": [ 4, 5, 11, 6 ], "texture": "#all" },
        "north": { "uv": [ 4, 5, 11, 6 ], "texture": "#all" },
        "south": { "uv": [ 4, 5, 11, 6 ], "texture": "#all" },
        "west":  { "uv": [ 7, 2, 8, 3 ], "texture": "#all" },
        "east":  { "uv": [ 7, 2, 8, 3 ], "texture": "#all" }
    }
},
{
    "from": [ 5, 10.5, 6.5 ],
    "to": [ 10, 11.5, 7.5 ],
    "faces": {
        "down":  { "uv": [ 5, 3, 10, 4 ], "texture": "#all" },
        "up":    { "uv": [ 5, 3, 10, 4 ], "texture": "#all" },
        "north": { "uv": [ 5, 3, 10, 4 ], "texture": "#all" },
        "south": { "uv": [ 5, 3, 10, 4 ], "texture": "#all" },
        "west":  { "uv": [ 5, 3, 6, 4 ], "texture": "#all" },
        "east":  { "uv": [ 5, 3, 6, 4 ], "texture": "#all" }
    }
},
{
    "from": [ 5.5, 11, 6 ],
    "to": [ 9.5, 12, 7 ],
    "faces": {
        "down":  { "uv": [ 5.5, 3, 9.5, 4 ], "texture": "#all" },
        "up":    { "uv": [ 5.5, 3, 9.5, 4 ], "texture": "#all" },
        "north": { "uv": [ 5.5, 3, 9.5, 4 ], "texture": "#all" },
        "south": { "uv": [ 5.5, 3, 9.5, 4 ], "texture": "#all" },
        "west":  { "uv": [ 5, 3, 6, 4 ], "texture": "#all" },
        "east":  { "uv": [ 5, 3, 6, 4 ], "texture": "#all" }
    }
},
{
    "from": [ 4.5, 9, 8 ],
    "to": [ 7, 10, 9 ],
    "faces": {
        "down":  { "uv": [ 5, 3, 7.5, 4 ], "texture": "#all" },
        "up":    { "uv": [ 5, 3, 7.5, 4 ], "texture": "#all" },
        "north": { "uv": [ 5, 3, 7.5, 4 ], "texture": "#all" },
        "south": { "uv": [ 5, 3, 7.5, 4 ], "texture": "#all" },
        "west":  { "uv": [ 5, 7, 6, 8 ], "texture": "#all" },
        "east":  { "uv": [ 5, 7, 6, 8 ], "texture": "#all" }
    }
},
{
    "from": [ 8, 9, 8 ],
    "to": [ 10.5, 10, 9 ],
    "faces": {
        "down":  { "uv": [ 7, 3, 9.5, 4 ], "texture": "#all" },
        "up":    { "uv": [ 7, 3, 9.5, 4 ], "texture": "#all" },
        "north": { "uv": [ 7, 3, 9.5, 4 ], "texture": "#all" },
        "south": { "uv": [ 7, 3, 9.5, 4 ], "texture": "#all" },
        "west":  { "uv": [ 5, 7, 6, 8 ], "texture": "#all" },
        "east":  { "uv": [ 5, 7, 6, 8 ], "texture": "#all" }
    }
},
{
    "from": [ 5, 8.5, 9 ],
    "to": [ 10, 9.5, 10 ],
    "faces": {
        "down":  { "uv": [ 5, 7, 10, 8 ], "texture": "#all" },
        "up":    { "uv": [ 5, 7, 10, 8 ], "texture": "#all" },
        "north": { "uv": [ 5, 7, 10, 8 ], "texture": "#all" },
        "south": { "uv": [ 5, 7, 10, 8 ], "texture": "#all" },
        "west":  { "uv": [ 6, 7, 7, 8 ], "texture": "#all" },
        "east":  { "uv": [ 6, 7, 7, 8 ], "texture": "#all" }
    }
},
{
    "from": [ 6, 8, 9.5 ],
    "to": [ 9, 9, 10.5 ],
    "faces": {
        "down":  { "uv": [ 6, 7, 9, 8 ], "texture": "#all" },
        "up":    { "uv": [ 6, 7, 9, 8 ], "texture": "#all" },
        "north": { "uv": [ 6, 7, 9, 8 ], "texture": "#all" },
        "south": { "uv": [ 6, 7, 9, 8 ], "texture": "#all" },
        "west":  { "uv": [ 9, 7, 10, 8 ], "texture": "#all" },
        "east":  { "uv": [ 9, 7, 10, 8 ], "texture": "#all" }
    }
}
],
"display": {
    "thirdperson_righthand": {
        "rotation": [ 0, -90, 0 ],
        "translation": [ 0, 4, 2 ],
        "scale": [ 0.85, 0.85, 0.85 ]
    },
    "thirdperson_lefthand": {
        "rotation": [ 0, 90, 0 ],
        "translation": [ 0, 4, 2 ],
        "scale": [ 0.85, 0.85, 0.85 ]
    },
    "ground": {
        "rotation": [ 0, 0, 0 ],
        "translation": [ 0, 2, 0 ],
        "scale": [ 0.5, 0.5, 0.5 ]
    },
    "fixed": {
        "rotation": [ 0, 0, 0 ],
        "translation": [ 0, 0, 0 ],
        "scale": [ 0.5, 0.5, 0.5 ]
    },
    "firstperson_righthand": {
        "rotation": [ 0, -90, 25 ],
        "translation": [ 1.2, 3.2, 1.13 ],
        "scale": [ 0.68, 0.68, 0.68 ]
    },
    "firstperson_lefthand": {
        "rotation": [ 0, 90, -25 ],
        "translation": [ 0.2, 3.2, 1.12 ],
        "scale": [ 0.68, 0.68, 0.68 ]
    },
    "gui": {
        "rotation": [ 30, 225, 0 ],
        "translation": [ 0, 0, 0 ],
        "scale": [ 0.75, 0.75, 0.75 ]
    }
}
}