{
"ambientocclusion": false,
"textures": {
    "particle": "blocks/deadbush",
    "deadbussh": "blocks/deadbush"
},
"elements": [ 
{
    "from": [ 8, 0, 7 ],
    "to": [ 9, 16, 8 ],
    "faces": {
        "down":  { "uv": [ 8, 8, 7, 7 ], "texture": "#deadbussh", "cullface": "down" },
        "up":    { "uv": [ 8, 7, 9, 8 ], "texture": "#deadbussh", "cullface": "up" },
        "north": { "uv": [ 9, 0, 8, 16 ], "texture": "#deadbussh" },
        "south": { "uv": [ 8, 0, 9, 16 ], "texture": "#deadbussh" },
        "west":  { "uv": [ 8, 0, 9, 16 ], "texture": "#deadbussh" },
        "east":  { "uv": [ 9, 0, 8, 16 ], "texture": "#deadbussh" }
    }
},
{
    "from": [ 9, 0, 6 ],
    "to": [ 10, 7, 7 ],
    "faces": {
        "down":  { "uv": [ 7, 7, 6, 6 ], "texture": "#deadbussh", "cullface": "down" },
        "up":    { "uv": [ 9, 6, 10, 7 ], "texture": "#deadbussh" },
        "north": { "uv": [ 10, 9, 9, 16 ], "texture": "#deadbussh" },
        "south": { "uv": [ 9, 9, 10, 16 ], "texture": "#deadbussh" },
        "west":  { "uv": [ 9, 9, 10, 16 ], "texture": "#deadbussh" },
        "east":  { "uv": [ 10, 9, 9, 16 ], "texture": "#deadbussh" }
    }
},
{
    "from": [ 9, 8, 6 ],
    "to": [ 10, 12, 7 ],
    "faces": {
        "down":  { "uv": [ 7, 7, 6, 6 ], "texture": "#deadbussh" },
        "up":    { "uv": [ 9, 6, 10, 7 ], "texture": "#deadbussh" },
        "north": { "uv": [ 10, 4, 9, 8 ], "texture": "#deadbussh" },
        "south": { "uv": [ 9, 4, 10, 8 ], "texture": "#deadbussh" },
        "west":  { "uv": [ 9, 4, 10, 8 ], "texture": "#deadbussh" },
        "east":  { "uv": [ 10, 4, 9, 8 ], "texture": "#deadbussh" }
    }
},
{
    "from": [ 10, 4, 5 ],
    "to": [ 11, 7, 6 ],
    "faces": {
        "down":  { "uv": [ 6, 6, 5, 5 ], "texture": "#deadbussh" },
        "up":    { "uv": [ 10, 5, 11, 6 ], "texture": "#deadbussh" },
        "north": { "uv": [ 11, 9, 10, 12 ], "texture": "#deadbussh" },
        "south": { "uv": [ 10, 9, 11, 12 ], "texture": "#deadbussh" },
        "west":  { "uv": [ 10, 9, 11, 12 ], "texture": "#deadbussh" },
        "east":  { "uv": [ 11, 9, 10, 12 ], "texture": "#deadbussh" }
    }
},
{
    "from": [ 10, 9, 5 ],
    "to": [ 11, 12, 6 ],
    "faces": {
        "down":  { "uv": [ 6, 6, 5, 5 ], "texture": "#deadbussh" },
        "up":    { "uv": [ 10, 5, 11, 6 ], "texture": "#deadbussh" },
        "north": { "uv": [ 11, 4, 10, 7 ], "texture": "#deadbussh" },
        "south": { "uv": [ 10, 4, 11, 7 ], "texture": "#deadbussh" },
        "west":  { "uv": [ 9, 4, 10, 7 ], "texture": "#deadbussh" },
        "east":  { "uv": [ 10, 4, 9, 7 ], "texture": "#deadbussh" }
    }
},
{
    "from": [ 11, 10, 4 ],
    "to": [ 12, 12, 5 ],
    "faces": {
        "down":  { "uv": [ 5, 5, 4, 4 ], "texture": "#deadbussh" },
        "up":    { "uv": [ 11, 4, 12, 5 ], "texture": "#deadbussh" },
        "north": { "uv": [ 12, 4, 11, 6 ], "texture": "#deadbussh" },
        "south": { "uv": [ 11, 4, 12, 6 ], "texture": "#deadbussh" },
        "west":  { "uv": [ 4, 4, 5, 6 ], "texture": "#deadbussh" },
        "east":  { "uv": [ 5, 4, 4, 6 ], "texture": "#deadbussh" }
    }
},
{
    "from": [ 11, 6, 4 ],
    "to": [ 12, 8, 5 ],
    "faces": {
        "down":  { "uv": [ 5, 5, 4, 4 ], "texture": "#deadbussh" },
        "up":    { "uv": [ 11, 4, 12, 5 ], "texture": "#deadbussh" },
        "north": { "uv": [ 12, 8, 11, 10 ], "texture": "#deadbussh" },
        "south": { "uv": [ 11, 8, 12, 10 ], "texture": "#deadbussh" },
        "west":  { "uv": [ 11, 8, 12, 10 ], "texture": "#deadbussh" },
        "east":  { "uv": [ 12, 8, 11, 10 ], "texture": "#deadbussh" }
    }
},
{
    "from": [ 12, 9, 3 ],
    "to": [ 13, 14, 4 ],
    "faces": {
        "down":  { "uv": [ 13, 4, 12, 3 ], "texture": "#deadbussh" },
        "up":    { "uv": [ 12, 3, 13, 4 ], "texture": "#deadbussh" },
        "north": { "uv": [ 13, 2, 12, 7 ], "texture": "#deadbussh" },
        "south": { "uv": [ 12, 2, 13, 7 ], "texture": "#deadbussh" },
        "west":  { "uv": [ 12, 2, 13, 7 ], "texture": "#deadbussh" },
        "east":  { "uv": [ 13, 2, 12, 7 ], "texture": "#deadbussh" }
    }
},
{
    "from": [ 12, 5, 3 ],
    "to": [ 13, 7, 4 ],
    "faces": {
        "down":  { "uv": [ 4, 5, 3, 4 ], "texture": "#deadbussh" },
        "up":    { "uv": [ 12, 3, 13, 4 ], "texture": "#deadbussh" },
        "north": { "uv": [ 13, 9, 12, 11 ], "texture": "#deadbussh" },
        "south": { "uv": [ 12, 9, 13, 11 ], "texture": "#deadbussh" },
        "west":  { "uv": [ 3, 9, 4, 11 ], "texture": "#deadbussh" },
        "east":  { "uv": [ 4, 9, 3, 11 ], "texture": "#deadbussh" }
    }
},
{
    "from": [ 13, 12, 2 ],
    "to": [ 14, 13, 3 ],
    "faces": {
        "down":  { "uv": [ 14, 4, 13, 3 ], "texture": "#deadbussh" },
        "up":    { "uv": [ 13, 3, 14, 4 ], "texture": "#deadbussh" },
        "north": { "uv": [ 14, 3, 13, 4 ], "texture": "#deadbussh" },
        "south": { "uv": [ 13, 3, 14, 4 ], "texture": "#deadbussh" },
        "west":  { "uv": [ 13, 3, 14, 4 ], "texture": "#deadbussh" },
        "east":  { "uv": [ 14, 3, 13, 4 ], "texture": "#deadbussh" }
    }
},
{
    "from": [ 13, 10, 2 ],
    "to": [ 14, 11, 3 ],
    "faces": {
        "down":  { "uv": [ 14, 6, 13, 5 ], "texture": "#deadbussh" },
        "up":    { "uv": [ 13, 5, 14, 6 ], "texture": "#deadbussh" },
        "north": { "uv": [ 14, 5, 13, 6 ], "texture": "#deadbussh" },
        "south": { "uv": [ 13, 5, 14, 6 ], "texture": "#deadbussh" },
        "west":  { "uv": [ 13, 5, 14, 6 ], "texture": "#deadbussh" },
        "east":  { "uv": [ 14, 5, 13, 6 ], "texture": "#deadbussh" }
    }
},
{
    "from": [ 13, 5, 2 ],
    "to": [ 14, 7, 3 ],
    "faces": {
        "down":  { "uv": [ 13, 11, 12, 10 ], "texture": "#deadbussh" },
        "up":    { "uv": [ 12, 9, 13, 10 ], "texture": "#deadbussh" },
        "north": { "uv": [ 14, 9, 13, 11 ], "texture": "#deadbussh" },
        "south": { "uv": [ 13, 9, 14, 11 ], "texture": "#deadbussh" },
        "west":  { "uv": [ 3, 9, 4, 11 ], "texture": "#deadbussh" },
        "east":  { "uv": [ 14, 9, 13, 11 ], "texture": "#deadbussh" }
    }
},
{
    "from": [ 14, 4, 1 ],
    "to": [ 15, 6, 2 ],
    "faces": {
        "down":  { "uv": [ 4, 5, 3, 4 ], "texture": "#deadbussh" },
        "up":    { "uv": [ 12, 2, 13, 3 ], "texture": "#deadbussh" },
        "north": { "uv": [ 15, 10, 14, 12 ], "texture": "#deadbussh" },
        "south": { "uv": [ 14, 10, 15, 12 ], "texture": "#deadbussh" },
        "west":  { "uv": [ 14, 10, 15, 12 ], "texture": "#deadbussh" },
        "east":  { "uv": [ 15, 10, 14, 12 ], "texture": "#deadbussh" }
    }
},
{
    "from": [ 7, 0, 8 ],
    "to": [ 8, 4, 9 ],
    "faces": {
        "down":  { "uv": [ 8, 16, 7, 15 ], "texture": "#deadbussh", "cullface": "down" },
        "up":    { "uv": [ 7, 12, 8, 13 ], "texture": "#deadbussh" },
        "north": { "uv": [ 8, 12, 7, 16 ], "texture": "#deadbussh" },
        "south": { "uv": [ 7, 12, 8, 16 ], "texture": "#deadbussh" },
        "west":  { "uv": [ 7, 12, 8, 16 ], "texture": "#deadbussh" },
        "east":  { "uv": [ 8, 12, 7, 16 ], "texture": "#deadbussh" }
    }
},
{
    "from": [ 7, 5, 8 ],
    "to": [ 8, 10, 9 ],
    "faces": {
        "down":  { "uv": [ 8, 11, 7, 10 ], "texture": "#deadbussh" },
        "up":    { "uv": [ 7, 6, 8, 7 ], "texture": "#deadbussh" },
        "north": { "uv": [ 8, 6, 7, 11 ], "texture": "#deadbussh" },
        "south": { "uv": [ 7, 6, 8, 11 ], "texture": "#deadbussh" },
        "west":  { "uv": [ 7, 6, 8, 11 ], "texture": "#deadbussh" },
        "east":  { "uv": [ 8, 6, 7, 11 ], "texture": "#deadbussh" }
    }
},
{
    "from": [ 7, 11, 8 ],
    "to": [ 8, 14, 9 ],
    "faces": {
        "down":  { "uv": [ 8, 9, 7, 8 ], "texture": "#deadbussh" },
        "up":    { "uv": [ 7, 8, 8, 9 ], "texture": "#deadbussh" },
        "north": { "uv": [ 8, 2, 7, 5 ], "texture": "#deadbussh" },
        "south": { "uv": [ 7, 2, 8, 5 ], "texture": "#deadbussh" },
        "west":  { "uv": [ 7, 2, 8, 5 ], "texture": "#deadbussh" },
        "east":  { "uv": [ 8, 2, 7, 5 ], "texture": "#deadbussh" }
    }
},
{
    "from": [ 6, 6, 9 ],
    "to": [ 7, 10, 10 ],
    "faces": {
        "down":  { "uv": [ 10, 10, 9, 9 ], "texture": "#deadbussh" },
        "up":    { "uv": [ 6, 8, 7, 9 ], "texture": "#deadbussh" },
        "north": { "uv": [ 7, 6, 6, 10 ], "texture": "#deadbussh" },
        "south": { "uv": [ 6, 6, 7, 10 ], "texture": "#deadbussh" },
        "west":  { "uv": [ 6, 6, 7, 10 ], "texture": "#deadbussh" },
        "east":  { "uv": [ 7, 6, 6, 10 ], "texture": "#deadbussh" }
    }
},
{
    "from": [ 5, 5, 10 ],
    "to": [ 6, 8, 11 ],
    "faces": {
        "down":  { "uv": [ 11, 11, 10, 10 ], "texture": "#deadbussh" },
        "up":    { "uv": [ 5, 9, 6, 10 ], "texture": "#deadbussh" },
        "north": { "uv": [ 6, 8, 5, 11 ], "texture": "#deadbussh" },
        "south": { "uv": [ 5, 8, 6, 11 ], "texture": "#deadbussh" },
        "west":  { "uv": [ 5, 8, 6, 11 ], "texture": "#deadbussh" },
        "east":  { "uv": [ 6, 8, 5, 11 ], "texture": "#deadbussh" }
    }
},
{
    "from": [ 5, 9, 10 ],
    "to": [ 6, 11, 11 ],
    "faces": {
        "down":  { "uv": [ 11, 11, 10, 10 ], "texture": "#deadbussh" },
        "up":    { "uv": [ 5, 9, 6, 10 ], "texture": "#deadbussh" },
        "north": { "uv": [ 6, 5, 5, 7 ], "texture": "#deadbussh" },
        "south": { "uv": [ 5, 5, 6, 7 ], "texture": "#deadbussh" },
        "west":  { "uv": [ 10, 5, 11, 7 ], "texture": "#deadbussh" },
        "east":  { "uv": [ 11, 5, 10, 7 ], "texture": "#deadbussh" }
    }
},
{
    "from": [ 4, 3, 11 ],
    "to": [ 5, 7, 12 ],
    "faces": {
        "down":  { "uv": [ 12, 10, 11, 9 ], "texture": "#deadbussh" },
        "up":    { "uv": [ 4, 11, 5, 12 ], "texture": "#deadbussh" },
        "north": { "uv": [ 5, 9, 4, 13 ], "texture": "#deadbussh" },
        "south": { "uv": [ 4, 9, 5, 13 ], "texture": "#deadbussh" },
        "west":  { "uv": [ 4, 9, 5, 13 ], "texture": "#deadbussh" },
        "east":  { "uv": [ 5, 9, 4, 13 ], "texture": "#deadbussh" }
    }
},
{
    "from": [ 4, 10, 11 ],
    "to": [ 5, 12, 12 ],
    "faces": {
        "down":  { "uv": [ 11, 12, 10, 11 ], "texture": "#deadbussh" },
        "up":    { "uv": [ 4, 11, 5, 12 ], "texture": "#deadbussh" },
        "north": { "uv": [ 5, 4, 4, 6 ], "texture": "#deadbussh" },
        "south": { "uv": [ 4, 4, 5, 6 ], "texture": "#deadbussh" },
        "west":  { "uv": [ 11, 4, 12, 6 ], "texture": "#deadbussh" },
        "east":  { "uv": [ 12, 4, 11, 6 ], "texture": "#deadbussh" }
    }
},
{
    "from": [ 3, 5, 12 ],
    "to": [ 4, 7, 13 ],
    "faces": {
        "down":  { "uv": [ 13, 11, 12, 10 ], "texture": "#deadbussh" },
        "up":    { "uv": [ 4, 12, 5, 13 ], "texture": "#deadbussh" },
        "north": { "uv": [ 4, 9, 3, 11 ], "texture": "#deadbussh" },
        "south": { "uv": [ 3, 9, 4, 11 ], "texture": "#deadbussh" },
        "west":  { "uv": [ 12, 9, 13, 11 ], "texture": "#deadbussh" },
        "east":  { "uv": [ 13, 9, 12, 11 ], "texture": "#deadbussh" }
    }
},
{
    "from": [ 3, 11, 12 ],
    "to": [ 4, 12, 13 ],
    "faces": {
        "down":  { "uv": [ 15, 12, 14, 11 ], "texture": "#deadbussh" },
        "up":    { "uv": [ 4, 12, 5, 13 ], "texture": "#deadbussh" },
        "north": { "uv": [ 4, 4, 3, 5 ], "texture": "#deadbussh" },
        "south": { "uv": [ 3, 4, 4, 5 ], "texture": "#deadbussh" },
        "west":  { "uv": [ 12, 4, 13, 5 ], "texture": "#deadbussh" },
        "east":  { "uv": [ 13, 4, 12, 5 ], "texture": "#deadbussh" }
    }
},
{
    "from": [ 2, 6, 12.5 ],
    "to": [ 3, 7, 14 ],
    "faces": {
        "down":  { "uv": [ 5, 13, 4, 11.5 ], "texture": "#deadbussh" },
        "up":    { "uv": [ 4, 11.5, 5, 13 ], "texture": "#deadbussh" },
        "north": { "uv": [ 3, 9, 2, 10 ], "texture": "#deadbussh" },
        "south": { "uv": [ 2, 9, 3, 10 ], "texture": "#deadbussh" },
        "west":  { "uv": [ 12.5, 9, 14, 10 ], "texture": "#deadbussh" },
        "east":  { "uv": [ 14, 9, 12.5, 10 ], "texture": "#deadbussh" }
    }
},
{
    "from": [ 1, 6, 14 ],
    "to": [ 2, 7, 15 ],
    "faces": {
        "down":  { "uv": [ 15, 12, 14, 11 ], "texture": "#deadbussh" },
        "up":    { "uv": [ 1, 9, 2, 10 ], "texture": "#deadbussh" },
        "north": { "uv": [ 2, 9, 1, 10 ], "texture": "#deadbussh" },
        "south": { "uv": [ 1, 9, 2, 10 ], "texture": "#deadbussh" },
        "west":  { "uv": [ 14, 10, 15, 11 ], "texture": "#deadbussh" },
        "east":  { "uv": [ 15, 10, 14, 11 ], "texture": "#deadbussh" }
    }
},
{
    "from": [ 9, 0, 8 ],
    "to": [ 10, 7, 9 ],
    "faces": {
        "down":  { "uv": [ 7, 10, 6, 9 ], "texture": "#deadbussh", "cullface": "down" },
        "up":    { "uv": [ 9, 9, 10, 10 ], "texture": "#deadbussh" },
        "north": { "uv": [ 10, 9, 9, 16 ], "texture": "#deadbussh" },
        "south": { "uv": [ 9, 9, 10, 16 ], "texture": "#deadbussh" },
        "west":  { "uv": [ 9, 9, 10, 16 ], "texture": "#deadbussh" },
        "east":  { "uv": [ 10, 9, 9, 16 ], "texture": "#deadbussh" }
    }
},
{
    "from": [ 9, 8, 8 ],
    "to": [ 10, 12, 9 ],
    "faces": {
        "down":  { "uv": [ 7, 10, 6, 9 ], "texture": "#deadbussh" },
        "up":    { "uv": [ 8, 8, 9, 9 ], "texture": "#deadbussh" },
        "north": { "uv": [ 10, 4, 9, 8 ], "texture": "#deadbussh" },
        "south": { "uv": [ 9, 4, 10, 8 ], "texture": "#deadbussh" },
        "west":  { "uv": [ 9, 4, 10, 8 ], "texture": "#deadbussh" },
        "east":  { "uv": [ 10, 4, 9, 8 ], "texture": "#deadbussh" }
    }
},
{
    "from": [ 10, 4, 9 ],
    "to": [ 11, 7, 10 ],
    "faces": {
        "down":  { "uv": [ 6, 11, 5, 10 ], "texture": "#deadbussh" },
        "up":    { "uv": [ 10, 9, 11, 10 ], "texture": "#deadbussh" },
        "north": { "uv": [ 11, 9, 10, 12 ], "texture": "#deadbussh" },
        "south": { "uv": [ 10, 9, 11, 12 ], "texture": "#deadbussh" },
        "west":  { "uv": [ 10, 9, 11, 12 ], "texture": "#deadbussh" },
        "east":  { "uv": [ 11, 9, 10, 12 ], "texture": "#deadbussh" }
    }
},
{
    "from": [ 10, 9, 9 ],
    "to": [ 11, 12, 10 ],
    "faces": {
        "down":  { "uv": [ 6, 11, 5, 10 ], "texture": "#deadbussh" },
        "up":    { "uv": [ 10, 10, 11, 11 ], "texture": "#deadbussh" },
        "north": { "uv": [ 11, 4, 10, 7 ], "texture": "#deadbussh" },
        "south": { "uv": [ 10, 4, 11, 7 ], "texture": "#deadbussh" },
        "west":  { "uv": [ 9, 4, 10, 7 ], "texture": "#deadbussh" },
        "east":  { "uv": [ 10, 4, 9, 7 ], "texture": "#deadbussh" }
    }
},
{
    "from": [ 11, 6, 10 ],
    "to": [ 12, 8, 11 ],
    "faces": {
        "down":  { "uv": [ 5, 12, 4, 11 ], "texture": "#deadbussh" },
        "up":    { "uv": [ 10, 10, 11, 11 ], "texture": "#deadbussh" },
        "north": { "uv": [ 12, 8, 11, 10 ], "texture": "#deadbussh" },
        "south": { "uv": [ 11, 8, 12, 10 ], "texture": "#deadbussh" },
        "west":  { "uv": [ 11, 8, 12, 10 ], "texture": "#deadbussh" },
        "east":  { "uv": [ 12, 8, 11, 10 ], "texture": "#deadbussh" }
    }
},
{
    "from": [ 11, 10, 10 ],
    "to": [ 12, 12, 11 ],
    "faces": {
        "down":  { "uv": [ 5, 10, 4, 9 ], "texture": "#deadbussh" },
        "up":    { "uv": [ 10, 10, 11, 11 ], "texture": "#deadbussh" },
        "north": { "uv": [ 12, 4, 11, 6 ], "texture": "#deadbussh" },
        "south": { "uv": [ 11, 4, 12, 6 ], "texture": "#deadbussh" },
        "west":  { "uv": [ 11, 4, 12, 6 ], "texture": "#deadbussh" },
        "east":  { "uv": [ 12, 4, 11, 6 ], "texture": "#deadbussh" }
    }
},
{
    "from": [ 12, 5, 11 ],
    "to": [ 13, 7, 12 ],
    "faces": {
        "down":  { "uv": [ 5, 11, 4, 10 ], "texture": "#deadbussh" },
        "up":    { "uv": [ 12, 9, 13, 10 ], "texture": "#deadbussh" },
        "north": { "uv": [ 13, 9, 12, 11 ], "texture": "#deadbussh" },
        "south": { "uv": [ 12, 9, 13, 11 ], "texture": "#deadbussh" },
        "west":  { "uv": [ 12, 9, 13, 11 ], "texture": "#deadbussh" },
        "east":  { "uv": [ 13, 9, 12, 11 ], "texture": "#deadbussh" }
    }
},
{
    "from": [ 12, 9, 11 ],
    "to": [ 13, 14, 12 ],
    "faces": {
        "down":  { "uv": [ 4, 11, 3, 10 ], "texture": "#deadbussh" },
        "up":    { "uv": [ 12, 9, 13, 10 ], "texture": "#deadbussh" },
        "north": { "uv": [ 13, 2, 12, 7 ], "texture": "#deadbussh" },
        "south": { "uv": [ 12, 2, 13, 7 ], "texture": "#deadbussh" },
        "west":  { "uv": [ 12, 2, 13, 7 ], "texture": "#deadbussh" },
        "east":  { "uv": [ 13, 2, 12, 7 ], "texture": "#deadbussh" }
    }
},
{
    "from": [ 13, 12, 12 ],
    "to": [ 14, 13, 13 ],
    "faces": {
        "down":  { "uv": [ 4, 11, 3, 10 ], "texture": "#deadbussh" },
        "up":    { "uv": [ 13, 10, 14, 11 ], "texture": "#deadbussh" },
        "north": { "uv": [ 14, 3, 13, 4 ], "texture": "#deadbussh" },
        "south": { "uv": [ 13, 3, 14, 4 ], "texture": "#deadbussh" },
        "west":  { "uv": [ 13, 3, 14, 4 ], "texture": "#deadbussh" },
        "east":  { "uv": [ 14, 3, 13, 4 ], "texture": "#deadbussh" }
    }
},
{
    "from": [ 13, 10, 12 ],
    "to": [ 14, 11, 13 ],
    "faces": {
        "down":  { "uv": [ 5, 13, 4, 12 ], "texture": "#deadbussh" },
        "up":    { "uv": [ 14, 11, 15, 12 ], "texture": "#deadbussh" },
        "north": { "uv": [ 14, 5, 13, 6 ], "texture": "#deadbussh" },
        "south": { "uv": [ 13, 5, 14, 6 ], "texture": "#deadbussh" },
        "west":  { "uv": [ 13, 5, 14, 6 ], "texture": "#deadbussh" },
        "east":  { "uv": [ 14, 5, 13, 6 ], "texture": "#deadbussh" }
    }
},
{
    "from": [ 13, 5, 12 ],
    "to": [ 14, 7, 13 ],
    "faces": {
        "down":  { "uv": [ 4, 11, 3, 10 ], "texture": "#deadbussh" },
        "up":    { "uv": [ 14, 11, 15, 12 ], "texture": "#deadbussh" },
        "north": { "uv": [ 14, 9, 13, 11 ], "texture": "#deadbussh" },
        "south": { "uv": [ 13, 9, 14, 11 ], "texture": "#deadbussh" },
        "west":  { "uv": [ 12, 9, 13, 11 ], "texture": "#deadbussh" },
        "east":  { "uv": [ 13, 9, 12, 11 ], "texture": "#deadbussh" }
    }
},
{
    "from": [ 14, 4, 13 ],
    "to": [ 15, 6, 14 ],
    "faces": {
        "down":  { "uv": [ 5, 13, 4, 12 ], "texture": "#deadbussh" },
        "up":    { "uv": [ 14, 11, 15, 12 ], "texture": "#deadbussh" },
        "north": { "uv": [ 15, 10, 14, 12 ], "texture": "#deadbussh" },
        "south": { "uv": [ 14, 10, 15, 12 ], "texture": "#deadbussh" },
        "west":  { "uv": [ 14, 10, 15, 12 ], "texture": "#deadbussh" },
        "east":  { "uv": [ 15, 10, 14, 12 ], "texture": "#deadbussh" }
    }
},
{
    "from": [ 7, 0, 6 ],
    "to": [ 8, 4, 7 ],
    "faces": {
        "down":  { "uv": [ 10, 7, 9, 6 ], "texture": "#deadbussh", "cullface": "down" },
        "up":    { "uv": [ 7, 6, 8, 7 ], "texture": "#deadbussh" },
        "north": { "uv": [ 8, 12, 7, 16 ], "texture": "#deadbussh" },
        "south": { "uv": [ 7, 12, 8, 16 ], "texture": "#deadbussh" },
        "west":  { "uv": [ 7, 12, 8, 16 ], "texture": "#deadbussh" },
        "east":  { "uv": [ 8, 12, 7, 16 ], "texture": "#deadbussh" }
    }
},
{
    "from": [ 7, 5, 6 ],
    "to": [ 8, 10, 7 ],
    "faces": {
        "down":  { "uv": [ 9, 7, 8, 6 ], "texture": "#deadbussh" },
        "up":    { "uv": [ 7, 6, 8, 7 ], "texture": "#deadbussh" },
        "north": { "uv": [ 8, 6, 7, 11 ], "texture": "#deadbussh" },
        "south": { "uv": [ 7, 6, 8, 11 ], "texture": "#deadbussh" },
        "west":  { "uv": [ 7, 6, 8, 11 ], "texture": "#deadbussh" },
        "east":  { "uv": [ 8, 6, 7, 11 ], "texture": "#deadbussh" }
    }
},
{
    "from": [ 7, 11, 6 ],
    "to": [ 8, 14, 7 ],
    "faces": {
        "down":  { "uv": [ 9, 7, 8, 6 ], "texture": "#deadbussh" },
        "up":    { "uv": [ 7, 7, 8, 8 ], "texture": "#deadbussh" },
        "north": { "uv": [ 8, 2, 7, 5 ], "texture": "#deadbussh" },
        "south": { "uv": [ 7, 2, 8, 5 ], "texture": "#deadbussh" },
        "west":  { "uv": [ 7, 2, 8, 5 ], "texture": "#deadbussh" },
        "east":  { "uv": [ 8, 2, 7, 5 ], "texture": "#deadbussh" }
    }
},
{
    "from": [ 6, 6, 5 ],
    "to": [ 7, 10, 6 ],
    "faces": {
        "down":  { "uv": [ 10, 7, 9, 6 ], "texture": "#deadbussh" },
        "up":    { "uv": [ 6, 6, 7, 7 ], "texture": "#deadbussh" },
        "north": { "uv": [ 7, 6, 6, 10 ], "texture": "#deadbussh" },
        "south": { "uv": [ 6, 6, 7, 10 ], "texture": "#deadbussh" },
        "west":  { "uv": [ 6, 6, 7, 10 ], "texture": "#deadbussh" },
        "east":  { "uv": [ 7, 6, 6, 10 ], "texture": "#deadbussh" }
    }
},
{
    "from": [ 5, 5, 4 ],
    "to": [ 6, 8, 5 ],
    "faces": {
        "down":  { "uv": [ 11, 5, 10, 4 ], "texture": "#deadbussh" },
        "up":    { "uv": [ 5, 5, 6, 6 ], "texture": "#deadbussh" },
        "north": { "uv": [ 6, 8, 5, 11 ], "texture": "#deadbussh" },
        "south": { "uv": [ 5, 8, 6, 11 ], "texture": "#deadbussh" },
        "west":  { "uv": [ 5, 8, 6, 11 ], "texture": "#deadbussh" },
        "east":  { "uv": [ 6, 8, 5, 11 ], "texture": "#deadbussh" }
    }
},
{
    "from": [ 5, 9, 4 ],
    "to": [ 6, 11, 5 ],
    "faces": {
        "down":  { "uv": [ 11, 5, 10, 4 ], "texture": "#deadbussh" },
        "up":    { "uv": [ 5, 5, 6, 6 ], "texture": "#deadbussh" },
        "north": { "uv": [ 6, 5, 5, 7 ], "texture": "#deadbussh" },
        "south": { "uv": [ 5, 5, 6, 7 ], "texture": "#deadbussh" },
        "west":  { "uv": [ 5, 5, 6, 7 ], "texture": "#deadbussh" },
        "east":  { "uv": [ 6, 5, 5, 7 ], "texture": "#deadbussh" }
    }
},
{
    "from": [ 4, 3, 3 ],
    "to": [ 5, 7, 4 ],
    "faces": {
        "down":  { "uv": [ 13, 4, 12, 3 ], "texture": "#deadbussh" },
        "up":    { "uv": [ 4, 5, 5, 6 ], "texture": "#deadbussh" },
        "north": { "uv": [ 5, 9, 4, 13 ], "texture": "#deadbussh" },
        "south": { "uv": [ 4, 9, 5, 13 ], "texture": "#deadbussh" },
        "west":  { "uv": [ 4, 9, 5, 13 ], "texture": "#deadbussh" },
        "east":  { "uv": [ 5, 9, 4, 13 ], "texture": "#deadbussh" }
    }
},
{
    "from": [ 4, 10, 3 ],
    "to": [ 5, 12, 4 ],
    "faces": {
        "down":  { "uv": [ 12, 6, 11, 5 ], "texture": "#deadbussh" },
        "up":    { "uv": [ 4, 4, 5, 5 ], "texture": "#deadbussh" },
        "north": { "uv": [ 5, 4, 4, 6 ], "texture": "#deadbussh" },
        "south": { "uv": [ 4, 4, 5, 6 ], "texture": "#deadbussh" },
        "west":  { "uv": [ 4, 4, 5, 6 ], "texture": "#deadbussh" },
        "east":  { "uv": [ 5, 4, 4, 6 ], "texture": "#deadbussh" }
    }
},
{
    "from": [ 3, 11, 2 ],
    "to": [ 4, 12, 3 ],
    "faces": {
        "down":  { "uv": [ 13, 3, 12, 2 ], "texture": "#deadbussh" },
        "up":    { "uv": [ 3, 4, 4, 5 ], "texture": "#deadbussh" },
        "north": { "uv": [ 4, 4, 3, 5 ], "texture": "#deadbussh" },
        "south": { "uv": [ 3, 4, 4, 5 ], "texture": "#deadbussh" },
        "west":  { "uv": [ 3, 4, 4, 5 ], "texture": "#deadbussh" },
        "east":  { "uv": [ 4, 4, 3, 5 ], "texture": "#deadbussh" }
    }
},
{
    "from": [ 3, 5, 2 ],
    "to": [ 4, 7, 3 ],
    "faces": {
        "down":  { "uv": [ 14, 4, 13, 3 ], "texture": "#deadbussh" },
        "up":    { "uv": [ 3, 4, 4, 5 ], "texture": "#deadbussh" },
        "north": { "uv": [ 4, 9, 3, 11 ], "texture": "#deadbussh" },
        "south": { "uv": [ 3, 9, 4, 11 ], "texture": "#deadbussh" },
        "west":  { "uv": [ 3, 9, 4, 11 ], "texture": "#deadbussh" },
        "east":  { "uv": [ 4, 9, 3, 11 ], "texture": "#deadbussh" }
    }
},
{
    "from": [ 2, 6, 1 ],
    "to": [ 3, 7, 2 ],
    "faces": {
        "down":  { "uv": [ 13, 3, 12, 2 ], "texture": "#deadbussh" },
        "up":    { "uv": [ 3, 4, 4, 5 ], "texture": "#deadbussh" },
        "north": { "uv": [ 3, 9, 2, 10 ], "texture": "#deadbussh" },
        "south": { "uv": [ 2, 9, 3, 10 ], "texture": "#deadbussh" },
        "west":  { "uv": [ 1, 9, 2, 10 ], "texture": "#deadbussh" },
        "east":  { "uv": [ 2, 9, 1, 10 ], "texture": "#deadbussh" }
    }
},
{
    "from": [ 1, 6, 0 ],
    "to": [ 2, 7, 1 ],
    "faces": {
        "down":  { "uv": [ 13, 3, 12, 2 ], "texture": "#deadbussh" },
        "up":    { "uv": [ 3, 4, 4, 5 ], "texture": "#deadbussh" },
        "north": { "uv": [ 2, 9, 1, 10 ], "texture": "#deadbussh", "cullface": "north" },
        "south": { "uv": [ 1, 9, 2, 10 ], "texture": "#deadbussh" },
        "west":  { "uv": [ 1, 9, 2, 10 ], "texture": "#deadbussh" },
        "east":  { "uv": [ 2, 9, 1, 10 ], "texture": "#deadbussh" }
    }
}
],
"display": {
    "thirdperson_righthand": {
        "rotation": [ 0, -90, 0 ],
        "translation": [ 0, 4, 2 ],
        "scale": [ 0.85, 0.85, 0.85 ]
    },
    "thirdperson_lefthand": {
        "rotation": [ 0, 90, 0 ],
        "translation": [ 0, 4, 2 ],
        "scale": [ 0.85, 0.85, 0.85 ]
    },
    "ground": {
        "rotation": [ 0, 0, 0 ],
        "translation": [ 0, 2, 0 ],
        "scale": [ 0.5, 0.5, 0.5 ]
    },
    "fixed": {
        "rotation": [ 0, 0, 0 ],
        "translation": [ 0, 0, 0 ],
        "scale": [ 0.5, 0.5, 0.5 ]
    },
    "firstperson_righthand": {
        "rotation": [ 0, -90, 25 ],
        "translation": [ 1.2, 3.2, 1.13 ],
        "scale": [ 0.68, 0.68, 0.68 ]
    },
    "firstperson_lefthand": {
        "rotation": [ 0, 90, -25 ],
        "translation": [ 0.2, 3.2, 1.12 ],
        "scale": [ 0.68, 0.68, 0.68 ]
    },
    "gui": {
        "rotation": [ 30, 225, 0 ],
        "translation": [ 0, 0, 0 ],
        "scale": [ 0.75, 0.75, 0.75 ]
    }
}
}