{
"__comment": "Designed by Sibsib92 with BDcraft Cubik PRO 0.95 Beta - http://bdcraft.net",
"ambientocclusion": false,
"textures": {
    "particle": "blocks/rail_detector_powered",
    "texture": "blocks/planks_oak",
    "inner": "blocks/cauldron_inner",
    "outer": "blocks/iron_block",
    "stone": "blocks/stone",
    "redstone": "blocks/redstone_block"
},
"elements": [ 
{
    "__comment": "Wood",
    "from": [ 1, 15.0625, 0.625 ],
    "to": [ 15, 16.0625, 2.625 ],
    "rotation": { "origin": [ 1, 16.0625, 0.625 ], "axis": "x", "angle": 45 },
    "faces": {
        "down":  { "uv": [ 1.001, 2.999, 14.999, 1.001 ], "texture": "#texture" },
        "up":    { "uv": [ 1.001, 1.001, 14.999, 2.999 ], "texture": "#texture" },
        "north": { "uv": [ 14.999, 1.001, 1.001, 1.999 ], "texture": "#texture" },
        "south": { "uv": [ 1.001, 2.001, 14.999, 2.999 ], "texture": "#texture" },
        "west":  { "uv": [ 1.001, 2.999, 1.999, 1.001 ], "rotation": 90, "texture": "#texture" },
        "east":  { "uv": [ 14.001, 1.001, 14.999, 2.999 ], "rotation": 90, "texture": "#texture" }
    }
},
{
    "__comment": "Wood",
    "from": [ 1, 11.0625, 4.625 ],
    "to": [ 15, 12.0625, 6.625 ],
    "rotation": { "origin": [ 1, 12.0625, 4.625 ], "axis": "x", "angle": 45 },
    "faces": {
        "down":  { "uv": [ 1.001, 6.999, 14.999, 5.001 ], "texture": "#texture" },
        "up":    { "uv": [ 1.001, 5.001, 14.999, 6.999 ], "texture": "#texture" },
        "north": { "uv": [ 14.999, 5.001, 1.001, 5.999 ], "texture": "#texture" },
        "south": { "uv": [ 1.001, 6.001, 14.999, 6.999 ], "texture": "#texture" },
        "west":  { "uv": [ 1.001, 6.999, 1.999, 5.001 ], "rotation": 90, "texture": "#texture" },
        "east":  { "uv": [ 14.001, 5.001, 14.999, 6.999 ], "rotation": 90, "texture": "#texture" }
    }
},
{
    "__comment": "Wood",
    "from": [ 1, 7.0625, 8.625 ],
    "to": [ 15, 8.0625, 10.625 ],
    "rotation": { "origin": [ 1, 8.0625, 8.625 ], "axis": "x", "angle": 45 },
    "faces": {
        "down":  { "uv": [ 1.001, 10.999, 14.999, 9.001 ], "texture": "#texture" },
        "up":    { "uv": [ 1.001, 9.001, 14.999, 10.999 ], "texture": "#texture" },
        "north": { "uv": [ 14.999, 9.001, 1.001, 9.999 ], "texture": "#texture" },
        "south": { "uv": [ 1.001, 10.001, 14.999, 10.999 ], "texture": "#texture" },
        "west":  { "uv": [ 1.001, 10.999, 1.999, 9.001 ], "rotation": 90, "texture": "#texture" },
        "east":  { "uv": [ 14.001, 9.001, 14.999, 10.999 ], "rotation": 90, "texture": "#texture" }
    }
},
{
    "__comment": "Wood",
    "from": [ 1, 3.0625, 12.625 ],
    "to": [ 15, 4.0625, 14.625 ],
    "rotation": { "origin": [ 1, 4.0625, 12.625 ], "axis": "x", "angle": 45 },
    "faces": {
        "down":  { "uv": [ 1.001, 14.999, 14.999, 13.001 ], "texture": "#texture" },
        "up":    { "uv": [ 1.001, 13.001, 14.999, 14.999 ], "texture": "#texture" },
        "north": { "uv": [ 14.999, 13.001, 1.001, 13.999 ], "texture": "#texture" },
        "south": { "uv": [ 1.001, 14.001, 14.999, 14.999 ], "texture": "#texture" },
        "west":  { "uv": [ 1.001, 14.999, 1.999, 13.001 ], "rotation": 90, "texture": "#texture" },
        "east":  { "uv": [ 14.001, 13.001, 14.999, 14.999 ], "rotation": 90, "texture": "#texture" }
    }
},
{
    "__comment": "Inner",
    "from": [ 3, 16.5, 0 ],
    "to": [ 4, 17.5, 22.625 ],
    "rotation": { "origin": [ 3, 17.5, 0 ], "axis": "x", "angle": 45 },
    "faces": {
        "down":  { "uv": [ 0.999, 15.999, 0.001, 0.001 ], "texture": "#inner" },
        "up":    { "uv": [ 0.001, 0.001, 0.999, 15.999 ], "texture": "#inner" },
        "north": { "uv": [ 0.001, 0.001, 0.999, 0.999 ], "texture": "#inner" },
        "south": { "uv": [ 0.001, 15.001, 0.999, 15.999 ], "texture": "#inner" },
        "west":  { "uv": [ 0.001, 15.999, 0.999, 0.001 ], "rotation": 90, "texture": "#inner" },
        "east":  { "uv": [ 0.001, 0.001, 0.999, 15.999 ], "rotation": 90, "texture": "#inner" }
    }
},
{
    "__comment": "Inner",
    "from": [ 12, 16.5, 0 ],
    "to": [ 13, 17.5, 22.625 ],
    "rotation": { "origin": [ 12, 17.5, 0 ], "axis": "x", "angle": 45 },
    "faces": {
        "down":  { "uv": [ 0.999, 15.999, 0.001, 0.001 ], "texture": "#inner" },
        "up":    { "uv": [ 0.001, 0.001, 0.999, 15.999 ], "texture": "#inner" },
        "north": { "uv": [ 0.001, 0.001, 0.999, 0.999 ], "texture": "#inner" },
        "south": { "uv": [ 0.001, 15.001, 0.999, 15.999 ], "texture": "#inner" },
        "west":  { "uv": [ 0.001, 15.999, 0.999, 0.001 ], "rotation": 90, "texture": "#inner" },
        "east":  { "uv": [ 0.001, 0.001, 0.999, 15.999 ], "rotation": 90, "texture": "#inner" }
    }
},
{
    "__comment": "Outer",
    "from": [ 2, 16.5, 0 ],
    "to": [ 3, 18, 22.625 ],
    "rotation": { "origin": [ 2, 18, 0 ], "axis": "x", "angle": 45 },
    "faces": {
        "down":  { "uv": [ 15.999, 0.001, 0.001, 0.999 ], "rotation": 90, "texture": "#outer" },
        "up":    { "uv": [ 0.001, 0.001, 15.999, 0.999 ], "rotation": 90, "texture": "#outer" },
        "north": { "uv": [ 15.001, 0.001, 15.999, 0.999 ], "texture": "#outer" },
        "south": { "uv": [ 0.001, 0.001, 0.999, 0.999 ], "texture": "#outer" },
        "west":  { "uv": [ 0.001, 0.001, 15.999, 0.999 ], "texture": "#outer" },
        "east":  { "uv": [ 15.999, 0.001, 0.001, 0.999 ], "texture": "#outer" }
    }
},
{
    "__comment": "Outer",
    "from": [ 13, 16.5, 0 ],
    "to": [ 14, 18, 22.625 ],
    "rotation": { "origin": [ 13, 18, 0 ], "axis": "x", "angle": 45 },
    "faces": {
        "down":  { "uv": [ 15.999, 0.001, 0.001, 0.999 ], "rotation": 90, "texture": "#outer" },
        "up":    { "uv": [ 0.001, 0.001, 15.999, 0.999 ], "rotation": 90, "texture": "#outer" },
        "north": { "uv": [ 15.001, 0.001, 15.999, 0.999 ], "texture": "#outer" },
        "south": { "uv": [ 0.001, 0.001, 0.999, 0.999 ], "texture": "#outer" },
        "west":  { "uv": [ 0.001, 0.001, 15.999, 0.999 ], "texture": "#outer" },
        "east":  { "uv": [ 15.999, 0.001, 0.001, 0.999 ], "texture": "#outer" }
    }
},
{
    "__comment": "Redstone",
    "from": [ 5, 10.8125, 5.4375 ],
    "to": [ 11, 11.8125, 11.4375 ],
    "rotation": { "origin": [ 5, 11.8125, 5.4375 ], "axis": "x", "angle": 45 },
    "faces": {
        "down":  { "uv": [ 10.999, 10.999, 5.001, 5.001 ], "texture": "#redstone" },
        "up":    { "uv": [ 5.001, 5.001, 10.999, 10.999 ], "texture": "#redstone" },
        "north": { "uv": [ 5.001, 14.501, 10.999, 15.999 ], "texture": "#redstone" },
        "south": { "uv": [ 5.001, 14.501, 10.999, 15.999 ], "texture": "#redstone" },
        "west":  { "uv": [ 5.001, 14.501, 10.999, 15.999 ], "texture": "#redstone" },
        "east":  { "uv": [ 5.001, 14.501, 10.999, 15.999 ], "texture": "#redstone" }
    }
},
{
    "__comment": "Stone",
    "from": [ 6, 10.4375, 6.5625 ],
    "to": [ 10, 11.4375, 10.5625 ],
    "rotation": { "origin": [ 6, 11.4375, 6.5625 ], "axis": "x", "angle": 45 },
    "faces": {
        "up":    { "uv": [ 6.001, 6.001, 9.999, 9.999 ], "texture": "#stone" },
        "north": { "uv": [ 6.001, 13.501, 9.999, 14.499 ], "texture": "#stone" },
        "south": { "uv": [ 6.001, 13.501, 9.999, 14.499 ], "texture": "#stone" },
        "west":  { "uv": [ 6.001, 13.501, 9.999, 14.499 ], "texture": "#stone" },
        "east":  { "uv": [ 6.001, 13.501, 9.999, 14.499 ], "texture": "#stone" }
    }
}
]
}