{
	"__comment": "Designed by AndrealVox",
	"ambientocclusion": false,
	"textures": {
		"particle": "blocks/dispenser_front_horizontal",
		"texture": "blocks/cobblestone1"
	},
	"elements": [
		{
			"__comment": "Voxels-FFFFFF",
			"from": [ 0, 0, 0 ],
			"to": [ 16, 5, 16 ],
			"faces": {
				"down": { "uv": [ 0, 0, 16, 16 ], "texture": "#texture" },
				"up": { "uv": [ 0, 0, 16, 16 ], "texture": "#texture" },
				"north": { "uv": [ 0, 11, 16, 16 ], "texture": "#texture" },
				"south": { "uv": [ 0, 11, 16, 16 ], "texture": "#texture" },
				"west": { "uv": [ 0, 11, 16, 16 ], "texture": "#texture" },
				"east": { "uv": [ 0, 11, 16, 16 ], "texture": "#texture" }
			}
		},
		{
			"__comment": "Voxels-FFFFFF",
			"from": [ 0, 5, 0 ],
			"to": [ 7, 6, 16 ],
			"faces": {
				"down": { "uv": [ 0, 0, 7, 16 ], "texture": "#texture" },
				"up": { "uv": [ 0, 0, 7, 16 ], "texture": "#texture" },
				"north": { "uv": [ 9, 10, 16, 11 ], "texture": "#texture" },
				"south": { "uv": [ 0, 10, 7, 11 ], "texture": "#texture" },
				"west": { "uv": [ 0, 10, 16, 11 ], "texture": "#texture" },
				"east": { "uv": [ 0, 10, 16, 11 ], "texture": "#texture" }
			}
		},
		{
			"__comment": "Voxels-FFFFFF",
			"from": [ 0, 6, 0 ],
			"to": [ 6, 7, 16 ],
			"faces": {
				"down": { "uv": [ 0, 0, 6, 16 ], "texture": "#texture" },
				"up": { "uv": [ 0, 0, 6, 16 ], "texture": "#texture" },
				"north": { "uv": [ 10, 9, 16, 10 ], "texture": "#texture" },
				"south": { "uv": [ 0, 9, 6, 10 ], "texture": "#texture" },
				"west": { "uv": [ 0, 9, 16, 10 ], "texture": "#texture" },
				"east": { "uv": [ 0, 9, 16, 10 ], "texture": "#texture" }
			}
		},
		{
			"__comment": "Voxels-FFFFFF",
			"from": [ 0, 7, 0 ],
			"to": [ 5, 16, 16 ],
			"faces": {
				"down": { "uv": [ 0, 0, 5, 16 ], "texture": "#texture" },
				"up": { "uv": [ 0, 0, 5, 16 ], "texture": "#texture" },
				"north": { "uv": [ 11, 0, 16, 9 ], "texture": "#texture" },
				"south": { "uv": [ 0, 0, 5, 9 ], "texture": "#texture" },
				"west": { "uv": [ 0, 0, 16, 9 ], "texture": "#texture" },
				"east": { "uv": [ 0, 0, 16, 9 ], "texture": "#texture" }
			}
		},
		{
			"__comment": "Voxels-FFFFFF",
			"from": [ 5, 7, 2 ],
			"to": [ 16, 16, 16 ],
			"faces": {
				"down": { "uv": [ 5, 0, 16, 14 ], "texture": "#texture" },
				"up": { "uv": [ 5, 2, 16, 16 ], "texture": "#texture" },
				"north": { "uv": [ 0, 0, 11, 9 ], "texture": "#particle" },
				"south": { "uv": [ 5, 0, 16, 9 ], "texture": "#texture" },
				"west": { "uv": [ 2, 0, 16, 9 ], "texture": "#texture" },
				"east": { "uv": [ 0, 0, 14, 9 ], "texture": "#texture" }
			}
		},
		{
			"__comment": "Voxels-FFFFFF",
			"from": [ 5, 9, 0 ],
			"to": [ 6, 16, 2 ],
			"faces": {
				"down": { "uv": [ 5, 14, 6, 16 ], "texture": "#texture" },
				"up": { "uv": [ 5, 0, 6, 2 ], "texture": "#texture" },
				"north": { "uv": [ 10, 0, 11, 7 ], "texture": "#texture" },
				"south": { "uv": [ 5, 0, 6, 7 ], "texture": "#texture" },
				"west": { "uv": [ 0, 0, 2, 7 ], "texture": "#texture" },
				"east": { "uv": [ 14, 0, 16, 7 ], "texture": "#texture" }
			}
		},
		{
			"__comment": "Voxels-FFFFFF",
			"from": [ 6, 6, 2 ],
			"to": [ 16, 7, 16 ],
			"faces": {
				"down": { "uv": [ 6, 0, 16, 14 ], "texture": "#texture" },
				"up": { "uv": [ 6, 2, 16, 16 ], "texture": "#texture" },
				"north": { "uv": [ 0, 9, 10, 10 ], "texture": "#particle" },
				"south": { "uv": [ 6, 9, 16, 10 ], "texture": "#texture" },
				"west": { "uv": [ 2, 9, 16, 10 ], "texture": "#texture" },
				"east": { "uv": [ 0, 9, 14, 10 ], "texture": "#texture" }
			}
		},
		{
			"__comment": "Voxels-FFFFFF",
			"from": [ 6, 10, 0 ],
			"to": [ 7, 16, 2 ],
			"faces": {
				"down": { "uv": [ 6, 14, 7, 16 ], "texture": "#texture" },
				"up": { "uv": [ 6, 0, 7, 2 ], "texture": "#texture" },
				"north": { "uv": [ 9, 0, 10, 6 ], "texture": "#texture" },
				"south": { "uv": [ 6, 0, 7, 6 ], "texture": "#texture" },
				"west": { "uv": [ 0, 0, 2, 6 ], "texture": "#texture" },
				"east": { "uv": [ 14, 0, 16, 6 ], "texture": "#texture" }
			}
		},
		{
			"__comment": "Voxels-FFFFFF",
			"from": [ 7, 5, 2 ],
			"to": [ 16, 6, 16 ],
			"faces": {
				"down": { "uv": [ 7, 0, 16, 14 ], "texture": "#texture" },
				"up": { "uv": [ 7, 2, 16, 16 ], "texture": "#texture" },
				"north": { "uv": [ 0, 10, 9, 11 ], "texture": "#particle" },
				"south": { "uv": [ 7, 10, 16, 11 ], "texture": "#texture" },
				"west": { "uv": [ 2, 10, 16, 11 ], "texture": "#texture" },
				"east": { "uv": [ 0, 10, 14, 11 ], "texture": "#texture" }
			}
		},
		{
			"__comment": "Voxels-FFFFFF",
			"from": [ 7, 11, 0 ],
			"to": [ 16, 16, 2 ],
			"faces": {
				"down": { "uv": [ 7, 14, 16, 16 ], "texture": "#texture" },
				"up": { "uv": [ 7, 0, 16, 2 ], "texture": "#texture" },
				"north": { "uv": [ 0, 0, 9, 5 ], "texture": "#texture" },
				"south": { "uv": [ 7, 0, 16, 5 ], "texture": "#texture" },
				"west": { "uv": [ 0, 0, 2, 5 ], "texture": "#texture" },
				"east": { "uv": [ 14, 0, 16, 5 ], "texture": "#texture" }
			}
		},
		{
			"__comment": "Voxels-FFFFFF",
			"from": [ 9, 5, 0 ],
			"to": [ 16, 6, 2 ],
			"faces": {
				"down": { "uv": [ 9, 14, 16, 16 ], "texture": "#texture" },
				"up": { "uv": [ 9, 0, 16, 2 ], "texture": "#texture" },
				"north": { "uv": [ 0, 10, 7, 11 ], "texture": "#texture" },
				"south": { "uv": [ 9, 10, 16, 11 ], "texture": "#texture" },
				"west": { "uv": [ 0, 10, 2, 11 ], "texture": "#texture" },
				"east": { "uv": [ 14, 10, 16, 11 ], "texture": "#texture" }
			}
		},
		{
			"__comment": "Voxels-FFFFFF",
			"from": [ 9, 10, 0 ],
			"to": [ 16, 11, 2 ],
			"faces": {
				"down": { "uv": [ 9, 14, 16, 16 ], "texture": "#texture" },
				"up": { "uv": [ 9, 0, 16, 2 ], "texture": "#texture" },
				"north": { "uv": [ 0, 5, 7, 6 ], "texture": "#texture" },
				"south": { "uv": [ 9, 5, 16, 6 ], "texture": "#texture" },
				"west": { "uv": [ 0, 5, 2, 6 ], "texture": "#texture" },
				"east": { "uv": [ 14, 5, 16, 6 ], "texture": "#texture" }
			}
		},
		{
			"__comment": "Voxels-FFFFFF",
			"from": [ 10, 6, 0 ],
			"to": [ 16, 7, 2 ],
			"faces": {
				"down": { "uv": [ 10, 14, 16, 16 ], "texture": "#texture" },
				"up": { "uv": [ 10, 0, 16, 2 ], "texture": "#texture" },
				"north": { "uv": [ 0, 9, 6, 10 ], "texture": "#texture" },
				"south": { "uv": [ 10, 9, 16, 10 ], "texture": "#texture" },
				"west": { "uv": [ 0, 9, 2, 10 ], "texture": "#texture" },
				"east": { "uv": [ 14, 9, 16, 10 ], "texture": "#texture" }
			}
		},
		{
			"__comment": "Voxels-FFFFFF",
			"from": [ 10, 9, 0 ],
			"to": [ 16, 10, 2 ],
			"faces": {
				"down": { "uv": [ 10, 14, 16, 16 ], "texture": "#texture" },
				"up": { "uv": [ 10, 0, 16, 2 ], "texture": "#texture" },
				"north": { "uv": [ 0, 6, 6, 7 ], "texture": "#texture" },
				"south": { "uv": [ 10, 6, 16, 7 ], "texture": "#texture" },
				"west": { "uv": [ 0, 6, 2, 7 ], "texture": "#texture" },
				"east": { "uv": [ 14, 6, 16, 7 ], "texture": "#texture" }
			}
		},
		{
			"__comment": "Voxels-FFFFFF",
			"from": [ 11, 7, 0 ],
			"to": [ 16, 9, 2 ],
			"faces": {
				"down": { "uv": [ 11, 14, 16, 16 ], "texture": "#texture" },
				"up": { "uv": [ 11, 0, 16, 2 ], "texture": "#texture" },
				"north": { "uv": [ 0, 7, 5, 9 ], "texture": "#texture" },
				"south": { "uv": [ 11, 7, 16, 9 ], "texture": "#texture" },
				"west": { "uv": [ 0, 7, 2, 9 ], "texture": "#texture" },
				"east": { "uv": [ 14, 7, 16, 9 ], "texture": "#texture" }
			}
		}
	],
	"display": {
		"thirdperson_righthand": {
			"rotation":  [ 75, 45, 0 ],
			"translation":  [ 0, 2.5, 0 ],
			"scale":  [ 0.375, 0.375, 0.375 ]
		},
		"thirdperson_lefthand": {
			"rotation":  [ 75, 45, 0 ],
			"translation":  [ 0, 2.5, 0 ],
			"scale":  [ 0.375, 0.375, 0.375 ]
		},
		"firstperson_righthand": {
			"rotation":  [ -35, 135, 0 ],
			"translation":  [ 2, 1, 0 ],
			"scale":  [ 0.25, 0.25, 0.25 ]
		},
		"firstperson_lefthand": {
			"rotation":  [ -35, 135, 0 ],
			"translation":  [ 2, 1, 0 ],
			"scale":  [ 0.25, 0.25, 0.25 ]
		},
		"gui": {
			"rotation":  [ 30, 225, 0 ],
			"scale":  [ 0.625, 0.625, 0.625 ]
		},
		"ground": {
			"translation":  [ 0, 3, 0 ],
			"scale":  [ 0.25, 0.25, 0.25 ]
		},
		"fixed": {
			"scale":  [ 0.5, 0.5, 0.5 ]
		}
	}
}