{
"ambientocclusion": false,
"textures": {
    "particle": "blocks/double_plant_grass_top",
    "texture": "blocks/double_plant_grass_top"
},
"elements": [ 
{
    "from": [ 7, 0, 2 ],
    "to": [ 8, 3, 3 ],
    "rotation": { "origin": [ 8.0, 8.0, 8.0 ], "axis": "y", "angle": 45.0 },
    "faces": {
        "down":  { "uv": [ 2, 15, 3, 16 ], "texture": "#texture", "tintindex": 0 },
        "up":    { "uv": [ 2, 13, 3, 14 ], "texture": "#texture", "tintindex": 0 },
        "south": { "uv": [ 2, 13, 3, 16 ], "texture": "#texture", "tintindex": 0 },
        "west":  { "uv": [ 2, 13, 3, 16 ], "texture": "#texture", "tintindex": 0 },
        "east":  { "uv": [ 2, 13, 3, 16 ], "texture": "#texture", "tintindex": 0 }
    }
},
{
    "from": [ 7, 0, 5 ],
    "to": [ 8, 2, 7 ],
    "rotation": { "origin": [ 8.0, 8.0, 8.0 ], "axis": "y", "angle": 45.0 },
    "faces": {
        "down":  { "uv": [ 6, 14, 7, 16 ], "texture": "#texture", "tintindex": 0 },
        "up":    { "uv": [ 5, 14, 6, 16 ], "texture": "#texture", "tintindex": 0 },
        "north": { "uv": [ 5, 14, 6, 16 ], "texture": "#texture", "tintindex": 0 },
        "south": { "uv": [ 6, 14, 7, 16 ], "texture": "#texture", "tintindex": 0 },
        "west":  { "uv": [ 5, 14, 7, 16 ], "texture": "#texture", "tintindex": 0 },
        "east":  { "uv": [ 5, 14, 7, 16 ], "texture": "#texture", "tintindex": 0 }
    }
},
{
    "from": [ 7, 0, 9 ],
    "to": [ 8, 3, 13 ],
    "rotation": { "origin": [ 8.0, 8.0, 8.0 ], "axis": "y", "angle": 45.0 },
    "faces": {
        "down":  { "uv": [ 8, 12, 9, 16 ], "texture": "#texture", "tintindex": 0 },
        "up":    { "uv": [ 8, 12, 9, 16 ], "texture": "#texture", "tintindex": 0 },
        "south": { "uv": [ 12, 13, 13, 16 ], "texture": "#texture", "tintindex": 0 },
        "west":  { "uv": [ 9, 13, 13, 16 ], "texture": "#texture", "tintindex": 0 },
        "east":  { "uv": [ 9, 13, 13, 16 ], "texture": "#texture", "tintindex": 0 }
    }
},
{
    "from": [ 7, 0, 1 ],
    "to": [ 8, 5, 2 ],
    "rotation": { "origin": [ 8.0, 8.0, 8.0 ], "axis": "y", "angle": 45.0 },
    "faces": {
        "down":  { "uv": [ 1, 15, 2, 16 ], "texture": "#texture", "tintindex": 0 },
        "up":    { "uv": [ 1, 11, 2, 12 ], "texture": "#texture", "tintindex": 0 },
        "north": { "uv": [ 1, 11, 2, 16 ], "texture": "#texture", "tintindex": 0 },
        "south": { "uv": [ 1, 11, 2, 16 ], "texture": "#texture", "tintindex": 0 },
        "west":  { "uv": [ 1, 11, 2, 16 ], "texture": "#texture", "tintindex": 0 },
        "east":  { "uv": [ 1, 11, 2, 16 ], "texture": "#texture", "tintindex": 0 }
    }
},
{
    "from": [ 7, 2, 5 ],
    "to": [ 8, 6, 6 ],
    "rotation": { "origin": [ 8.0, 8.0, 8.0 ], "axis": "y", "angle": 45.0 },
    "faces": {
        "up":    { "uv": [ 5, 10, 6, 11 ], "texture": "#texture", "tintindex": 0 },
        "north": { "uv": [ 5, 10, 6, 14 ], "texture": "#texture", "tintindex": 0 },
        "south": { "uv": [ 5, 10, 6, 14 ], "texture": "#texture", "tintindex": 0 },
        "west":  { "uv": [ 5, 10, 6, 14 ], "texture": "#texture", "tintindex": 0 },
        "east":  { "uv": [ 5, 10, 6, 14 ], "texture": "#texture", "tintindex": 0 }
    }
},
{
    "from": [ 7, 0, 8 ],
    "to": [ 8, 10, 9 ],
    "rotation": { "origin": [ 8.0, 8.0, 8.0 ], "axis": "y", "angle": 45.0 },
    "faces": {
        "down":  { "uv": [ 8, 15, 9, 16 ], "texture": "#texture", "tintindex": 0 },
        "up":    { "uv": [ 8, 6, 9, 7 ], "texture": "#texture", "tintindex": 0 },
        "north": { "uv": [ 8, 6, 9, 16 ], "texture": "#texture", "tintindex": 0 },
        "south": { "uv": [ 8, 6, 9, 16 ], "texture": "#texture", "tintindex": 0 },
        "west":  { "uv": [ 8, 6, 9, 16 ], "texture": "#texture", "tintindex": 0 },
        "east":  { "uv": [ 8, 6, 9, 16 ], "texture": "#texture", "tintindex": 0 }
    }
},
{
    "from": [ 7, 3, 10 ],
    "to": [ 8, 9, 11 ],
    "rotation": { "origin": [ 8.0, 8.0, 8.0 ], "axis": "y", "angle": 45.0 },
    "faces": {
        "up":    { "uv": [ 10, 7, 11, 8 ], "texture": "#texture", "tintindex": 0 },
        "north": { "uv": [ 10, 7, 11, 13 ], "texture": "#texture", "tintindex": 0 },
        "south": { "uv": [ 10, 7, 11, 13 ], "texture": "#texture", "tintindex": 0 },
        "west":  { "uv": [ 10, 7, 11, 13 ], "texture": "#texture", "tintindex": 0 },
        "east":  { "uv": [ 10, 7, 11, 13 ], "texture": "#texture", "tintindex": 0 }
    }
},
{
    "from": [ 7, 5, 2 ],
    "to": [ 8, 9, 3 ],
    "rotation": { "origin": [ 8.0, 8.0, 8.0 ], "axis": "y", "angle": 45.0 },
    "faces": {
        "down":  { "uv": [ 2, 10, 3, 11 ], "texture": "#texture", "tintindex": 0 },
        "up":    { "uv": [ 2, 7, 3, 8 ], "texture": "#texture", "tintindex": 0 },
        "north": { "uv": [ 2, 7, 3, 11 ], "texture": "#texture", "tintindex": 0 },
        "south": { "uv": [ 2, 7, 3, 11 ], "texture": "#texture", "tintindex": 0 },
        "west":  { "uv": [ 2, 7, 3, 11 ], "texture": "#texture", "tintindex": 0 },
        "east":  { "uv": [ 2, 7, 3, 11 ], "texture": "#texture", "tintindex": 0 }
    }
},
{
    "from": [ 7, 8, 1 ],
    "to": [ 8, 11, 2 ],
    "rotation": { "origin": [ 8.0, 8.0, 8.0 ], "axis": "y", "angle": 45.0 },
    "faces": {
        "down":  { "uv": [ 1, 7, 2, 8 ], "texture": "#texture", "tintindex": 0 },
        "up":    { "uv": [ 1, 5, 2, 6 ], "texture": "#texture", "tintindex": 0 },
        "north": { "uv": [ 1, 5, 2, 8 ], "texture": "#texture", "tintindex": 0 },
        "south": { "uv": [ 1, 5, 2, 8 ], "texture": "#texture", "tintindex": 0 },
        "west":  { "uv": [ 1, 5, 2, 8 ], "texture": "#texture", "tintindex": 0 },
        "east":  { "uv": [ 1, 5, 2, 8 ], "texture": "#texture", "tintindex": 0 }
    }
},
{
    "from": [ 7, 11, 4 ],
    "to": [ 8, 14, 5 ],
    "rotation": { "origin": [ 8.0, 8.0, 8.0 ], "axis": "y", "angle": 45.0 },
    "faces": {
        "down":  { "uv": [ 4, 4, 5, 5 ], "texture": "#texture", "tintindex": 0 },
        "up":    { "uv": [ 4, 2, 5, 3 ], "texture": "#texture", "tintindex": 0 },
        "north": { "uv": [ 4, 2, 5, 5 ], "texture": "#texture", "tintindex": 0 },
        "south": { "uv": [ 4, 2, 5, 5 ], "texture": "#texture", "tintindex": 0 },
        "west":  { "uv": [ 4, 2, 5, 5 ], "texture": "#texture", "tintindex": 0 },
        "east":  { "uv": [ 4, 2, 5, 5 ], "texture": "#texture", "tintindex": 0 }
    }
},
{
    "from": [ 7, 7, 3 ],
    "to": [ 8, 8, 4 ],
    "rotation": { "origin": [ 8.0, 8.0, 8.0 ], "axis": "y", "angle": 45.0 },
    "faces": {
        "down":  { "uv": [ 3, 8, 4, 9 ], "texture": "#texture", "tintindex": 0 },
        "up":    { "uv": [ 3, 8, 4, 9 ], "texture": "#texture", "tintindex": 0 },
        "south": { "uv": [ 3, 8, 4, 9 ], "texture": "#texture", "tintindex": 0 },
        "west":  { "uv": [ 3, 8, 4, 9 ], "texture": "#texture", "tintindex": 0 },
        "east":  { "uv": [ 3, 8, 4, 9 ], "texture": "#texture", "tintindex": 0 }
    }
},
{
    "from": [ 7, 5, 6 ],
    "to": [ 8, 10, 7 ],
    "rotation": { "origin": [ 8.0, 8.0, 8.0 ], "axis": "y", "angle": 45.0 },
    "faces": {
        "down":  { "uv": [ 6, 10, 7, 11 ], "texture": "#texture", "tintindex": 0 },
        "up":    { "uv": [ 6, 6, 7, 7 ], "texture": "#texture", "tintindex": 0 },
        "north": { "uv": [ 6, 6, 7, 11 ], "texture": "#texture", "tintindex": 0 },
        "south": { "uv": [ 6, 6, 7, 11 ], "texture": "#texture", "tintindex": 0 },
        "west":  { "uv": [ 6, 6, 7, 11 ], "texture": "#texture", "tintindex": 0 },
        "east":  { "uv": [ 6, 6, 7, 11 ], "texture": "#texture", "tintindex": 0 }
    }
},
{
    "from": [ 7, 9, 5 ],
    "to": [ 8, 12, 6 ],
    "rotation": { "origin": [ 8.0, 8.0, 8.0 ], "axis": "y", "angle": 45.0 },
    "faces": {
        "down":  { "uv": [ 5, 6, 6, 7 ], "texture": "#texture", "tintindex": 0 },
        "up":    { "uv": [ 5, 4, 6, 5 ], "texture": "#texture", "tintindex": 0 },
        "north": { "uv": [ 5, 4, 6, 7 ], "texture": "#texture", "tintindex": 0 },
        "south": { "uv": [ 5, 4, 6, 7 ], "texture": "#texture", "tintindex": 0 },
        "west":  { "uv": [ 5, 4, 6, 7 ], "texture": "#texture", "tintindex": 0 },
        "east":  { "uv": [ 5, 4, 6, 7 ], "texture": "#texture", "tintindex": 0 }
    }
},
{
    "from": [ 7, 8, 7 ],
    "to": [ 8, 9, 8 ],
    "rotation": { "origin": [ 8.0, 8.0, 8.0 ], "axis": "y", "angle": 45.0 },
    "faces": {
        "down":  { "uv": [ 7, 7, 8, 8 ], "texture": "#texture", "tintindex": 0 },
        "up":    { "uv": [ 7, 7, 8, 8 ], "texture": "#texture", "tintindex": 0 },
        "west":  { "uv": [ 7, 7, 8, 8 ], "texture": "#texture", "tintindex": 0 },
        "east":  { "uv": [ 7, 7, 8, 8 ], "texture": "#texture", "tintindex": 0 }
    }
},
{
    "from": [ 7, 7, 9 ],
    "to": [ 8, 14, 10 ],
    "rotation": { "origin": [ 8.0, 8.0, 8.0 ], "axis": "y", "angle": 45.0 },
    "faces": {
        "down":  { "uv": [ 9, 8, 10, 9 ], "texture": "#texture", "tintindex": 0 },
        "up":    { "uv": [ 9, 2, 10, 3 ], "texture": "#texture", "tintindex": 0 },
        "north": { "uv": [ 9, 2, 10, 9 ], "texture": "#texture", "tintindex": 0 },
        "south": { "uv": [ 9, 2, 10, 9 ], "texture": "#texture", "tintindex": 0 },
        "west":  { "uv": [ 9, 2, 10, 9 ], "texture": "#texture", "tintindex": 0 },
        "east":  { "uv": [ 9, 2, 10, 9 ], "texture": "#texture", "tintindex": 0 }
    }
},
{
    "from": [ 7, 12, 10 ],
    "to": [ 8, 14, 11 ],
    "rotation": { "origin": [ 8.0, 8.0, 8.0 ], "axis": "y", "angle": 45.0 },
    "faces": {
        "down":  { "uv": [ 10, 3, 11, 4 ], "texture": "#texture", "tintindex": 0 },
        "up":    { "uv": [ 10, 2, 11, 3 ], "texture": "#texture", "tintindex": 0 },
        "south": { "uv": [ 10, 2, 11, 4 ], "texture": "#texture", "tintindex": 0 },
        "west":  { "uv": [ 10, 2, 11, 4 ], "texture": "#texture", "tintindex": 0 },
        "east":  { "uv": [ 10, 2, 11, 4 ], "texture": "#texture", "tintindex": 0 }
    }
},
{
    "from": [ 7, 5, 11 ],
    "to": [ 8, 7, 12 ],
    "rotation": { "origin": [ 8.0, 8.0, 8.0 ], "axis": "y", "angle": 45.0 },
    "faces": {
        "down":  { "uv": [ 11, 10, 12, 11 ], "texture": "#texture", "tintindex": 0 },
        "up":    { "uv": [ 11, 9, 12, 10 ], "texture": "#texture", "tintindex": 0 },
        "west":  { "uv": [ 11, 9, 12, 11 ], "texture": "#texture", "tintindex": 0 },
        "east":  { "uv": [ 11, 9, 12, 11 ], "texture": "#texture", "tintindex": 0 }
    }
},
{
    "from": [ 7, 8, 13 ],
    "to": [ 8, 14, 14 ],
    "rotation": { "origin": [ 8.0, 8.0, 8.0 ], "axis": "y", "angle": 45.0 },
    "faces": {
        "down":  { "uv": [ 13, 7, 14, 8 ], "texture": "#texture", "tintindex": 0 },
        "up":    { "uv": [ 13, 2, 14, 3 ], "texture": "#texture", "tintindex": 0 },
        "north": { "uv": [ 13, 2, 14, 8 ], "texture": "#texture", "tintindex": 0 },
        "south": { "uv": [ 13, 2, 14, 8 ], "texture": "#texture", "tintindex": 0 },
        "west":  { "uv": [ 13, 2, 14, 8 ], "texture": "#texture", "tintindex": 0 },
        "east":  { "uv": [ 13, 2, 14, 8 ], "texture": "#texture", "tintindex": 0 }
    }
},
{
    "from": [ 7, 3, 12 ],
    "to": [ 8, 10, 13 ],
    "rotation": { "origin": [ 8.0, 8.0, 8.0 ], "axis": "y", "angle": 45.0 },
    "faces": {
        "up":    { "uv": [ 12, 6, 13, 7 ], "texture": "#texture", "tintindex": 0 },
        "north": { "uv": [ 12, 6, 13, 13 ], "texture": "#texture", "tintindex": 0 },
        "south": { "uv": [ 12, 6, 13, 13 ], "texture": "#texture", "tintindex": 0 },
        "west":  { "uv": [ 12, 6, 13, 13 ], "texture": "#texture", "tintindex": 0 },
        "east":  { "uv": [ 12, 6, 13, 13 ], "texture": "#texture", "tintindex": 0 }
    }
},
{
    "from": [ 7, 3, 13 ],
    "to": [ 8, 6, 14 ],
    "rotation": { "origin": [ 8.0, 8.0, 8.0 ], "axis": "y", "angle": 45.0 },
    "faces": {
        "down":  { "uv": [ 13, 12, 14, 13 ], "texture": "#texture", "tintindex": 0 },
        "up":    { "uv": [ 13, 10, 14, 11 ], "texture": "#texture", "tintindex": 0 },
        "south": { "uv": [ 13, 10, 14, 13 ], "texture": "#texture", "tintindex": 0 },
        "west":  { "uv": [ 13, 10, 14, 13 ], "texture": "#texture", "tintindex": 0 },
        "east":  { "uv": [ 13, 10, 14, 13 ], "texture": "#texture", "tintindex": 0 }
    }
},
{
    "from": [ 7, 10, 14 ],
    "to": [ 8, 12, 15 ],
    "rotation": { "origin": [ 8.0, 8.0, 8.0 ], "axis": "y", "angle": 45.0 },
    "faces": {
        "down":  { "uv": [ 14, 5, 15, 6 ], "texture": "#texture", "tintindex": 0 },
        "up":    { "uv": [ 14, 4, 15, 5 ], "texture": "#texture", "tintindex": 0 },
        "south": { "uv": [ 14, 4, 15, 6 ], "texture": "#texture", "tintindex": 0 },
        "west":  { "uv": [ 14, 4, 15, 6 ], "texture": "#texture", "tintindex": 0 },
        "east":  { "uv": [ 14, 4, 15, 6 ], "texture": "#texture", "tintindex": 0 }
    }
},
{
    "from": [ 13, 0, 8 ],
    "to": [ 14, 3, 9 ],
    "rotation": { "origin": [ 8.0, 8.0, 8.0 ], "axis": "y", "angle": 45.0 },
    "faces": {
        "down":  { "uv": [ 2, 15, 3, 16 ], "rotation": 270, "texture": "#texture", "tintindex": 0 },
        "up":    { "uv": [ 2, 13, 3, 14 ], "rotation": 90, "texture": "#texture", "tintindex": 0 },
        "north": { "uv": [ 2, 13, 3, 16 ], "texture": "#texture", "tintindex": 0 },
        "south": { "uv": [ 2, 13, 3, 16 ], "texture": "#texture", "tintindex": 0 },
        "west":  { "uv": [ 2, 13, 3, 16 ], "texture": "#texture", "tintindex": 0 }
    }
},
{
    "from": [ 9, 0, 8 ],
    "to": [ 11, 2, 9 ],
    "rotation": { "origin": [ 8.0, 8.0, 8.0 ], "axis": "y", "angle": 45.0 },
    "faces": {
        "down":  { "uv": [ 6, 14, 7, 16 ], "rotation": 270, "texture": "#texture", "tintindex": 0 },
        "up":    { "uv": [ 5, 14, 6, 16 ], "rotation": 90, "texture": "#texture", "tintindex": 0 },
        "north": { "uv": [ 5, 14, 7, 16 ], "texture": "#texture", "tintindex": 0 },
        "south": { "uv": [ 5, 14, 7, 16 ], "texture": "#texture", "tintindex": 0 },
        "west":  { "uv": [ 6, 14, 7, 16 ], "texture": "#texture", "tintindex": 0 },
        "east":  { "uv": [ 5, 14, 6, 16 ], "texture": "#texture", "tintindex": 0 }
    }
},
{
    "from": [ 3, 0, 8 ],
    "to": [ 7, 3, 9 ],
    "rotation": { "origin": [ 8.0, 8.0, 8.0 ], "axis": "y", "angle": 45.0 },
    "faces": {
        "down":  { "uv": [ 8, 12, 9, 16 ], "rotation": 270, "texture": "#texture", "tintindex": 0 },
        "up":    { "uv": [ 8, 12, 9, 16 ], "rotation": 90, "texture": "#texture", "tintindex": 0 },
        "north": { "uv": [ 9, 13, 13, 16 ], "texture": "#texture", "tintindex": 0 },
        "south": { "uv": [ 9, 13, 13, 16 ], "texture": "#texture", "tintindex": 0 },
        "west":  { "uv": [ 12, 13, 13, 16 ], "texture": "#texture", "tintindex": 0 }
    }
},
{
    "from": [ 14, 0, 8 ],
    "to": [ 15, 5, 9 ],
    "rotation": { "origin": [ 8.0, 8.0, 8.0 ], "axis": "y", "angle": 45.0 },
    "faces": {
        "down":  { "uv": [ 1, 15, 2, 16 ], "rotation": 270, "texture": "#texture", "tintindex": 0 },
        "up":    { "uv": [ 1, 11, 2, 12 ], "rotation": 90, "texture": "#texture", "tintindex": 0 },
        "north": { "uv": [ 1, 11, 2, 16 ], "texture": "#texture", "tintindex": 0 },
        "south": { "uv": [ 1, 11, 2, 16 ], "texture": "#texture", "tintindex": 0 },
        "west":  { "uv": [ 1, 11, 2, 16 ], "texture": "#texture", "tintindex": 0 },
        "east":  { "uv": [ 1, 11, 2, 16 ], "texture": "#texture", "tintindex": 0 }
    }
},
{
    "from": [ 10, 2, 8 ],
    "to": [ 11, 6, 9 ],
    "rotation": { "origin": [ 8.0, 8.0, 8.0 ], "axis": "y", "angle": 45.0 },
    "faces": {
        "up":    { "uv": [ 5, 10, 6, 11 ], "rotation": 90, "texture": "#texture", "tintindex": 0 },
        "north": { "uv": [ 5, 10, 6, 14 ], "texture": "#texture", "tintindex": 0 },
        "south": { "uv": [ 5, 10, 6, 14 ], "texture": "#texture", "tintindex": 0 },
        "west":  { "uv": [ 5, 10, 6, 14 ], "texture": "#texture", "tintindex": 0 },
        "east":  { "uv": [ 5, 10, 6, 14 ], "texture": "#texture", "tintindex": 0 }
    }
},
{
    "from": [ 7, 0, 8 ],
    "to": [ 8, 10, 9 ],
    "rotation": { "origin": [ 8.0, 8.0, 8.0 ], "axis": "y", "angle": 45.0 },
    "faces": {
        "down":  { "uv": [ 8, 15, 9, 16 ], "rotation": 270, "texture": "#texture", "tintindex": 0 },
        "up":    { "uv": [ 8, 6, 9, 7 ], "rotation": 90, "texture": "#texture", "tintindex": 0 },
        "north": { "uv": [ 8, 6, 9, 16 ], "texture": "#texture", "tintindex": 0 },
        "south": { "uv": [ 8, 6, 9, 16 ], "texture": "#texture", "tintindex": 0 },
        "west":  { "uv": [ 8, 6, 9, 16 ], "texture": "#texture", "tintindex": 0 },
        "east":  { "uv": [ 8, 6, 9, 16 ], "texture": "#texture", "tintindex": 0 }
    }
},
{
    "from": [ 5, 3, 8 ],
    "to": [ 6, 9, 9 ],
    "rotation": { "origin": [ 8.0, 8.0, 8.0 ], "axis": "y", "angle": 45.0 },
    "faces": {
        "up":    { "uv": [ 10, 7, 11, 8 ], "rotation": 90, "texture": "#texture", "tintindex": 0 },
        "north": { "uv": [ 10, 7, 11, 13 ], "texture": "#texture", "tintindex": 0 },
        "south": { "uv": [ 10, 7, 11, 13 ], "texture": "#texture", "tintindex": 0 },
        "west":  { "uv": [ 10, 7, 11, 13 ], "texture": "#texture", "tintindex": 0 },
        "east":  { "uv": [ 10, 7, 11, 13 ], "texture": "#texture", "tintindex": 0 }
    }
},
{
    "from": [ 13, 5, 8 ],
    "to": [ 14, 9, 9 ],
    "rotation": { "origin": [ 8.0, 8.0, 8.0 ], "axis": "y", "angle": 45.0 },
    "faces": {
        "down":  { "uv": [ 2, 10, 3, 11 ], "rotation": 270, "texture": "#texture", "tintindex": 0 },
        "up":    { "uv": [ 2, 7, 3, 8 ], "rotation": 90, "texture": "#texture", "tintindex": 0 },
        "north": { "uv": [ 2, 7, 3, 11 ], "texture": "#texture", "tintindex": 0 },
        "south": { "uv": [ 2, 7, 3, 11 ], "texture": "#texture", "tintindex": 0 },
        "west":  { "uv": [ 2, 7, 3, 11 ], "texture": "#texture", "tintindex": 0 },
        "east":  { "uv": [ 2, 7, 3, 11 ], "texture": "#texture", "tintindex": 0 }
    }
},
{
    "from": [ 14, 8, 8 ],
    "to": [ 15, 11, 9 ],
    "rotation": { "origin": [ 8.0, 8.0, 8.0 ], "axis": "y", "angle": 45.0 },
    "faces": {
        "down":  { "uv": [ 1, 7, 2, 8 ], "rotation": 270, "texture": "#texture", "tintindex": 0 },
        "up":    { "uv": [ 1, 5, 2, 6 ], "rotation": 90, "texture": "#texture", "tintindex": 0 },
        "north": { "uv": [ 1, 5, 2, 8 ], "texture": "#texture", "tintindex": 0 },
        "south": { "uv": [ 1, 5, 2, 8 ], "texture": "#texture", "tintindex": 0 },
        "west":  { "uv": [ 1, 5, 2, 8 ], "texture": "#texture", "tintindex": 0 },
        "east":  { "uv": [ 1, 5, 2, 8 ], "texture": "#texture", "tintindex": 0 }
    }
},
{
    "from": [ 11, 11, 8 ],
    "to": [ 12, 14, 9 ],
    "rotation": { "origin": [ 8.0, 8.0, 8.0 ], "axis": "y", "angle": 45.0 },
    "faces": {
        "down":  { "uv": [ 4, 4, 5, 5 ], "rotation": 270, "texture": "#texture", "tintindex": 0 },
        "up":    { "uv": [ 4, 2, 5, 3 ], "rotation": 90, "texture": "#texture", "tintindex": 0 },
        "north": { "uv": [ 4, 2, 5, 5 ], "texture": "#texture", "tintindex": 0 },
        "south": { "uv": [ 4, 2, 5, 5 ], "texture": "#texture", "tintindex": 0 },
        "west":  { "uv": [ 4, 2, 5, 5 ], "texture": "#texture", "tintindex": 0 },
        "east":  { "uv": [ 4, 2, 5, 5 ], "texture": "#texture", "tintindex": 0 }
    }
},
{
    "from": [ 12, 7, 8 ],
    "to": [ 13, 8, 9 ],
    "rotation": { "origin": [ 8.0, 8.0, 8.0 ], "axis": "y", "angle": 45.0 },
    "faces": {
        "down":  { "uv": [ 3, 8, 4, 9 ], "rotation": 270, "texture": "#texture", "tintindex": 0 },
        "up":    { "uv": [ 3, 8, 4, 9 ], "rotation": 90, "texture": "#texture", "tintindex": 0 },
        "north": { "uv": [ 3, 8, 4, 9 ], "texture": "#texture", "tintindex": 0 },
        "south": { "uv": [ 3, 8, 4, 9 ], "texture": "#texture", "tintindex": 0 },
        "west":  { "uv": [ 3, 8, 4, 9 ], "texture": "#texture", "tintindex": 0 }
    }
},
{
    "from": [ 9, 5, 8 ],
    "to": [ 10, 10, 9 ],
    "rotation": { "origin": [ 8.0, 8.0, 8.0 ], "axis": "y", "angle": 45.0 },
    "faces": {
        "down":  { "uv": [ 6, 10, 7, 11 ], "rotation": 270, "texture": "#texture", "tintindex": 0 },
        "up":    { "uv": [ 6, 6, 7, 7 ], "rotation": 90, "texture": "#texture", "tintindex": 0 },
        "north": { "uv": [ 6, 6, 7, 11 ], "texture": "#texture", "tintindex": 0 },
        "south": { "uv": [ 6, 6, 7, 11 ], "texture": "#texture", "tintindex": 0 },
        "west":  { "uv": [ 6, 6, 7, 11 ], "texture": "#texture", "tintindex": 0 },
        "east":  { "uv": [ 6, 6, 7, 11 ], "texture": "#texture", "tintindex": 0 }
    }
},
{
    "from": [ 10, 9, 8 ],
    "to": [ 11, 12, 9 ],
    "rotation": { "origin": [ 8.0, 8.0, 8.0 ], "axis": "y", "angle": 45.0 },
    "faces": {
        "down":  { "uv": [ 5, 6, 6, 7 ], "rotation": 270, "texture": "#texture", "tintindex": 0 },
        "up":    { "uv": [ 5, 4, 6, 5 ], "rotation": 90, "texture": "#texture", "tintindex": 0 },
        "north": { "uv": [ 5, 4, 6, 7 ], "texture": "#texture", "tintindex": 0 },
        "south": { "uv": [ 5, 4, 6, 7 ], "texture": "#texture", "tintindex": 0 },
        "west":  { "uv": [ 5, 4, 6, 7 ], "texture": "#texture", "tintindex": 0 },
        "east":  { "uv": [ 5, 4, 6, 7 ], "texture": "#texture", "tintindex": 0 }
    }
},
{
    "from": [ 8, 8, 8 ],
    "to": [ 9, 9, 9 ],
    "rotation": { "origin": [ 8.0, 8.0, 8.0 ], "axis": "y", "angle": 45.0 },
    "faces": {
        "down":  { "uv": [ 7, 7, 8, 8 ], "rotation": 270, "texture": "#texture", "tintindex": 0 },
        "up":    { "uv": [ 7, 7, 8, 8 ], "rotation": 90, "texture": "#texture", "tintindex": 0 },
        "north": { "uv": [ 7, 7, 8, 8 ], "texture": "#texture", "tintindex": 0 },
        "south": { "uv": [ 7, 7, 8, 8 ], "texture": "#texture", "tintindex": 0 }
    }
},
{
    "from": [ 6, 7, 8 ],
    "to": [ 7, 14, 9 ],
    "rotation": { "origin": [ 8.0, 8.0, 8.0 ], "axis": "y", "angle": 45.0 },
    "faces": {
        "down":  { "uv": [ 9, 8, 10, 9 ], "rotation": 270, "texture": "#texture", "tintindex": 0 },
        "up":    { "uv": [ 9, 2, 10, 3 ], "rotation": 90, "texture": "#texture", "tintindex": 0 },
        "north": { "uv": [ 9, 2, 10, 9 ], "texture": "#texture", "tintindex": 0 },
        "south": { "uv": [ 9, 2, 10, 9 ], "texture": "#texture", "tintindex": 0 },
        "west":  { "uv": [ 9, 2, 10, 9 ], "texture": "#texture", "tintindex": 0 },
        "east":  { "uv": [ 9, 2, 10, 9 ], "texture": "#texture", "tintindex": 0 }
    }
},
{
    "from": [ 5, 12, 8 ],
    "to": [ 6, 14, 9 ],
    "rotation": { "origin": [ 8.0, 8.0, 8.0 ], "axis": "y", "angle": 45.0 },
    "faces": {
        "down":  { "uv": [ 10, 3, 11, 4 ], "rotation": 270, "texture": "#texture", "tintindex": 0 },
        "up":    { "uv": [ 10, 2, 11, 3 ], "rotation": 90, "texture": "#texture", "tintindex": 0 },
        "north": { "uv": [ 10, 2, 11, 4 ], "texture": "#texture", "tintindex": 0 },
        "south": { "uv": [ 10, 2, 11, 4 ], "texture": "#texture", "tintindex": 0 },
        "west":  { "uv": [ 10, 2, 11, 4 ], "texture": "#texture", "tintindex": 0 }
    }
},
{
    "from": [ 4, 5, 8 ],
    "to": [ 5, 7, 9 ],
    "rotation": { "origin": [ 8.0, 8.0, 8.0 ], "axis": "y", "angle": 45.0 },
    "faces": {
        "down":  { "uv": [ 11, 10, 12, 11 ], "rotation": 270, "texture": "#texture", "tintindex": 0 },
        "up":    { "uv": [ 11, 9, 12, 10 ], "rotation": 90, "texture": "#texture", "tintindex": 0 },
        "north": { "uv": [ 11, 9, 12, 11 ], "texture": "#texture", "tintindex": 0 },
        "south": { "uv": [ 11, 9, 12, 11 ], "texture": "#texture", "tintindex": 0 }
    }
},
{
    "from": [ 2, 8, 8 ],
    "to": [ 3, 14, 9 ],
    "rotation": { "origin": [ 8.0, 8.0, 8.0 ], "axis": "y", "angle": 45.0 },
    "faces": {
        "down":  { "uv": [ 13, 7, 14, 8 ], "rotation": 270, "texture": "#texture", "tintindex": 0 },
        "up":    { "uv": [ 13, 2, 14, 3 ], "rotation": 90, "texture": "#texture", "tintindex": 0 },
        "north": { "uv": [ 13, 2, 14, 8 ], "texture": "#texture", "tintindex": 0 },
        "south": { "uv": [ 13, 2, 14, 8 ], "texture": "#texture", "tintindex": 0 },
        "west":  { "uv": [ 13, 2, 14, 8 ], "texture": "#texture", "tintindex": 0 },
        "east":  { "uv": [ 13, 2, 14, 8 ], "texture": "#texture", "tintindex": 0 }
    }
},
{
    "from": [ 3, 3, 8 ],
    "to": [ 4, 10, 9 ],
    "rotation": { "origin": [ 8.0, 8.0, 8.0 ], "axis": "y", "angle": 45.0 },
    "faces": {
        "up":    { "uv": [ 12, 6, 13, 7 ], "rotation": 90, "texture": "#texture", "tintindex": 0 },
        "north": { "uv": [ 12, 6, 13, 13 ], "texture": "#texture", "tintindex": 0 },
        "south": { "uv": [ 12, 6, 13, 13 ], "texture": "#texture", "tintindex": 0 },
        "west":  { "uv": [ 12, 6, 13, 13 ], "texture": "#texture", "tintindex": 0 },
        "east":  { "uv": [ 12, 6, 13, 13 ], "texture": "#texture", "tintindex": 0 }
    }
},
{
    "from": [ 2, 3, 8 ],
    "to": [ 3, 6, 9 ],
    "rotation": { "origin": [ 8.0, 8.0, 8.0 ], "axis": "y", "angle": 45.0 },
    "faces": {
        "down":  { "uv": [ 13, 12, 14, 13 ], "rotation": 270, "texture": "#texture", "tintindex": 0 },
        "up":    { "uv": [ 13, 10, 14, 11 ], "rotation": 90, "texture": "#texture", "tintindex": 0 },
        "north": { "uv": [ 13, 10, 14, 13 ], "texture": "#texture", "tintindex": 0 },
        "south": { "uv": [ 13, 10, 14, 13 ], "texture": "#texture", "tintindex": 0 },
        "west":  { "uv": [ 13, 10, 14, 13 ], "texture": "#texture", "tintindex": 0 }
    }
},
{
    "from": [ 1, 10, 8 ],
    "to": [ 2, 12, 9 ],
    "rotation": { "origin": [ 8.0, 8.0, 8.0 ], "axis": "y", "angle": 45.0 },
    "faces": {
        "down":  { "uv": [ 14, 5, 15, 6 ], "rotation": 270, "texture": "#texture", "tintindex": 0 },
        "up":    { "uv": [ 14, 4, 15, 5 ], "rotation": 90, "texture": "#texture", "tintindex": 0 },
        "north": { "uv": [ 14, 4, 15, 6 ], "texture": "#texture", "tintindex": 0 },
        "south": { "uv": [ 14, 4, 15, 6 ], "texture": "#texture", "tintindex": 0 },
        "west":  { "uv": [ 14, 4, 15, 6 ], "texture": "#texture", "tintindex": 0 }
    }
}
],
"display": {
    "thirdperson_righthand": {
        "rotation": [ 0, -90, 0 ],
        "translation": [ 0, 4, 2 ],
        "scale": [ 0.85, 0.85, 0.85 ]
    },
    "thirdperson_lefthand": {
        "rotation": [ 0, 90, 0 ],
        "translation": [ 0, 4, 2 ],
        "scale": [ 0.85, 0.85, 0.85 ]
    },
    "ground": {
        "rotation": [ 0, 0, 0 ],
        "translation": [ 0, 2, 0 ],
        "scale": [ 0.5, 0.5, 0.5 ]
    },
    "fixed": {
        "rotation": [ 0, 0, 0 ],
        "translation": [ 0, 0, 0 ],
        "scale": [ 0.5, 0.5, 0.5 ]
    },
    "firstperson_righthand": {
        "rotation": [ 0, -90, 25 ],
        "translation": [ 1.2, 3.2, 1.13 ],
        "scale": [ 0.68, 0.68, 0.68 ]
    },
    "firstperson_lefthand": {
        "rotation": [ 0, 90, -25 ],
        "translation": [ 0.2, 3.2, 1.12 ],
        "scale": [ 0.68, 0.68, 0.68 ]
    },
    "gui": {
        "rotation": [ 30, 225, 0 ],
        "translation": [ 0, 0, 0 ],
        "scale": [ 0.75, 0.75, 0.75 ]
    }
}
}