{
	"__comment": "Designed by AndrealVox",
	"ambientocclusion": false,
	"textures": {
		"particle": "blocks/double_plant_paeonia_bottom",
		"texture": "blocks/double_plant_paeonia_bottom"
	},
	"elements": [
		{
			"__comment": "Cube1",
			"from": [ 3.5, 24, 2 ],
			"to": [ 9.5, 26, 3 ],
			"rotation": { "origin": [ 3.5, 26, 2 ], "axis": "y", "angle": -45 },
			"faces": {
				"down": { "uv": [ 4.5, 3.5, 7.5, 4 ], "texture": "#texture" },
				"up": { "uv": [ 4.5, 3.5, 7.5, 3 ], "texture": "#texture" },
				"north": { "uv": [ 7.5, 3, 4.5, 4 ], "texture": "#texture" },
				"south": { "uv": [ 4.5, 3, 7.5, 4 ], "texture": "#texture" },
				"west": { "uv": [ 4.5, 3, 5, 4 ], "texture": "#texture" },
				"east": { "uv": [ 7.5, 4, 7, 3 ], "texture": "#texture", "rotation": 180 }
			}
		},
		{
			"__comment": "Cube2",
			"from": [ 3.5, 19, 2 ],
			"to": [ 17.5, 21, 3 ],
			"rotation": { "origin": [ 3.5, 26, 2.000001 ], "axis": "y", "angle": -45 },
			"faces": {
				"down": { "uv": [ 4.5, 6, 11.5, 6.5 ], "texture": "#texture" },
				"up": { "uv": [ 4.5, 6, 11.5, 5.5 ], "texture": "#texture" },
				"north": { "uv": [ 11.5, 5.5, 4.5, 6.5 ], "texture": "#texture" },
				"south": { "uv": [ 4.5, 5.5, 11.5, 6.5 ], "texture": "#texture" },
				"west": { "uv": [ 4.5, 5.5, 5, 6.5 ], "texture": "#texture" },
				"east": { "uv": [ 11.5, 6.5, 11, 5.5 ], "texture": "#texture", "rotation": 180 }
			}
		},
		{
			"__comment": "Cube3",
			"from": [ 3.5, 13, 2 ],
			"to": [ 5.5, 15, 3 ],
			"rotation": { "origin": [ 3.5, 26, 2.000001 ], "axis": "y", "angle": -45 },
			"faces": {
				"down": { "uv": [ 4.5, 9, 5.5, 9.5 ], "texture": "#texture" },
				"up": { "uv": [ 4.5, 9, 5.5, 8.5 ], "texture": "#texture" },
				"north": { "uv": [ 5.5, 8.5, 4.5, 9.5 ], "texture": "#texture" },
				"south": { "uv": [ 4.5, 8.5, 5.5, 9.5 ], "texture": "#texture" },
				"west": { "uv": [ 4.5, 8.5, 5, 9.5 ], "texture": "#texture" },
				"east": { "uv": [ 5.5, 9.5, 5, 8.5 ], "texture": "#texture", "rotation": 180 }
			}
		},
		{
			"__comment": "Cube4",
			"from": [ 3.5, 9, 2 ],
			"to": [ 6.5, 10, 3 ],
			"rotation": { "origin": [ 3.5, 26, 2.000001 ], "axis": "y", "angle": -45 },
			"faces": {
				"down": { "uv": [ 4.5, 11, 6, 11.5 ], "texture": "#texture" },
				"up": { "uv": [ 4.5, 11.5, 6, 11 ], "texture": "#texture" },
				"north": { "uv": [ 6, 11, 4.5, 11.5 ], "texture": "#texture" },
				"south": { "uv": [ 4.5, 11, 6, 11.5 ], "texture": "#texture" },
				"west": { "uv": [ 4.5, 11, 5, 11.5 ], "texture": "#texture" },
				"east": { "uv": [ 6, 11.5, 5.5, 11 ], "texture": "#texture", "rotation": 180 }
			}
		},
		{
			"__comment": "Cube5",
			"from": [ 3.5, 5, 2 ],
			"to": [ 12.5, 7, 3 ],
			"rotation": { "origin": [ 3.5, 26, 2.000001 ], "axis": "y", "angle": -45 },
			"faces": {
				"down": { "uv": [ 4.5, 13, 9, 13.5 ], "texture": "#texture" },
				"up": { "uv": [ 4.5, 13, 9, 12.5 ], "texture": "#texture" },
				"north": { "uv": [ 9, 12.5, 4.5, 13.5 ], "texture": "#texture" },
				"south": { "uv": [ 4.5, 12.5, 9, 13.5 ], "texture": "#texture" },
				"west": { "uv": [ 4.5, 12.5, 5, 13.5 ], "texture": "#texture" },
				"east": { "uv": [ 9, 13.5, 8.5, 12.5 ], "texture": "#texture", "rotation": 180 }
			}
		},
		{
			"__comment": "Cube6",
			"from": [ 4.5, 22, 2 ],
			"to": [ 9.5, 27, 3 ],
			"rotation": { "origin": [ 3.5, 26, 2.000001 ], "axis": "y", "angle": -45 },
			"faces": {
				"down": { "uv": [ 5, 4.5, 7.5, 5 ], "texture": "#texture" },
				"up": { "uv": [ 5, 3, 7.5, 2.5 ], "texture": "#texture" },
				"north": { "uv": [ 7.5, 2.5, 5, 5 ], "texture": "#texture" },
				"south": { "uv": [ 5, 2.5, 7.5, 5 ], "texture": "#texture" },
				"west": { "uv": [ 5, 2.5, 5.5, 5 ], "texture": "#texture" },
				"east": { "uv": [ 7.5, 5, 7, 2.5 ], "texture": "#texture", "rotation": 180 }
			}
		},
		{
			"__comment": "Cube7",
			"from": [ 4.5, 8, 2 ],
			"to": [ 14.5, 9, 3 ],
			"rotation": { "origin": [ 3.5, 26, 2.000001 ], "axis": "y", "angle": -45 },
			"faces": {
				"down": { "uv": [ 5, 11.5, 10, 12 ], "texture": "#texture" },
				"up": { "uv": [ 5, 12, 10, 11.5 ], "texture": "#texture" },
				"north": { "uv": [ 10, 11.5, 5, 12 ], "texture": "#texture" },
				"south": { "uv": [ 5, 11.5, 10, 12 ], "texture": "#texture" },
				"west": { "uv": [ 5, 11.5, 5.5, 12 ], "texture": "#texture" },
				"east": { "uv": [ 10, 12, 9.5, 11.5 ], "texture": "#texture", "rotation": 180 }
			}
		},
		{
			"__comment": "Cube8",
			"from": [ 5.5, 18, 2 ],
			"to": [ 8.5, 28, 3 ],
			"rotation": { "origin": [ 3.5, 26, 2.000001 ], "axis": "y", "angle": -45 },
			"faces": {
				"down": { "uv": [ 5.5, 6.5, 7, 7 ], "texture": "#texture" },
				"up": { "uv": [ 5.5, 2.5, 7, 2 ], "texture": "#texture" },
				"north": { "uv": [ 7, 2, 5.5, 7 ], "texture": "#texture" },
				"south": { "uv": [ 5.5, 2, 7, 7 ], "texture": "#texture" },
				"west": { "uv": [ 5.5, 2, 6, 7 ], "texture": "#texture" },
				"east": { "uv": [ 7, 7, 6.5, 2 ], "texture": "#texture", "rotation": 180 }
			}
		},
		{
			"__comment": "Cube9",
			"from": [ 5.5, 11, 2 ],
			"to": [ 14.5, 14, 3 ],
			"rotation": { "origin": [ 3.5, 26, 2.000001 ], "axis": "y", "angle": -45 },
			"faces": {
				"down": { "uv": [ 5.5, 10, 10, 10.5 ], "texture": "#texture" },
				"up": { "uv": [ 5.5, 9.5, 10, 9 ], "texture": "#texture" },
				"north": { "uv": [ 10, 9, 5.5, 10.5 ], "texture": "#texture" },
				"south": { "uv": [ 5.5, 9, 10, 10.5 ], "texture": "#texture" },
				"west": { "uv": [ 5.5, 9, 6, 10.5 ], "texture": "#texture" },
				"east": { "uv": [ 10, 10.5, 9.5, 9 ], "texture": "#texture", "rotation": 180 }
			}
		},
		{
			"__comment": "Cube10",
			"from": [ 5.5, 7, 2 ],
			"to": [ 14.5, 8, 3 ],
			"rotation": { "origin": [ 3.5, 26, 2.000001 ], "axis": "y", "angle": -45 },
			"faces": {
				"down": { "uv": [ 5.5, 12, 10, 12.5 ], "texture": "#texture" },
				"up": { "uv": [ 5.5, 12.5, 10, 12 ], "texture": "#texture" },
				"north": { "uv": [ 10, 12, 5.5, 12.5 ], "texture": "#texture" },
				"south": { "uv": [ 5.5, 12, 10, 12.5 ], "texture": "#texture" },
				"west": { "uv": [ 5.5, 12, 6, 12.5 ], "texture": "#texture" },
				"east": { "uv": [ 10, 12.5, 9.5, 12 ], "texture": "#texture", "rotation": 180 }
			}
		},
		{
			"__comment": "Cube11",
			"from": [ 5.5, 4, 2 ],
			"to": [ 15.5, 5, 3 ],
			"rotation": { "origin": [ 3.5, 26, 2.000001 ], "axis": "y", "angle": -45 },
			"faces": {
				"down": { "uv": [ 5.5, 13.5, 10.5, 14 ], "texture": "#texture" },
				"up": { "uv": [ 5.5, 14, 10.5, 13.5 ], "texture": "#texture" },
				"north": { "uv": [ 10.5, 13.5, 5.5, 14 ], "texture": "#texture" },
				"south": { "uv": [ 5.5, 13.5, 10.5, 14 ], "texture": "#texture" },
				"west": { "uv": [ 5.5, 13.5, 6, 14 ], "texture": "#texture" },
				"east": { "uv": [ 10.5, 14, 10, 13.5 ], "texture": "#texture", "rotation": 180 }
			}
		},
		{
			"__comment": "Cube12",
			"from": [ 6.5, 17, 2 ],
			"to": [ 15.5, 18, 3 ],
			"rotation": { "origin": [ 3.5, 26, 2.000001 ], "axis": "y", "angle": -45 },
			"faces": {
				"down": { "uv": [ 6, 7, 10.5, 7.5 ], "texture": "#texture" },
				"up": { "uv": [ 6, 7.5, 10.5, 7 ], "texture": "#texture" },
				"north": { "uv": [ 10.5, 7, 6, 7.5 ], "texture": "#texture" },
				"south": { "uv": [ 6, 7, 10.5, 7.5 ], "texture": "#texture" },
				"west": { "uv": [ 6, 7, 6.5, 7.5 ], "texture": "#texture" },
				"east": { "uv": [ 10.5, 7.5, 10, 7 ], "texture": "#texture", "rotation": 180 }
			}
		},
		{
			"__comment": "Cube13",
			"from": [ 6.5, 15, 2 ],
			"to": [ 15.5, 16, 3 ],
			"rotation": { "origin": [ 3.5, 26, 2.000001 ], "axis": "y", "angle": -45 },
			"faces": {
				"down": { "uv": [ 6, 8, 10.5, 8.5 ], "texture": "#texture" },
				"up": { "uv": [ 6, 8.5, 10.5, 8 ], "texture": "#texture" },
				"north": { "uv": [ 10.5, 8, 6, 8.5 ], "texture": "#texture" },
				"south": { "uv": [ 6, 8, 10.5, 8.5 ], "texture": "#texture" },
				"west": { "uv": [ 6, 8, 6.5, 8.5 ], "texture": "#texture" },
				"east": { "uv": [ 10.5, 8.5, 10, 8 ], "texture": "#texture", "rotation": 180 }
			}
		},
		{
			"__comment": "Cube14",
			"from": [ 6.5, 10, 2 ],
			"to": [ 14.5, 15, 3 ],
			"rotation": { "origin": [ 3.5, 26, 2.000001 ], "axis": "y", "angle": -45 },
			"faces": {
				"down": { "uv": [ 6, 10.5, 10, 11 ], "texture": "#texture" },
				"up": { "uv": [ 6, 9, 10, 8.5 ], "texture": "#texture" },
				"north": { "uv": [ 10, 8.5, 6, 11 ], "texture": "#texture" },
				"south": { "uv": [ 6, 8.5, 10, 11 ], "texture": "#texture" },
				"west": { "uv": [ 6, 8.5, 6.5, 11 ], "texture": "#texture" },
				"east": { "uv": [ 10, 11, 9.5, 8.5 ], "texture": "#texture", "rotation": 180 }
			}
		},
		{
			"__comment": "Cube15",
			"from": [ 6.5, 3, 2 ],
			"to": [ 13.5, 4, 3 ],
			"rotation": { "origin": [ 3.5, 26, 2.000001 ], "axis": "y", "angle": -45 },
			"faces": {
				"down": { "uv": [ 6, 14, 9.5, 14.5 ], "texture": "#texture" },
				"up": { "uv": [ 6, 14.5, 9.5, 14 ], "texture": "#texture" },
				"north": { "uv": [ 9.5, 14, 6, 14.5 ], "texture": "#texture" },
				"south": { "uv": [ 6, 14, 9.5, 14.5 ], "texture": "#texture" },
				"west": { "uv": [ 6, 14, 6.5, 14.5 ], "texture": "#texture" },
				"east": { "uv": [ 9.5, 14.5, 9, 14 ], "texture": "#texture", "rotation": 180 }
			}
		},
		{
			"__comment": "Cube16",
			"from": [ 7.5, 16, 2 ],
			"to": [ 15.5, 17, 3 ],
			"rotation": { "origin": [ 3.5, 26, 2.000001 ], "axis": "y", "angle": -45 },
			"faces": {
				"down": { "uv": [ 6.5, 7.5, 10.5, 8 ], "texture": "#texture" },
				"up": { "uv": [ 6.5, 8, 10.5, 7.5 ], "texture": "#texture" },
				"north": { "uv": [ 10.5, 7.5, 6.5, 8 ], "texture": "#texture" },
				"south": { "uv": [ 6.5, 7.5, 10.5, 8 ], "texture": "#texture" },
				"west": { "uv": [ 6.5, 7.5, 7, 8 ], "texture": "#texture" },
				"east": { "uv": [ 10.5, 8, 10, 7.5 ], "texture": "#texture", "rotation": 180 }
			}
		},
		{
			"__comment": "Cube17",
			"from": [ 7.5, 9, 2 ],
			"to": [ 16.5, 10, 3 ],
			"rotation": { "origin": [ 3.5, 26, 2.000001 ], "axis": "y", "angle": -45 },
			"faces": {
				"down": { "uv": [ 6.5, 11, 11, 11.5 ], "texture": "#texture" },
				"up": { "uv": [ 6.5, 11.5, 11, 11 ], "texture": "#texture" },
				"north": { "uv": [ 11, 11, 6.5, 11.5 ], "texture": "#texture" },
				"south": { "uv": [ 6.5, 11, 11, 11.5 ], "texture": "#texture" },
				"west": { "uv": [ 6.5, 11, 7, 11.5 ], "texture": "#texture" },
				"east": { "uv": [ 11, 11.5, 10.5, 11 ], "texture": "#texture", "rotation": 180 }
			}
		},
		{
			"__comment": "Cube18",
			"from": [ 7.5, 0, 2 ],
			"to": [ 12.5, 3, 3 ],
			"rotation": { "origin": [ 3.5, 26, 2.000001 ], "axis": "y", "angle": -45 },
			"faces": {
				"down": { "uv": [ 6.5, 15.5, 9, 16 ], "texture": "#texture" },
				"up": { "uv": [ 6.5, 15, 9, 14.5 ], "texture": "#texture" },
				"north": { "uv": [ 9, 14.5, 6.5, 16 ], "texture": "#texture" },
				"south": { "uv": [ 6.5, 14.5, 9, 16 ], "texture": "#texture" },
				"west": { "uv": [ 6.5, 14.5, 7, 16 ], "texture": "#texture" },
				"east": { "uv": [ 9, 16, 8.5, 14.5 ], "texture": "#texture", "rotation": 180 }
			}
		},
		{
			"__comment": "Cube19",
			"from": [ 8.5, 18, 2 ],
			"to": [ 15.5, 22, 3 ],
			"rotation": { "origin": [ 3.5, 26, 2.000001 ], "axis": "y", "angle": -45 },
			"faces": {
				"down": { "uv": [ 7, 6.5, 10.5, 7 ], "texture": "#texture" },
				"up": { "uv": [ 7, 5.5, 10.5, 5 ], "texture": "#texture" },
				"north": { "uv": [ 10.5, 5, 7, 7 ], "texture": "#texture" },
				"south": { "uv": [ 7, 5, 10.5, 7 ], "texture": "#texture" },
				"west": { "uv": [ 7, 5, 7.5, 7 ], "texture": "#texture" },
				"east": { "uv": [ 10.5, 7, 10, 5 ], "texture": "#texture", "rotation": 180 }
			}
		},
		{
			"__comment": "Cube20",
			"from": [ 9.5, 22, 2 ],
			"to": [ 16.5, 25, 3 ],
			"rotation": { "origin": [ 3.5, 26, 2.000001 ], "axis": "y", "angle": -45 },
			"faces": {
				"down": { "uv": [ 7.5, 4.5, 11, 5 ], "texture": "#texture" },
				"up": { "uv": [ 7.5, 4, 11, 3.5 ], "texture": "#texture" },
				"north": { "uv": [ 11, 3.5, 7.5, 5 ], "texture": "#texture" },
				"south": { "uv": [ 7.5, 3.5, 11, 5 ], "texture": "#texture" },
				"west": { "uv": [ 7.5, 3.5, 8, 5 ], "texture": "#texture" },
				"east": { "uv": [ 11, 5, 10.5, 3.5 ], "texture": "#texture", "rotation": 180 }
			}
		},
		{
			"__comment": "Cube21",
			"from": [ 10.5, 25, 2 ],
			"to": [ 15.5, 27, 3 ],
			"rotation": { "origin": [ 3.5, 26, 2.000001 ], "axis": "y", "angle": -45 },
			"faces": {
				"down": { "uv": [ 8, 3, 10.5, 3.5 ], "texture": "#texture" },
				"up": { "uv": [ 8, 3, 10.5, 2.5 ], "texture": "#texture" },
				"north": { "uv": [ 10.5, 2.5, 8, 3.5 ], "texture": "#texture" },
				"south": { "uv": [ 8, 2.5, 10.5, 3.5 ], "texture": "#texture" },
				"west": { "uv": [ 8, 2.5, 8.5, 3.5 ], "texture": "#texture" },
				"east": { "uv": [ 10.5, 3.5, 10, 2.5 ], "texture": "#texture", "rotation": 180 }
			}
		},
		{
			"__comment": "Cube22",
			"from": [ 11.5, 27, 2 ],
			"to": [ 14.5, 28, 3 ],
			"rotation": { "origin": [ 3.5, 26, 2.000001 ], "axis": "y", "angle": -45 },
			"faces": {
				"down": { "uv": [ 8.5, 2, 10, 2.5 ], "texture": "#texture" },
				"up": { "uv": [ 8.5, 2.5, 10, 2 ], "texture": "#texture" },
				"north": { "uv": [ 10, 2, 8.5, 2.5 ], "texture": "#texture" },
				"south": { "uv": [ 8.5, 2, 10, 2.5 ], "texture": "#texture" },
				"west": { "uv": [ 8.5, 2, 9, 2.5 ], "texture": "#texture" },
				"east": { "uv": [ 10, 2.5, 9.5, 2 ], "texture": "#texture", "rotation": 180 }
			}
		},
		{
			"__comment": "Cube23",
			"from": [ 12.5, 5, 2 ],
			"to": [ 16.5, 6, 3 ],
			"rotation": { "origin": [ 3.5, 26, 2.000001 ], "axis": "y", "angle": -45 },
			"faces": {
				"down": { "uv": [ 9, 13, 11, 13.5 ], "texture": "#texture" },
				"up": { "uv": [ 9, 13.5, 11, 13 ], "texture": "#texture" },
				"north": { "uv": [ 11, 13, 9, 13.5 ], "texture": "#texture" },
				"south": { "uv": [ 9, 13, 11, 13.5 ], "texture": "#texture" },
				"west": { "uv": [ 9, 13, 9.5, 13.5 ], "texture": "#texture" },
				"east": { "uv": [ 11, 13.5, 10.5, 13 ], "texture": "#texture", "rotation": 180 }
			}
		},
		{
			"__comment": "Cube24",
			"from": [ 14.5, 10, 2 ],
			"to": [ 15.5, 12, 3 ],
			"rotation": { "origin": [ 3.5, 26, 2.000001 ], "axis": "y", "angle": -45 },
			"faces": {
				"down": { "uv": [ 10, 10.5, 10.5, 11 ], "texture": "#texture" },
				"up": { "uv": [ 10, 10.5, 10.5, 10 ], "texture": "#texture" },
				"north": { "uv": [ 10.5, 10, 10, 11 ], "texture": "#texture" },
				"south": { "uv": [ 10, 10, 10.5, 11 ], "texture": "#texture" },
				"west": { "uv": [ 10, 10, 10.5, 11 ], "texture": "#texture" },
				"east": { "uv": [ 10.5, 11, 10, 10 ], "texture": "#texture", "rotation": 180 }
			}
		},
		{
			"__comment": "Cube25",
			"from": [ 14.5, 6, 2 ],
			"to": [ 17.5, 7, 3 ],
			"rotation": { "origin": [ 3.5, 26, 2.000001 ], "axis": "y", "angle": -45 },
			"faces": {
				"down": { "uv": [ 10, 12.5, 11.5, 13 ], "texture": "#texture" },
				"up": { "uv": [ 10, 13, 11.5, 12.5 ], "texture": "#texture" },
				"north": { "uv": [ 11.5, 12.5, 10, 13 ], "texture": "#texture" },
				"south": { "uv": [ 10, 12.5, 11.5, 13 ], "texture": "#texture" },
				"west": { "uv": [ 10, 12.5, 10.5, 13 ], "texture": "#texture" },
				"east": { "uv": [ 11.5, 13, 11, 12.5 ], "texture": "#texture", "rotation": 180 }
			}
		},
		{
			"__comment": "Cube26",
			"from": [ 15.5, 25, 2 ],
			"to": [ 16.5, 26, 3 ],
			"rotation": { "origin": [ 3.5, 26, 2.000001 ], "axis": "y", "angle": -45 },
			"faces": {
				"down": { "uv": [ 10.5, 3, 11, 3.5 ], "texture": "#texture" },
				"up": { "uv": [ 10.5, 3.5, 11, 3 ], "texture": "#texture" },
				"north": { "uv": [ 11, 3, 10.5, 3.5 ], "texture": "#texture" },
				"south": { "uv": [ 10.5, 3, 11, 3.5 ], "texture": "#texture" },
				"west": { "uv": [ 10.5, 3, 11, 3.5 ], "texture": "#texture" },
				"east": { "uv": [ 11, 3.5, 10.5, 3 ], "texture": "#texture", "rotation": 180 }
			}
		},
		{
			"__comment": "Cube27",
			"from": [ 15.5, 10, 2 ],
			"to": [ 17.5, 11, 3 ],
			"rotation": { "origin": [ 3.5, 26, 2.000001 ], "axis": "y", "angle": -45 },
			"faces": {
				"down": { "uv": [ 10.5, 10.5, 11.5, 11 ], "texture": "#texture" },
				"up": { "uv": [ 10.5, 11, 11.5, 10.5 ], "texture": "#texture" },
				"north": { "uv": [ 11.5, 10.5, 10.5, 11 ], "texture": "#texture" },
				"south": { "uv": [ 10.5, 10.5, 11.5, 11 ], "texture": "#texture" },
				"west": { "uv": [ 10.5, 10.5, 11, 11 ], "texture": "#texture" },
				"east": { "uv": [ 11.5, 11, 11, 10.5 ], "texture": "#texture", "rotation": 180 }
			}
		},
		{
			"__comment": "Cube1",
			"from": [ 10.5, 24, -4 ],
			"to": [ 11.5, 26, 2 ],
			"rotation": { "origin": [ 3.5, 26, 2.000001 ], "axis": "y", "angle": -45 },
			"faces": {
				"down": { "uv": [ 4.5, 3.5, 7.5, 4 ], "texture": "#texture", "rotation": 270 },
				"up": { "uv": [ 4.5, 3.5, 7.5, 3 ], "texture": "#texture", "rotation": 90 },
				"north": { "uv": [ 4.5, 3, 5, 4 ], "texture": "#texture" },
				"south": { "uv": [ 7.5, 4, 7, 3 ], "texture": "#texture", "rotation": 180 },
				"west": { "uv": [ 4.5, 3, 7.5, 4 ], "texture": "#texture" },
				"east": { "uv": [ 7.5, 3, 4.5, 4 ], "texture": "#texture" }
			}
		},
		{
			"__comment": "Cube2",
			"from": [ 10.5, 19, -4 ],
			"to": [ 11.5, 21, 10 ],
			"rotation": { "origin": [ 3.5, 26, 2.000001 ], "axis": "y", "angle": -45 },
			"faces": {
				"down": { "uv": [ 4.5, 6, 11.5, 6.5 ], "texture": "#texture", "rotation": 270 },
				"up": { "uv": [ 4.5, 6, 11.5, 5.5 ], "texture": "#texture", "rotation": 90 },
				"north": { "uv": [ 4.5, 5.5, 5, 6.5 ], "texture": "#texture" },
				"south": { "uv": [ 11.5, 6.5, 11, 5.5 ], "texture": "#texture", "rotation": 180 },
				"west": { "uv": [ 4.5, 5.5, 11.5, 6.5 ], "texture": "#texture" },
				"east": { "uv": [ 11.5, 5.5, 4.5, 6.5 ], "texture": "#texture" }
			}
		},
		{
			"__comment": "Cube3",
			"from": [ 10.5, 13, -4 ],
			"to": [ 11.5, 15, -2 ],
			"rotation": { "origin": [ 3.5, 26, 2.000001 ], "axis": "y", "angle": -45 },
			"faces": {
				"down": { "uv": [ 4.5, 9, 5.5, 9.5 ], "texture": "#texture", "rotation": 270 },
				"up": { "uv": [ 4.5, 9, 5.5, 8.5 ], "texture": "#texture", "rotation": 90 },
				"north": { "uv": [ 4.5, 8.5, 5, 9.5 ], "texture": "#texture" },
				"south": { "uv": [ 5.5, 9.5, 5, 8.5 ], "texture": "#texture", "rotation": 180 },
				"west": { "uv": [ 4.5, 8.5, 5.5, 9.5 ], "texture": "#texture" },
				"east": { "uv": [ 5.5, 8.5, 4.5, 9.5 ], "texture": "#texture" }
			}
		},
		{
			"__comment": "Cube4",
			"from": [ 10.5, 9, -4 ],
			"to": [ 11.5, 10, -1 ],
			"rotation": { "origin": [ 3.5, 26, 2.000001 ], "axis": "y", "angle": -45 },
			"faces": {
				"down": { "uv": [ 4.5, 11, 6, 11.5 ], "texture": "#texture", "rotation": 270 },
				"up": { "uv": [ 4.5, 11.5, 6, 11 ], "texture": "#texture", "rotation": 90 },
				"north": { "uv": [ 4.5, 11, 5, 11.5 ], "texture": "#texture" },
				"south": { "uv": [ 6, 11.5, 5.5, 11 ], "texture": "#texture", "rotation": 180 },
				"west": { "uv": [ 4.5, 11, 6, 11.5 ], "texture": "#texture" },
				"east": { "uv": [ 6, 11, 4.5, 11.5 ], "texture": "#texture" }
			}
		},
		{
			"__comment": "Cube5",
			"from": [ 10.5, 5, -4 ],
			"to": [ 11.5, 7, 5 ],
			"rotation": { "origin": [ 3.5, 26, 2.000001 ], "axis": "y", "angle": -45 },
			"faces": {
				"down": { "uv": [ 4.5, 13, 9, 13.5 ], "texture": "#texture", "rotation": 270 },
				"up": { "uv": [ 4.5, 13, 9, 12.5 ], "texture": "#texture", "rotation": 90 },
				"north": { "uv": [ 4.5, 12.5, 5, 13.5 ], "texture": "#texture" },
				"south": { "uv": [ 9, 13.5, 8.5, 12.5 ], "texture": "#texture", "rotation": 180 },
				"west": { "uv": [ 4.5, 12.5, 9, 13.5 ], "texture": "#texture" },
				"east": { "uv": [ 9, 12.5, 4.5, 13.5 ], "texture": "#texture" }
			}
		},
		{
			"__comment": "Cube6",
			"from": [ 10.5, 22, -3 ],
			"to": [ 11.5, 27, 2 ],
			"rotation": { "origin": [ 3.5, 26, 2.000001 ], "axis": "y", "angle": -45 },
			"faces": {
				"down": { "uv": [ 5, 4.5, 7.5, 5 ], "texture": "#texture", "rotation": 270 },
				"up": { "uv": [ 5, 3, 7.5, 2.5 ], "texture": "#texture", "rotation": 90 },
				"north": { "uv": [ 5, 2.5, 5.5, 5 ], "texture": "#texture" },
				"south": { "uv": [ 7.5, 5, 7, 2.5 ], "texture": "#texture", "rotation": 180 },
				"west": { "uv": [ 5, 2.5, 7.5, 5 ], "texture": "#texture" },
				"east": { "uv": [ 7.5, 2.5, 5, 5 ], "texture": "#texture" }
			}
		},
		{
			"__comment": "Cube7",
			"from": [ 10.5, 8, -3 ],
			"to": [ 11.5, 9, 7 ],
			"rotation": { "origin": [ 3.5, 26, 2.000001 ], "axis": "y", "angle": -45 },
			"faces": {
				"down": { "uv": [ 5, 11.5, 10, 12 ], "texture": "#texture", "rotation": 270 },
				"up": { "uv": [ 5, 12, 10, 11.5 ], "texture": "#texture", "rotation": 90 },
				"north": { "uv": [ 5, 11.5, 5.5, 12 ], "texture": "#texture" },
				"south": { "uv": [ 10, 12, 9.5, 11.5 ], "texture": "#texture", "rotation": 180 },
				"west": { "uv": [ 5, 11.5, 10, 12 ], "texture": "#texture" },
				"east": { "uv": [ 10, 11.5, 5, 12 ], "texture": "#texture" }
			}
		},
		{
			"__comment": "Cube8",
			"from": [ 10.5, 18, -2 ],
			"to": [ 11.5, 28, 1 ],
			"rotation": { "origin": [ 3.5, 26, 2.000001 ], "axis": "y", "angle": -45 },
			"faces": {
				"down": { "uv": [ 5.5, 6.5, 7, 7 ], "texture": "#texture", "rotation": 270 },
				"up": { "uv": [ 5.5, 2.5, 7, 2 ], "texture": "#texture", "rotation": 90 },
				"north": { "uv": [ 5.5, 2, 6, 7 ], "texture": "#texture" },
				"south": { "uv": [ 7, 7, 6.5, 2 ], "texture": "#texture", "rotation": 180 },
				"west": { "uv": [ 5.5, 2, 7, 7 ], "texture": "#texture" },
				"east": { "uv": [ 7, 2, 5.5, 7 ], "texture": "#texture" }
			}
		},
		{
			"__comment": "Cube9",
			"from": [ 10.5, 11, -2 ],
			"to": [ 11.5, 14, 7 ],
			"rotation": { "origin": [ 3.5, 26, 2.000001 ], "axis": "y", "angle": -45 },
			"faces": {
				"down": { "uv": [ 5.5, 10, 10, 10.5 ], "texture": "#texture", "rotation": 270 },
				"up": { "uv": [ 5.5, 9.5, 10, 9 ], "texture": "#texture", "rotation": 90 },
				"north": { "uv": [ 5.5, 9, 6, 10.5 ], "texture": "#texture" },
				"south": { "uv": [ 10, 10.5, 9.5, 9 ], "texture": "#texture", "rotation": 180 },
				"west": { "uv": [ 5.5, 9, 10, 10.5 ], "texture": "#texture" },
				"east": { "uv": [ 10, 9, 5.5, 10.5 ], "texture": "#texture" }
			}
		},
		{
			"__comment": "Cube10",
			"from": [ 10.5, 7, -2 ],
			"to": [ 11.5, 8, 7 ],
			"rotation": { "origin": [ 3.5, 26, 2.000001 ], "axis": "y", "angle": -45 },
			"faces": {
				"down": { "uv": [ 5.5, 12, 10, 12.5 ], "texture": "#texture", "rotation": 270 },
				"up": { "uv": [ 5.5, 12.5, 10, 12 ], "texture": "#texture", "rotation": 90 },
				"north": { "uv": [ 5.5, 12, 6, 12.5 ], "texture": "#texture" },
				"south": { "uv": [ 10, 12.5, 9.5, 12 ], "texture": "#texture", "rotation": 180 },
				"west": { "uv": [ 5.5, 12, 10, 12.5 ], "texture": "#texture" },
				"east": { "uv": [ 10, 12, 5.5, 12.5 ], "texture": "#texture" }
			}
		},
		{
			"__comment": "Cube11",
			"from": [ 10.5, 4, -2 ],
			"to": [ 11.5, 5, 8 ],
			"rotation": { "origin": [ 3.5, 26, 2.000001 ], "axis": "y", "angle": -45 },
			"faces": {
				"down": { "uv": [ 5.5, 13.5, 10.5, 14 ], "texture": "#texture", "rotation": 270 },
				"up": { "uv": [ 5.5, 14, 10.5, 13.5 ], "texture": "#texture", "rotation": 90 },
				"north": { "uv": [ 5.5, 13.5, 6, 14 ], "texture": "#texture" },
				"south": { "uv": [ 10.5, 14, 10, 13.5 ], "texture": "#texture", "rotation": 180 },
				"west": { "uv": [ 5.5, 13.5, 10.5, 14 ], "texture": "#texture" },
				"east": { "uv": [ 10.5, 13.5, 5.5, 14 ], "texture": "#texture" }
			}
		},
		{
			"__comment": "Cube12",
			"from": [ 10.5, 17, -1 ],
			"to": [ 11.5, 18, 8 ],
			"rotation": { "origin": [ 3.5, 26, 2.000001 ], "axis": "y", "angle": -45 },
			"faces": {
				"down": { "uv": [ 6, 7, 10.5, 7.5 ], "texture": "#texture", "rotation": 270 },
				"up": { "uv": [ 6, 7.5, 10.5, 7 ], "texture": "#texture", "rotation": 90 },
				"north": { "uv": [ 6, 7, 6.5, 7.5 ], "texture": "#texture" },
				"south": { "uv": [ 10.5, 7.5, 10, 7 ], "texture": "#texture", "rotation": 180 },
				"west": { "uv": [ 6, 7, 10.5, 7.5 ], "texture": "#texture" },
				"east": { "uv": [ 10.5, 7, 6, 7.5 ], "texture": "#texture" }
			}
		},
		{
			"__comment": "Cube13",
			"from": [ 10.5, 15, -1 ],
			"to": [ 11.5, 16, 8 ],
			"rotation": { "origin": [ 3.5, 26, 2.000001 ], "axis": "y", "angle": -45 },
			"faces": {
				"down": { "uv": [ 6, 8, 10.5, 8.5 ], "texture": "#texture", "rotation": 270 },
				"up": { "uv": [ 6, 8.5, 10.5, 8 ], "texture": "#texture", "rotation": 90 },
				"north": { "uv": [ 6, 8, 6.5, 8.5 ], "texture": "#texture" },
				"south": { "uv": [ 10.5, 8.5, 10, 8 ], "texture": "#texture", "rotation": 180 },
				"west": { "uv": [ 6, 8, 10.5, 8.5 ], "texture": "#texture" },
				"east": { "uv": [ 10.5, 8, 6, 8.5 ], "texture": "#texture" }
			}
		},
		{
			"__comment": "Cube14",
			"from": [ 10.5, 10, -1 ],
			"to": [ 11.5, 15, 7 ],
			"rotation": { "origin": [ 3.5, 26, 2.000001 ], "axis": "y", "angle": -45 },
			"faces": {
				"down": { "uv": [ 6, 10.5, 10, 11 ], "texture": "#texture", "rotation": 270 },
				"up": { "uv": [ 6, 9, 10, 8.5 ], "texture": "#texture", "rotation": 90 },
				"north": { "uv": [ 6, 8.5, 6.5, 11 ], "texture": "#texture" },
				"south": { "uv": [ 10, 11, 9.5, 8.5 ], "texture": "#texture", "rotation": 180 },
				"west": { "uv": [ 6, 8.5, 10, 11 ], "texture": "#texture" },
				"east": { "uv": [ 10, 8.5, 6, 11 ], "texture": "#texture" }
			}
		},
		{
			"__comment": "Cube15",
			"from": [ 10.5, 3, -1 ],
			"to": [ 11.5, 4, 6 ],
			"rotation": { "origin": [ 3.5, 26, 2.000001 ], "axis": "y", "angle": -45 },
			"faces": {
				"down": { "uv": [ 6, 14, 9.5, 14.5 ], "texture": "#texture", "rotation": 270 },
				"up": { "uv": [ 6, 14.5, 9.5, 14 ], "texture": "#texture", "rotation": 90 },
				"north": { "uv": [ 6, 14, 6.5, 14.5 ], "texture": "#texture" },
				"south": { "uv": [ 9.5, 14.5, 9, 14 ], "texture": "#texture", "rotation": 180 },
				"west": { "uv": [ 6, 14, 9.5, 14.5 ], "texture": "#texture" },
				"east": { "uv": [ 9.5, 14, 6, 14.5 ], "texture": "#texture" }
			}
		},
		{
			"__comment": "Cube16",
			"from": [ 10.5, 16, 0 ],
			"to": [ 11.5, 17, 8 ],
			"rotation": { "origin": [ 3.5, 26, 2.000001 ], "axis": "y", "angle": -45 },
			"faces": {
				"down": { "uv": [ 6.5, 7.5, 10.5, 8 ], "texture": "#texture", "rotation": 270 },
				"up": { "uv": [ 6.5, 8, 10.5, 7.5 ], "texture": "#texture", "rotation": 90 },
				"north": { "uv": [ 6.5, 7.5, 7, 8 ], "texture": "#texture" },
				"south": { "uv": [ 10.5, 8, 10, 7.5 ], "texture": "#texture", "rotation": 180 },
				"west": { "uv": [ 6.5, 7.5, 10.5, 8 ], "texture": "#texture" },
				"east": { "uv": [ 10.5, 7.5, 6.5, 8 ], "texture": "#texture" }
			}
		},
		{
			"__comment": "Cube17",
			"from": [ 10.5, 9, 0 ],
			"to": [ 11.5, 10, 9 ],
			"rotation": { "origin": [ 3.5, 26, 2.000001 ], "axis": "y", "angle": -45 },
			"faces": {
				"down": { "uv": [ 6.5, 11, 11, 11.5 ], "texture": "#texture", "rotation": 270 },
				"up": { "uv": [ 6.5, 11.5, 11, 11 ], "texture": "#texture", "rotation": 90 },
				"north": { "uv": [ 6.5, 11, 7, 11.5 ], "texture": "#texture" },
				"south": { "uv": [ 11, 11.5, 10.5, 11 ], "texture": "#texture", "rotation": 180 },
				"west": { "uv": [ 6.5, 11, 11, 11.5 ], "texture": "#texture" },
				"east": { "uv": [ 11, 11, 6.5, 11.5 ], "texture": "#texture" }
			}
		},
		{
			"__comment": "Cube18",
			"from": [ 10.5, 0, 0 ],
			"to": [ 11.5, 3, 5 ],
			"rotation": { "origin": [ 3.5, 26, 2.000001 ], "axis": "y", "angle": -45 },
			"faces": {
				"down": { "uv": [ 6.5, 15.5, 9, 16 ], "texture": "#texture", "rotation": 270 },
				"up": { "uv": [ 6.5, 15, 9, 14.5 ], "texture": "#texture", "rotation": 90 },
				"north": { "uv": [ 6.5, 14.5, 7, 16 ], "texture": "#texture" },
				"south": { "uv": [ 9, 16, 8.5, 14.5 ], "texture": "#texture", "rotation": 180 },
				"west": { "uv": [ 6.5, 14.5, 9, 16 ], "texture": "#texture" },
				"east": { "uv": [ 9, 14.5, 6.5, 16 ], "texture": "#texture" }
			}
		},
		{
			"__comment": "Cube19",
			"from": [ 10.5, 18, 1 ],
			"to": [ 11.5, 22, 8 ],
			"rotation": { "origin": [ 3.5, 26, 2.000001 ], "axis": "y", "angle": -45 },
			"faces": {
				"down": { "uv": [ 7, 6.5, 10.5, 7 ], "texture": "#texture", "rotation": 270 },
				"up": { "uv": [ 7, 5.5, 10.5, 5 ], "texture": "#texture", "rotation": 90 },
				"north": { "uv": [ 7, 5, 7.5, 7 ], "texture": "#texture" },
				"south": { "uv": [ 10.5, 7, 10, 5 ], "texture": "#texture", "rotation": 180 },
				"west": { "uv": [ 7, 5, 10.5, 7 ], "texture": "#texture" },
				"east": { "uv": [ 10.5, 5, 7, 7 ], "texture": "#texture" }
			}
		},
		{
			"__comment": "Cube20",
			"from": [ 10.5, 22, 2 ],
			"to": [ 11.5, 25, 9 ],
			"rotation": { "origin": [ 3.5, 26, 2.000001 ], "axis": "y", "angle": -45 },
			"faces": {
				"down": { "uv": [ 7.5, 4.5, 11, 5 ], "texture": "#texture", "rotation": 270 },
				"up": { "uv": [ 7.5, 4, 11, 3.5 ], "texture": "#texture", "rotation": 90 },
				"north": { "uv": [ 7.5, 3.5, 8, 5 ], "texture": "#texture" },
				"south": { "uv": [ 11, 5, 10.5, 3.5 ], "texture": "#texture", "rotation": 180 },
				"west": { "uv": [ 7.5, 3.5, 11, 5 ], "texture": "#texture" },
				"east": { "uv": [ 11, 3.5, 7.5, 5 ], "texture": "#texture" }
			}
		},
		{
			"__comment": "Cube21",
			"from": [ 10.5, 25, 3 ],
			"to": [ 11.5, 27, 8 ],
			"rotation": { "origin": [ 3.5, 26, 2.000001 ], "axis": "y", "angle": -45 },
			"faces": {
				"down": { "uv": [ 8, 3, 10.5, 3.5 ], "texture": "#texture", "rotation": 270 },
				"up": { "uv": [ 8, 3, 10.5, 2.5 ], "texture": "#texture", "rotation": 90 },
				"north": { "uv": [ 8, 2.5, 8.5, 3.5 ], "texture": "#texture" },
				"south": { "uv": [ 10.5, 3.5, 10, 2.5 ], "texture": "#texture", "rotation": 180 },
				"west": { "uv": [ 8, 2.5, 10.5, 3.5 ], "texture": "#texture" },
				"east": { "uv": [ 10.5, 2.5, 8, 3.5 ], "texture": "#texture" }
			}
		},
		{
			"__comment": "Cube22",
			"from": [ 10.5, 27, 4 ],
			"to": [ 11.5, 28, 7 ],
			"rotation": { "origin": [ 3.5, 26, 2.000001 ], "axis": "y", "angle": -45 },
			"faces": {
				"down": { "uv": [ 8.5, 2, 10, 2.5 ], "texture": "#texture", "rotation": 270 },
				"up": { "uv": [ 8.5, 2.5, 10, 2 ], "texture": "#texture", "rotation": 90 },
				"north": { "uv": [ 8.5, 2, 9, 2.5 ], "texture": "#texture" },
				"south": { "uv": [ 10, 2.5, 9.5, 2 ], "texture": "#texture", "rotation": 180 },
				"west": { "uv": [ 8.5, 2, 10, 2.5 ], "texture": "#texture" },
				"east": { "uv": [ 10, 2, 8.5, 2.5 ], "texture": "#texture" }
			}
		},
		{
			"__comment": "Cube23",
			"from": [ 10.5, 5, 5 ],
			"to": [ 11.5, 6, 9 ],
			"rotation": { "origin": [ 3.5, 26, 2.000001 ], "axis": "y", "angle": -45 },
			"faces": {
				"down": { "uv": [ 9, 13, 11, 13.5 ], "texture": "#texture", "rotation": 270 },
				"up": { "uv": [ 9, 13.5, 11, 13 ], "texture": "#texture", "rotation": 90 },
				"north": { "uv": [ 9, 13, 9.5, 13.5 ], "texture": "#texture" },
				"south": { "uv": [ 11, 13.5, 10.5, 13 ], "texture": "#texture", "rotation": 180 },
				"west": { "uv": [ 9, 13, 11, 13.5 ], "texture": "#texture" },
				"east": { "uv": [ 11, 13, 9, 13.5 ], "texture": "#texture" }
			}
		},
		{
			"__comment": "Cube24",
			"from": [ 10.5, 10, 7 ],
			"to": [ 11.5, 12, 8 ],
			"rotation": { "origin": [ 3.5, 26, 2.000001 ], "axis": "y", "angle": -45 },
			"faces": {
				"down": { "uv": [ 10, 10.5, 10.5, 11 ], "texture": "#texture", "rotation": 270 },
				"up": { "uv": [ 10, 10.5, 10.5, 10 ], "texture": "#texture", "rotation": 90 },
				"north": { "uv": [ 10, 10, 10.5, 11 ], "texture": "#texture" },
				"south": { "uv": [ 10.5, 11, 10, 10 ], "texture": "#texture", "rotation": 180 },
				"west": { "uv": [ 10, 10, 10.5, 11 ], "texture": "#texture" },
				"east": { "uv": [ 10.5, 10, 10, 11 ], "texture": "#texture" }
			}
		},
		{
			"__comment": "Cube25",
			"from": [ 10.5, 6, 7 ],
			"to": [ 11.5, 7, 10 ],
			"rotation": { "origin": [ 3.5, 26, 2.000001 ], "axis": "y", "angle": -45 },
			"faces": {
				"down": { "uv": [ 10, 12.5, 11.5, 13 ], "texture": "#texture", "rotation": 270 },
				"up": { "uv": [ 10, 13, 11.5, 12.5 ], "texture": "#texture", "rotation": 90 },
				"north": { "uv": [ 10, 12.5, 10.5, 13 ], "texture": "#texture" },
				"south": { "uv": [ 11.5, 13, 11, 12.5 ], "texture": "#texture", "rotation": 180 },
				"west": { "uv": [ 10, 12.5, 11.5, 13 ], "texture": "#texture" },
				"east": { "uv": [ 11.5, 12.5, 10, 13 ], "texture": "#texture" }
			}
		},
		{
			"__comment": "Cube26",
			"from": [ 10.5, 25, 8 ],
			"to": [ 11.5, 26, 9 ],
			"rotation": { "origin": [ 3.5, 26, 2.000001 ], "axis": "y", "angle": -45 },
			"faces": {
				"down": { "uv": [ 10.5, 3, 11, 3.5 ], "texture": "#texture", "rotation": 270 },
				"up": { "uv": [ 10.5, 3.5, 11, 3 ], "texture": "#texture", "rotation": 90 },
				"north": { "uv": [ 10.5, 3, 11, 3.5 ], "texture": "#texture" },
				"south": { "uv": [ 11, 3.5, 10.5, 3 ], "texture": "#texture", "rotation": 180 },
				"west": { "uv": [ 10.5, 3, 11, 3.5 ], "texture": "#texture" },
				"east": { "uv": [ 11, 3, 10.5, 3.5 ], "texture": "#texture" }
			}
		},
		{
			"__comment": "Cube27",
			"from": [ 10.5, 10, 8 ],
			"to": [ 11.5, 11, 10 ],
			"rotation": { "origin": [ 3.5, 26, 2.000001 ], "axis": "y", "angle": -45 },
			"faces": {
				"down": { "uv": [ 10.5, 10.5, 11.5, 11 ], "texture": "#texture", "rotation": 270 },
				"up": { "uv": [ 10.5, 11, 11.5, 10.5 ], "texture": "#texture", "rotation": 90 },
				"north": { "uv": [ 10.5, 10.5, 11, 11 ], "texture": "#texture" },
				"south": { "uv": [ 11.5, 11, 11, 10.5 ], "texture": "#texture", "rotation": 180 },
				"west": { "uv": [ 10.5, 10.5, 11.5, 11 ], "texture": "#texture" },
				"east": { "uv": [ 11.5, 10.5, 10.5, 11 ], "texture": "#texture" }
			}
		}
	],
	"display": {
		"thirdperson_righthand": {
			"rotation":  [ 0, 45, 0 ],
			"scale":  [ 0.375, 0.375, 0.375 ]
		},
		"thirdperson_lefthand": {
			"rotation":  [ 0, 45, 0 ],
			"scale":  [ 0.375, 0.375, 0.375 ]
		},
		"firstperson_righthand": {
			"rotation":  [ 0, 45, 0 ],
			"scale":  [ 0.4, 0.4, 0.4 ]
		},
		"firstperson_lefthand": {
			"rotation":  [ 0, 45, 0 ],
			"scale":  [ 0.4, 0.4, 0.4 ]
		},
		"gui": {
			"rotation":  [ 25, 0, 0 ],
			"translation":  [ 0, -3, 0 ],
			"scale":  [ 0.5, 0.5, 0.5 ]
		},
		"ground": {
			"translation":  [ 0, 2, 0 ],
			"scale":  [ 0.25, 0.25, 0.25 ]
		}
	}
}