{
"ambientocclusion": false,
"textures": {
    "particle": "blocks/fern",
    "texture": "blocks/fern"
},
"elements": [ 
{
    "from": [ 8, 0, 7 ],
    "to": [ 9, 3, 9 ],
    "rotation": { "origin": [ 8.0, 8.0, 8.0 ], "axis": "y", "angle": 45.0 },
    "faces": {
        "down":  { "uv": [ 7, 14, 8, 16 ], "texture": "#texture", "tintindex": 0 },
        "north": { "uv": [ 7, 13, 8, 16 ], "texture": "#texture", "tintindex": 0 },
        "south": { "uv": [ 8, 13, 9, 16 ], "texture": "#texture", "tintindex": 0 },
        "west":  { "uv": [ 7, 13, 9, 16 ], "texture": "#texture", "tintindex": 0 },
        "east":  { "uv": [ 7, 13, 9, 16 ], "texture": "#texture", "tintindex": 0 }
    }
},
{
    "from": [ 8, 3, 4 ],
    "to": [ 9, 5, 12 ],
    "rotation": { "origin": [ 8.0, 8.0, 8.0 ], "axis": "y", "angle": 45.0 },
    "faces": {
        "down":  { "uv": [ 7, 5, 8, 13 ], "texture": "#texture", "tintindex": 0 },
        "up":    { "uv": [ 7, 5, 8, 13 ], "texture": "#texture", "tintindex": 0 },
        "north": { "uv": [ 4, 11, 5, 13 ], "texture": "#texture", "tintindex": 0 },
        "south": { "uv": [ 11, 11, 12, 13 ], "texture": "#texture", "tintindex": 0 },
        "west":  { "uv": [ 4, 11, 12, 13 ], "texture": "#texture", "tintindex": 0 },
        "east":  { "uv": [ 4, 11, 12, 13 ], "texture": "#texture", "tintindex": 0 }
    }
},
{
    "from": [ 8, 5, 5 ],
    "to": [ 9, 10, 11 ],
    "rotation": { "origin": [ 8.0, 8.0, 8.0 ], "axis": "y", "angle": 45.0 },
    "faces": {
        "up":    { "uv": [ 7, 5, 8, 11 ], "texture": "#texture", "tintindex": 0 },
        "north": { "uv": [ 5, 6, 6, 11 ], "texture": "#texture", "tintindex": 0 },
        "south": { "uv": [ 10, 6, 11, 11 ], "texture": "#texture", "tintindex": 0 },
        "west":  { "uv": [ 5, 6, 11, 11 ], "texture": "#texture", "tintindex": 0 },
        "east":  { "uv": [ 5, 6, 11, 11 ], "texture": "#texture", "tintindex": 0 }
    }
},
{
    "from": [ 8, 10, 5 ],
    "to": [ 9, 12, 10 ],
    "rotation": { "origin": [ 8.0, 8.0, 8.0 ], "axis": "y", "angle": 45.0 },
    "faces": {
        "up":    { "uv": [ 7, 5, 8, 10 ], "texture": "#texture", "tintindex": 0 },
        "north": { "uv": [ 5, 4, 6, 6 ], "texture": "#texture", "tintindex": 0 },
        "south": { "uv": [ 9, 4, 10, 6 ], "texture": "#texture", "tintindex": 0 },
        "west":  { "uv": [ 5, 4, 10, 6 ], "texture": "#texture", "tintindex": 0 },
        "east":  { "uv": [ 5, 4, 10, 6 ], "texture": "#texture", "tintindex": 0 }
    }
},
{
    "from": [ 8, 12, 6 ],
    "to": [ 9, 14, 9 ],
    "rotation": { "origin": [ 8.0, 8.0, 8.0 ], "axis": "y", "angle": 45.0 },
    "faces": {
        "up":    { "uv": [ 7, 6, 8, 9 ], "texture": "#texture", "tintindex": 0 },
        "north": { "uv": [ 6, 2, 7, 4 ], "texture": "#texture", "tintindex": 0 },
        "south": { "uv": [ 8, 2, 9, 4 ], "texture": "#texture", "tintindex": 0 },
        "west":  { "uv": [ 6, 2, 9, 4 ], "texture": "#texture", "tintindex": 0 },
        "east":  { "uv": [ 6, 2, 9, 4 ], "texture": "#texture", "tintindex": 0 }
    }
},
{
    "from": [ 8, 14, 7 ],
    "to": [ 9, 15, 8 ],
    "rotation": { "origin": [ 8.0, 8.0, 8.0 ], "axis": "y", "angle": 45.0 },
    "faces": {
        "up":    { "uv": [ 7, 1, 8, 2 ], "texture": "#texture", "tintindex": 0 },
        "north": { "uv": [ 7, 1, 8, 2 ], "texture": "#texture", "tintindex": 0 },
        "south": { "uv": [ 7, 1, 8, 2 ], "texture": "#texture", "tintindex": 0 },
        "west":  { "uv": [ 7, 1, 8, 2 ], "texture": "#texture", "tintindex": 0 },
        "east":  { "uv": [ 7, 1, 8, 2 ], "texture": "#texture", "tintindex": 0 }
    }
},
{
    "from": [ 8, 13, 9 ],
    "to": [ 9, 14, 10 ],
    "rotation": { "origin": [ 8.0, 8.0, 8.0 ], "axis": "y", "angle": 45.0 },
    "faces": {
        "down":  { "uv": [ 9, 2, 10, 3 ], "texture": "#texture", "tintindex": 0 },
        "up":    { "uv": [ 9, 2, 10, 3 ], "texture": "#texture", "tintindex": 0 },
        "south": { "uv": [ 9, 2, 10, 3 ], "texture": "#texture", "tintindex": 0 },
        "west":  { "uv": [ 9, 2, 10, 3 ], "texture": "#texture", "tintindex": 0 },
        "east":  { "uv": [ 9, 2, 10, 3 ], "texture": "#texture", "tintindex": 0 }
    }
},
{
    "from": [ 8, 10, 4 ],
    "to": [ 9, 11, 5 ],
    "rotation": { "origin": [ 8.0, 8.0, 8.0 ], "axis": "y", "angle": 45.0 },
    "faces": {
        "down":  { "uv": [ 4, 5, 5, 6 ], "texture": "#texture", "tintindex": 0 },
        "up":    { "uv": [ 4, 5, 5, 6 ], "texture": "#texture", "tintindex": 0 },
        "north": { "uv": [ 4, 5, 5, 6 ], "texture": "#texture", "tintindex": 0 },
        "west":  { "uv": [ 4, 5, 5, 6 ], "texture": "#texture", "tintindex": 0 },
        "east":  { "uv": [ 4, 5, 5, 6 ], "texture": "#texture", "tintindex": 0 }
    }
},
{
    "from": [ 8, 6, 4 ],
    "to": [ 9, 9, 5 ],
    "rotation": { "origin": [ 8.0, 8.0, 8.0 ], "axis": "y", "angle": 45.0 },
    "faces": {
        "down":  { "uv": [ 4, 9, 5, 10 ], "texture": "#texture", "tintindex": 0 },
        "up":    { "uv": [ 4, 7, 5, 8 ], "texture": "#texture", "tintindex": 0 },
        "north": { "uv": [ 4, 7, 5, 10 ], "texture": "#texture", "tintindex": 0 },
        "west":  { "uv": [ 4, 7, 5, 10 ], "texture": "#texture", "tintindex": 0 },
        "east":  { "uv": [ 4, 7, 5, 10 ], "texture": "#texture", "tintindex": 0 }
    }
},
{
    "from": [ 8, 6, 3 ],
    "to": [ 9, 7, 4 ],
    "rotation": { "origin": [ 8.0, 8.0, 8.0 ], "axis": "y", "angle": 45.0 },
    "faces": {
        "down":  { "uv": [ 3, 9, 4, 10 ], "texture": "#texture", "tintindex": 0 },
        "up":    { "uv": [ 3, 9, 4, 10 ], "texture": "#texture", "tintindex": 0 },
        "north": { "uv": [ 3, 9, 4, 10 ], "texture": "#texture", "tintindex": 0 },
        "west":  { "uv": [ 3, 9, 4, 10 ], "texture": "#texture", "tintindex": 0 },
        "east":  { "uv": [ 3, 9, 4, 10 ], "texture": "#texture", "tintindex": 0 }
    }
},
{
    "from": [ 8, 6, 11 ],
    "to": [ 9, 7, 12 ],
    "rotation": { "origin": [ 8.0, 8.0, 8.0 ], "axis": "y", "angle": 45.0 },
    "faces": {
        "down":  { "uv": [ 11, 9, 12, 10 ], "texture": "#texture", "tintindex": 0 },
        "up":    { "uv": [ 11, 9, 12, 10 ], "texture": "#texture", "tintindex": 0 },
        "south": { "uv": [ 11, 9, 12, 10 ], "texture": "#texture", "tintindex": 0 },
        "west":  { "uv": [ 11, 9, 12, 10 ], "texture": "#texture", "tintindex": 0 },
        "east":  { "uv": [ 11, 9, 12, 10 ], "texture": "#texture", "tintindex": 0 }
    }
},
{
    "from": [ 8, 4, 3 ],
    "to": [ 9, 5, 4 ],
    "rotation": { "origin": [ 8.0, 8.0, 8.0 ], "axis": "y", "angle": 45.0 },
    "faces": {
        "down":  { "uv": [ 3, 11, 4, 12 ], "texture": "#texture", "tintindex": 0 },
        "up":    { "uv": [ 3, 11, 4, 12 ], "texture": "#texture", "tintindex": 0 },
        "north": { "uv": [ 3, 11, 4, 12 ], "texture": "#texture", "tintindex": 0 },
        "west":  { "uv": [ 3, 11, 4, 12 ], "texture": "#texture", "tintindex": 0 },
        "east":  { "uv": [ 3, 11, 4, 12 ], "texture": "#texture", "tintindex": 0 }
    }
},
{
    "from": [ 8, 2, 3 ],
    "to": [ 9, 3, 4 ],
    "rotation": { "origin": [ 8.0, 8.0, 8.0 ], "axis": "y", "angle": 45.0 },
    "faces": {
        "down":  { "uv": [ 3, 13, 4, 14 ], "texture": "#texture", "tintindex": 0 },
        "up":    { "uv": [ 3, 13, 4, 14 ], "texture": "#texture", "tintindex": 0 },
        "north": { "uv": [ 3, 13, 4, 14 ], "texture": "#texture", "tintindex": 0 },
        "south": { "uv": [ 3, 13, 4, 14 ], "texture": "#texture", "tintindex": 0 },
        "west":  { "uv": [ 3, 13, 4, 14 ], "texture": "#texture", "tintindex": 0 },
        "east":  { "uv": [ 3, 13, 4, 14 ], "texture": "#texture", "tintindex": 0 }
    }
},
{
    "from": [ 8, 2, 12 ],
    "to": [ 9, 3, 13 ],
    "rotation": { "origin": [ 8.0, 8.0, 8.0 ], "axis": "y", "angle": 45.0 },
    "faces": {
        "down":  { "uv": [ 12, 13, 13, 14 ], "texture": "#texture", "tintindex": 0 },
        "up":    { "uv": [ 12, 13, 13, 14 ], "texture": "#texture", "tintindex": 0 },
        "north": { "uv": [ 12, 13, 13, 14 ], "texture": "#texture", "tintindex": 0 },
        "south": { "uv": [ 12, 13, 13, 14 ], "texture": "#texture", "tintindex": 0 },
        "west":  { "uv": [ 12, 13, 13, 14 ], "texture": "#texture", "tintindex": 0 },
        "east":  { "uv": [ 12, 13, 13, 14 ], "texture": "#texture", "tintindex": 0 }
    }
},
{
    "from": [ 7, 0, 7 ],
    "to": [ 9, 3, 8 ],
    "rotation": { "origin": [ 8.0, 8.0, 8.0 ], "axis": "y", "angle": 45.0 },
    "faces": {
        "down":  { "uv": [ 7, 14, 8, 16 ], "rotation": 270, "texture": "#texture", "tintindex": 0 },
        "north": { "uv": [ 7, 13, 9, 16 ], "texture": "#texture", "tintindex": 0 },
        "south": { "uv": [ 7, 13, 9, 16 ], "texture": "#texture", "tintindex": 0 },
        "west":  { "uv": [ 8, 13, 9, 16 ], "texture": "#texture", "tintindex": 0 },
        "east":  { "uv": [ 7, 13, 8, 16 ], "texture": "#texture", "tintindex": 0 }
    }
},
{
    "from": [ 4, 3, 7 ],
    "to": [ 12, 5, 8 ],
    "rotation": { "origin": [ 8.0, 8.0, 8.0 ], "axis": "y", "angle": 45.0 },
    "faces": {
        "down":  { "uv": [ 7, 5, 8, 13 ], "rotation": 270, "texture": "#texture", "tintindex": 0 },
        "up":    { "uv": [ 7, 5, 8, 13 ], "rotation": 90, "texture": "#texture", "tintindex": 0 },
        "north": { "uv": [ 4, 11, 12, 13 ], "texture": "#texture", "tintindex": 0 },
        "south": { "uv": [ 4, 11, 12, 13 ], "texture": "#texture", "tintindex": 0 },
        "west":  { "uv": [ 11, 11, 12, 13 ], "texture": "#texture", "tintindex": 0 },
        "east":  { "uv": [ 4, 11, 5, 13 ], "texture": "#texture", "tintindex": 0 }
    }
},
{
    "from": [ 5, 5, 7 ],
    "to": [ 11, 10, 8 ],
    "rotation": { "origin": [ 8.0, 8.0, 8.0 ], "axis": "y", "angle": 45.0 },
    "faces": {
        "up":    { "uv": [ 7, 5, 8, 11 ], "rotation": 90, "texture": "#texture", "tintindex": 0 },
        "north": { "uv": [ 5, 6, 11, 11 ], "texture": "#texture", "tintindex": 0 },
        "south": { "uv": [ 5, 6, 11, 11 ], "texture": "#texture", "tintindex": 0 },
        "west":  { "uv": [ 10, 6, 11, 11 ], "texture": "#texture", "tintindex": 0 },
        "east":  { "uv": [ 5, 6, 6, 11 ], "texture": "#texture", "tintindex": 0 }
    }
},
{
    "from": [ 6, 10, 7 ],
    "to": [ 11, 12, 8 ],
    "rotation": { "origin": [ 8.0, 8.0, 8.0 ], "axis": "y", "angle": 45.0 },
    "faces": {
        "up":    { "uv": [ 7, 5, 8, 10 ], "rotation": 90, "texture": "#texture", "tintindex": 0 },
        "north": { "uv": [ 5, 4, 10, 6 ], "texture": "#texture", "tintindex": 0 },
        "south": { "uv": [ 5, 4, 10, 6 ], "texture": "#texture", "tintindex": 0 },
        "west":  { "uv": [ 9, 4, 10, 6 ], "texture": "#texture", "tintindex": 0 },
        "east":  { "uv": [ 5, 4, 6, 6 ], "texture": "#texture", "tintindex": 0 }
    }
},
{
    "from": [ 7, 12, 7 ],
    "to": [ 10, 14, 8 ],
    "rotation": { "origin": [ 8.0, 8.0, 8.0 ], "axis": "y", "angle": 45.0 },
    "faces": {
        "up":    { "uv": [ 7, 6, 8, 9 ], "rotation": 90, "texture": "#texture", "tintindex": 0 },
        "north": { "uv": [ 6, 2, 9, 4 ], "texture": "#texture", "tintindex": 0 },
        "south": { "uv": [ 6, 2, 9, 4 ], "texture": "#texture", "tintindex": 0 },
        "west":  { "uv": [ 8, 2, 9, 4 ], "texture": "#texture", "tintindex": 0 },
        "east":  { "uv": [ 6, 2, 7, 4 ], "texture": "#texture", "tintindex": 0 }
    }
},
{
    "from": [ 8, 14, 7 ],
    "to": [ 9, 15, 8 ],
    "rotation": { "origin": [ 8.0, 8.0, 8.0 ], "axis": "y", "angle": 45.0 },
    "faces": {
        "up":    { "uv": [ 7, 1, 8, 2 ], "rotation": 90, "texture": "#texture", "tintindex": 0 },
        "north": { "uv": [ 7, 1, 8, 2 ], "texture": "#texture", "tintindex": 0 },
        "south": { "uv": [ 7, 1, 8, 2 ], "texture": "#texture", "tintindex": 0 },
        "west":  { "uv": [ 7, 1, 8, 2 ], "texture": "#texture", "tintindex": 0 },
        "east":  { "uv": [ 7, 1, 8, 2 ], "texture": "#texture", "tintindex": 0 }
    }
},
{
    "from": [ 6, 13, 7 ],
    "to": [ 7, 14, 8 ],
    "rotation": { "origin": [ 8.0, 8.0, 8.0 ], "axis": "y", "angle": 45.0 },
    "faces": {
        "down":  { "uv": [ 9, 2, 10, 3 ], "rotation": 270, "texture": "#texture", "tintindex": 0 },
        "up":    { "uv": [ 9, 2, 10, 3 ], "rotation": 90, "texture": "#texture", "tintindex": 0 },
        "north": { "uv": [ 9, 2, 10, 3 ], "texture": "#texture", "tintindex": 0 },
        "south": { "uv": [ 9, 2, 10, 3 ], "texture": "#texture", "tintindex": 0 },
        "west":  { "uv": [ 9, 2, 10, 3 ], "texture": "#texture", "tintindex": 0 }
    }
},
{
    "from": [ 11, 10, 7 ],
    "to": [ 12, 11, 8 ],
    "rotation": { "origin": [ 8.0, 8.0, 8.0 ], "axis": "y", "angle": 45.0 },
    "faces": {
        "down":  { "uv": [ 4, 5, 5, 6 ], "rotation": 270, "texture": "#texture", "tintindex": 0 },
        "up":    { "uv": [ 4, 5, 5, 6 ], "rotation": 90, "texture": "#texture", "tintindex": 0 },
        "north": { "uv": [ 4, 5, 5, 6 ], "texture": "#texture", "tintindex": 0 },
        "south": { "uv": [ 4, 5, 5, 6 ], "texture": "#texture", "tintindex": 0 },
        "east":  { "uv": [ 4, 5, 5, 6 ], "texture": "#texture", "tintindex": 0 }
    }
},
{
    "from": [ 11, 6, 7 ],
    "to": [ 12, 9, 8 ],
    "rotation": { "origin": [ 8.0, 8.0, 8.0 ], "axis": "y", "angle": 45.0 },
    "faces": {
        "down":  { "uv": [ 4, 9, 5, 10 ], "rotation": 270, "texture": "#texture", "tintindex": 0 },
        "up":    { "uv": [ 4, 7, 5, 8 ], "rotation": 90, "texture": "#texture", "tintindex": 0 },
        "north": { "uv": [ 4, 7, 5, 10 ], "texture": "#texture", "tintindex": 0 },
        "south": { "uv": [ 4, 7, 5, 10 ], "texture": "#texture", "tintindex": 0 },
        "east":  { "uv": [ 4, 7, 5, 10 ], "texture": "#texture", "tintindex": 0 }
    }
},
{
    "from": [ 12, 6, 7 ],
    "to": [ 13, 7, 8 ],
    "rotation": { "origin": [ 8.0, 8.0, 8.0 ], "axis": "y", "angle": 45.0 },
    "faces": {
        "down":  { "uv": [ 3, 9, 4, 10 ], "rotation": 270, "texture": "#texture", "tintindex": 0 },
        "up":    { "uv": [ 3, 9, 4, 10 ], "rotation": 90, "texture": "#texture", "tintindex": 0 },
        "north": { "uv": [ 3, 9, 4, 10 ], "texture": "#texture", "tintindex": 0 },
        "south": { "uv": [ 3, 9, 4, 10 ], "texture": "#texture", "tintindex": 0 },
        "east":  { "uv": [ 3, 9, 4, 10 ], "texture": "#texture", "tintindex": 0 }
    }
},
{
    "from": [ 4, 6, 7 ],
    "to": [ 5, 7, 8 ],
    "rotation": { "origin": [ 8.0, 8.0, 8.0 ], "axis": "y", "angle": 45.0 },
    "faces": {
        "down":  { "uv": [ 11, 9, 12, 10 ], "rotation": 270, "texture": "#texture", "tintindex": 0 },
        "up":    { "uv": [ 11, 9, 12, 10 ], "rotation": 90, "texture": "#texture", "tintindex": 0 },
        "north": { "uv": [ 11, 9, 12, 10 ], "texture": "#texture", "tintindex": 0 },
        "south": { "uv": [ 11, 9, 12, 10 ], "texture": "#texture", "tintindex": 0 },
        "west":  { "uv": [ 11, 9, 12, 10 ], "texture": "#texture", "tintindex": 0 }
    }
},
{
    "from": [ 12, 4, 7 ],
    "to": [ 13, 5, 8 ],
    "rotation": { "origin": [ 8.0, 8.0, 8.0 ], "axis": "y", "angle": 45.0 },
    "faces": {
        "down":  { "uv": [ 3, 11, 4, 12 ], "rotation": 270, "texture": "#texture", "tintindex": 0 },
        "up":    { "uv": [ 3, 11, 4, 12 ], "rotation": 90, "texture": "#texture", "tintindex": 0 },
        "north": { "uv": [ 3, 11, 4, 12 ], "texture": "#texture", "tintindex": 0 },
        "south": { "uv": [ 3, 11, 4, 12 ], "texture": "#texture", "tintindex": 0 },
        "east":  { "uv": [ 3, 11, 4, 12 ], "texture": "#texture", "tintindex": 0 }
    }
},
{
    "from": [ 12, 2, 7 ],
    "to": [ 13, 3, 8 ],
    "rotation": { "origin": [ 8.0, 8.0, 8.0 ], "axis": "y", "angle": 45.0 },
    "faces": {
        "down":  { "uv": [ 3, 13, 4, 14 ], "rotation": 270, "texture": "#texture", "tintindex": 0 },
        "up":    { "uv": [ 3, 13, 4, 14 ], "rotation": 90, "texture": "#texture", "tintindex": 0 },
        "north": { "uv": [ 3, 13, 4, 14 ], "texture": "#texture", "tintindex": 0 },
        "south": { "uv": [ 3, 13, 4, 14 ], "texture": "#texture", "tintindex": 0 },
        "west":  { "uv": [ 3, 13, 4, 14 ], "texture": "#texture", "tintindex": 0 },
        "east":  { "uv": [ 3, 13, 4, 14 ], "texture": "#texture", "tintindex": 0 }
    }
},
{
    "from": [ 3, 2, 7 ],
    "to": [ 4, 3, 8 ],
    "rotation": { "origin": [ 8.0, 8.0, 8.0 ], "axis": "y", "angle": 45.0 },
    "faces": {
        "down":  { "uv": [ 12, 13, 13, 14 ], "rotation": 270, "texture": "#texture", "tintindex": 0 },
        "up":    { "uv": [ 12, 13, 13, 14 ], "rotation": 90, "texture": "#texture", "tintindex": 0 },
        "north": { "uv": [ 12, 13, 13, 14 ], "texture": "#texture", "tintindex": 0 },
        "south": { "uv": [ 12, 13, 13, 14 ], "texture": "#texture", "tintindex": 0 },
        "west":  { "uv": [ 12, 13, 13, 14 ], "texture": "#texture", "tintindex": 0 },
        "east":  { "uv": [ 12, 13, 13, 14 ], "texture": "#texture", "tintindex": 0 }
    }
}
],
"display": {
    "thirdperson_righthand": {
        "rotation": [ 0, -90, 0 ],
        "translation": [ 0, 4, 2 ],
        "scale": [ 0.85, 0.85, 0.85 ]
    },
    "thirdperson_lefthand": {
        "rotation": [ 0, 90, 0 ],
        "translation": [ 0, 4, 2 ],
        "scale": [ 0.85, 0.85, 0.85 ]
    },
    "ground": {
        "rotation": [ 0, 0, 0 ],
        "translation": [ 0, 2, 0 ],
        "scale": [ 0.5, 0.5, 0.5 ]
    },
    "fixed": {
        "rotation": [ 0, 0, 0 ],
        "translation": [ 0, 0, 0 ],
        "scale": [ 0.5, 0.5, 0.5 ]
    },
    "firstperson_righthand": {
        "rotation": [ 0, -90, 25 ],
        "translation": [ 1.2, 3.2, 1.13 ],
        "scale": [ 0.68, 0.68, 0.68 ]
    },
    "firstperson_lefthand": {
        "rotation": [ 0, 90, -25 ],
        "translation": [ 0.2, 3.2, 1.12 ],
        "scale": [ 0.68, 0.68, 0.68 ]
    },
    "gui": {
        "rotation": [ 30, 225, 0 ],
        "translation": [ 0, 0, 0 ],
        "scale": [ 0.75, 0.75, 0.75 ]
    }
}
}