{
	"__comment": "Designed by AndrealVox",
	"ambientocclusion": false,
	"textures": {
		"particle": "blocks/mushroom_red",
		"all": "blocks/mushroom_red",
		"flowerpot": "blocks/flower_pot",
		"dirt": "blocks/dirt"
	},
	"elements": [
		{
			"from": [ 7, 4, 7 ],
			"to": [ 9, 5, 9 ],
			"faces": {
				"down": { "uv": [ 7, 16, 9, 16 ], "texture": "#all" },
				"up": { "uv": [ 7, 16, 9, 16 ], "texture": "#all" },
				"north": { "uv": [ 7, 16, 9, 16 ], "texture": "#all" },
				"south": { "uv": [ 7, 16, 9, 16 ], "texture": "#all" },
				"west": { "uv": [ 7, 16, 9, 16 ], "texture": "#all" },
				"east": { "uv": [ 7, 16, 9, 16 ], "texture": "#all" }
			}
		},
		{
			"from": [ 5, 5, 5 ],
			"to": [ 11, 6, 11 ],
			"faces": {
				"down": { "uv": [ 6, 13, 9, 15 ], "texture": "#all" },
				"up": { "uv": [ 6, 13, 9, 15 ], "texture": "#all" },
				"north": { "uv": [ 5, 15, 11, 15 ], "texture": "#all" },
				"south": { "uv": [ 5, 15, 11, 15 ], "texture": "#all" },
				"west": { "uv": [ 5, 15, 11, 15 ], "texture": "#all" },
				"east": { "uv": [ 5, 15, 11, 15 ], "texture": "#all" }
			}
		},
		{
			"from": [ 4.5, 6, 4.5 ],
			"to": [ 11.5, 7, 11.5 ],
			"faces": {
				"down": { "uv": [ 6, 13, 9, 15 ], "texture": "#all" },
				"up": { "uv": [ 6, 13, 9, 15 ], "texture": "#all" },
				"north": { "uv": [ 4, 14, 11, 14 ], "texture": "#all" },
				"south": { "uv": [ 4, 14, 11, 14 ], "texture": "#all" },
				"west": { "uv": [ 4, 14, 11, 14 ], "texture": "#all" },
				"east": { "uv": [ 4, 14, 11, 14 ], "texture": "#all" }
			}
		},
		{
			"from": [ 4.5, 7, 4.5 ],
			"to": [ 11.5, 8, 11.5 ],
			"faces": {
				"down": { "uv": [ 10, 15, 6, 13 ], "texture": "#all" },
				"up": { "uv": [ 10, 15, 6, 13 ], "texture": "#all" },
				"north": { "uv": [ 5, 13, 11, 13 ], "texture": "#all" },
				"south": { "uv": [ 5, 13, 11, 13 ], "texture": "#all" },
				"west": { "uv": [ 5, 13, 11, 13 ], "texture": "#all" },
				"east": { "uv": [ 5, 13, 11, 13 ], "texture": "#all" }
			}
		},
		{
			"from": [ 5, 8, 5 ],
			"to": [ 11, 9, 11 ],
			"faces": {
				"down": { "uv": [ 5, 12, 9, 15 ], "texture": "#all" },
				"up": { "uv": [ 5, 12, 9, 15 ], "texture": "#all" },
				"north": { "uv": [ 5, 12, 11, 12 ], "texture": "#all" },
				"south": { "uv": [ 5, 12, 11, 12 ], "texture": "#all" },
				"west": { "uv": [ 5, 12, 11, 12 ], "texture": "#all" },
				"east": { "uv": [ 5, 12, 11, 12 ], "texture": "#all" }
			}
		},
		{
			"from": [ 6, 9, 6 ],
			"to": [ 10, 10, 10 ],
			"faces": {
				"down": { "uv": [ 6, 11, 9, 14 ], "texture": "#all" },
				"up": { "uv": [ 6, 11, 9, 14 ], "texture": "#all" },
				"north": { "uv": [ 6, 10, 9, 11 ], "texture": "#all" },
				"south": { "uv": [ 6, 10, 9, 11 ], "texture": "#all" },
				"west": { "uv": [ 6, 10, 9, 11 ], "texture": "#all" },
				"east": { "uv": [ 6, 10, 9, 11 ], "texture": "#all" }
			}
		},
		{
			"from": [ 5, 0, 5 ],
			"to": [ 6, 6, 11 ],
			"faces": {
				"down": { "uv": [ 5, 5, 6, 11 ], "texture": "#flowerpot", "cullface": "down" },
				"up": { "uv": [ 5, 5, 6, 11 ], "texture": "#flowerpot" },
				"north": { "uv": [ 10, 10, 11, 16 ], "texture": "#flowerpot" },
				"south": { "uv": [ 5, 10, 6, 16 ], "texture": "#flowerpot" },
				"west": { "uv": [ 5, 10, 11, 16 ], "texture": "#flowerpot" },
				"east": { "uv": [ 5, 10, 11, 16 ], "texture": "#flowerpot" }
			}
		},
		{
			"from": [ 10, 0, 5 ],
			"to": [ 11, 6, 11 ],
			"faces": {
				"down": { "uv": [ 10, 5, 11, 11 ], "texture": "#flowerpot", "cullface": "down" },
				"up": { "uv": [ 10, 5, 11, 11 ], "texture": "#flowerpot" },
				"north": { "uv": [ 5, 10, 6, 16 ], "texture": "#flowerpot" },
				"south": { "uv": [ 10, 10, 11, 16 ], "texture": "#flowerpot" },
				"west": { "uv": [ 5, 10, 11, 16 ], "texture": "#flowerpot" },
				"east": { "uv": [ 5, 10, 11, 16 ], "texture": "#flowerpot" }
			}
		},
		{
			"from": [ 6, 0, 5 ],
			"to": [ 10, 6, 6 ],
			"faces": {
				"down": { "uv": [ 6, 10, 10, 11 ], "texture": "#flowerpot", "cullface": "down" },
				"up": { "uv": [ 6, 5, 10, 6 ], "texture": "#flowerpot" },
				"north": { "uv": [ 6, 10, 10, 16 ], "texture": "#flowerpot" },
				"south": { "uv": [ 6, 10, 10, 16 ], "texture": "#flowerpot" }
			}
		},
		{
			"from": [ 6, 0, 10 ],
			"to": [ 10, 6, 11 ],
			"faces": {
				"down": { "uv": [ 6, 5, 10, 6 ], "texture": "#flowerpot", "cullface": "down" },
				"up": { "uv": [ 6, 10, 10, 11 ], "texture": "#flowerpot" },
				"north": { "uv": [ 6, 10, 10, 16 ], "texture": "#flowerpot" },
				"south": { "uv": [ 6, 10, 10, 16 ], "texture": "#flowerpot" }
			}
		},
		{
			"from": [ 6, 0, 6 ],
			"to": [ 10, 4, 10 ],
			"faces": {
				"down": { "uv": [ 6, 6, 10, 10 ], "texture": "#flowerpot", "cullface": "down" },
				"up": { "uv": [ 6, 6, 10, 10 ], "texture": "#dirt" }
			}
		}
	]
}