{
	"__comment": "Designed by AndrealVox",
	"ambientocclusion": false,
	"textures": {
		"particle": "blocks/sapling_roofed_oak",
		"down": "blocks/sapling_roofed_oak",
		"up": "blocks/sapling_roofed_oak",
		"north": "blocks/sapling_roofed_oak",
		"south": "blocks/sapling_roofed_oak",
		"west": "blocks/sapling_roofed_oak",
		"east": "blocks/sapling_roofed_oak",
		"flowerpot": "blocks/flower_pot",
		"dirt": "blocks/dirt"
	},
	"elements": [
		{
			"from": [ 13, 12, 13 ],
			"to": [ 14, 14, 14 ],
			"faces": {
				"down": { "uv": [ 13, 7, 14, 8 ], "texture": "#down" },
				"up": { "uv": [ 13, 6, 14, 7 ], "texture": "#up" },
				"north": { "uv": [ 13, 6, 14, 8 ], "texture": "#north" },
				"south": { "uv": [ 13, 6, 14, 8 ], "texture": "#south" },
				"west": { "uv": [ 13, 6, 14, 8 ], "texture": "#west" },
				"east": { "uv": [ 13, 6, 14, 8 ], "texture": "#east" }
			}
		},
		{
			"from": [ 12, 11, 12 ],
			"to": [ 13, 16, 13 ],
			"faces": {
				"down": { "uv": [ 12, 8, 13, 9 ], "texture": "#down" },
				"up": { "uv": [ 12, 4, 13, 5 ], "texture": "#up" },
				"north": { "uv": [ 12, 4, 13, 9 ], "texture": "#north" },
				"south": { "uv": [ 12, 4, 13, 9 ], "texture": "#south" },
				"west": { "uv": [ 12, 4, 13, 9 ], "texture": "#west" },
				"east": { "uv": [ 12, 4, 13, 9 ], "texture": "#east" }
			}
		},
		{
			"from": [ 11, 11, 11 ],
			"to": [ 12, 18, 12 ],
			"faces": {
				"down": { "uv": [ 11, 8, 12, 9 ], "texture": "#down" },
				"up": { "uv": [ 11, 2, 12, 3 ], "texture": "#up" },
				"north": { "uv": [ 11, 2, 12, 9 ], "texture": "#north" },
				"south": { "uv": [ 11, 2, 12, 9 ], "texture": "#south" },
				"west": { "uv": [ 11, 2, 12, 9 ], "texture": "#west" },
				"east": { "uv": [ 11, 2, 12, 9 ], "texture": "#east" }
			}
		},
		{
			"from": [ 10, 11, 10 ],
			"to": [ 11, 19, 11 ],
			"faces": {
				"down": { "uv": [ 10, 8, 11, 9 ], "texture": "#down" },
				"up": { "uv": [ 10, 1, 11, 2 ], "texture": "#up" },
				"north": { "uv": [ 10, 1, 11, 9 ], "texture": "#north" },
				"south": { "uv": [ 10, 1, 11, 9 ], "texture": "#south" },
				"west": { "uv": [ 10, 1, 11, 9 ], "texture": "#west" },
				"east": { "uv": [ 10, 1, 11, 9 ], "texture": "#east" }
			}
		},
		{
			"from": [ 9, 4, 9 ],
			"to": [ 10, 15, 10 ],
			"faces": {
				"down": { "uv": [ 9, 15, 10, 16 ], "texture": "#down" },
				"up": { "uv": [ 9, 5, 10, 6 ], "texture": "#up" },
				"north": { "uv": [ 9, 5, 10, 16 ], "texture": "#north" },
				"south": { "uv": [ 9, 5, 10, 16 ], "texture": "#south" },
				"west": { "uv": [ 9, 5, 10, 16 ], "texture": "#west" },
				"east": { "uv": [ 9, 5, 10, 16 ], "texture": "#east" }
			}
		},
		{
			"from": [ 9, 16, 9 ],
			"to": [ 10, 18, 10 ],
			"faces": {
				"down": { "uv": [ 9, 3, 10, 4 ], "texture": "#down" },
				"up": { "uv": [ 9, 2, 10, 3 ], "texture": "#up" },
				"north": { "uv": [ 9, 2, 10, 4 ], "texture": "#north" },
				"south": { "uv": [ 9, 2, 10, 4 ], "texture": "#south" },
				"west": { "uv": [ 9, 2, 10, 4 ], "texture": "#west" },
				"east": { "uv": [ 9, 2, 10, 4 ], "texture": "#east" }
			}
		},
		{
			"from": [ 8, 4, 8 ],
			"to": [ 9, 14, 9 ],
			"faces": {
				"down": { "uv": [ 8, 15, 9, 16 ], "texture": "#down" },
				"up": { "uv": [ 8, 6, 9, 7 ], "texture": "#up" },
				"south": { "uv": [ 8, 6, 9, 16 ], "texture": "#south" },
				"east": { "uv": [ 8, 6, 9, 16 ], "texture": "#east" }
			}
		},
		{
			"from": [ 8, 15, 8 ],
			"to": [ 9, 18, 9 ],
			"faces": {
				"down": { "uv": [ 8, 4, 9, 5 ], "texture": "#down" },
				"up": { "uv": [ 8, 2, 9, 3 ], "texture": "#up" },
				"north": { "uv": [ 8, 2, 9, 5 ], "texture": "#north" },
				"south": { "uv": [ 8, 2, 9, 5 ], "texture": "#south" },
				"east": { "uv": [ 8, 2, 9, 5 ], "texture": "#east" }
			}
		},
		{
			"from": [ 7, 4, 7 ],
			"to": [ 8, 17, 8 ],
			"faces": {
				"down": { "uv": [ 7, 15, 8, 16 ], "texture": "#down" },
				"up": { "uv": [ 7, 3, 8, 4 ], "texture": "#up" },
				"north": { "uv": [ 7, 3, 8, 16 ], "texture": "#north" },
				"south": { "uv": [ 7, 3, 8, 16 ], "texture": "#south" },
				"west": { "uv": [ 7, 3, 8, 16 ], "texture": "#west" }
			}
		},
		{
			"from": [ 6, 4, 6 ],
			"to": [ 7, 14, 7 ],
			"faces": {
				"down": { "uv": [ 6, 15, 7, 16 ], "texture": "#down" },
				"up": { "uv": [ 6, 6, 7, 7 ], "texture": "#up" },
				"north": { "uv": [ 6, 6, 7, 16 ], "texture": "#north" },
				"south": { "uv": [ 6, 6, 7, 16 ], "texture": "#south" },
				"west": { "uv": [ 6, 6, 7, 16 ], "texture": "#west" },
				"east": { "uv": [ 6, 6, 7, 16 ], "texture": "#east" }
			}
		},
		{
			"from": [ 6, 15, 6 ],
			"to": [ 7, 18, 7 ],
			"faces": {
				"down": { "uv": [ 6, 4, 7, 5 ], "texture": "#down" },
				"up": { "uv": [ 6, 2, 7, 3 ], "texture": "#up" },
				"north": { "uv": [ 6, 2, 7, 5 ], "texture": "#north" },
				"south": { "uv": [ 6, 2, 7, 5 ], "texture": "#south" },
				"west": { "uv": [ 6, 2, 7, 5 ], "texture": "#west" },
				"east": { "uv": [ 6, 2, 7, 5 ], "texture": "#east" }
			}
		},
		{
			"from": [ 5, 10, 5 ],
			"to": [ 6, 15, 6 ],
			"faces": {
				"down": { "uv": [ 5, 9, 6, 10 ], "texture": "#down" },
				"up": { "uv": [ 5, 5, 6, 6 ], "texture": "#up" },
				"north": { "uv": [ 5, 5, 6, 10 ], "texture": "#north" },
				"south": { "uv": [ 5, 5, 6, 10 ], "texture": "#south" },
				"west": { "uv": [ 5, 5, 6, 10 ], "texture": "#west" },
				"east": { "uv": [ 5, 5, 6, 10 ], "texture": "#east" }
			}
		},
		{
			"from": [ 4, 9, 4 ],
			"to": [ 5, 18, 5 ],
			"faces": {
				"down": { "uv": [ 4, 10, 5, 11 ], "texture": "#down" },
				"up": { "uv": [ 4, 2, 5, 3 ], "texture": "#up" },
				"north": { "uv": [ 4, 2, 5, 11 ], "texture": "#north" },
				"south": { "uv": [ 4, 2, 5, 11 ], "texture": "#south" },
				"west": { "uv": [ 4, 2, 5, 11 ], "texture": "#west" },
				"east": { "uv": [ 4, 2, 5, 11 ], "texture": "#east" }
			}
		},
		{
			"from": [ 3, 12, 3 ],
			"to": [ 4, 13, 4 ],
			"faces": {
				"down": { "uv": [ 3, 7, 4, 8 ], "texture": "#down" },
				"up": { "uv": [ 3, 8, 4, 9 ], "texture": "#up" },
				"north": { "uv": [ 3, 7, 4, 8 ], "texture": "#north" },
				"south": { "uv": [ 3, 7, 4, 8 ], "texture": "#south" },
				"west": { "uv": [ 3, 7, 4, 8 ], "texture": "#west" },
				"east": { "uv": [ 3, 7, 4, 8 ], "texture": "#east" }
			}
		},
		{
			"from": [ 3, 14, 3 ],
			"to": [ 4, 19, 4 ],
			"faces": {
				"down": { "uv": [ 3, 5, 4, 6 ], "texture": "#down" },
				"up": { "uv": [ 3, 1, 4, 2 ], "texture": "#up" },
				"north": { "uv": [ 3, 1, 4, 6 ], "texture": "#north" },
				"south": { "uv": [ 3, 1, 4, 6 ], "texture": "#south" },
				"west": { "uv": [ 3, 1, 4, 6 ], "texture": "#west" },
				"east": { "uv": [ 3, 1, 4, 6 ], "texture": "#east" }
			}
		},
		{
			"from": [ 2, 11, 2 ],
			"to": [ 3, 13, 3 ],
			"faces": {
				"down": { "uv": [ 2, 8, 3, 9 ], "texture": "#down" },
				"up": { "uv": [ 2, 7, 3, 8 ], "texture": "#up" },
				"north": { "uv": [ 2, 7, 3, 9 ], "texture": "#north" },
				"south": { "uv": [ 2, 7, 3, 9 ], "texture": "#south" },
				"west": { "uv": [ 2, 7, 3, 9 ], "texture": "#west" },
				"east": { "uv": [ 2, 7, 3, 9 ], "texture": "#east" }
			}
		},
		{
			"from": [ 2, 14, 2 ],
			"to": [ 3, 16, 3 ],
			"faces": {
				"down": { "uv": [ 2, 5, 3, 6 ], "texture": "#down" },
				"up": { "uv": [ 2, 4, 3, 5 ], "texture": "#up" },
				"north": { "uv": [ 2, 4, 3, 6 ], "texture": "#north" },
				"south": { "uv": [ 2, 4, 3, 6 ], "texture": "#south" },
				"west": { "uv": [ 2, 4, 3, 6 ], "texture": "#west" },
				"east": { "uv": [ 2, 4, 3, 6 ], "texture": "#east" }
			}
		},
		{
			"from": [ 2, 18, 2 ],
			"to": [ 3, 19, 3 ],
			"faces": {
				"down": { "uv": [ 2, 1, 3, 2 ], "texture": "#down" },
				"up": { "uv": [ 2, 1, 3, 2 ], "texture": "#up" },
				"north": { "uv": [ 2, 1, 3, 2 ], "texture": "#north" },
				"south": { "uv": [ 2, 1, 3, 2 ], "texture": "#south" },
				"west": { "uv": [ 2, 1, 3, 2 ], "texture": "#west" },
				"east": { "uv": [ 2, 1, 3, 2 ], "texture": "#east" }
			}
		},
		{
			"from": [ 1, 12, 1 ],
			"to": [ 2, 13, 2 ],
			"faces": {
				"down": { "uv": [ 1, 7, 2, 8 ], "texture": "#down" },
				"up": { "uv": [ 1, 7, 2, 8 ], "texture": "#up" },
				"north": { "uv": [ 1, 7, 2, 8 ], "texture": "#north" },
				"south": { "uv": [ 1, 7, 2, 8 ], "texture": "#south" },
				"west": { "uv": [ 1, 7, 2, 8 ], "texture": "#west" },
				"east": { "uv": [ 1, 7, 2, 8 ], "texture": "#east" }
			}
		},
		{
			"from": [ 1, 15, 1 ],
			"to": [ 2, 16, 2 ],
			"faces": {
				"down": { "uv": [ 1, 4, 2, 5 ], "texture": "#down" },
				"up": { "uv": [ 1, 4, 2, 5 ], "texture": "#up" },
				"north": { "uv": [ 1, 4, 2, 5 ], "texture": "#north" },
				"south": { "uv": [ 1, 4, 2, 5 ], "texture": "#south" },
				"west": { "uv": [ 1, 4, 2, 5 ], "texture": "#west" },
				"east": { "uv": [ 1, 4, 2, 5 ], "texture": "#east" }
			}
		},
		{
			"from": [ 2, 12, 13 ],
			"to": [ 3, 14, 14 ],
			"faces": {
				"down": { "uv": [ 13, 7, 14, 8 ], "texture": "#down" },
				"up": { "uv": [ 13, 6, 14, 7 ], "texture": "#up" },
				"north": { "uv": [ 13, 6, 14, 8 ], "texture": "#north" },
				"south": { "uv": [ 13, 6, 14, 8 ], "texture": "#south" },
				"west": { "uv": [ 13, 6, 14, 8 ], "texture": "#west" },
				"east": { "uv": [ 13, 6, 14, 8 ], "texture": "#east" }
			}
		},
		{
			"from": [ 3, 11, 12 ],
			"to": [ 4, 16, 13 ],
			"faces": {
				"down": { "uv": [ 12, 8, 13, 9 ], "texture": "#down" },
				"up": { "uv": [ 12, 4, 13, 5 ], "texture": "#up" },
				"north": { "uv": [ 12, 4, 13, 9 ], "texture": "#north" },
				"south": { "uv": [ 12, 4, 13, 9 ], "texture": "#south" },
				"west": { "uv": [ 12, 4, 13, 9 ], "texture": "#west" },
				"east": { "uv": [ 12, 4, 13, 9 ], "texture": "#east" }
			}
		},
		{
			"from": [ 4, 11, 11 ],
			"to": [ 5, 18, 12 ],
			"faces": {
				"down": { "uv": [ 11, 8, 12, 9 ], "texture": "#down" },
				"up": { "uv": [ 11, 2, 12, 3 ], "texture": "#up" },
				"north": { "uv": [ 11, 2, 12, 9 ], "texture": "#north" },
				"south": { "uv": [ 11, 2, 12, 9 ], "texture": "#south" },
				"west": { "uv": [ 11, 2, 12, 9 ], "texture": "#west" },
				"east": { "uv": [ 11, 2, 12, 9 ], "texture": "#east" }
			}
		},
		{
			"from": [ 5, 11, 10 ],
			"to": [ 6, 19, 11 ],
			"faces": {
				"down": { "uv": [ 10, 8, 11, 9 ], "texture": "#down" },
				"up": { "uv": [ 10, 1, 11, 2 ], "texture": "#up" },
				"north": { "uv": [ 10, 1, 11, 9 ], "texture": "#north" },
				"south": { "uv": [ 10, 1, 11, 9 ], "texture": "#south" },
				"west": { "uv": [ 10, 1, 11, 9 ], "texture": "#west" },
				"east": { "uv": [ 10, 1, 11, 9 ], "texture": "#east" }
			}
		},
		{
			"from": [ 6, 4, 9 ],
			"to": [ 7, 15, 10 ],
			"faces": {
				"down": { "uv": [ 9, 15, 10, 16 ], "texture": "#down" },
				"up": { "uv": [ 9, 5, 10, 6 ], "texture": "#up" },
				"north": { "uv": [ 9, 5, 10, 16 ], "texture": "#north" },
				"south": { "uv": [ 9, 5, 10, 16 ], "texture": "#south" },
				"west": { "uv": [ 9, 5, 10, 16 ], "texture": "#west" },
				"east": { "uv": [ 9, 5, 10, 16 ], "texture": "#east" }
			}
		},
		{
			"from": [ 6, 16, 9 ],
			"to": [ 7, 18, 10 ],
			"faces": {
				"down": { "uv": [ 9, 3, 10, 4 ], "texture": "#down" },
				"up": { "uv": [ 9, 2, 10, 3 ], "texture": "#up" },
				"north": { "uv": [ 9, 2, 10, 4 ], "texture": "#north" },
				"south": { "uv": [ 9, 2, 10, 4 ], "texture": "#south" },
				"west": { "uv": [ 9, 2, 10, 4 ], "texture": "#west" },
				"east": { "uv": [ 9, 2, 10, 4 ], "texture": "#east" }
			}
		},
		{
			"from": [ 7, 4, 8 ],
			"to": [ 8, 14, 9 ],
			"faces": {
				"down": { "uv": [ 8, 15, 9, 16 ], "texture": "#down" },
				"up": { "uv": [ 8, 6, 9, 7 ], "texture": "#up" },
				"south": { "uv": [ 8, 6, 9, 16 ], "texture": "#south" },
				"west": { "uv": [ 8, 6, 9, 16 ], "texture": "#west" }
			}
		},
		{
			"from": [ 7, 15, 8 ],
			"to": [ 8, 18, 9 ],
			"faces": {
				"down": { "uv": [ 8, 4, 9, 5 ], "texture": "#down" },
				"up": { "uv": [ 8, 2, 9, 3 ], "texture": "#up" },
				"north": { "uv": [ 8, 2, 9, 5 ], "texture": "#north" },
				"south": { "uv": [ 8, 2, 9, 5 ], "texture": "#south" },
				"west": { "uv": [ 8, 2, 9, 5 ], "texture": "#west" }
			}
		},
		{
			"from": [ 8, 4, 7 ],
			"to": [ 9, 17, 8 ],
			"faces": {
				"down": { "uv": [ 7, 15, 8, 16 ], "texture": "#down" },
				"up": { "uv": [ 7, 3, 8, 4 ], "texture": "#up" },
				"north": { "uv": [ 7, 3, 8, 16 ], "texture": "#north" },
				"south": { "uv": [ 7, 3, 8, 16 ], "texture": "#south" },
				"east": { "uv": [ 7, 3, 8, 16 ], "texture": "#east" }
			}
		},
		{
			"from": [ 9, 4, 6 ],
			"to": [ 10, 14, 7 ],
			"faces": {
				"down": { "uv": [ 6, 15, 7, 16 ], "texture": "#down" },
				"up": { "uv": [ 6, 6, 7, 7 ], "texture": "#up" },
				"north": { "uv": [ 6, 6, 7, 16 ], "texture": "#north" },
				"south": { "uv": [ 6, 6, 7, 16 ], "texture": "#south" },
				"west": { "uv": [ 6, 6, 7, 16 ], "texture": "#west" },
				"east": { "uv": [ 6, 6, 7, 16 ], "texture": "#east" }
			}
		},
		{
			"from": [ 9, 15, 6 ],
			"to": [ 10, 18, 7 ],
			"faces": {
				"down": { "uv": [ 6, 4, 7, 5 ], "texture": "#down" },
				"up": { "uv": [ 6, 2, 7, 3 ], "texture": "#up" },
				"north": { "uv": [ 6, 2, 7, 5 ], "texture": "#north" },
				"south": { "uv": [ 6, 2, 7, 5 ], "texture": "#south" },
				"west": { "uv": [ 6, 2, 7, 5 ], "texture": "#west" },
				"east": { "uv": [ 6, 2, 7, 5 ], "texture": "#east" }
			}
		},
		{
			"from": [ 10, 10, 5 ],
			"to": [ 11, 15, 6 ],
			"faces": {
				"down": { "uv": [ 5, 9, 6, 10 ], "texture": "#down" },
				"up": { "uv": [ 5, 5, 6, 6 ], "texture": "#up" },
				"north": { "uv": [ 5, 5, 6, 10 ], "texture": "#north" },
				"south": { "uv": [ 5, 5, 6, 10 ], "texture": "#south" },
				"west": { "uv": [ 5, 5, 6, 10 ], "texture": "#west" },
				"east": { "uv": [ 5, 5, 6, 10 ], "texture": "#east" }
			}
		},
		{
			"from": [ 11, 9, 4 ],
			"to": [ 12, 18, 5 ],
			"faces": {
				"down": { "uv": [ 4, 10, 5, 11 ], "texture": "#down" },
				"up": { "uv": [ 4, 2, 5, 3 ], "texture": "#up" },
				"north": { "uv": [ 4, 2, 5, 11 ], "texture": "#north" },
				"south": { "uv": [ 4, 2, 5, 11 ], "texture": "#south" },
				"west": { "uv": [ 4, 2, 5, 11 ], "texture": "#west" },
				"east": { "uv": [ 4, 2, 5, 11 ], "texture": "#east" }
			}
		},
		{
			"from": [ 12, 12, 3 ],
			"to": [ 13, 13, 4 ],
			"faces": {
				"down": { "uv": [ 3, 7, 4, 8 ], "texture": "#down" },
				"up": { "uv": [ 3, 7, 4, 8 ], "texture": "#up" },
				"north": { "uv": [ 3, 7, 4, 8 ], "texture": "#north" },
				"south": { "uv": [ 3, 7, 4, 8 ], "texture": "#south" },
				"west": { "uv": [ 3, 7, 4, 8 ], "texture": "#west" },
				"east": { "uv": [ 3, 7, 4, 8 ], "texture": "#east" }
			}
		},
		{
			"from": [ 12, 14, 3 ],
			"to": [ 13, 19, 4 ],
			"faces": {
				"down": { "uv": [ 3, 5, 4, 6 ], "texture": "#down" },
				"up": { "uv": [ 3, 1, 4, 2 ], "texture": "#up" },
				"north": { "uv": [ 3, 1, 4, 6 ], "texture": "#north" },
				"south": { "uv": [ 3, 1, 4, 6 ], "texture": "#south" },
				"west": { "uv": [ 3, 1, 4, 6 ], "texture": "#west" },
				"east": { "uv": [ 3, 1, 4, 6 ], "texture": "#east" }
			}
		},
		{
			"from": [ 13, 11, 2 ],
			"to": [ 14, 13, 3 ],
			"faces": {
				"down": { "uv": [ 2, 8, 3, 9 ], "texture": "#down" },
				"up": { "uv": [ 2, 7, 3, 8 ], "texture": "#up" },
				"north": { "uv": [ 2, 7, 3, 9 ], "texture": "#north" },
				"south": { "uv": [ 2, 7, 3, 9 ], "texture": "#south" },
				"west": { "uv": [ 2, 7, 3, 9 ], "texture": "#west" },
				"east": { "uv": [ 2, 7, 3, 9 ], "texture": "#east" }
			}
		},
		{
			"from": [ 13, 14, 2 ],
			"to": [ 14, 16, 3 ],
			"faces": {
				"down": { "uv": [ 2, 5, 3, 6 ], "texture": "#down" },
				"up": { "uv": [ 2, 4, 3, 5 ], "texture": "#up" },
				"north": { "uv": [ 2, 4, 3, 6 ], "texture": "#north" },
				"south": { "uv": [ 2, 4, 3, 6 ], "texture": "#south" },
				"west": { "uv": [ 2, 4, 3, 6 ], "texture": "#west" },
				"east": { "uv": [ 2, 4, 3, 6 ], "texture": "#east" }
			}
		},
		{
			"from": [ 13, 18, 2 ],
			"to": [ 14, 19, 3 ],
			"faces": {
				"down": { "uv": [ 2, 1, 3, 2 ], "texture": "#down" },
				"up": { "uv": [ 2, 1, 3, 2 ], "texture": "#up" },
				"north": { "uv": [ 2, 1, 3, 2 ], "texture": "#north" },
				"south": { "uv": [ 2, 1, 3, 2 ], "texture": "#south" },
				"west": { "uv": [ 2, 1, 3, 2 ], "texture": "#west" },
				"east": { "uv": [ 2, 1, 3, 2 ], "texture": "#east" }
			}
		},
		{
			"from": [ 14, 12, 1 ],
			"to": [ 15, 13, 2 ],
			"faces": {
				"down": { "uv": [ 1, 7, 2, 8 ], "texture": "#down" },
				"up": { "uv": [ 1, 7, 2, 8 ], "texture": "#up" },
				"north": { "uv": [ 1, 7, 2, 8 ], "texture": "#north" },
				"south": { "uv": [ 1, 7, 2, 8 ], "texture": "#south" },
				"west": { "uv": [ 1, 7, 2, 8 ], "texture": "#west" },
				"east": { "uv": [ 1, 7, 2, 8 ], "texture": "#east" }
			}
		},
		{
			"from": [ 14, 15, 1 ],
			"to": [ 15, 16, 2 ],
			"faces": {
				"down": { "uv": [ 1, 4, 2, 5 ], "texture": "#down" },
				"up": { "uv": [ 1, 4, 2, 5 ], "texture": "#up" },
				"north": { "uv": [ 1, 4, 2, 5 ], "texture": "#north" },
				"south": { "uv": [ 1, 4, 2, 5 ], "texture": "#south" },
				"west": { "uv": [ 1, 4, 2, 5 ], "texture": "#west" },
				"east": { "uv": [ 1, 4, 2, 5 ], "texture": "#east" }
			}
		},
		{
			"from": [ 5, 0, 5 ],
			"to": [ 6, 6, 11 ],
			"faces": {
				"down": { "uv": [ 5, 5, 6, 11 ], "texture": "#flowerpot", "cullface": "down" },
				"up": { "uv": [ 5, 5, 6, 11 ], "texture": "#flowerpot" },
				"north": { "uv": [ 10, 10, 11, 16 ], "texture": "#flowerpot" },
				"south": { "uv": [ 5, 10, 6, 16 ], "texture": "#flowerpot" },
				"west": { "uv": [ 5, 10, 11, 16 ], "texture": "#flowerpot" },
				"east": { "uv": [ 5, 10, 11, 16 ], "texture": "#flowerpot" }
			}
		},
		{
			"from": [ 10, 0, 5 ],
			"to": [ 11, 6, 11 ],
			"faces": {
				"down": { "uv": [ 10, 5, 11, 11 ], "texture": "#flowerpot", "cullface": "down" },
				"up": { "uv": [ 10, 5, 11, 11 ], "texture": "#flowerpot" },
				"north": { "uv": [ 5, 10, 6, 16 ], "texture": "#flowerpot" },
				"south": { "uv": [ 10, 10, 11, 16 ], "texture": "#flowerpot" },
				"west": { "uv": [ 5, 10, 11, 16 ], "texture": "#flowerpot" },
				"east": { "uv": [ 5, 10, 11, 16 ], "texture": "#flowerpot" }
			}
		},
		{
			"from": [ 6, 0, 5 ],
			"to": [ 10, 6, 6 ],
			"faces": {
				"down": { "uv": [ 6, 10, 10, 11 ], "texture": "#flowerpot", "cullface": "down" },
				"up": { "uv": [ 6, 5, 10, 6 ], "texture": "#flowerpot" },
				"north": { "uv": [ 6, 10, 10, 16 ], "texture": "#flowerpot" },
				"south": { "uv": [ 6, 10, 10, 16 ], "texture": "#flowerpot" }
			}
		},
		{
			"from": [ 6, 0, 10 ],
			"to": [ 10, 6, 11 ],
			"faces": {
				"down": { "uv": [ 6, 5, 10, 6 ], "texture": "#flowerpot", "cullface": "down" },
				"up": { "uv": [ 6, 10, 10, 11 ], "texture": "#flowerpot" },
				"north": { "uv": [ 6, 10, 10, 16 ], "texture": "#flowerpot" },
				"south": { "uv": [ 6, 10, 10, 16 ], "texture": "#flowerpot" }
			}
		},
		{
			"from": [ 6, 0, 6 ],
			"to": [ 10, 4, 10 ],
			"faces": {
				"down": { "uv": [ 6, 6, 10, 10 ], "texture": "#flowerpot", "cullface": "down" },
				"up": { "uv": [ 6, 6, 10, 10 ], "texture": "#dirt" }
			}
		}
	]
}