{
	"__comment": "Designed by AndrealVox",
	"ambientocclusion": false,
	"textures": {
		"particle": "blocks/flower_tulip_orange",
		"all": "blocks/flower_tulip_orange",
		"flowerpot": "blocks/flower_pot",
		"dirt": "blocks/dirt"
	},
	"elements": [
		{
			"from": [ 9.5, 8.5, 7 ],
			"to": [ 10, 13.5, 8 ],
			"faces": {
				"down": { "uv": [ 9, 8, 9.5, 9 ], "texture": "#all" },
				"up": { "uv": [ 9, 9, 9.5, 10 ], "texture": "#all" },
				"north": { "uv": [ 9, 7, 9.5, 12 ], "texture": "#all" },
				"south": { "uv": [ 9, 8, 9.5, 13 ], "texture": "#all" },
				"west": { "uv": [ 9, 7, 10, 12 ], "texture": "#all" },
				"east": { "uv": [ 9, 7, 10, 12 ], "texture": "#all" }
			}
		},
		{
			"from": [ 9, 7, 7 ],
			"to": [ 9.5, 12.5, 8.5 ],
			"faces": {
				"down": { "uv": [ 6, 12, 6.5, 13.5 ], "texture": "#all" },
				"up": { "uv": [ 6, 11, 6.5, 12.5 ], "texture": "#all" },
				"north": { "uv": [ 9, 7, 9.5, 12.5 ], "texture": "#all" },
				"south": { "uv": [ 9, 7, 9.5, 12.5 ], "texture": "#all" },
				"west": { "uv": [ 6, 10, 8, 15 ], "texture": "#all" },
				"east": { "uv": [ 6, 10, 8, 15 ], "texture": "#all" }
			}
		},
		{
			"from": [ 8.5, 6, 6.5 ],
			"to": [ 9, 11, 9 ],
			"faces": {
				"down": { "uv": [ 7, 7, 7.5, 9.5 ], "texture": "#all" },
				"up": { "uv": [ 7, 7, 7.5, 9.5 ], "texture": "#all" },
				"north": { "uv": [ 7, 9, 7.5, 14 ], "texture": "#all" },
				"south": { "uv": [ 7, 9, 7.5, 14 ], "texture": "#all" },
				"west": { "uv": [ 6, 10, 8.5, 15 ], "texture": "#all" },
				"east": { "uv": [ 6, 10, 8.5, 15 ], "texture": "#all" }
			}
		},
		{
			"from": [ 8, 5, 6.5 ],
			"to": [ 8.5, 9.5, 8.5 ],
			"faces": {
				"down": { "uv": [ 7.5, 7.5, 8, 9.5 ], "texture": "#all" },
				"up": { "uv": [ 7.5, 7.5, 8, 9.5 ], "texture": "#all" },
				"north": { "uv": [ 7.5, 10.5, 8, 15 ], "texture": "#all" },
				"south": { "uv": [ 7.5, 10.5, 8, 15 ], "texture": "#all" },
				"west": { "uv": [ 7, 10, 9, 14.5 ], "texture": "#all" },
				"east": { "uv": [ 7, 10, 9, 14.5 ], "texture": "#all" }
			}
		},
		{
			"from": [ 5, 9, 6.5 ],
			"to": [ 5.5, 15, 8.5 ],
			"faces": {
				"down": { "uv": [ 4, 7, 4.5, 8.5 ], "texture": "#all" },
				"up": { "uv": [ 4, 7, 4.5, 8.5 ], "texture": "#all" },
				"north": { "uv": [ 5, 8, 5.5, 14 ], "texture": "#all" },
				"south": { "uv": [ 5, 9, 5.5, 15 ], "texture": "#all" },
				"west": { "uv": [ 5, 8, 6, 14 ], "texture": "#all" },
				"east": { "uv": [ 5, 8, 6, 14 ], "texture": "#all" }
			}
		},
		{
			"from": [ 5.5, 6.5, 6 ],
			"to": [ 6, 12, 9 ],
			"faces": {
				"down": { "uv": [ 4, 7, 4.5, 9 ], "texture": "#all" },
				"up": { "uv": [ 4, 8, 4.5, 10 ], "texture": "#all" },
				"north": { "uv": [ 5.5, 8, 6, 13.5 ], "texture": "#all" },
				"south": { "uv": [ 5.5, 8, 6, 13.5 ], "texture": "#all" },
				"west": { "uv": [ 6, 10, 8, 15 ], "texture": "#all" },
				"east": { "uv": [ 5, 10, 7, 15 ], "texture": "#all" }
			}
		},
		{
			"from": [ 6, 5.5, 6.5 ],
			"to": [ 6.5, 10, 9 ],
			"faces": {
				"down": { "uv": [ 4, 8, 4.5, 10.5 ], "texture": "#all" },
				"up": { "uv": [ 4, 8, 4.5, 10.5 ], "texture": "#all" },
				"north": { "uv": [ 6, 10, 6.5, 14.5 ], "texture": "#all" },
				"south": { "uv": [ 6, 10, 6.5, 14.5 ], "texture": "#all" },
				"west": { "uv": [ 6, 10, 8.5, 14.5 ], "texture": "#all" },
				"east": { "uv": [ 6, 10, 8.5, 14.5 ], "texture": "#all" }
			}
		},
		{
			"from": [ 6.5, 5, 7 ],
			"to": [ 7, 10, 8.5 ],
			"faces": {
				"down": { "uv": [ 4, 7, 4.5, 9 ], "texture": "#all" },
				"up": { "uv": [ 4, 7, 4.5, 9 ], "texture": "#all" },
				"north": { "uv": [ 6.5, 10, 7, 15 ], "texture": "#all" },
				"south": { "uv": [ 6.5, 10, 7, 15 ], "texture": "#all" },
				"west": { "uv": [ 6.5, 10, 8.5, 15 ], "texture": "#all" },
				"east": { "uv": [ 6.5, 10, 8.5, 15 ], "texture": "#all" }
			}
		},
		{
			"from": [ 8, 16, 6 ],
			"to": [ 9, 17, 7 ],
			"faces": {
				"down": { "uv": [ 8, 3, 9, 4 ], "texture": "#all" },
				"up": { "uv": [ 8, 3, 9, 4 ], "texture": "#all" },
				"north": { "uv": [ 8, 3, 9, 4 ], "texture": "#all" },
				"south": { "uv": [ 8, 3, 9, 4 ], "texture": "#all" },
				"west": { "uv": [ 6, 3, 7, 4 ], "texture": "#all" },
				"east": { "uv": [ 6, 3, 7, 4 ], "texture": "#all" }
			}
		},
		{
			"from": [ 6, 16, 8 ],
			"to": [ 7, 17, 9 ],
			"faces": {
				"down": { "uv": [ 6, 3, 7, 4 ], "texture": "#all" },
				"up": { "uv": [ 6, 3, 7, 4 ], "texture": "#all" },
				"north": { "uv": [ 6, 3, 7, 4 ], "texture": "#all" },
				"south": { "uv": [ 6, 3, 7, 4 ], "texture": "#all" },
				"west": { "uv": [ 8, 3, 9, 4 ], "texture": "#all" },
				"east": { "uv": [ 8, 3, 9, 4 ], "texture": "#all" }
			}
		},
		{
			"from": [ 8, 16, 8 ],
			"to": [ 9, 17, 9 ],
			"faces": {
				"down": { "uv": [ 8, 3, 9, 4 ], "texture": "#all" },
				"up": { "uv": [ 8, 3, 9, 4 ], "texture": "#all" },
				"north": { "uv": [ 8, 3, 9, 4 ], "texture": "#all" },
				"south": { "uv": [ 8, 3, 9, 4 ], "texture": "#all" },
				"west": { "uv": [ 8, 3, 9, 4 ], "texture": "#all" },
				"east": { "uv": [ 8, 3, 9, 4 ], "texture": "#all" }
			}
		},
		{
			"from": [ 6, 16, 6 ],
			"to": [ 7, 17, 7 ],
			"faces": {
				"down": { "uv": [ 6, 3, 7, 4 ], "texture": "#all" },
				"up": { "uv": [ 6, 3, 7, 4 ], "texture": "#all" },
				"north": { "uv": [ 6, 3, 7, 4 ], "texture": "#all" },
				"south": { "uv": [ 6, 3, 7, 4 ], "texture": "#all" },
				"west": { "uv": [ 6, 3, 7, 4 ], "texture": "#all" },
				"east": { "uv": [ 6, 3, 7, 4 ], "texture": "#all" }
			}
		},
		{
			"from": [ 6, 13.5, 6 ],
			"to": [ 9, 16, 9 ],
			"faces": {
				"down": { "uv": [ 6, 4, 9, 6 ], "texture": "#all" },
				"up": { "uv": [ 6, 4, 9, 6 ], "texture": "#all" },
				"north": { "uv": [ 6, 4, 9, 6 ], "texture": "#all" },
				"south": { "uv": [ 6, 4, 9, 6 ], "texture": "#all" },
				"west": { "uv": [ 6, 4, 9, 6 ], "texture": "#all" },
				"east": { "uv": [ 6, 4, 9, 6 ], "texture": "#all" }
			}
		},
		{
			"from": [ 7, 4, 7 ],
			"to": [ 8, 14, 8 ],
			"faces": {
				"down": { "uv": [ 7, 15, 8, 16 ], "texture": "#all" },
				"up": { "uv": [ 7, 7, 8, 8 ], "texture": "#all" },
				"north": { "uv": [ 7, 7, 8, 16 ], "texture": "#all" },
				"south": { "uv": [ 7, 7, 8, 16 ], "texture": "#all" },
				"west": { "uv": [ 7, 7, 8, 16 ], "texture": "#all" },
				"east": { "uv": [ 7, 7, 8, 16 ], "texture": "#all" }
			}
		},
		{
			"from": [ 5, 0, 5 ],
			"to": [ 6, 6, 11 ],
			"faces": {
				"down": { "uv": [ 5, 5, 6, 11 ], "texture": "#flowerpot", "cullface": "down" },
				"up": { "uv": [ 5, 5, 6, 11 ], "texture": "#flowerpot" },
				"north": { "uv": [ 10, 10, 11, 16 ], "texture": "#flowerpot" },
				"south": { "uv": [ 5, 10, 6, 16 ], "texture": "#flowerpot" },
				"west": { "uv": [ 5, 10, 11, 16 ], "texture": "#flowerpot" },
				"east": { "uv": [ 5, 10, 11, 16 ], "texture": "#flowerpot" }
			}
		},
		{
			"from": [ 10, 0, 5 ],
			"to": [ 11, 6, 11 ],
			"faces": {
				"down": { "uv": [ 10, 5, 11, 11 ], "texture": "#flowerpot", "cullface": "down" },
				"up": { "uv": [ 10, 5, 11, 11 ], "texture": "#flowerpot" },
				"north": { "uv": [ 5, 10, 6, 16 ], "texture": "#flowerpot" },
				"south": { "uv": [ 10, 10, 11, 16 ], "texture": "#flowerpot" },
				"west": { "uv": [ 5, 10, 11, 16 ], "texture": "#flowerpot" },
				"east": { "uv": [ 5, 10, 11, 16 ], "texture": "#flowerpot" }
			}
		},
		{
			"from": [ 6, 0, 5 ],
			"to": [ 10, 6, 6 ],
			"faces": {
				"down": { "uv": [ 6, 10, 10, 11 ], "texture": "#flowerpot", "cullface": "down" },
				"up": { "uv": [ 6, 5, 10, 6 ], "texture": "#flowerpot" },
				"north": { "uv": [ 6, 10, 10, 16 ], "texture": "#flowerpot" },
				"south": { "uv": [ 6, 10, 10, 16 ], "texture": "#flowerpot" }
			}
		},
		{
			"from": [ 6, 0, 10 ],
			"to": [ 10, 6, 11 ],
			"faces": {
				"down": { "uv": [ 6, 5, 10, 6 ], "texture": "#flowerpot", "cullface": "down" },
				"up": { "uv": [ 6, 10, 10, 11 ], "texture": "#flowerpot" },
				"north": { "uv": [ 6, 10, 10, 16 ], "texture": "#flowerpot" },
				"south": { "uv": [ 6, 10, 10, 16 ], "texture": "#flowerpot" }
			}
		},
		{
			"from": [ 6, 0, 6 ],
			"to": [ 10, 4, 10 ],
			"faces": {
				"down": { "uv": [ 6, 6, 10, 10 ], "texture": "#flowerpot", "cullface": "down" },
				"up": { "uv": [ 6, 6, 10, 10 ], "texture": "#dirt" }
			}
		}
	]
}