{
	"__comment": "Designed by AndrealVox",
	"ambientocclusion": false,
	"textures": {
		"particle": "blocks/flower_blue_orchid",
		"all": "blocks/flower_blue_orchid",
		"flowerpot": "blocks/flower_pot",
		"dirt": "blocks/dirt"
	},
	"elements": [
		{
			"from": [ 7, 8, 7 ],
			"to": [ 8, 12, 8 ],
			"faces": {
				"down": { "uv": [ 7, 11, 8, 12 ], "texture": "#all" },
				"up": { "uv": [ 7, 8, 8, 9 ], "texture": "#all" },
				"north": { "uv": [ 7, 8, 8, 12 ], "texture": "#all" },
				"south": { "uv": [ 7, 8, 8, 12 ], "texture": "#all" },
				"west": { "uv": [ 7, 8, 8, 12 ], "texture": "#all" },
				"east": { "uv": [ 7, 8, 8, 12 ], "texture": "#all" }
			}
		},
		{
			"from": [ 9, 13, 3.5 ],
			"to": [ 10, 14, 4.5 ],
			"faces": {
				"down": { "uv": [ 10, 6, 11, 7 ], "texture": "#all" },
				"up": { "uv": [ 10, 6, 11, 7 ], "texture": "#all" },
				"north": { "uv": [ 10, 6, 11, 7 ], "texture": "#all" },
				"south": { "uv": [ 10, 6, 11, 7 ], "texture": "#all" },
				"west": { "uv": [ 10, 6, 11, 7 ], "texture": "#all" },
				"east": { "uv": [ 10, 6, 11, 7 ], "texture": "#all" }
			}
		},
		{
			"from": [ 9, 12, 4 ],
			"to": [ 10, 15, 5 ],
			"faces": {
				"down": { "uv": [ 10, 6, 11, 7 ], "texture": "#all" },
				"up": { "uv": [ 10, 6, 11, 7 ], "texture": "#all" },
				"north": { "uv": [ 10, 5, 11, 8 ], "texture": "#all" },
				"south": { "uv": [ 10, 5, 11, 8 ], "texture": "#all" },
				"west": { "uv": [ 10, 5, 11, 8 ], "texture": "#all" },
				"east": { "uv": [ 10, 5, 11, 8 ], "texture": "#all" }
			}
		},
		{
			"from": [ 8, 13, 4 ],
			"to": [ 11, 14, 5 ],
			"faces": {
				"down": { "uv": [ 9, 6, 12, 7 ], "texture": "#all" },
				"up": { "uv": [ 9, 6, 12, 7 ], "texture": "#all" },
				"north": { "uv": [ 9, 6, 12, 7 ], "texture": "#all" },
				"south": { "uv": [ 9, 6, 12, 7 ], "texture": "#all" },
				"west": { "uv": [ 9, 6, 10, 7 ], "texture": "#all" },
				"east": { "uv": [ 11, 6, 12, 7 ], "texture": "#all" }
			}
		},
		{
			"from": [ 12.5, 16, 3 ],
			"to": [ 13.5, 17, 4 ],
			"faces": {
				"down": { "uv": [ 13, 3, 14, 4 ], "texture": "#all" },
				"up": { "uv": [ 13, 3, 14, 4 ], "texture": "#all" },
				"north": { "uv": [ 13, 3, 14, 4 ], "texture": "#all" },
				"south": { "uv": [ 13, 3, 14, 4 ], "texture": "#all" },
				"west": { "uv": [ 13, 3, 14, 4 ], "texture": "#all" },
				"east": { "uv": [ 13, 3, 14, 4 ], "texture": "#all" }
			}
		},
		{
			"from": [ 12, 15, 3 ],
			"to": [ 13, 18, 4 ],
			"faces": {
				"down": { "uv": [ 12, 3, 13, 4 ], "texture": "#all" },
				"up": { "uv": [ 12, 3, 13, 4 ], "texture": "#all" },
				"north": { "uv": [ 12, 2, 13, 5 ], "texture": "#all" },
				"south": { "uv": [ 12, 2, 13, 5 ], "texture": "#all" },
				"west": { "uv": [ 12, 2, 13, 5 ], "texture": "#all" },
				"east": { "uv": [ 12, 2, 13, 5 ], "texture": "#all" }
			}
		},
		{
			"from": [ 12, 16, 2 ],
			"to": [ 13, 17, 5 ],
			"faces": {
				"down": { "uv": [ 12, 2, 13, 5 ], "texture": "#all" },
				"up": { "uv": [ 12, 2, 13, 5 ], "texture": "#all" },
				"north": { "uv": [ 12, 3, 13, 4 ], "texture": "#all" },
				"south": { "uv": [ 12, 3, 13, 4 ], "texture": "#all" },
				"west": { "uv": [ 9, 6, 12, 7 ], "texture": "#all" },
				"east": { "uv": [ 9, 6, 12, 7 ], "texture": "#all" }
			}
		},
		{
			"from": [ 6, 12, 11 ],
			"to": [ 7, 13, 12 ],
			"faces": {
				"down": { "uv": [ 6, 7, 7, 8 ], "texture": "#all" },
				"up": { "uv": [ 6, 7, 7, 8 ], "texture": "#all" },
				"north": { "uv": [ 6, 7, 7, 8 ], "texture": "#all" },
				"south": { "uv": [ 6, 7, 7, 8 ], "texture": "#all" },
				"west": { "uv": [ 6, 7, 7, 8 ], "texture": "#all" },
				"east": { "uv": [ 6, 7, 7, 8 ], "texture": "#all" }
			}
		},
		{
			"from": [ 6, 13, 9 ],
			"to": [ 7, 14, 11 ],
			"faces": {
				"down": { "uv": [ 7, 10, 8, 12 ], "texture": "#all" },
				"up": { "uv": [ 7, 10, 8, 12 ], "texture": "#all" },
				"north": { "uv": [ 5, 6, 6, 7 ], "texture": "#all" },
				"south": { "uv": [ 5, 6, 6, 7 ], "texture": "#all" },
				"west": { "uv": [ 7, 11, 9, 12 ], "texture": "#all" },
				"east": { "uv": [ 7, 11, 9, 12 ], "texture": "#all" }
			}
		},
		{
			"from": [ 6, 12, 8 ],
			"to": [ 7, 13, 9 ],
			"faces": {
				"down": { "uv": [ 6, 7, 7, 8 ], "texture": "#all" },
				"up": { "uv": [ 6, 7, 7, 8 ], "texture": "#all" },
				"north": { "uv": [ 6, 7, 7, 8 ], "texture": "#all" },
				"south": { "uv": [ 6, 7, 7, 8 ], "texture": "#all" },
				"west": { "uv": [ 8, 7, 9, 8 ], "texture": "#all" },
				"east": { "uv": [ 8, 7, 9, 8 ], "texture": "#all" }
			}
		},
		{
			"from": [ 3, 12, 7 ],
			"to": [ 4, 14, 8 ],
			"faces": {
				"down": { "uv": [ 3, 7, 4, 8 ], "texture": "#all" },
				"up": { "uv": [ 3, 7, 4, 8 ], "texture": "#all" },
				"north": { "uv": [ 3, 6, 4, 8 ], "texture": "#all" },
				"south": { "uv": [ 3, 6, 4, 8 ], "texture": "#all" },
				"west": { "uv": [ 3, 6, 4, 8 ], "texture": "#all" },
				"east": { "uv": [ 3, 6, 4, 8 ], "texture": "#all" }
			}
		},
		{
			"from": [ 4, 13, 6 ],
			"to": [ 6, 14, 7 ],
			"faces": {
				"down": { "uv": [ 4, 6, 6, 7 ], "texture": "#all" },
				"up": { "uv": [ 4, 6, 6, 7 ], "texture": "#all" },
				"north": { "uv": [ 4, 6, 6, 7 ], "texture": "#all" },
				"south": { "uv": [ 4, 6, 6, 7 ], "texture": "#all" },
				"west": { "uv": [ 5, 6, 6, 7 ], "texture": "#all" },
				"east": { "uv": [ 5, 6, 6, 7 ], "texture": "#all" }
			}
		},
		{
			"from": [ 6, 12, 7 ],
			"to": [ 7, 13, 8 ],
			"faces": {
				"down": { "uv": [ 6, 7, 7, 8 ], "texture": "#all" },
				"up": { "uv": [ 6, 7, 7, 8 ], "texture": "#all" },
				"north": { "uv": [ 6, 7, 7, 8 ], "texture": "#all" },
				"south": { "uv": [ 6, 7, 7, 8 ], "texture": "#all" },
				"west": { "uv": [ 8, 7, 9, 8 ], "texture": "#all" },
				"east": { "uv": [ 8, 7, 9, 8 ], "texture": "#all" }
			}
		},
		{
			"from": [ 11, 16, 3 ],
			"to": [ 12, 17, 4 ],
			"faces": {
				"down": { "uv": [ 11, 3, 12, 4 ], "texture": "#all" },
				"up": { "uv": [ 11, 3, 12, 4 ], "texture": "#all" },
				"north": { "uv": [ 11, 3, 12, 4 ], "texture": "#all" },
				"south": { "uv": [ 11, 3, 12, 4 ], "texture": "#all" },
				"west": { "uv": [ 11, 3, 12, 4 ], "texture": "#all" },
				"east": { "uv": [ 11, 3, 12, 4 ], "texture": "#all" }
			}
		},
		{
			"from": [ 10, 15, 4 ],
			"to": [ 11, 16, 5 ],
			"faces": {
				"down": { "uv": [ 10, 4, 11, 5 ], "texture": "#all" },
				"up": { "uv": [ 10, 4, 11, 5 ], "texture": "#all" },
				"north": { "uv": [ 10, 4, 11, 5 ], "texture": "#all" },
				"south": { "uv": [ 10, 4, 11, 5 ], "texture": "#all" },
				"west": { "uv": [ 10, 4, 11, 5 ], "texture": "#all" },
				"east": { "uv": [ 10, 4, 11, 5 ], "texture": "#all" }
			}
		},
		{
			"from": [ 9, 14, 5 ],
			"to": [ 10, 15, 6 ],
			"faces": {
				"down": { "uv": [ 9, 5, 10, 6 ], "texture": "#all" },
				"up": { "uv": [ 9, 5, 10, 6 ], "texture": "#all" },
				"north": { "uv": [ 9, 5, 10, 6 ], "texture": "#all" },
				"south": { "uv": [ 9, 5, 10, 6 ], "texture": "#all" },
				"west": { "uv": [ 9, 5, 10, 6 ], "texture": "#all" },
				"east": { "uv": [ 9, 5, 10, 6 ], "texture": "#all" }
			}
		},
		{
			"from": [ 8, 12, 6 ],
			"to": [ 9, 14, 7 ],
			"faces": {
				"down": { "uv": [ 8, 6, 9, 7 ], "texture": "#all" },
				"up": { "uv": [ 8, 7, 9, 8 ], "texture": "#all" },
				"north": { "uv": [ 8, 6, 9, 8 ], "texture": "#all" },
				"south": { "uv": [ 8, 6, 9, 8 ], "texture": "#all" },
				"west": { "uv": [ 8, 6, 9, 8 ], "texture": "#all" },
				"east": { "uv": [ 8, 6, 9, 8 ], "texture": "#all" }
			}
		},
		{
			"from": [ 8, 4, 8 ],
			"to": [ 9, 9, 9 ],
			"faces": {
				"down": { "uv": [ 8, 15, 9, 16 ], "texture": "#all" },
				"up": { "uv": [ 8, 11, 9, 12 ], "texture": "#all" },
				"north": { "uv": [ 8, 11, 9, 16 ], "texture": "#all" },
				"south": { "uv": [ 8, 11, 9, 16 ], "texture": "#all" },
				"west": { "uv": [ 8, 11, 9, 16 ], "texture": "#all" },
				"east": { "uv": [ 8, 11, 9, 16 ], "texture": "#all" }
			}
		},
		{
			"from": [ 7, 4, 7 ],
			"to": [ 8, 5, 8 ],
			"faces": {
				"down": { "uv": [ 7, 15, 8, 16 ], "texture": "#all" },
				"up": { "uv": [ 7, 15, 8, 16 ], "texture": "#all" },
				"north": { "uv": [ 7, 15, 8, 16 ], "texture": "#all" },
				"south": { "uv": [ 7, 15, 8, 16 ], "texture": "#all" },
				"west": { "uv": [ 7, 15, 8, 16 ], "texture": "#all" },
				"east": { "uv": [ 7, 15, 8, 16 ], "texture": "#all" }
			}
		},
		{
			"from": [ 2, 11.5, 7 ],
			"to": [ 3, 14.5, 8 ],
			"faces": {
				"down": { "uv": [ 9, 6, 10, 7 ], "texture": "#all" },
				"up": { "uv": [ 10, 6, 11, 7 ], "texture": "#all" },
				"north": { "uv": [ 10, 5, 11, 8 ], "texture": "#all" },
				"south": { "uv": [ 10, 5, 11, 8 ], "texture": "#all" },
				"west": { "uv": [ 10, 5, 11, 8 ], "texture": "#all" },
				"east": { "uv": [ 10, 5, 11, 8 ], "texture": "#all" }
			}
		},
		{
			"from": [ 2, 12.5, 6 ],
			"to": [ 3, 13.5, 9 ],
			"faces": {
				"down": { "uv": [ 10, 5, 11, 8 ], "texture": "#all" },
				"up": { "uv": [ 10, 5, 11, 8 ], "texture": "#all" },
				"north": { "uv": [ 9, 6, 10, 7 ], "texture": "#all" },
				"south": { "uv": [ 9, 6, 10, 7 ], "texture": "#all" },
				"west": { "uv": [ 9, 6, 12, 7 ], "texture": "#all" },
				"east": { "uv": [ 9, 6, 12, 7 ], "texture": "#all" }
			}
		},
		{
			"from": [ 1.5, 12.5, 7 ],
			"to": [ 2.5, 13.5, 8 ],
			"faces": {
				"down": { "uv": [ 10, 6, 11, 7 ], "texture": "#all" },
				"up": { "uv": [ 10, 6, 11, 7 ], "texture": "#all" },
				"north": { "uv": [ 10, 6, 11, 7 ], "texture": "#all" },
				"south": { "uv": [ 10, 6, 11, 7 ], "texture": "#all" },
				"west": { "uv": [ 10, 6, 11, 7 ], "texture": "#all" },
				"east": { "uv": [ 10, 6, 11, 7 ], "texture": "#all" }
			}
		},
		{
			"from": [ 5, 12, 12 ],
			"to": [ 8, 13, 13 ],
			"faces": {
				"down": { "uv": [ 9, 6, 12, 7 ], "texture": "#all" },
				"up": { "uv": [ 9, 6, 12, 7 ], "texture": "#all" },
				"north": { "uv": [ 9, 6, 12, 7 ], "texture": "#all" },
				"south": { "uv": [ 9, 6, 12, 7 ], "texture": "#all" },
				"west": { "uv": [ 10, 6, 11, 7 ], "texture": "#all" },
				"east": { "uv": [ 10, 6, 11, 7 ], "texture": "#all" }
			}
		},
		{
			"from": [ 6, 11, 12 ],
			"to": [ 7, 14, 13 ],
			"faces": {
				"down": { "uv": [ 9, 6, 10, 7 ], "texture": "#all" },
				"up": { "uv": [ 11, 6, 12, 7 ], "texture": "#all" },
				"north": { "uv": [ 10, 5, 11, 8 ], "texture": "#all" },
				"south": { "uv": [ 10, 5, 11, 8 ], "texture": "#all" },
				"west": { "uv": [ 10, 5, 11, 8 ], "texture": "#all" },
				"east": { "uv": [ 10, 5, 11, 8 ], "texture": "#all" }
			}
		},
		{
			"from": [ 6, 12, 12.5 ],
			"to": [ 7, 13, 13.5 ],
			"faces": {
				"down": { "uv": [ 8, 8, 9, 9 ], "texture": "#all" },
				"up": { "uv": [ 8, 8, 9, 9 ], "texture": "#all" },
				"north": { "uv": [ 8, 8, 9, 9 ], "texture": "#all" },
				"south": { "uv": [ 8, 8, 9, 9 ], "texture": "#all" },
				"west": { "uv": [ 8, 8, 9, 9 ], "texture": "#all" },
				"east": { "uv": [ 8, 8, 9, 9 ], "texture": "#all" }
			}
		},
		{
			"from": [ 5, 0, 5 ],
			"to": [ 6, 6, 11 ],
			"faces": {
				"down": { "uv": [ 5, 5, 6, 11 ], "texture": "#flowerpot", "cullface": "down" },
				"up": { "uv": [ 5, 5, 6, 11 ], "texture": "#flowerpot" },
				"north": { "uv": [ 10, 10, 11, 16 ], "texture": "#flowerpot" },
				"south": { "uv": [ 5, 10, 6, 16 ], "texture": "#flowerpot" },
				"west": { "uv": [ 5, 10, 11, 16 ], "texture": "#flowerpot" },
				"east": { "uv": [ 5, 10, 11, 16 ], "texture": "#flowerpot" }
			}
		},
		{
			"from": [ 10, 0, 5 ],
			"to": [ 11, 6, 11 ],
			"faces": {
				"down": { "uv": [ 10, 5, 11, 11 ], "texture": "#flowerpot", "cullface": "down" },
				"up": { "uv": [ 10, 5, 11, 11 ], "texture": "#flowerpot" },
				"north": { "uv": [ 5, 10, 6, 16 ], "texture": "#flowerpot" },
				"south": { "uv": [ 10, 10, 11, 16 ], "texture": "#flowerpot" },
				"west": { "uv": [ 5, 10, 11, 16 ], "texture": "#flowerpot" },
				"east": { "uv": [ 5, 10, 11, 16 ], "texture": "#flowerpot" }
			}
		},
		{
			"from": [ 6, 0, 5 ],
			"to": [ 10, 6, 6 ],
			"faces": {
				"down": { "uv": [ 6, 10, 10, 11 ], "texture": "#flowerpot", "cullface": "down" },
				"up": { "uv": [ 6, 5, 10, 6 ], "texture": "#flowerpot" },
				"north": { "uv": [ 6, 10, 10, 16 ], "texture": "#flowerpot" },
				"south": { "uv": [ 6, 10, 10, 16 ], "texture": "#flowerpot" }
			}
		},
		{
			"from": [ 6, 0, 10 ],
			"to": [ 10, 6, 11 ],
			"faces": {
				"down": { "uv": [ 6, 5, 10, 6 ], "texture": "#flowerpot", "cullface": "down" },
				"up": { "uv": [ 6, 10, 10, 11 ], "texture": "#flowerpot" },
				"north": { "uv": [ 6, 10, 10, 16 ], "texture": "#flowerpot" },
				"south": { "uv": [ 6, 10, 10, 16 ], "texture": "#flowerpot" }
			}
		},
		{
			"from": [ 6, 0, 6 ],
			"to": [ 10, 4, 10 ],
			"faces": {
				"down": { "uv": [ 6, 6, 10, 10 ], "texture": "#flowerpot", "cullface": "down" },
				"up": { "uv": [ 6, 6, 10, 10 ], "texture": "#dirt" }
			}
		}
	]
}