{
	"__comment": "Designed by AndrealVox",
	"ambientocclusion": false,
	"textures": {
		"particle": "blocks/flower_allium",
		"all": "blocks/flower_allium",
		"flowerpot": "blocks/flower_pot",
		"dirt": "blocks/dirt"
	},
	"elements": [
		{
			"from": [ 6.5, 14, 10 ],
			"to": [ 9, 16, 11 ],
			"faces": {
				"down": { "uv": [ 7, 5, 9.5, 6 ], "texture": "#all" },
				"up": { "uv": [ 6, 6, 8.5, 7 ], "texture": "#all" },
				"north": { "uv": [ 6.5, 4, 9, 6 ], "texture": "#all" },
				"south": { "uv": [ 6.5, 4, 9, 6 ], "texture": "#all" },
				"west": { "uv": [ 10, 4, 11, 6 ], "texture": "#all" },
				"east": { "uv": [ 10, 4, 11, 6 ], "texture": "#all" }
			}
		},
		{
			"from": [ 6, 14, 4 ],
			"to": [ 9, 16.5, 5 ],
			"faces": {
				"down": { "uv": [ 6, 4, 9, 5 ], "texture": "#all" },
				"up": { "uv": [ 6, 4, 9, 5 ], "texture": "#all" },
				"north": { "uv": [ 6, 3.5, 9, 6 ], "texture": "#all" },
				"south": { "uv": [ 6, 3.5, 9, 6 ], "texture": "#all" },
				"west": { "uv": [ 8, 3, 9, 5.5 ], "texture": "#all" },
				"east": { "uv": [ 6, 5, 7, 7.5 ], "texture": "#all" }
			}
		},
		{
			"from": [ 6, 12, 6.5 ],
			"to": [ 9.5, 13, 9.5 ],
			"faces": {
				"down": { "uv": [ 6, 3, 9.5, 6 ], "texture": "#all" },
				"up": { "uv": [ 5, 3, 8.5, 6 ], "texture": "#all" },
				"north": { "uv": [ 6, 5, 9.5, 6 ], "texture": "#all" },
				"south": { "uv": [ 6, 5, 9.5, 6 ], "texture": "#all" },
				"west": { "uv": [ 6, 5, 9, 6 ], "texture": "#all" },
				"east": { "uv": [ 6, 5, 9, 6 ], "texture": "#all" }
			}
		},
		{
			"from": [ 4, 13.5, 5.5 ],
			"to": [ 5, 16, 9 ],
			"faces": {
				"down": { "uv": [ 6, 3, 7, 6.5 ], "texture": "#all" },
				"up": { "uv": [ 8, 3, 9, 6.5 ], "texture": "#all" },
				"north": { "uv": [ 5, 4, 6, 6.5 ], "texture": "#all" },
				"south": { "uv": [ 5, 4, 6, 6.5 ], "texture": "#all" },
				"west": { "uv": [ 5.5, 4, 9, 6.5 ], "texture": "#all" },
				"east": { "uv": [ 5.5, 4, 9, 6.5 ], "texture": "#all" }
			}
		},
		{
			"from": [ 6, 17, 6 ],
			"to": [ 9, 18, 9 ],
			"faces": {
				"down": { "uv": [ 6, 3, 9, 6 ], "texture": "#all" },
				"up": { "uv": [ 6, 3, 9, 6 ], "texture": "#all" },
				"north": { "uv": [ 5, 4, 8, 5 ], "texture": "#all" },
				"south": { "uv": [ 6, 2, 9, 3 ], "texture": "#all" },
				"west": { "uv": [ 6, 2, 9, 3 ], "texture": "#all" },
				"east": { "uv": [ 6, 4, 9, 5 ], "texture": "#all" }
			}
		},
		{
			"from": [ 10, 14, 7 ],
			"to": [ 11, 16, 9 ],
			"faces": {
				"down": { "uv": [ 10, 4, 11, 6 ], "texture": "#all" },
				"up": { "uv": [ 7, 4, 8, 6 ], "texture": "#all" },
				"north": { "uv": [ 10, 4, 11, 6 ], "texture": "#all" },
				"south": { "uv": [ 10, 4, 11, 6 ], "texture": "#all" },
				"west": { "uv": [ 7, 4, 9, 6 ], "texture": "#all" },
				"east": { "uv": [ 7, 4, 9, 6 ], "texture": "#all" }
			}
		},
		{
			"from": [ 5, 13, 5 ],
			"to": [ 10, 17, 10 ],
			"faces": {
				"down": { "uv": [ 5, 3, 10, 7 ], "texture": "#all" },
				"up": { "uv": [ 5, 3, 10, 7 ], "texture": "#all" },
				"north": { "uv": [ 5, 3, 10, 7 ], "texture": "#all" },
				"south": { "uv": [ 5, 3, 10, 7 ], "texture": "#all" },
				"west": { "uv": [ 5, 3, 10, 7 ], "texture": "#all" },
				"east": { "uv": [ 5, 3, 10, 7 ], "texture": "#all" }
			}
		},
		{
			"from": [ 7, 4, 7 ],
			"to": [ 8, 13, 8 ],
			"faces": {
				"down": { "uv": [ 7, 7, 8, 8 ], "texture": "#all" },
				"up": { "uv": [ 7, 7, 8, 8 ], "texture": "#all" },
				"north": { "uv": [ 7, 7, 8, 16 ], "texture": "#all" },
				"south": { "uv": [ 7, 7, 8, 16 ], "texture": "#all" },
				"west": { "uv": [ 7, 7, 8, 16 ], "texture": "#all" },
				"east": { "uv": [ 7, 7, 8, 16 ], "texture": "#all" }
			}
		},
		{
			"from": [ 5, 0, 5 ],
			"to": [ 6, 6, 11 ],
			"faces": {
				"down": { "uv": [ 5, 5, 6, 11 ], "texture": "#flowerpot", "cullface": "down" },
				"up": { "uv": [ 5, 5, 6, 11 ], "texture": "#flowerpot" },
				"north": { "uv": [ 10, 10, 11, 16 ], "texture": "#flowerpot" },
				"south": { "uv": [ 5, 10, 6, 16 ], "texture": "#flowerpot" },
				"west": { "uv": [ 5, 10, 11, 16 ], "texture": "#flowerpot" },
				"east": { "uv": [ 5, 10, 11, 16 ], "texture": "#flowerpot" }
			}
		},
		{
			"from": [ 10, 0, 5 ],
			"to": [ 11, 6, 11 ],
			"faces": {
				"down": { "uv": [ 10, 5, 11, 11 ], "texture": "#flowerpot", "cullface": "down" },
				"up": { "uv": [ 10, 5, 11, 11 ], "texture": "#flowerpot" },
				"north": { "uv": [ 5, 10, 6, 16 ], "texture": "#flowerpot" },
				"south": { "uv": [ 10, 10, 11, 16 ], "texture": "#flowerpot" },
				"west": { "uv": [ 5, 10, 11, 16 ], "texture": "#flowerpot" },
				"east": { "uv": [ 5, 10, 11, 16 ], "texture": "#flowerpot" }
			}
		},
		{
			"from": [ 6, 0, 5 ],
			"to": [ 10, 6, 6 ],
			"faces": {
				"down": { "uv": [ 6, 10, 10, 11 ], "texture": "#flowerpot", "cullface": "down" },
				"up": { "uv": [ 6, 5, 10, 6 ], "texture": "#flowerpot" },
				"north": { "uv": [ 6, 10, 10, 16 ], "texture": "#flowerpot" },
				"south": { "uv": [ 6, 10, 10, 16 ], "texture": "#flowerpot" }
			}
		},
		{
			"from": [ 6, 0, 10 ],
			"to": [ 10, 6, 11 ],
			"faces": {
				"down": { "uv": [ 6, 5, 10, 6 ], "texture": "#flowerpot", "cullface": "down" },
				"up": { "uv": [ 6, 10, 10, 11 ], "texture": "#flowerpot" },
				"north": { "uv": [ 6, 10, 10, 16 ], "texture": "#flowerpot" },
				"south": { "uv": [ 6, 10, 10, 16 ], "texture": "#flowerpot" }
			}
		},
		{
			"from": [ 6, 0, 6 ],
			"to": [ 10, 4, 10 ],
			"faces": {
				"down": { "uv": [ 6, 6, 10, 10 ], "texture": "#flowerpot", "cullface": "down" },
				"up": { "uv": [ 6, 6, 10, 10 ], "texture": "#dirt" }
			}
		}
	]
}