{
	"__comment": "Designed by AndrealVox",
	"ambientocclusion": false,
	"textures": {
		"particle": "blocks/flower_oxeye_daisy",
		"all": "blocks/flower_oxeye_daisy",
		"flowerpot": "blocks/flower_pot",
		"dirt": "blocks/dirt"
	},
	"elements": [
		{
			"from": [ 7, 13.5, 8.5 ],
			"to": [ 8, 14.5, 9.5 ],
			"faces": {
				"down": { "uv": [ 7, 6, 8, 7 ], "texture": "#all" },
				"up": { "uv": [ 7, 6, 8, 7 ], "texture": "#all" },
				"north": { "uv": [ 7, 6, 8, 7 ], "texture": "#all" },
				"south": { "uv": [ 7, 6, 8, 7 ], "texture": "#all" },
				"west": { "uv": [ 7, 6, 8, 7 ], "texture": "#all" },
				"east": { "uv": [ 7, 6, 8, 7 ], "texture": "#all" }
			}
		},
		{
			"from": [ 7, 14.5, 7.5 ],
			"to": [ 8, 15.5, 8.5 ],
			"faces": {
				"down": { "uv": [ 7, 4, 8, 5 ], "texture": "#all" },
				"up": { "uv": [ 7, 4, 8, 5 ], "texture": "#all" },
				"north": { "uv": [ 7, 4, 8, 5 ], "texture": "#all" },
				"south": { "uv": [ 7, 4, 8, 5 ], "texture": "#all" },
				"west": { "uv": [ 7, 4, 8, 5 ], "texture": "#all" },
				"east": { "uv": [ 7, 4, 8, 5 ], "texture": "#all" }
			}
		},
		{
			"from": [ 6, 14, 8 ],
			"to": [ 9, 15, 9 ],
			"faces": {
				"down": { "uv": [ 6, 5, 9, 6 ], "texture": "#all" },
				"up": { "uv": [ 6, 5, 9, 6 ], "texture": "#all" },
				"north": { "uv": [ 6, 5, 9, 6 ], "texture": "#all" },
				"south": { "uv": [ 6, 5, 9, 6 ], "texture": "#all" },
				"west": { "uv": [ 7, 5, 8, 6 ], "texture": "#all" },
				"east": { "uv": [ 7, 5, 8, 6 ], "texture": "#all" }
			}
		},
		{
			"from": [ 8.5, 7, 8 ],
			"to": [ 10, 8, 9.5 ],
			"faces": {
				"down": { "uv": [ 7, 13, 8, 14 ], "texture": "#all" },
				"up": { "uv": [ 7, 13, 8, 14 ], "texture": "#all" },
				"north": { "uv": [ 7, 13, 8, 14 ], "texture": "#all" },
				"south": { "uv": [ 7, 13, 8, 14 ], "texture": "#all" },
				"west": { "uv": [ 7, 13, 8, 14 ], "texture": "#all" },
				"east": { "uv": [ 7, 13, 8, 14 ], "texture": "#all" }
			}
		},
		{
			"from": [ 8, 5, 7.5 ],
			"to": [ 9, 7, 8.5 ],
			"faces": {
				"down": { "uv": [ 8, 8, 9, 9 ], "texture": "#all" },
				"up": { "uv": [ 8, 8, 9, 9 ], "texture": "#all" },
				"north": { "uv": [ 8, 13, 9, 15 ], "texture": "#all" },
				"south": { "uv": [ 8, 13, 9, 15 ], "texture": "#all" },
				"west": { "uv": [ 7, 13, 8, 15 ], "texture": "#all" },
				"east": { "uv": [ 7, 13, 8, 15 ], "texture": "#all" }
			}
		},
		{
			"from": [ 4.5, 8, 6 ],
			"to": [ 6.5, 9, 8 ],
			"faces": {
				"down": { "uv": [ 6, 11, 8, 13 ], "texture": "#all" },
				"up": { "uv": [ 6, 11, 8, 13 ], "texture": "#all" },
				"north": { "uv": [ 5, 11, 7, 12 ], "texture": "#all" },
				"south": { "uv": [ 5, 11, 7, 12 ], "texture": "#all" },
				"west": { "uv": [ 6, 11, 8, 12 ], "texture": "#all" },
				"east": { "uv": [ 6, 11, 8, 12 ], "texture": "#all" }
			}
		},
		{
			"from": [ 6, 7, 6.5 ],
			"to": [ 7, 9, 7.5 ],
			"faces": {
				"down": { "uv": [ 7, 10, 8, 11 ], "texture": "#all" },
				"up": { "uv": [ 7, 11, 8, 12 ], "texture": "#all" },
				"north": { "uv": [ 6, 11, 7, 13 ], "texture": "#all" },
				"south": { "uv": [ 6, 11, 7, 13 ], "texture": "#all" },
				"west": { "uv": [ 6.5, 11, 7.5, 13 ], "texture": "#all" },
				"east": { "uv": [ 6.5, 11, 7.5, 13 ], "texture": "#all" }
			}
		},
		{
			"from": [ 7, 11, 7.5 ],
			"to": [ 8, 14, 8.5 ],
			"faces": {
				"down": { "uv": [ 7, 15, 8, 16 ], "texture": "#all" },
				"up": { "uv": [ 7, 9, 8, 10 ], "texture": "#all" },
				"north": { "uv": [ 7, 9, 8, 12 ], "texture": "#all" },
				"south": { "uv": [ 7, 9, 8, 12 ], "texture": "#all" },
				"west": { "uv": [ 7, 9, 8, 12 ], "texture": "#all" },
				"east": { "uv": [ 7, 9, 8, 12 ], "texture": "#all" }
			}
		},
		{
			"from": [ 7, 4, 7 ],
			"to": [ 8, 11, 8 ],
			"faces": {
				"down": { "uv": [ 7, 15, 8, 16 ], "texture": "#all" },
				"up": { "uv": [ 7, 15, 8, 16 ], "texture": "#all" },
				"north": { "uv": [ 7, 9, 8, 16 ], "texture": "#all" },
				"south": { "uv": [ 7, 9, 8, 16 ], "texture": "#all" },
				"west": { "uv": [ 7, 9, 8, 16 ], "texture": "#all" },
				"east": { "uv": [ 7, 9, 8, 16 ], "texture": "#all" }
			}
		},
		{
			"from": [ 4.5, 14, 7 ],
			"to": [ 10.5, 15, 8 ],
			"faces": {
				"down": { "uv": [ 4, 5, 11, 6 ], "texture": "#all" },
				"up": { "uv": [ 4, 5, 11, 6 ], "texture": "#all" },
				"north": { "uv": [ 4, 5, 11, 6 ], "texture": "#all" },
				"south": { "uv": [ 4, 5, 11, 6 ], "texture": "#all" },
				"west": { "uv": [ 7, 2, 8, 3 ], "texture": "#all" },
				"east": { "uv": [ 7, 2, 8, 3 ], "texture": "#all" }
			}
		},
		{
			"from": [ 5, 14.5, 6.5 ],
			"to": [ 10, 15.5, 7.5 ],
			"faces": {
				"down": { "uv": [ 5, 3, 10, 4 ], "texture": "#all" },
				"up": { "uv": [ 5, 3, 10, 4 ], "texture": "#all" },
				"north": { "uv": [ 5, 3, 10, 4 ], "texture": "#all" },
				"south": { "uv": [ 5, 3, 10, 4 ], "texture": "#all" },
				"west": { "uv": [ 5, 3, 6, 4 ], "texture": "#all" },
				"east": { "uv": [ 5, 3, 6, 4 ], "texture": "#all" }
			}
		},
		{
			"from": [ 5.5, 15, 6 ],
			"to": [ 9.5, 16, 7 ],
			"faces": {
				"down": { "uv": [ 5.5, 3, 9.5, 4 ], "texture": "#all" },
				"up": { "uv": [ 5.5, 3, 9.5, 4 ], "texture": "#all" },
				"north": { "uv": [ 5.5, 3, 9.5, 4 ], "texture": "#all" },
				"south": { "uv": [ 5.5, 3, 9.5, 4 ], "texture": "#all" },
				"west": { "uv": [ 5, 3, 6, 4 ], "texture": "#all" },
				"east": { "uv": [ 5, 3, 6, 4 ], "texture": "#all" }
			}
		},
		{
			"from": [ 4.5, 13, 8 ],
			"to": [ 7, 14, 9 ],
			"faces": {
				"down": { "uv": [ 5, 3, 7.5, 4 ], "texture": "#all" },
				"up": { "uv": [ 5, 3, 7.5, 4 ], "texture": "#all" },
				"north": { "uv": [ 5, 3, 7.5, 4 ], "texture": "#all" },
				"south": { "uv": [ 5, 3, 7.5, 4 ], "texture": "#all" },
				"west": { "uv": [ 5, 7, 6, 8 ], "texture": "#all" },
				"east": { "uv": [ 5, 7, 6, 8 ], "texture": "#all" }
			}
		},
		{
			"from": [ 8, 13, 8 ],
			"to": [ 10.5, 14, 9 ],
			"faces": {
				"down": { "uv": [ 7, 3, 9.5, 4 ], "texture": "#all" },
				"up": { "uv": [ 7, 3, 9.5, 4 ], "texture": "#all" },
				"north": { "uv": [ 7, 3, 9.5, 4 ], "texture": "#all" },
				"south": { "uv": [ 7, 3, 9.5, 4 ], "texture": "#all" },
				"west": { "uv": [ 5, 7, 6, 8 ], "texture": "#all" },
				"east": { "uv": [ 5, 7, 6, 8 ], "texture": "#all" }
			}
		},
		{
			"from": [ 5, 12.5, 9 ],
			"to": [ 10, 13.5, 10 ],
			"faces": {
				"down": { "uv": [ 5, 7, 10, 8 ], "texture": "#all" },
				"up": { "uv": [ 5, 7, 10, 8 ], "texture": "#all" },
				"north": { "uv": [ 5, 7, 10, 8 ], "texture": "#all" },
				"south": { "uv": [ 5, 7, 10, 8 ], "texture": "#all" },
				"west": { "uv": [ 6, 7, 7, 8 ], "texture": "#all" },
				"east": { "uv": [ 6, 7, 7, 8 ], "texture": "#all" }
			}
		},
		{
			"from": [ 6, 12, 9.5 ],
			"to": [ 9, 13, 10.5 ],
			"faces": {
				"down": { "uv": [ 6, 7, 9, 8 ], "texture": "#all" },
				"up": { "uv": [ 6, 7, 9, 8 ], "texture": "#all" },
				"north": { "uv": [ 6, 7, 9, 8 ], "texture": "#all" },
				"south": { "uv": [ 6, 7, 9, 8 ], "texture": "#all" },
				"west": { "uv": [ 9, 7, 10, 8 ], "texture": "#all" },
				"east": { "uv": [ 9, 7, 10, 8 ], "texture": "#all" }
			}
		},
		{
			"from": [ 5, 0, 5 ],
			"to": [ 6, 6, 11 ],
			"faces": {
				"down": { "uv": [ 5, 5, 6, 11 ], "texture": "#flowerpot", "cullface": "down" },
				"up": { "uv": [ 5, 5, 6, 11 ], "texture": "#flowerpot" },
				"north": { "uv": [ 10, 10, 11, 16 ], "texture": "#flowerpot" },
				"south": { "uv": [ 5, 10, 6, 16 ], "texture": "#flowerpot" },
				"west": { "uv": [ 5, 10, 11, 16 ], "texture": "#flowerpot" },
				"east": { "uv": [ 5, 10, 11, 16 ], "texture": "#flowerpot" }
			}
		},
		{
			"from": [ 10, 0, 5 ],
			"to": [ 11, 6, 11 ],
			"faces": {
				"down": { "uv": [ 10, 5, 11, 11 ], "texture": "#flowerpot", "cullface": "down" },
				"up": { "uv": [ 10, 5, 11, 11 ], "texture": "#flowerpot" },
				"north": { "uv": [ 5, 10, 6, 16 ], "texture": "#flowerpot" },
				"south": { "uv": [ 10, 10, 11, 16 ], "texture": "#flowerpot" },
				"west": { "uv": [ 5, 10, 11, 16 ], "texture": "#flowerpot" },
				"east": { "uv": [ 5, 10, 11, 16 ], "texture": "#flowerpot" }
			}
		},
		{
			"from": [ 6, 0, 5 ],
			"to": [ 10, 6, 6 ],
			"faces": {
				"down": { "uv": [ 6, 10, 10, 11 ], "texture": "#flowerpot", "cullface": "down" },
				"up": { "uv": [ 6, 5, 10, 6 ], "texture": "#flowerpot" },
				"north": { "uv": [ 6, 10, 10, 16 ], "texture": "#flowerpot" },
				"south": { "uv": [ 6, 10, 10, 16 ], "texture": "#flowerpot" }
			}
		},
		{
			"from": [ 6, 0, 10 ],
			"to": [ 10, 6, 11 ],
			"faces": {
				"down": { "uv": [ 6, 5, 10, 6 ], "texture": "#flowerpot", "cullface": "down" },
				"up": { "uv": [ 6, 10, 10, 11 ], "texture": "#flowerpot" },
				"north": { "uv": [ 6, 10, 10, 16 ], "texture": "#flowerpot" },
				"south": { "uv": [ 6, 10, 10, 16 ], "texture": "#flowerpot" }
			}
		},
		{
			"from": [ 6, 0, 6 ],
			"to": [ 10, 4, 10 ],
			"faces": {
				"down": { "uv": [ 6, 6, 10, 10 ], "texture": "#flowerpot", "cullface": "down" },
				"up": { "uv": [ 6, 6, 10, 10 ], "texture": "#dirt" }
			}
		}
	]
}