{
	"__comment": "Designed by AndrealVox",
	"ambientocclusion": false,
	"textures": {
		"particle": "blocks/sapling_jungle",
		"down": "blocks/sapling_jungle",
		"up": "blocks/sapling_jungle",
		"north": "blocks/sapling_jungle",
		"south": "blocks/sapling_jungle",
		"west": "blocks/sapling_jungle",
		"east": "blocks/sapling_jungle",
		"flowerpot": "blocks/flower_pot",
		"dirt": "blocks/dirt"
	},
	"elements": [
		{
			"from": [ 13, 15, 13 ],
			"to": [ 14, 16, 14 ],
			"faces": {
				"down": { "uv": [ 13, 4, 14, 5 ], "texture": "#down" },
				"up": { "uv": [ 13, 4, 14, 5 ], "texture": "#up" },
				"north": { "uv": [ 13, 4, 14, 5 ], "texture": "#north" },
				"south": { "uv": [ 13, 4, 14, 5 ], "texture": "#south" },
				"west": { "uv": [ 13, 4, 14, 5 ], "texture": "#west" },
				"east": { "uv": [ 13, 4, 14, 5 ], "texture": "#east" }
			}
		},
		{
			"from": [ 12, 13, 12 ],
			"to": [ 13, 16, 13 ],
			"faces": {
				"down": { "uv": [ 12, 6, 13, 7 ], "texture": "#down" },
				"up": { "uv": [ 12, 4, 13, 5 ], "texture": "#up" },
				"north": { "uv": [ 12, 4, 13, 7 ], "texture": "#north" },
				"south": { "uv": [ 12, 4, 13, 7 ], "texture": "#south" },
				"west": { "uv": [ 12, 4, 13, 7 ], "texture": "#west" },
				"east": { "uv": [ 12, 4, 13, 7 ], "texture": "#east" }
			}
		},
		{
			"from": [ 11, 11, 11 ],
			"to": [ 12, 14, 12 ],
			"faces": {
				"down": { "uv": [ 11, 8, 12, 9 ], "texture": "#down" },
				"up": { "uv": [ 11, 6, 12, 7 ], "texture": "#up" },
				"north": { "uv": [ 11, 6, 12, 9 ], "texture": "#north" },
				"south": { "uv": [ 11, 6, 12, 9 ], "texture": "#south" },
				"west": { "uv": [ 11, 6, 12, 9 ], "texture": "#west" },
				"east": { "uv": [ 11, 6, 12, 9 ], "texture": "#east" }
			}
		},
		{
			"from": [ 10, 10, 10 ],
			"to": [ 11, 17, 11 ],
			"faces": {
				"down": { "uv": [ 10, 9, 11, 10 ], "texture": "#down" },
				"up": { "uv": [ 10, 3, 11, 4 ], "texture": "#up" },
				"north": { "uv": [ 10, 3, 11, 10 ], "texture": "#north" },
				"south": { "uv": [ 10, 3, 11, 10 ], "texture": "#south" },
				"west": { "uv": [ 10, 3, 11, 10 ], "texture": "#west" },
				"east": { "uv": [ 10, 3, 11, 10 ], "texture": "#east" }
			}
		},
		{
			"from": [ 9, 4, 9 ],
			"to": [ 10, 6, 10 ],
			"faces": {
				"down": { "uv": [ 9, 15, 10, 16 ], "texture": "#down" },
				"up": { "uv": [ 9, 14, 10, 15 ], "texture": "#up" },
				"north": { "uv": [ 9, 14, 10, 16 ], "texture": "#north" },
				"south": { "uv": [ 9, 14, 10, 16 ], "texture": "#south" },
				"west": { "uv": [ 9, 14, 10, 16 ], "texture": "#west" },
				"east": { "uv": [ 9, 14, 10, 16 ], "texture": "#east" }
			}
		},
		{
			"from": [ 9, 7, 9 ],
			"to": [ 10, 8, 10 ],
			"faces": {
				"down": { "uv": [ 9, 12, 10, 13 ], "texture": "#down" },
				"up": { "uv": [ 9, 12, 10, 13 ], "texture": "#up" },
				"north": { "uv": [ 9, 12, 10, 13 ], "texture": "#north" },
				"south": { "uv": [ 9, 12, 10, 13 ], "texture": "#south" },
				"west": { "uv": [ 9, 12, 10, 13 ], "texture": "#west" },
				"east": { "uv": [ 9, 12, 10, 13 ], "texture": "#east" }
			}
		},
		{
			"from": [ 9, 9, 9 ],
			"to": [ 10, 12, 10 ],
			"faces": {
				"down": { "uv": [ 9, 10, 10, 11 ], "texture": "#down" },
				"up": { "uv": [ 9, 8, 10, 9 ], "texture": "#up" },
				"north": { "uv": [ 9, 8, 10, 11 ], "texture": "#north" },
				"south": { "uv": [ 9, 8, 10, 11 ], "texture": "#south" },
				"west": { "uv": [ 9, 8, 10, 11 ], "texture": "#west" },
				"east": { "uv": [ 9, 8, 10, 11 ], "texture": "#east" }
			}
		},
		{
			"from": [ 9, 13, 9 ],
			"to": [ 10, 16, 10 ],
			"faces": {
				"down": { "uv": [ 9, 6, 10, 7 ], "texture": "#down" },
				"up": { "uv": [ 9, 4, 10, 5 ], "texture": "#up" },
				"north": { "uv": [ 9, 4, 10, 7 ], "texture": "#north" },
				"south": { "uv": [ 9, 4, 10, 7 ], "texture": "#south" },
				"west": { "uv": [ 9, 4, 10, 7 ], "texture": "#west" },
				"east": { "uv": [ 9, 4, 10, 7 ], "texture": "#east" }
			}
		},
		{
			"from": [ 8, 4, 8 ],
			"to": [ 9, 16, 9 ],
			"faces": {
				"down": { "uv": [ 8, 15, 9, 16 ], "texture": "#down" },
				"up": { "uv": [ 8, 4, 9, 5 ], "texture": "#up" },
				"south": { "uv": [ 8, 4, 9, 16 ], "texture": "#south" },
				"east": { "uv": [ 8, 4, 9, 16 ], "texture": "#east" }
			}
		},
		{
			"from": [ 7, 4, 7 ],
			"to": [ 8, 17, 8 ],
			"faces": {
				"down": { "uv": [ 7, 15, 8, 16 ], "texture": "#down" },
				"up": { "uv": [ 7, 3, 8, 4 ], "texture": "#up" },
				"north": { "uv": [ 7, 3, 8, 16 ], "texture": "#north" },
				"south": { "uv": [ 7, 3, 8, 16 ], "texture": "#south" },
				"west": { "uv": [ 7, 3, 8, 16 ], "texture": "#west" }
			}
		},
		{
			"from": [ 6, 4, 6 ],
			"to": [ 7, 5, 7 ],
			"faces": {
				"down": { "uv": [ 6, 15, 7, 16 ], "texture": "#down" },
				"up": { "uv": [ 6, 15, 7, 16 ], "texture": "#up" },
				"north": { "uv": [ 6, 15, 7, 16 ], "texture": "#north" },
				"south": { "uv": [ 6, 15, 7, 16 ], "texture": "#south" },
				"west": { "uv": [ 6, 15, 7, 16 ], "texture": "#west" },
				"east": { "uv": [ 6, 15, 7, 16 ], "texture": "#east" }
			}
		},
		{
			"from": [ 6, 8, 6 ],
			"to": [ 7, 15, 7 ],
			"faces": {
				"down": { "uv": [ 6, 11, 7, 12 ], "texture": "#down" },
				"up": { "uv": [ 6, 5, 7, 6 ], "texture": "#up" },
				"north": { "uv": [ 6, 5, 7, 12 ], "texture": "#north" },
				"south": { "uv": [ 6, 5, 7, 12 ], "texture": "#south" },
				"west": { "uv": [ 6, 5, 7, 12 ], "texture": "#west" },
				"east": { "uv": [ 6, 5, 7, 12 ], "texture": "#east" }
			}
		},
		{
			"from": [ 6, 17, 6 ],
			"to": [ 7, 18, 7 ],
			"faces": {
				"down": { "uv": [ 6, 2, 7, 3 ], "texture": "#down" },
				"up": { "uv": [ 6, 2, 7, 3 ], "texture": "#up" },
				"north": { "uv": [ 6, 2, 7, 3 ], "texture": "#north" },
				"south": { "uv": [ 6, 2, 7, 3 ], "texture": "#south" },
				"west": { "uv": [ 6, 2, 7, 3 ], "texture": "#west" },
				"east": { "uv": [ 6, 2, 7, 3 ], "texture": "#east" }
			}
		},
		{
			"from": [ 5, 9, 5 ],
			"to": [ 6, 18, 6 ],
			"faces": {
				"down": { "uv": [ 5, 10, 6, 11 ], "texture": "#down" },
				"up": { "uv": [ 5, 2, 6, 3 ], "texture": "#up" },
				"north": { "uv": [ 5, 2, 6, 11 ], "texture": "#north" },
				"south": { "uv": [ 5, 2, 6, 11 ], "texture": "#south" },
				"west": { "uv": [ 5, 2, 6, 11 ], "texture": "#west" },
				"east": { "uv": [ 5, 2, 6, 11 ], "texture": "#east" }
			}
		},
		{
			"from": [ 4, 11, 4 ],
			"to": [ 5, 17, 5 ],
			"faces": {
				"down": { "uv": [ 4, 8, 5, 9 ], "texture": "#down" },
				"up": { "uv": [ 4, 3, 5, 4 ], "texture": "#up" },
				"north": { "uv": [ 4, 3, 5, 9 ], "texture": "#north" },
				"south": { "uv": [ 4, 3, 5, 9 ], "texture": "#south" },
				"west": { "uv": [ 4, 3, 5, 9 ], "texture": "#west" },
				"east": { "uv": [ 4, 3, 5, 9 ], "texture": "#east" }
			}
		},
		{
			"from": [ 3, 14, 3 ],
			"to": [ 4, 17, 4 ],
			"faces": {
				"down": { "uv": [ 3, 5, 4, 6 ], "texture": "#down" },
				"up": { "uv": [ 3, 3, 4, 4 ], "texture": "#up" },
				"north": { "uv": [ 3, 3, 4, 6 ], "texture": "#north" },
				"south": { "uv": [ 3, 3, 4, 6 ], "texture": "#south" },
				"west": { "uv": [ 3, 3, 4, 6 ], "texture": "#west" },
				"east": { "uv": [ 3, 3, 4, 6 ], "texture": "#east" }
			}
		},
		{
			"from": [ 2, 15, 2 ],
			"to": [ 3, 16, 3 ],
			"faces": {
				"down": { "uv": [ 2, 4, 3, 5 ], "texture": "#down" },
				"up": { "uv": [ 2, 4, 3, 5 ], "texture": "#up" },
				"north": { "uv": [ 2, 4, 3, 5 ], "texture": "#north" },
				"south": { "uv": [ 2, 4, 3, 5 ], "texture": "#south" },
				"west": { "uv": [ 2, 4, 3, 5 ], "texture": "#west" },
				"east": { "uv": [ 2, 4, 3, 5 ], "texture": "#east" }
			}
		},
		{
			"from": [ 2, 15, 13 ],
			"to": [ 3, 16, 14 ],
			"faces": {
				"down": { "uv": [ 13, 4, 14, 5 ], "texture": "#down" },
				"up": { "uv": [ 13, 4, 14, 5 ], "texture": "#up" },
				"north": { "uv": [ 13, 4, 14, 5 ], "texture": "#north" },
				"south": { "uv": [ 13, 4, 14, 5 ], "texture": "#south" },
				"west": { "uv": [ 13, 4, 14, 5 ], "texture": "#west" },
				"east": { "uv": [ 13, 4, 14, 5 ], "texture": "#east" }
			}
		},
		{
			"from": [ 3, 13, 12 ],
			"to": [ 4, 16, 13 ],
			"faces": {
				"down": { "uv": [ 12, 6, 13, 7 ], "texture": "#down" },
				"up": { "uv": [ 12, 4, 13, 5 ], "texture": "#up" },
				"north": { "uv": [ 12, 4, 13, 7 ], "texture": "#north" },
				"south": { "uv": [ 12, 4, 13, 7 ], "texture": "#south" },
				"west": { "uv": [ 12, 4, 13, 7 ], "texture": "#west" },
				"east": { "uv": [ 12, 4, 13, 7 ], "texture": "#east" }
			}
		},
		{
			"from": [ 4, 11, 11 ],
			"to": [ 5, 14, 12 ],
			"faces": {
				"down": { "uv": [ 11, 8, 12, 9 ], "texture": "#down" },
				"up": { "uv": [ 11, 6, 12, 7 ], "texture": "#up" },
				"north": { "uv": [ 11, 6, 12, 9 ], "texture": "#north" },
				"south": { "uv": [ 11, 6, 12, 9 ], "texture": "#south" },
				"west": { "uv": [ 11, 6, 12, 9 ], "texture": "#west" },
				"east": { "uv": [ 11, 6, 12, 9 ], "texture": "#east" }
			}
		},
		{
			"from": [ 5, 10, 10 ],
			"to": [ 6, 17, 11 ],
			"faces": {
				"down": { "uv": [ 10, 9, 11, 10 ], "texture": "#down" },
				"up": { "uv": [ 10, 3, 11, 4 ], "texture": "#up" },
				"north": { "uv": [ 10, 3, 11, 10 ], "texture": "#north" },
				"south": { "uv": [ 10, 3, 11, 10 ], "texture": "#south" },
				"west": { "uv": [ 10, 3, 11, 10 ], "texture": "#west" },
				"east": { "uv": [ 10, 3, 11, 10 ], "texture": "#east" }
			}
		},
		{
			"from": [ 6, 4, 9 ],
			"to": [ 7, 6, 10 ],
			"faces": {
				"down": { "uv": [ 9, 15, 10, 16 ], "texture": "#down" },
				"up": { "uv": [ 9, 14, 10, 15 ], "texture": "#up" },
				"north": { "uv": [ 9, 14, 10, 16 ], "texture": "#north" },
				"south": { "uv": [ 9, 14, 10, 16 ], "texture": "#south" },
				"west": { "uv": [ 9, 14, 10, 16 ], "texture": "#west" },
				"east": { "uv": [ 9, 14, 10, 16 ], "texture": "#east" }
			}
		},
		{
			"from": [ 6, 7, 9 ],
			"to": [ 7, 8, 10 ],
			"faces": {
				"down": { "uv": [ 9, 12, 10, 13 ], "texture": "#down" },
				"up": { "uv": [ 9, 12, 10, 13 ], "texture": "#up" },
				"north": { "uv": [ 9, 12, 10, 13 ], "texture": "#north" },
				"south": { "uv": [ 9, 12, 10, 13 ], "texture": "#south" },
				"west": { "uv": [ 9, 12, 10, 13 ], "texture": "#west" },
				"east": { "uv": [ 9, 12, 10, 13 ], "texture": "#east" }
			}
		},
		{
			"from": [ 6, 9, 9 ],
			"to": [ 7, 12, 10 ],
			"faces": {
				"down": { "uv": [ 9, 10, 10, 11 ], "texture": "#down" },
				"up": { "uv": [ 9, 8, 10, 9 ], "texture": "#up" },
				"north": { "uv": [ 9, 8, 10, 11 ], "texture": "#north" },
				"south": { "uv": [ 9, 8, 10, 11 ], "texture": "#south" },
				"west": { "uv": [ 9, 8, 10, 11 ], "texture": "#west" },
				"east": { "uv": [ 9, 8, 10, 11 ], "texture": "#east" }
			}
		},
		{
			"from": [ 6, 13, 9 ],
			"to": [ 7, 16, 10 ],
			"faces": {
				"down": { "uv": [ 9, 6, 10, 7 ], "texture": "#down" },
				"up": { "uv": [ 9, 4, 10, 5 ], "texture": "#up" },
				"north": { "uv": [ 9, 4, 10, 7 ], "texture": "#north" },
				"south": { "uv": [ 9, 4, 10, 7 ], "texture": "#south" },
				"west": { "uv": [ 9, 4, 10, 7 ], "texture": "#west" },
				"east": { "uv": [ 9, 4, 10, 7 ], "texture": "#east" }
			}
		},
		{
			"from": [ 7, 4, 8 ],
			"to": [ 8, 16, 9 ],
			"faces": {
				"down": { "uv": [ 8, 15, 9, 16 ], "texture": "#down" },
				"up": { "uv": [ 8, 4, 9, 5 ], "texture": "#up" },
				"south": { "uv": [ 8, 4, 9, 16 ], "texture": "#south" },
				"west": { "uv": [ 8, 4, 9, 16 ], "texture": "#west" }
			}
		},
		{
			"from": [ 8, 4, 7 ],
			"to": [ 9, 17, 8 ],
			"faces": {
				"down": { "uv": [ 7, 15, 8, 16 ], "texture": "#down" },
				"up": { "uv": [ 7, 3, 8, 4 ], "texture": "#up" },
				"north": { "uv": [ 7, 3, 8, 16 ], "texture": "#north" },
				"south": { "uv": [ 7, 3, 8, 16 ], "texture": "#south" },
				"east": { "uv": [ 7, 3, 8, 16 ], "texture": "#east" }
			}
		},
		{
			"from": [ 9, 4, 6 ],
			"to": [ 10, 5, 7 ],
			"faces": {
				"down": { "uv": [ 6, 15, 7, 16 ], "texture": "#down" },
				"up": { "uv": [ 6, 15, 7, 16 ], "texture": "#up" },
				"north": { "uv": [ 6, 15, 7, 16 ], "texture": "#north" },
				"south": { "uv": [ 6, 15, 7, 16 ], "texture": "#south" },
				"west": { "uv": [ 6, 15, 7, 16 ], "texture": "#west" },
				"east": { "uv": [ 6, 15, 7, 16 ], "texture": "#east" }
			}
		},
		{
			"from": [ 9, 8, 6 ],
			"to": [ 10, 15, 7 ],
			"faces": {
				"down": { "uv": [ 5, 10, 6, 11 ], "texture": "#down" },
				"up": { "uv": [ 6, 5, 7, 6 ], "texture": "#up" },
				"north": { "uv": [ 6, 5, 7, 12 ], "texture": "#north" },
				"south": { "uv": [ 6, 5, 7, 12 ], "texture": "#south" },
				"west": { "uv": [ 6, 5, 7, 12 ], "texture": "#west" },
				"east": { "uv": [ 6, 5, 7, 12 ], "texture": "#east" }
			}
		},
		{
			"from": [ 9, 17, 6 ],
			"to": [ 10, 18, 7 ],
			"faces": {
				"down": { "uv": [ 6, 2, 7, 3 ], "texture": "#down" },
				"up": { "uv": [ 6, 2, 7, 3 ], "texture": "#up" },
				"north": { "uv": [ 6, 2, 7, 3 ], "texture": "#north" },
				"south": { "uv": [ 6, 2, 7, 3 ], "texture": "#south" },
				"west": { "uv": [ 6, 2, 7, 3 ], "texture": "#west" },
				"east": { "uv": [ 6, 2, 7, 3 ], "texture": "#east" }
			}
		},
		{
			"from": [ 10, 9, 5 ],
			"to": [ 11, 18, 6 ],
			"faces": {
				"down": { "uv": [ 5, 10, 6, 11 ], "texture": "#down" },
				"up": { "uv": [ 5, 2, 6, 3 ], "texture": "#up" },
				"north": { "uv": [ 5, 2, 6, 11 ], "texture": "#north" },
				"south": { "uv": [ 5, 2, 6, 11 ], "texture": "#south" },
				"west": { "uv": [ 5, 2, 6, 11 ], "texture": "#west" },
				"east": { "uv": [ 5, 2, 6, 11 ], "texture": "#east" }
			}
		},
		{
			"from": [ 11, 11, 4 ],
			"to": [ 12, 17, 5 ],
			"faces": {
				"down": { "uv": [ 4, 8, 5, 9 ], "texture": "#down" },
				"up": { "uv": [ 4, 3, 5, 4 ], "texture": "#up" },
				"north": { "uv": [ 4, 3, 5, 9 ], "texture": "#north" },
				"south": { "uv": [ 4, 3, 5, 9 ], "texture": "#south" },
				"west": { "uv": [ 4, 3, 5, 9 ], "texture": "#west" },
				"east": { "uv": [ 4, 3, 5, 9 ], "texture": "#east" }
			}
		},
		{
			"from": [ 12, 13.5, 3 ],
			"to": [ 13, 17, 4 ],
			"faces": {
				"down": { "uv": [ 3, 5, 4, 6 ], "texture": "#down" },
				"up": { "uv": [ 3, 3, 4, 4 ], "texture": "#up" },
				"north": { "uv": [ 3, 3, 4, 6.5 ], "texture": "#north" },
				"south": { "uv": [ 3, 3, 4, 6.5 ], "texture": "#south" },
				"west": { "uv": [ 3, 3, 4, 6.5 ], "texture": "#west" },
				"east": { "uv": [ 3, 3, 4, 6.5 ], "texture": "#east" }
			}
		},
		{
			"from": [ 13, 15, 2 ],
			"to": [ 14, 16, 3 ],
			"faces": {
				"down": { "uv": [ 2, 4, 3, 5 ], "texture": "#down" },
				"up": { "uv": [ 2, 4, 3, 5 ], "texture": "#up" },
				"north": { "uv": [ 2, 4, 3, 5 ], "texture": "#north" },
				"south": { "uv": [ 2, 4, 3, 5 ], "texture": "#south" },
				"west": { "uv": [ 2, 4, 3, 5 ], "texture": "#west" },
				"east": { "uv": [ 2, 4, 3, 5 ], "texture": "#east" }
			}
		},
		{
			"from": [ 5, 0, 5 ],
			"to": [ 6, 6, 11 ],
			"faces": {
				"down": { "uv": [ 5, 5, 6, 11 ], "texture": "#flowerpot", "cullface": "down" },
				"up": { "uv": [ 5, 5, 6, 11 ], "texture": "#flowerpot" },
				"north": { "uv": [ 10, 10, 11, 16 ], "texture": "#flowerpot" },
				"south": { "uv": [ 5, 10, 6, 16 ], "texture": "#flowerpot" },
				"west": { "uv": [ 5, 10, 11, 16 ], "texture": "#flowerpot" },
				"east": { "uv": [ 5, 10, 11, 16 ], "texture": "#flowerpot" }
			}
		},
		{
			"from": [ 10, 0, 5 ],
			"to": [ 11, 6, 11 ],
			"faces": {
				"down": { "uv": [ 10, 5, 11, 11 ], "texture": "#flowerpot", "cullface": "down" },
				"up": { "uv": [ 10, 5, 11, 11 ], "texture": "#flowerpot" },
				"north": { "uv": [ 5, 10, 6, 16 ], "texture": "#flowerpot" },
				"south": { "uv": [ 10, 10, 11, 16 ], "texture": "#flowerpot" },
				"west": { "uv": [ 5, 10, 11, 16 ], "texture": "#flowerpot" },
				"east": { "uv": [ 5, 10, 11, 16 ], "texture": "#flowerpot" }
			}
		},
		{
			"from": [ 6, 0, 5 ],
			"to": [ 10, 6, 6 ],
			"faces": {
				"down": { "uv": [ 6, 10, 10, 11 ], "texture": "#flowerpot", "cullface": "down" },
				"up": { "uv": [ 6, 5, 10, 6 ], "texture": "#flowerpot" },
				"north": { "uv": [ 6, 10, 10, 16 ], "texture": "#flowerpot" },
				"south": { "uv": [ 6, 10, 10, 16 ], "texture": "#flowerpot" }
			}
		},
		{
			"from": [ 6, 0, 10 ],
			"to": [ 10, 6, 11 ],
			"faces": {
				"down": { "uv": [ 6, 5, 10, 6 ], "texture": "#flowerpot", "cullface": "down" },
				"up": { "uv": [ 6, 10, 10, 11 ], "texture": "#flowerpot" },
				"north": { "uv": [ 6, 10, 10, 16 ], "texture": "#flowerpot" },
				"south": { "uv": [ 6, 10, 10, 16 ], "texture": "#flowerpot" }
			}
		},
		{
			"from": [ 6, 0, 6 ],
			"to": [ 10, 4, 10 ],
			"faces": {
				"down": { "uv": [ 6, 6, 10, 10 ], "texture": "#flowerpot", "cullface": "down" },
				"up": { "uv": [ 6, 6, 10, 10 ], "texture": "#dirt" }
			}
		}
	]
}