{
	"__comment": "Designed by AndrealVox",
	"ambientocclusion": false,
	"textures": {
		"particle": "blocks/fern",
		"texture": "blocks/fern",
		"flowerpot": "blocks/flower_pot",
		"dirt": "blocks/dirt"
	},
	"elements": [
		{
			"from": [ 8.0002, 4, 7 ],
			"to": [ 9.0002, 7, 9 ],
			"rotation": { "origin": [ 8, 12, 8 ], "axis": "y", "angle": 45 },
			"faces": {
				"down": { "uv": [ 7, 14, 8, 16 ], "texture": "#texture", "tintindex": 0 },
				"north": { "uv": [ 7, 13, 8, 16 ], "texture": "#texture", "tintindex": 0 },
				"south": { "uv": [ 8, 13, 9, 16 ], "texture": "#texture", "tintindex": 0 },
				"west": { "uv": [ 7, 13, 9, 16 ], "texture": "#texture", "tintindex": 0 },
				"east": { "uv": [ 7, 13, 9, 16 ], "texture": "#texture", "tintindex": 0 }
			}
		},
		{
			"from": [ 8.000999, 7, 4 ],
			"to": [ 9.000999, 9, 12 ],
			"rotation": { "origin": [ 8, 12, 8 ], "axis": "y", "angle": 45 },
			"faces": {
				"down": { "uv": [ 7, 5, 8, 13 ], "texture": "#texture", "tintindex": 0 },
				"up": { "uv": [ 7, 5, 8, 13 ], "texture": "#texture", "tintindex": 0 },
				"north": { "uv": [ 4, 11, 5, 13 ], "texture": "#texture", "tintindex": 0 },
				"south": { "uv": [ 11, 11, 12, 13 ], "texture": "#texture", "tintindex": 0 },
				"west": { "uv": [ 4, 11, 12, 13 ], "texture": "#texture", "tintindex": 0 },
				"east": { "uv": [ 4, 11, 12, 13 ], "texture": "#texture", "tintindex": 0 }
			}
		},
		{
			"from": [ 8.0007, 9, 5 ],
			"to": [ 9.0007, 14, 11 ],
			"rotation": { "origin": [ 8, 12, 8 ], "axis": "y", "angle": 45 },
			"faces": {
				"up": { "uv": [ 7, 5, 8, 11 ], "texture": "#texture", "tintindex": 0 },
				"north": { "uv": [ 5, 6, 6, 11 ], "texture": "#texture", "tintindex": 0 },
				"south": { "uv": [ 10, 6, 11, 11 ], "texture": "#texture", "tintindex": 0 },
				"west": { "uv": [ 5, 6, 11, 11 ], "texture": "#texture", "tintindex": 0 },
				"east": { "uv": [ 5, 6, 11, 11 ], "texture": "#texture", "tintindex": 0 }
			}
		},
		{
			"from": [ 8.0007, 14, 5 ],
			"to": [ 9.0007, 16, 10 ],
			"rotation": { "origin": [ 8, 12, 8 ], "axis": "y", "angle": 45 },
			"faces": {
				"up": { "uv": [ 7, 5, 8, 10 ], "texture": "#texture", "tintindex": 0 },
				"north": { "uv": [ 5, 4, 6, 6 ], "texture": "#texture", "tintindex": 0 },
				"south": { "uv": [ 9, 4, 10, 6 ], "texture": "#texture", "tintindex": 0 },
				"west": { "uv": [ 5, 4, 10, 6 ], "texture": "#texture", "tintindex": 0 },
				"east": { "uv": [ 5, 4, 10, 6 ], "texture": "#texture", "tintindex": 0 }
			}
		},
		{
			"from": [ 8.0005, 16, 6 ],
			"to": [ 9.0005, 18, 9 ],
			"rotation": { "origin": [ 8, 12, 8 ], "axis": "y", "angle": 45 },
			"faces": {
				"up": { "uv": [ 7, 6, 8, 9 ], "texture": "#texture", "tintindex": 0 },
				"north": { "uv": [ 6, 2, 7, 4 ], "texture": "#texture", "tintindex": 0 },
				"south": { "uv": [ 8, 2, 9, 4 ], "texture": "#texture", "tintindex": 0 },
				"west": { "uv": [ 6, 2, 9, 4 ], "texture": "#texture", "tintindex": 0 },
				"east": { "uv": [ 6, 2, 9, 4 ], "texture": "#texture", "tintindex": 0 }
			}
		},
		{
			"from": [ 8.0002, 18, 7 ],
			"to": [ 9.0002, 19, 8 ],
			"rotation": { "origin": [ 8, 12, 8 ], "axis": "y", "angle": 45 },
			"faces": {
				"up": { "uv": [ 7, 1, 8, 2 ], "texture": "#texture", "tintindex": 0 },
				"north": { "uv": [ 7, 1, 8, 2 ], "texture": "#texture", "tintindex": 0 },
				"south": { "uv": [ 7, 1, 8, 2 ], "texture": "#texture", "tintindex": 0 },
				"west": { "uv": [ 7, 1, 8, 2 ], "texture": "#texture", "tintindex": 0 },
				"east": { "uv": [ 7, 1, 8, 2 ], "texture": "#texture", "tintindex": 0 }
			}
		},
		{
			"from": [ 7.9998, 17, 9 ],
			"to": [ 8.9998, 18, 10 ],
			"rotation": { "origin": [ 8, 12, 8 ], "axis": "y", "angle": 45 },
			"faces": {
				"down": { "uv": [ 9, 2, 10, 3 ], "texture": "#texture", "tintindex": 0 },
				"up": { "uv": [ 9, 2, 10, 3 ], "texture": "#texture", "tintindex": 0 },
				"south": { "uv": [ 9, 2, 10, 3 ], "texture": "#texture", "tintindex": 0 },
				"west": { "uv": [ 9, 2, 10, 3 ], "texture": "#texture", "tintindex": 0 },
				"east": { "uv": [ 9, 2, 10, 3 ], "texture": "#texture", "tintindex": 0 }
			}
		},
		{
			"from": [ 8.000999, 14, 4 ],
			"to": [ 9.000999, 15, 5 ],
			"rotation": { "origin": [ 8, 12, 8 ], "axis": "y", "angle": 45 },
			"faces": {
				"down": { "uv": [ 4, 5, 5, 6 ], "texture": "#texture", "tintindex": 0 },
				"up": { "uv": [ 4, 5, 5, 6 ], "texture": "#texture", "tintindex": 0 },
				"north": { "uv": [ 4, 5, 5, 6 ], "texture": "#texture", "tintindex": 0 },
				"west": { "uv": [ 4, 5, 5, 6 ], "texture": "#texture", "tintindex": 0 },
				"east": { "uv": [ 4, 5, 5, 6 ], "texture": "#texture", "tintindex": 0 }
			}
		},
		{
			"from": [ 8.000999, 10, 4 ],
			"to": [ 9.000999, 13, 5 ],
			"rotation": { "origin": [ 8, 12, 8 ], "axis": "y", "angle": 45 },
			"faces": {
				"down": { "uv": [ 4, 9, 5, 10 ], "texture": "#texture", "tintindex": 0 },
				"up": { "uv": [ 4, 7, 5, 8 ], "texture": "#texture", "tintindex": 0 },
				"north": { "uv": [ 4, 7, 5, 10 ], "texture": "#texture", "tintindex": 0 },
				"west": { "uv": [ 4, 7, 5, 10 ], "texture": "#texture", "tintindex": 0 },
				"east": { "uv": [ 4, 7, 5, 10 ], "texture": "#texture", "tintindex": 0 }
			}
		},
		{
			"from": [ 8.0012, 10, 3 ],
			"to": [ 9.0012, 11, 4 ],
			"rotation": { "origin": [ 8, 12, 8 ], "axis": "y", "angle": 45 },
			"faces": {
				"down": { "uv": [ 3, 9, 4, 10 ], "texture": "#texture", "tintindex": 0 },
				"up": { "uv": [ 3, 9, 4, 10 ], "texture": "#texture", "tintindex": 0 },
				"north": { "uv": [ 3, 9, 4, 10 ], "texture": "#texture", "tintindex": 0 },
				"west": { "uv": [ 3, 9, 4, 10 ], "texture": "#texture", "tintindex": 0 },
				"east": { "uv": [ 3, 9, 4, 10 ], "texture": "#texture", "tintindex": 0 }
			}
		},
		{
			"from": [ 7.9993, 10, 11 ],
			"to": [ 8.9993, 11, 12 ],
			"rotation": { "origin": [ 8, 12, 8 ], "axis": "y", "angle": 45 },
			"faces": {
				"down": { "uv": [ 11, 9, 12, 10 ], "texture": "#texture", "tintindex": 0 },
				"up": { "uv": [ 11, 9, 12, 10 ], "texture": "#texture", "tintindex": 0 },
				"south": { "uv": [ 11, 9, 12, 10 ], "texture": "#texture", "tintindex": 0 },
				"west": { "uv": [ 11, 9, 12, 10 ], "texture": "#texture", "tintindex": 0 },
				"east": { "uv": [ 11, 9, 12, 10 ], "texture": "#texture", "tintindex": 0 }
			}
		},
		{
			"from": [ 8.0012, 8, 3 ],
			"to": [ 9.0012, 9, 4 ],
			"rotation": { "origin": [ 8, 12, 8 ], "axis": "y", "angle": 45 },
			"faces": {
				"down": { "uv": [ 3, 11, 4, 12 ], "texture": "#texture", "tintindex": 0 },
				"up": { "uv": [ 3, 11, 4, 12 ], "texture": "#texture", "tintindex": 0 },
				"north": { "uv": [ 3, 11, 4, 12 ], "texture": "#texture", "tintindex": 0 },
				"west": { "uv": [ 3, 11, 4, 12 ], "texture": "#texture", "tintindex": 0 },
				"east": { "uv": [ 3, 11, 4, 12 ], "texture": "#texture", "tintindex": 0 }
			}
		},
		{
			"from": [ 8.0012, 6, 3 ],
			"to": [ 9.0012, 7, 4 ],
			"rotation": { "origin": [ 8, 12, 8 ], "axis": "y", "angle": 45 },
			"faces": {
				"down": { "uv": [ 3, 13, 4, 14 ], "texture": "#texture", "tintindex": 0 },
				"up": { "uv": [ 3, 13, 4, 14 ], "texture": "#texture", "tintindex": 0 },
				"north": { "uv": [ 3, 13, 4, 14 ], "texture": "#texture", "tintindex": 0 },
				"south": { "uv": [ 3, 13, 4, 14 ], "texture": "#texture", "tintindex": 0 },
				"west": { "uv": [ 3, 13, 4, 14 ], "texture": "#texture", "tintindex": 0 },
				"east": { "uv": [ 3, 13, 4, 14 ], "texture": "#texture", "tintindex": 0 }
			}
		},
		{
			"from": [ 7.999, 6, 12 ],
			"to": [ 8.999, 7, 13 ],
			"rotation": { "origin": [ 8, 12, 8 ], "axis": "y", "angle": 45 },
			"faces": {
				"down": { "uv": [ 12, 13, 13, 14 ], "texture": "#texture", "tintindex": 0 },
				"up": { "uv": [ 12, 13, 13, 14 ], "texture": "#texture", "tintindex": 0 },
				"north": { "uv": [ 12, 13, 13, 14 ], "texture": "#texture", "tintindex": 0 },
				"south": { "uv": [ 12, 13, 13, 14 ], "texture": "#texture", "tintindex": 0 },
				"west": { "uv": [ 12, 13, 13, 14 ], "texture": "#texture", "tintindex": 0 },
				"east": { "uv": [ 12, 13, 13, 14 ], "texture": "#texture", "tintindex": 0 }
			}
		},
		{
			"from": [ 7.0002, 4, 6.9998 ],
			"to": [ 9.0002, 7, 7.9998 ],
			"rotation": { "origin": [ 8, 12, 8 ], "axis": "y", "angle": 45 },
			"faces": {
				"down": { "uv": [ 7, 14, 8, 16 ], "texture": "#texture", "rotation": 270, "tintindex": 0 },
				"north": { "uv": [ 7, 13, 9, 16 ], "texture": "#texture", "tintindex": 0 },
				"south": { "uv": [ 7, 13, 9, 16 ], "texture": "#texture", "tintindex": 0 },
				"west": { "uv": [ 8, 13, 9, 16 ], "texture": "#texture", "tintindex": 0 },
				"east": { "uv": [ 7, 13, 8, 16 ], "texture": "#texture", "tintindex": 0 }
			}
		},
		{
			"from": [ 4.0002, 7, 6.999 ],
			"to": [ 12.0002, 9, 7.999 ],
			"rotation": { "origin": [ 8, 12, 8 ], "axis": "y", "angle": 45 },
			"faces": {
				"down": { "uv": [ 7, 5, 8, 13 ], "texture": "#texture", "rotation": 270, "tintindex": 0 },
				"up": { "uv": [ 7, 5, 8, 13 ], "texture": "#texture", "rotation": 90, "tintindex": 0 },
				"north": { "uv": [ 4, 11, 12, 13 ], "texture": "#texture", "tintindex": 0 },
				"south": { "uv": [ 4, 11, 12, 13 ], "texture": "#texture", "tintindex": 0 },
				"west": { "uv": [ 11, 11, 12, 13 ], "texture": "#texture", "tintindex": 0 },
				"east": { "uv": [ 4, 11, 5, 13 ], "texture": "#texture", "tintindex": 0 }
			}
		},
		{
			"from": [ 5.0002, 9, 6.9993 ],
			"to": [ 11.0002, 14, 7.9993 ],
			"rotation": { "origin": [ 8, 12, 8 ], "axis": "y", "angle": 45 },
			"faces": {
				"up": { "uv": [ 7, 5, 8, 11 ], "texture": "#texture", "rotation": 90, "tintindex": 0 },
				"north": { "uv": [ 5, 6, 11, 11 ], "texture": "#texture", "tintindex": 0 },
				"south": { "uv": [ 5, 6, 11, 11 ], "texture": "#texture", "tintindex": 0 },
				"west": { "uv": [ 10, 6, 11, 11 ], "texture": "#texture", "tintindex": 0 },
				"east": { "uv": [ 5, 6, 6, 11 ], "texture": "#texture", "tintindex": 0 }
			}
		},
		{
			"from": [ 6.0002, 14, 6.9995 ],
			"to": [ 11.0002, 16, 7.9995 ],
			"rotation": { "origin": [ 8, 12, 8 ], "axis": "y", "angle": 45 },
			"faces": {
				"up": { "uv": [ 7, 5, 8, 10 ], "texture": "#texture", "rotation": 90, "tintindex": 0 },
				"north": { "uv": [ 5, 4, 10, 6 ], "texture": "#texture", "tintindex": 0 },
				"south": { "uv": [ 5, 4, 10, 6 ], "texture": "#texture", "tintindex": 0 },
				"west": { "uv": [ 9, 4, 10, 6 ], "texture": "#texture", "tintindex": 0 },
				"east": { "uv": [ 5, 4, 6, 6 ], "texture": "#texture", "tintindex": 0 }
			}
		},
		{
			"from": [ 7.0002, 16, 6.9998 ],
			"to": [ 10.0002, 18, 7.9998 ],
			"rotation": { "origin": [ 8, 12, 8 ], "axis": "y", "angle": 45 },
			"faces": {
				"up": { "uv": [ 7, 6, 8, 9 ], "texture": "#texture", "rotation": 90, "tintindex": 0 },
				"north": { "uv": [ 6, 2, 9, 4 ], "texture": "#texture", "tintindex": 0 },
				"south": { "uv": [ 6, 2, 9, 4 ], "texture": "#texture", "tintindex": 0 },
				"west": { "uv": [ 8, 2, 9, 4 ], "texture": "#texture", "tintindex": 0 },
				"east": { "uv": [ 6, 2, 7, 4 ], "texture": "#texture", "tintindex": 0 }
			}
		},
		{
			"from": [ 8.0002, 18, 7 ],
			"to": [ 9.0002, 19, 8 ],
			"rotation": { "origin": [ 8, 12, 8 ], "axis": "y", "angle": 45 },
			"faces": {
				"up": { "uv": [ 7, 1, 8, 2 ], "texture": "#texture", "rotation": 90, "tintindex": 0 },
				"north": { "uv": [ 7, 1, 8, 2 ], "texture": "#texture", "tintindex": 0 },
				"south": { "uv": [ 7, 1, 8, 2 ], "texture": "#texture", "tintindex": 0 },
				"west": { "uv": [ 7, 1, 8, 2 ], "texture": "#texture", "tintindex": 0 },
				"east": { "uv": [ 7, 1, 8, 2 ], "texture": "#texture", "tintindex": 0 }
			}
		},
		{
			"from": [ 6.0002, 17, 6.9995 ],
			"to": [ 7.0002, 18, 7.9995 ],
			"rotation": { "origin": [ 8, 12, 8 ], "axis": "y", "angle": 45 },
			"faces": {
				"down": { "uv": [ 9, 2, 10, 3 ], "texture": "#texture", "rotation": 270, "tintindex": 0 },
				"up": { "uv": [ 9, 2, 10, 3 ], "texture": "#texture", "rotation": 90, "tintindex": 0 },
				"north": { "uv": [ 9, 2, 10, 3 ], "texture": "#texture", "tintindex": 0 },
				"south": { "uv": [ 9, 2, 10, 3 ], "texture": "#texture", "tintindex": 0 },
				"west": { "uv": [ 9, 2, 10, 3 ], "texture": "#texture", "tintindex": 0 }
			}
		},
		{
			"from": [ 11.0002, 14, 7.0007 ],
			"to": [ 12.0002, 15, 8.0007 ],
			"rotation": { "origin": [ 8, 12, 8 ], "axis": "y", "angle": 45 },
			"faces": {
				"down": { "uv": [ 4, 5, 5, 6 ], "texture": "#texture", "rotation": 270, "tintindex": 0 },
				"up": { "uv": [ 4, 5, 5, 6 ], "texture": "#texture", "rotation": 90, "tintindex": 0 },
				"north": { "uv": [ 4, 5, 5, 6 ], "texture": "#texture", "tintindex": 0 },
				"south": { "uv": [ 4, 5, 5, 6 ], "texture": "#texture", "tintindex": 0 },
				"east": { "uv": [ 4, 5, 5, 6 ], "texture": "#texture", "tintindex": 0 }
			}
		},
		{
			"from": [ 11.0002, 10, 7.0007 ],
			"to": [ 12.0002, 13, 8.0007 ],
			"rotation": { "origin": [ 8, 12, 8 ], "axis": "y", "angle": 45 },
			"faces": {
				"down": { "uv": [ 4, 9, 5, 10 ], "texture": "#texture", "rotation": 270, "tintindex": 0 },
				"up": { "uv": [ 4, 7, 5, 8 ], "texture": "#texture", "rotation": 90, "tintindex": 0 },
				"north": { "uv": [ 4, 7, 5, 10 ], "texture": "#texture", "tintindex": 0 },
				"south": { "uv": [ 4, 7, 5, 10 ], "texture": "#texture", "tintindex": 0 },
				"east": { "uv": [ 4, 7, 5, 10 ], "texture": "#texture", "tintindex": 0 }
			}
		},
		{
			"from": [ 12.0002, 10, 7.001 ],
			"to": [ 13.0002, 11, 8.000999 ],
			"rotation": { "origin": [ 8, 12, 8 ], "axis": "y", "angle": 45 },
			"faces": {
				"down": { "uv": [ 3, 9, 4, 10 ], "texture": "#texture", "rotation": 270, "tintindex": 0 },
				"up": { "uv": [ 3, 9, 4, 10 ], "texture": "#texture", "rotation": 90, "tintindex": 0 },
				"north": { "uv": [ 3, 9, 4, 10 ], "texture": "#texture", "tintindex": 0 },
				"south": { "uv": [ 3, 9, 4, 10 ], "texture": "#texture", "tintindex": 0 },
				"east": { "uv": [ 3, 9, 4, 10 ], "texture": "#texture", "tintindex": 0 }
			}
		},
		{
			"from": [ 4.0002, 10, 6.999 ],
			"to": [ 5.0002, 11, 7.999 ],
			"rotation": { "origin": [ 8, 12, 8 ], "axis": "y", "angle": 45 },
			"faces": {
				"down": { "uv": [ 11, 9, 12, 10 ], "texture": "#texture", "rotation": 270, "tintindex": 0 },
				"up": { "uv": [ 11, 9, 12, 10 ], "texture": "#texture", "rotation": 90, "tintindex": 0 },
				"north": { "uv": [ 11, 9, 12, 10 ], "texture": "#texture", "tintindex": 0 },
				"south": { "uv": [ 11, 9, 12, 10 ], "texture": "#texture", "tintindex": 0 },
				"west": { "uv": [ 11, 9, 12, 10 ], "texture": "#texture", "tintindex": 0 }
			}
		},
		{
			"from": [ 12.0002, 8, 7.001 ],
			"to": [ 13.0002, 9, 8.000999 ],
			"rotation": { "origin": [ 8, 12, 8 ], "axis": "y", "angle": 45 },
			"faces": {
				"down": { "uv": [ 3, 11, 4, 12 ], "texture": "#texture", "rotation": 270, "tintindex": 0 },
				"up": { "uv": [ 3, 11, 4, 12 ], "texture": "#texture", "rotation": 90, "tintindex": 0 },
				"north": { "uv": [ 3, 11, 4, 12 ], "texture": "#texture", "tintindex": 0 },
				"south": { "uv": [ 3, 11, 4, 12 ], "texture": "#texture", "tintindex": 0 },
				"east": { "uv": [ 3, 11, 4, 12 ], "texture": "#texture", "tintindex": 0 }
			}
		},
		{
			"from": [ 12.0002, 6, 7.001 ],
			"to": [ 13.0002, 7, 8.000999 ],
			"rotation": { "origin": [ 8, 12, 8 ], "axis": "y", "angle": 45 },
			"faces": {
				"down": { "uv": [ 3, 13, 4, 14 ], "texture": "#texture", "rotation": 270, "tintindex": 0 },
				"up": { "uv": [ 3, 13, 4, 14 ], "texture": "#texture", "rotation": 90, "tintindex": 0 },
				"north": { "uv": [ 3, 13, 4, 14 ], "texture": "#texture", "tintindex": 0 },
				"south": { "uv": [ 3, 13, 4, 14 ], "texture": "#texture", "tintindex": 0 },
				"west": { "uv": [ 3, 13, 4, 14 ], "texture": "#texture", "tintindex": 0 },
				"east": { "uv": [ 3, 13, 4, 14 ], "texture": "#texture", "tintindex": 0 }
			}
		},
		{
			"from": [ 3.0002, 6, 6.9988 ],
			"to": [ 4.0002, 7, 7.9988 ],
			"rotation": { "origin": [ 8, 12, 8 ], "axis": "y", "angle": 45 },
			"faces": {
				"down": { "uv": [ 12, 13, 13, 14 ], "texture": "#texture", "rotation": 270, "tintindex": 0 },
				"up": { "uv": [ 12, 13, 13, 14 ], "texture": "#texture", "rotation": 90, "tintindex": 0 },
				"north": { "uv": [ 12, 13, 13, 14 ], "texture": "#texture", "tintindex": 0 },
				"south": { "uv": [ 12, 13, 13, 14 ], "texture": "#texture", "tintindex": 0 },
				"west": { "uv": [ 12, 13, 13, 14 ], "texture": "#texture", "tintindex": 0 },
				"east": { "uv": [ 12, 13, 13, 14 ], "texture": "#texture", "tintindex": 0 }
			}
		},
		{
			"from": [ 5, 0, 5 ],
			"to": [ 6, 6, 11 ],
			"faces": {
				"down": { "uv": [ 5, 5, 6, 11 ], "texture": "#flowerpot", "cullface": "down" },
				"up": { "uv": [ 5, 5, 6, 11 ], "texture": "#flowerpot" },
				"north": { "uv": [ 10, 10, 11, 16 ], "texture": "#flowerpot" },
				"south": { "uv": [ 5, 10, 6, 16 ], "texture": "#flowerpot" },
				"west": { "uv": [ 5, 10, 11, 16 ], "texture": "#flowerpot" },
				"east": { "uv": [ 5, 10, 11, 16 ], "texture": "#flowerpot" }
			}
		},
		{
			"from": [ 10, 0, 5 ],
			"to": [ 11, 6, 11 ],
			"faces": {
				"down": { "uv": [ 10, 5, 11, 11 ], "texture": "#flowerpot", "cullface": "down" },
				"up": { "uv": [ 10, 5, 11, 11 ], "texture": "#flowerpot" },
				"north": { "uv": [ 5, 10, 6, 16 ], "texture": "#flowerpot" },
				"south": { "uv": [ 10, 10, 11, 16 ], "texture": "#flowerpot" },
				"west": { "uv": [ 5, 10, 11, 16 ], "texture": "#flowerpot" },
				"east": { "uv": [ 5, 10, 11, 16 ], "texture": "#flowerpot" }
			}
		},
		{
			"from": [ 6, 0, 5 ],
			"to": [ 10, 6, 6 ],
			"faces": {
				"down": { "uv": [ 6, 10, 10, 11 ], "texture": "#flowerpot", "cullface": "down" },
				"up": { "uv": [ 6, 5, 10, 6 ], "texture": "#flowerpot" },
				"north": { "uv": [ 6, 10, 10, 16 ], "texture": "#flowerpot" },
				"south": { "uv": [ 6, 10, 10, 16 ], "texture": "#flowerpot" }
			}
		},
		{
			"from": [ 6, 0, 10 ],
			"to": [ 10, 6, 11 ],
			"faces": {
				"down": { "uv": [ 6, 5, 10, 6 ], "texture": "#flowerpot", "cullface": "down" },
				"up": { "uv": [ 6, 10, 10, 11 ], "texture": "#flowerpot" },
				"north": { "uv": [ 6, 10, 10, 16 ], "texture": "#flowerpot" },
				"south": { "uv": [ 6, 10, 10, 16 ], "texture": "#flowerpot" }
			}
		},
		{
			"from": [ 6, 0, 6 ],
			"to": [ 10, 4, 10 ],
			"faces": {
				"down": { "uv": [ 6, 6, 10, 10 ], "texture": "#flowerpot", "cullface": "down" },
				"up": { "uv": [ 6, 6, 10, 10 ], "texture": "#dirt" }
			}
		}
	]
}