{
	"__comment": "Designed by AndrealVox",
	"ambientocclusion": false,
	"textures": {
		"particle": "blocks/hopper_outside",
		"top": "blocks/hopper_top",
		"side": "blocks/hopper_outside",
		"inside": "blocks/hopper_inside"
	},
	"elements": [
		{
			"__comment": "Voxels-808080",
			"from": [ 0, 14, 0 ],
			"to": [ 16, 16, 2 ],
			"faces": {
				"down": { "uv": [ 0, 14, 16, 16 ], "texture": "#side" },
				"up": { "uv": [ 0, 0, 16, 2 ], "texture": "#top" },
				"north": { "uv": [ 0, 0, 16, 2 ], "texture": "#side" },
				"south": { "uv": [ 0, 0, 16, 2 ], "texture": "#side" },
				"west": { "uv": [ 0, 0, 2, 2 ], "texture": "#side" },
				"east": { "uv": [ 14, 0, 16, 2 ], "texture": "#side" }
			}
		},
		{
			"__comment": "Voxels-808080",
			"from": [ 0, 14, 2 ],
			"to": [ 2, 16, 16 ],
			"faces": {
				"down": { "uv": [ 0, 0, 2, 14 ], "texture": "#side" },
				"up": { "uv": [ 0, 2, 2, 16 ], "texture": "#top" },
				"south": { "uv": [ 0, 0, 2, 2 ], "texture": "#side" },
				"west": { "uv": [ 2, 0, 16, 2 ], "texture": "#side" },
				"east": { "uv": [ 0, 0, 14, 2 ], "texture": "#side" }
			}
		},
		{
			"__comment": "Voxels-808080",
			"from": [ 1, 12, 1 ],
			"to": [ 15, 14, 2 ],
			"faces": {
				"down": { "uv": [ 1, 14, 15, 15 ], "texture": "#side" },
				"north": { "uv": [ 1, 2, 15, 4 ], "texture": "#side" },
				"south": { "uv": [ 1, 2, 15, 4 ], "texture": "#side" },
				"west": { "uv": [ 1, 2, 2, 4 ], "texture": "#side" },
				"east": { "uv": [ 14, 2, 15, 4 ], "texture": "#side" }
			}
		},
		{
			"__comment": "Voxels-808080",
			"from": [ 1, 12, 2 ],
			"to": [ 2, 14, 15 ],
			"faces": {
				"down": { "uv": [ 1, 1, 2, 14 ], "texture": "#side" },
				"south": { "uv": [ 1, 2, 2, 4 ], "texture": "#side" },
				"west": { "uv": [ 2, 2, 15, 4 ], "texture": "#side" },
				"east": { "uv": [ 1, 2, 14, 4 ], "texture": "#side" }
			}
		},
		{
			"__comment": "Voxels-808080",
			"from": [ 2, 10, 2 ],
			"to": [ 14, 12, 4 ],
			"faces": {
				"down": { "uv": [ 2, 12, 14, 14 ], "texture": "#side" },
				"up": { "uv": [ 2, 2, 14, 4 ], "texture": "#inside" },
				"north": { "uv": [ 2, 4, 14, 6 ], "texture": "#side" },
				"south": { "uv": [ 2, 4, 14, 6 ], "texture": "#side" },
				"west": { "uv": [ 2, 4, 4, 6 ], "texture": "#side" },
				"east": { "uv": [ 12, 4, 14, 6 ], "texture": "#side" }
			}
		},
		{
			"__comment": "Voxels-808080",
			"from": [ 2, 10, 4 ],
			"to": [ 4, 12, 14 ],
			"faces": {
				"down": { "uv": [ 2, 2, 4, 12 ], "texture": "#side" },
				"up": { "uv": [ 2, 4, 4, 14 ], "texture": "#inside" },
				"south": { "uv": [ 2, 4, 4, 6 ], "texture": "#side" },
				"west": { "uv": [ 4, 4, 14, 6 ], "texture": "#side" },
				"east": { "uv": [ 2, 4, 12, 6 ], "texture": "#side" }
			}
		},
		{
			"__comment": "Voxels-808080",
			"from": [ 2, 12, 14 ],
			"to": [ 15, 16, 15 ],
			"faces": {
				"down": { "uv": [ 2, 1, 15, 2 ], "texture": "#side" },
				"up": { "uv": [ 2, 14, 15, 15 ], "texture": "#top" },
				"north": { "uv": [ 1, 0, 14, 4 ], "texture": "#side" },
				"south": { "uv": [ 2, 0, 15, 4 ], "texture": "#side" },
				"west": { "uv": [ 14, 0, 15, 4 ], "texture": "#side" },
				"east": { "uv": [ 1, 0, 2, 4 ], "texture": "#side" }
			}
		},
		{
			"__comment": "Voxels-808080",
			"from": [ 2, 14, 15 ],
			"to": [ 16, 16, 16 ],
			"faces": {
				"down": { "uv": [ 2, 0, 16, 1 ], "texture": "#side" },
				"up": { "uv": [ 2, 15, 16, 16 ], "texture": "#top" },
				"north": { "uv": [ 0, 0, 14, 2 ], "texture": "#side" },
				"south": { "uv": [ 2, 0, 16, 2 ], "texture": "#side" },
				"east": { "uv": [ 0, 0, 1, 2 ], "texture": "#side" }
			}
		},
		{
			"__comment": "Voxels-808080",
			"from": [ 3, 8, 3 ],
			"to": [ 13, 10, 4 ],
			"faces": {
				"down": { "uv": [ 3, 12, 13, 13 ], "texture": "#side" },
				"north": { "uv": [ 3, 6, 13, 8 ], "texture": "#side" },
				"south": { "uv": [ 3, 6, 13, 8 ], "texture": "#side" },
				"west": { "uv": [ 3, 6, 4, 8 ], "texture": "#side" },
				"east": { "uv": [ 12, 6, 13, 8 ], "texture": "#side" }
			}
		},
		{
			"__comment": "Voxels-808080",
			"from": [ 3, 8, 4 ],
			"to": [ 4, 10, 13 ],
			"faces": {
				"down": { "uv": [ 3, 3, 4, 12 ], "texture": "#side" },
				"south": { "uv": [ 3, 6, 4, 8 ], "texture": "#side" },
				"west": { "uv": [ 4, 6, 13, 8 ], "texture": "#side" },
				"east": { "uv": [ 3, 6, 12, 8 ], "texture": "#side" }
			}
		},
		{
			"__comment": "Voxels-808080",
			"from": [ 4, 6, 4 ],
			"to": [ 12, 8, 6 ],
			"faces": {
				"down": { "uv": [ 4, 10, 12, 12 ], "texture": "#side" },
				"up": { "uv": [ 4, 4, 12, 6 ], "texture": "#inside" },
				"north": { "uv": [ 4, 8, 12, 10 ], "texture": "#side" },
				"south": { "uv": [ 4, 8, 12, 10 ], "texture": "#side" },
				"west": { "uv": [ 4, 8, 6, 10 ], "texture": "#side" },
				"east": { "uv": [ 10, 8, 12, 10 ], "texture": "#side" }
			}
		},
		{
			"__comment": "Voxels-808080",
			"from": [ 4, 6, 6 ],
			"to": [ 6, 8, 12 ],
			"faces": {
				"down": { "uv": [ 4, 4, 6, 10 ], "texture": "#side" },
				"up": { "uv": [ 4, 6, 6, 12 ], "texture": "#inside" },
				"south": { "uv": [ 4, 8, 6, 10 ], "texture": "#side" },
				"west": { "uv": [ 6, 8, 12, 10 ], "texture": "#side" },
				"east": { "uv": [ 4, 8, 10, 10 ], "texture": "#side" }
			}
		},
		{
			"__comment": "Voxels-808080",
			"from": [ 4, 8, 12 ],
			"to": [ 13, 12, 13 ],
			"faces": {
				"down": { "uv": [ 4, 3, 13, 4 ], "texture": "#side" },
				"up": { "uv": [ 4, 12, 13, 13 ], "texture": "#inside" },
				"north": { "uv": [ 3, 4, 12, 8 ], "texture": "#side" },
				"south": { "uv": [ 4, 4, 13, 8 ], "texture": "#side" },
				"west": { "uv": [ 12, 4, 13, 8 ], "texture": "#side" },
				"east": { "uv": [ 3, 4, 4, 8 ], "texture": "#side" }
			}
		},
		{
			"__comment": "Voxels-808080",
			"from": [ 4, 10, 13 ],
			"to": [ 14, 12, 14 ],
			"faces": {
				"down": { "uv": [ 4, 2, 14, 3 ], "texture": "#side" },
				"up": { "uv": [ 4, 13, 14, 14 ], "texture": "#inside" },
				"north": { "uv": [ 2, 4, 12, 6 ], "texture": "#side" },
				"south": { "uv": [ 4, 4, 14, 6 ], "texture": "#side" },
				"east": { "uv": [ 2, 4, 3, 6 ], "texture": "#side" }
			}
		},
		{
			"__comment": "Voxels-808080",
			"from": [ 6, 6, 11 ],
			"to": [ 12, 8, 12 ],
			"faces": {
				"down": { "uv": [ 6, 4, 12, 5 ], "texture": "#side" },
				"up": { "uv": [ 6, 11, 12, 12 ], "texture": "#inside" },
				"south": { "uv": [ 6, 8, 12, 10 ], "texture": "#side" },
				"east": { "uv": [ 4, 8, 5, 10 ], "texture": "#side" }
			}
		},
		{
			"__comment": "Voxels-808080",
			"from": [ 6, 6, 0 ],
			"to": [ 10, 8, 2 ],
			"faces": {
				"down": { "uv": [ 6, 14, 10, 16 ], "texture": "#side" },
				"up": { "uv": [ 6, 0, 10, 2 ], "texture": "#side" },
				"north": { "uv": [ 6, 8, 10, 10 ], "texture": "#side" },
				"west": { "uv": [ 0, 8, 2, 10 ], "texture": "#side" },
				"east": { "uv": [ 14, 8, 16, 10 ], "texture": "#side" }
			}
		},
		{
			"__comment": "Voxels-808080",
			"from": [ 6, 6, 6 ],
			"to": [ 12, 8, 11 ],
			"faces": {
				"down": { "uv": [ 6, 5, 12, 10 ], "texture": "#side" },
				"up": { "uv": [ 6, 6, 12, 11 ], "texture": "#inside" },
				"east": { "uv": [ 5, 8, 10, 10 ], "texture": "#side" }
			}
		},
		{
			"__comment": "Voxels-808080",
			"from": [ 12, 8, 4 ],
			"to": [ 13, 12, 12 ],
			"faces": {
				"down": { "uv": [ 12, 4, 13, 12 ], "texture": "#side" },
				"up": { "uv": [ 12, 4, 13, 12 ], "texture": "#inside" },
				"north": { "uv": [ 3, 4, 4, 8 ], "texture": "#side" },
				"west": { "uv": [ 4, 4, 12, 8 ], "texture": "#side" },
				"east": { "uv": [ 4, 4, 12, 8 ], "texture": "#side" }
			}
		},
		{
			"__comment": "Voxels-808080",
			"from": [ 13, 10, 4 ],
			"to": [ 14, 12, 13 ],
			"faces": {
				"down": { "uv": [ 13, 3, 14, 12 ], "texture": "#side" },
				"up": { "uv": [ 13, 4, 14, 13 ], "texture": "#inside" },
				"west": { "uv": [ 4, 4, 13, 6 ], "texture": "#side" },
				"east": { "uv": [ 3, 4, 12, 6 ], "texture": "#side" }
			}
		},
		{
			"__comment": "Voxels-808080",
			"from": [ 14, 12, 2 ],
			"to": [ 15, 16, 14 ],
			"faces": {
				"down": { "uv": [ 14, 2, 15, 14 ], "texture": "#side" },
				"up": { "uv": [ 14, 2, 15, 14 ], "texture": "#top" },
				"north": { "uv": [ 1, 0, 2, 4 ], "texture": "#side" },
				"west": { "uv": [ 2, 0, 14, 4 ], "texture": "#side" },
				"east": { "uv": [ 2, 0, 14, 4 ], "texture": "#side" }
			}
		},
		{
			"__comment": "Voxels-808080",
			"from": [ 15, 14, 2 ],
			"to": [ 16, 16, 15 ],
			"faces": {
				"down": { "uv": [ 15, 1, 16, 14 ], "texture": "#side" },
				"up": { "uv": [ 15, 2, 16, 15 ], "texture": "#top" },
				"west": { "uv": [ 2, 0, 15, 2 ], "texture": "#side" },
				"east": { "uv": [ 1, 0, 14, 2 ], "texture": "#side" }
			}
		},
		{
			"__comment": "Voxels-808080",
			"from": [ 7, 6, -4 ],
			"to": [ 9, 8, 0 ],
			"faces": {
				"down": { "uv": [ 11, 1, 15, 3 ], "texture": "#side", "rotation": 270 },
				"up": { "uv": [ 11, 1, 15, 3 ], "texture": "#side", "rotation": 90 },
				"north": { "uv": [ 7, 8, 9, 10 ], "texture": "#side" },
				"west": { "uv": [ 0, 8, 4, 10 ], "texture": "#side" },
				"east": { "uv": [ 12, 8, 16, 10 ], "texture": "#side" }
			}
		},
		{
			"__comment": "Voxels-808080",
			"from": [ 5, 6, 2 ],
			"to": [ 11, 8, 4 ],
			"faces": {
				"down": { "uv": [ 5, 12, 11, 14 ], "texture": "#side" },
				"up": { "uv": [ 5, 2, 11, 4 ], "texture": "#side" },
				"north": { "uv": [ 5, 10, 11, 12 ], "texture": "#side" },
				"west": { "uv": [ 2, 10, 4, 12 ], "texture": "#side" },
				"east": { "uv": [ 12, 10, 14, 12 ], "texture": "#side" }
			}
		}
	],
	"display": {
		"thirdperson_righthand": {
			"rotation":  [ 75, 45, 0 ],
			"translation":  [ 0, 2.5, 0 ],
			"scale":  [ 0.375, 0.375, 0.375 ]
		},
		"thirdperson_lefthand": {
			"rotation":  [ 75, 45, 0 ],
			"translation":  [ 0, 2.5, 0 ],
			"scale":  [ 0.375, 0.375, 0.375 ]
		},
		"firstperson_righthand": {
			"rotation":  [ 0, 45, 0 ],
			"scale":  [ 0.4, 0.4, 0.4 ]
		},
		"firstperson_lefthand": {
			"rotation":  [ 0, 45, 0 ],
			"scale":  [ 0.4, 0.4, 0.4 ]
		},
		"gui": {
			"rotation":  [ 30, 225, 0 ],
			"translation":  [ 0, -2, 0 ],
			"scale":  [ 0.625, 0.625, 0.625 ]
		},
		"head": {
			"rotation":  [ -180, 0, 0 ],
			"translation":  [ 0, 15, 0 ]
		},
		"ground": {
			"translation":  [ 0, 3, 0 ],
			"scale":  [ 0.25, 0.25, 0.25 ]
		},
		"fixed": {
			"scale":  [ 0.5, 0.5, 0.5 ]
		}
	}
}