{
"ambientocclusion": false,
"textures": {
    "particle": "blocks/flower_houstonia",
    "all": "blocks/flower_houstonia"
},
"elements": [ 
{
    "from": [ 7, 7, 7 ],
    "to": [ 8, 8, 8 ],
    "faces": {
        "down":  { "uv": [ 11, 12, 12, 13 ], "texture": "#all" },
        "up":    { "uv": [ 11, 12, 12, 13 ], "texture": "#all" },
        "north": { "uv": [ 11, 12, 12, 13 ], "texture": "#all" },
        "south": { "uv": [ 11, 12, 12, 13 ], "texture": "#all" },
        "west":  { "uv": [ 11, 12, 12, 13 ], "texture": "#all" },
        "east":  { "uv": [ 11, 12, 12, 13 ], "texture": "#all" }
    }
},
{
    "from": [ 6, 7, 6 ],
    "to": [ 7, 8, 7 ],
    "faces": {
        "down":  { "uv": [ 11, 12, 12, 13 ], "texture": "#all" },
        "up":    { "uv": [ 11, 12, 12, 13 ], "texture": "#all" },
        "north": { "uv": [ 11, 12, 12, 13 ], "texture": "#all" },
        "south": { "uv": [ 11, 12, 12, 13 ], "texture": "#all" },
        "west":  { "uv": [ 11, 12, 12, 13 ], "texture": "#all" },
        "east":  { "uv": [ 11, 12, 12, 13 ], "texture": "#all" }
    }
},
{
    "from": [ 7, 7.5, 6 ],
    "to": [ 8, 9, 7 ],
    "faces": {
        "down":  { "uv": [ 10, 11, 11, 12 ], "texture": "#all" },
        "up":    { "uv": [ 10, 11, 11, 12 ], "texture": "#all" },
        "north": { "uv": [ 10, 11, 11, 12 ], "texture": "#all" },
        "south": { "uv": [ 10, 11, 11, 12 ], "texture": "#all" },
        "west":  { "uv": [ 10, 11, 11, 12 ], "texture": "#all" },
        "east":  { "uv": [ 10, 11, 11, 12 ], "texture": "#all" }
    }
},
{
    "from": [ 6.5, 7.5, 6.5 ],
    "to": [ 7.5, 8.5, 7.5 ],
    "faces": {
        "down":  { "uv": [ 11, 11, 12, 12 ], "texture": "#all" },
        "up":    { "uv": [ 11, 11, 12, 12 ], "texture": "#all" },
        "north": { "uv": [ 11, 11, 12, 12 ], "texture": "#all" },
        "south": { "uv": [ 11, 11, 12, 12 ], "texture": "#all" },
        "west":  { "uv": [ 11, 11, 12, 12 ], "texture": "#all" },
        "east":  { "uv": [ 11, 11, 12, 12 ], "texture": "#all" }
    }
},
{
    "from": [ 7, 0, 6 ],
    "to": [ 8, 4, 7 ],
    "faces": {
        "down":  { "uv": [ 7, 12, 8, 13 ], "texture": "#all" },
        "up":    { "uv": [ 7, 12, 8, 13 ], "texture": "#all" },
        "north": { "uv": [ 7, 12, 8, 16 ], "texture": "#all" },
        "south": { "uv": [ 7, 12, 8, 16 ], "texture": "#all" },
        "west":  { "uv": [ 7, 12, 8, 16 ], "texture": "#all" },
        "east":  { "uv": [ 7, 12, 8, 16 ], "texture": "#all" }
    }
},
{
    "from": [ 8, 1, 7 ],
    "to": [ 9, 5, 8 ],
    "faces": {
        "down":  { "uv": [ 8, 11, 9, 12 ], "texture": "#all" },
        "up":    { "uv": [ 8, 11, 9, 12 ], "texture": "#all" },
        "north": { "uv": [ 8, 11, 9, 15 ], "texture": "#all" },
        "south": { "uv": [ 8, 11, 9, 15 ], "texture": "#all" },
        "west":  { "uv": [ 8, 11, 9, 15 ], "texture": "#all" },
        "east":  { "uv": [ 8, 11, 9, 15 ], "texture": "#all" }
    }
},
{
    "from": [ 8, 2, 8 ],
    "to": [ 9, 3, 9 ],
    "faces": {
        "down":  { "uv": [ 9, 13, 10, 14 ], "texture": "#all" },
        "up":    { "uv": [ 9, 13, 10, 14 ], "texture": "#all" },
        "north": { "uv": [ 9, 13, 10, 14 ], "texture": "#all" },
        "south": { "uv": [ 9, 13, 10, 14 ], "texture": "#all" },
        "west":  { "uv": [ 9, 13, 10, 14 ], "texture": "#all" },
        "east":  { "uv": [ 9, 13, 10, 14 ], "texture": "#all" }
    }
},
{
    "from": [ 9, 5, 6 ],
    "to": [ 10, 7.5, 7 ],
    "faces": {
        "down":  { "uv": [ 9, 10, 10, 11 ], "texture": "#all" },
        "up":    { "uv": [ 9, 9, 10, 10 ], "texture": "#all" },
        "north": { "uv": [ 9, 9, 10, 11 ], "texture": "#all" },
        "south": { "uv": [ 9, 9, 10, 11 ], "texture": "#all" },
        "west":  { "uv": [ 9, 9, 10, 11 ], "texture": "#all" },
        "east":  { "uv": [ 9, 9, 10, 11 ], "texture": "#all" }
    }
},
{
    "from": [ 4, 4, 6 ],
    "to": [ 7, 5, 7 ],
    "faces": {
        "down":  { "uv": [ 4, 11, 7, 12 ], "texture": "#all" },
        "up":    { "uv": [ 4, 11, 7, 12 ], "texture": "#all" },
        "north": { "uv": [ 4, 11, 7, 12 ], "texture": "#all" },
        "south": { "uv": [ 4, 11, 7, 12 ], "texture": "#all" },
        "west":  { "uv": [ 6, 11, 7, 12 ], "texture": "#all" },
        "east":  { "uv": [ 6, 11, 7, 12 ], "texture": "#all" }
    }
},
{
    "from": [ 4, 5, 6 ],
    "to": [ 5, 5.5, 7 ],
    "faces": {
        "down":  { "uv": [ 4, 10, 5, 11 ], "texture": "#all" },
        "up":    { "uv": [ 4, 10, 5, 11 ], "texture": "#all" },
        "north": { "uv": [ 4, 10, 5, 11 ], "texture": "#all" },
        "south": { "uv": [ 4, 10, 5, 11 ], "texture": "#all" },
        "west":  { "uv": [ 4, 10, 5, 11 ], "texture": "#all" },
        "east":  { "uv": [ 4, 10, 5, 11 ], "texture": "#all" }
    }
},
{
    "from": [ 6, 5, 6 ],
    "to": [ 7, 6, 7 ],
    "faces": {
        "down":  { "uv": [ 6, 10, 7, 11 ], "texture": "#all" },
        "up":    { "uv": [ 6, 10, 7, 11 ], "texture": "#all" },
        "north": { "uv": [ 6, 10, 7, 11 ], "texture": "#all" },
        "south": { "uv": [ 6, 10, 7, 11 ], "texture": "#all" },
        "west":  { "uv": [ 6, 10, 7, 11 ], "texture": "#all" },
        "east":  { "uv": [ 6, 10, 7, 11 ], "texture": "#all" }
    }
},
{
    "from": [ 7, 4, 6 ],
    "to": [ 8, 7.5, 7 ],
    "faces": {
        "down":  { "uv": [ 7, 15, 8, 16 ], "texture": "#all" },
        "up":    { "uv": [ 7, 12, 8, 13 ], "texture": "#all" },
        "north": { "uv": [ 7, 12, 8, 16 ], "texture": "#all" },
        "south": { "uv": [ 7, 12, 8, 16 ], "texture": "#all" },
        "west":  { "uv": [ 7, 12, 8, 16 ], "texture": "#all" },
        "east":  { "uv": [ 7, 12, 8, 16 ], "texture": "#all" }
    }
},
{
    "from": [ 6, 7, 5 ],
    "to": [ 7, 7.5, 6 ],
    "faces": {
        "down":  { "uv": [ 6, 8, 7, 9 ], "texture": "#all" },
        "up":    { "uv": [ 6, 8, 7, 9 ], "texture": "#all" },
        "north": { "uv": [ 6, 8, 7, 9 ], "texture": "#all" },
        "south": { "uv": [ 6, 8, 7, 9 ], "texture": "#all" },
        "west":  { "uv": [ 6, 8, 7, 9 ], "texture": "#all" },
        "east":  { "uv": [ 6, 8, 7, 9 ], "texture": "#all" }
    }
},
{
    "from": [ 8, 3, 9 ],
    "to": [ 9, 4, 10 ],
    "faces": {
        "down":  { "uv": [ 10, 12, 11, 13 ], "texture": "#all" },
        "up":    { "uv": [ 10, 12, 11, 13 ], "texture": "#all" },
        "north": { "uv": [ 10, 12, 11, 13 ], "texture": "#all" },
        "south": { "uv": [ 10, 12, 11, 13 ], "texture": "#all" },
        "west":  { "uv": [ 10, 12, 11, 13 ], "texture": "#all" },
        "east":  { "uv": [ 10, 12, 11, 13 ], "texture": "#all" }
    }
},
{
    "from": [ 9, 7.5, 6 ],
    "to": [ 10, 9, 7 ],
    "faces": {
        "down":  { "uv": [ 11, 12, 12, 13 ], "texture": "#all" },
        "up":    { "uv": [ 11, 12, 12, 13 ], "texture": "#all" },
        "north": { "uv": [ 11, 12, 12, 13 ], "texture": "#all" },
        "south": { "uv": [ 11, 12, 12, 13 ], "texture": "#all" },
        "west":  { "uv": [ 11, 12, 12, 13 ], "texture": "#all" },
        "east":  { "uv": [ 11, 12, 12, 13 ], "texture": "#all" }
    }
},
{
    "from": [ 10, 7, 6 ],
    "to": [ 11, 8, 7 ],
    "faces": {
        "down":  { "uv": [ 11, 12, 12, 13 ], "texture": "#all" },
        "up":    { "uv": [ 11, 12, 12, 13 ], "texture": "#all" },
        "north": { "uv": [ 11, 12, 12, 13 ], "texture": "#all" },
        "south": { "uv": [ 11, 12, 12, 13 ], "texture": "#all" },
        "west":  { "uv": [ 11, 12, 12, 13 ], "texture": "#all" },
        "east":  { "uv": [ 11, 12, 12, 13 ], "texture": "#all" }
    }
},
{
    "from": [ 9, 7, 5 ],
    "to": [ 10, 8, 6 ],
    "faces": {
        "down":  { "uv": [ 11, 12, 12, 13 ], "texture": "#all" },
        "up":    { "uv": [ 11, 12, 12, 13 ], "texture": "#all" },
        "north": { "uv": [ 11, 12, 12, 13 ], "texture": "#all" },
        "south": { "uv": [ 11, 12, 12, 13 ], "texture": "#all" },
        "west":  { "uv": [ 11, 12, 12, 13 ], "texture": "#all" },
        "east":  { "uv": [ 11, 12, 12, 13 ], "texture": "#all" }
    }
},
{
    "from": [ 9.5, 7.5, 5.5 ],
    "to": [ 10.5, 8.5, 6.5 ],
    "faces": {
        "down":  { "uv": [ 11, 11, 12, 12 ], "texture": "#all" },
        "up":    { "uv": [ 11, 11, 12, 12 ], "texture": "#all" },
        "north": { "uv": [ 11, 11, 12, 12 ], "texture": "#all" },
        "south": { "uv": [ 11, 11, 12, 12 ], "texture": "#all" },
        "west":  { "uv": [ 11, 11, 12, 12 ], "texture": "#all" },
        "east":  { "uv": [ 11, 11, 12, 12 ], "texture": "#all" }
    }
},
{
    "from": [ 8.5, 3.5, 9.5 ],
    "to": [ 9.5, 4.5, 10.5 ],
    "faces": {
        "down":  { "uv": [ 11, 11, 12, 12 ], "texture": "#all" },
        "up":    { "uv": [ 11, 11, 12, 12 ], "texture": "#all" },
        "north": { "uv": [ 11, 11, 12, 12 ], "texture": "#all" },
        "south": { "uv": [ 11, 11, 12, 12 ], "texture": "#all" },
        "west":  { "uv": [ 11, 11, 12, 12 ], "texture": "#all" },
        "east":  { "uv": [ 11, 11, 12, 12 ], "texture": "#all" }
    }
},
{
    "from": [ 8, 3, 10 ],
    "to": [ 9, 4, 11 ],
    "faces": {
        "down":  { "uv": [ 11, 12, 12, 13 ], "texture": "#all" },
        "up":    { "uv": [ 11, 12, 12, 13 ], "texture": "#all" },
        "north": { "uv": [ 11, 12, 12, 13 ], "texture": "#all" },
        "south": { "uv": [ 11, 12, 12, 13 ], "texture": "#all" },
        "west":  { "uv": [ 11, 12, 12, 13 ], "texture": "#all" },
        "east":  { "uv": [ 11, 12, 12, 13 ], "texture": "#all" }
    }
},
{
    "from": [ 9, 3, 9 ],
    "to": [ 10, 4, 10 ],
    "faces": {
        "down":  { "uv": [ 11, 12, 12, 13 ], "texture": "#all" },
        "up":    { "uv": [ 11, 12, 12, 13 ], "texture": "#all" },
        "north": { "uv": [ 11, 12, 12, 13 ], "texture": "#all" },
        "south": { "uv": [ 11, 12, 12, 13 ], "texture": "#all" },
        "west":  { "uv": [ 11, 12, 12, 13 ], "texture": "#all" },
        "east":  { "uv": [ 11, 12, 12, 13 ], "texture": "#all" }
    }
},
{
    "from": [ 8, 4, 9 ],
    "to": [ 9, 5, 10 ],
    "faces": {
        "down":  { "uv": [ 10, 11, 11, 12 ], "texture": "#all" },
        "up":    { "uv": [ 10, 11, 11, 12 ], "texture": "#all" },
        "north": { "uv": [ 10, 11, 11, 12 ], "texture": "#all" },
        "south": { "uv": [ 10, 11, 11, 12 ], "texture": "#all" },
        "west":  { "uv": [ 10, 11, 11, 12 ], "texture": "#all" },
        "east":  { "uv": [ 10, 11, 11, 12 ], "texture": "#all" }
    }
},
{
    "from": [ 3.5, 5.5, 6.5 ],
    "to": [ 4.5, 6.5, 7.5 ],
    "faces": {
        "down":  { "uv": [ 11, 11, 12, 12 ], "texture": "#all" },
        "up":    { "uv": [ 11, 11, 12, 12 ], "texture": "#all" },
        "north": { "uv": [ 11, 11, 12, 12 ], "texture": "#all" },
        "south": { "uv": [ 11, 11, 12, 12 ], "texture": "#all" },
        "west":  { "uv": [ 11, 11, 12, 12 ], "texture": "#all" },
        "east":  { "uv": [ 11, 11, 12, 12 ], "texture": "#all" }
    }
},
{
    "from": [ 5.5, 7.5, 4.5 ],
    "to": [ 6.5, 8.5, 5.5 ],
    "faces": {
        "down":  { "uv": [ 11, 11, 12, 12 ], "texture": "#all" },
        "up":    { "uv": [ 11, 11, 12, 12 ], "texture": "#all" },
        "north": { "uv": [ 11, 11, 12, 12 ], "texture": "#all" },
        "south": { "uv": [ 11, 11, 12, 12 ], "texture": "#all" },
        "west":  { "uv": [ 11, 11, 12, 12 ], "texture": "#all" },
        "east":  { "uv": [ 11, 11, 12, 12 ], "texture": "#all" }
    }
},
{
    "from": [ 4, 5.5, 6 ],
    "to": [ 5, 7, 7 ],
    "faces": {
        "down":  { "uv": [ 10, 11, 11, 12 ], "texture": "#all" },
        "up":    { "uv": [ 10, 11, 11, 12 ], "texture": "#all" },
        "north": { "uv": [ 10, 11, 11, 12 ], "texture": "#all" },
        "south": { "uv": [ 10, 11, 11, 12 ], "texture": "#all" },
        "west":  { "uv": [ 10, 11, 11, 12 ], "texture": "#all" },
        "east":  { "uv": [ 10, 11, 11, 12 ], "texture": "#all" }
    }
},
{
    "from": [ 6, 7.5, 5 ],
    "to": [ 7, 9, 6 ],
    "faces": {
        "down":  { "uv": [ 10, 11, 11, 12 ], "texture": "#all" },
        "up":    { "uv": [ 10, 11, 11, 12 ], "texture": "#all" },
        "north": { "uv": [ 10, 11, 11, 12 ], "texture": "#all" },
        "south": { "uv": [ 10, 11, 11, 12 ], "texture": "#all" },
        "west":  { "uv": [ 10, 11, 11, 12 ], "texture": "#all" },
        "east":  { "uv": [ 10, 11, 11, 12 ], "texture": "#all" }
    }
},
{
    "from": [ 4, 5, 7 ],
    "to": [ 5, 6, 8 ],
    "faces": {
        "down":  { "uv": [ 10, 11, 11, 12 ], "texture": "#all" },
        "up":    { "uv": [ 10, 11, 11, 12 ], "texture": "#all" },
        "north": { "uv": [ 10, 11, 11, 12 ], "texture": "#all" },
        "south": { "uv": [ 10, 11, 11, 12 ], "texture": "#all" },
        "west":  { "uv": [ 10, 11, 11, 12 ], "texture": "#all" },
        "east":  { "uv": [ 10, 11, 11, 12 ], "texture": "#all" }
    }
},
{
    "from": [ 3, 5, 6 ],
    "to": [ 4, 6, 7 ],
    "faces": {
        "down":  { "uv": [ 10, 11, 11, 12 ], "texture": "#all" },
        "up":    { "uv": [ 10, 11, 11, 12 ], "texture": "#all" },
        "north": { "uv": [ 10, 11, 11, 12 ], "texture": "#all" },
        "south": { "uv": [ 10, 11, 11, 12 ], "texture": "#all" },
        "west":  { "uv": [ 10, 11, 11, 12 ], "texture": "#all" },
        "east":  { "uv": [ 10, 11, 11, 12 ], "texture": "#all" }
    }
},
{
    "from": [ 6, 7, 4 ],
    "to": [ 7, 8, 5 ],
    "faces": {
        "down":  { "uv": [ 10, 11, 11, 12 ], "texture": "#all" },
        "up":    { "uv": [ 10, 11, 11, 12 ], "texture": "#all" },
        "north": { "uv": [ 10, 11, 11, 12 ], "texture": "#all" },
        "south": { "uv": [ 10, 11, 11, 12 ], "texture": "#all" },
        "west":  { "uv": [ 10, 11, 11, 12 ], "texture": "#all" },
        "east":  { "uv": [ 10, 11, 11, 12 ], "texture": "#all" }
    }
},
{
    "from": [ 5, 7, 5 ],
    "to": [ 6, 8, 6 ],
    "faces": {
        "down":  { "uv": [ 10, 11, 11, 12 ], "texture": "#all" },
        "up":    { "uv": [ 10, 11, 11, 12 ], "texture": "#all" },
        "north": { "uv": [ 10, 11, 11, 12 ], "texture": "#all" },
        "south": { "uv": [ 10, 11, 11, 12 ], "texture": "#all" },
        "west":  { "uv": [ 10, 11, 11, 12 ], "texture": "#all" },
        "east":  { "uv": [ 10, 11, 11, 12 ], "texture": "#all" }
    }
}
],
"display": {
    "thirdperson_righthand": {
        "rotation": [ 0, -90, 0 ],
        "translation": [ 0, 4, 2 ],
        "scale": [ 0.85, 0.85, 0.85 ]
    },
    "thirdperson_lefthand": {
        "rotation": [ 0, 90, 0 ],
        "translation": [ 0, 4, 2 ],
        "scale": [ 0.85, 0.85, 0.85 ]
    },
    "ground": {
        "rotation": [ 0, 0, 0 ],
        "translation": [ 0, 2, 0 ],
        "scale": [ 0.5, 0.5, 0.5 ]
    },
    "fixed": {
        "rotation": [ 0, 0, 0 ],
        "translation": [ 0, 0, 0 ],
        "scale": [ 0.5, 0.5, 0.5 ]
    },
    "firstperson_righthand": {
        "rotation": [ 0, -90, 25 ],
        "translation": [ 1.2, 3.2, 1.13 ],
        "scale": [ 0.68, 0.68, 0.68 ]
    },
    "firstperson_lefthand": {
        "rotation": [ 0, 90, -25 ],
        "translation": [ 0.2, 3.2, 1.12 ],
        "scale": [ 0.68, 0.68, 0.68 ]
    },
    "gui": {
        "rotation": [ 30, 225, 0 ],
        "translation": [ 0, 0, 0 ],
        "scale": [ 0.75, 0.75, 0.75 ]
    }
}
}