{
"ambientocclusion": false,
"textures": {
    "particle": "blocks/iron_bars"
},
"elements": [ 
{
    "from": [ 7, 0, 7 ],
    "to": [ 9, 16, 9 ],
    "faces": {
        "down":  { "uv": [ 7, 7, 9, 9 ], "texture": "#particle" },
        "up":    { "uv": [ 7, 7, 9, 9 ], "texture": "#particle" },
        "north": { "uv": [ 7, 0, 9, 16 ], "texture": "#particle" },
        "south": { "uv": [ 7, 0, 9, 16 ], "texture": "#particle" },
        "west":  { "uv": [ 7, 0, 9, 16 ], "texture": "#particle" },
        "east":  { "uv": [ 7, 0, 9, 16 ], "texture": "#particle" }
    }
}
]
}