{
"ambientocclusion": false,
"textures": {
    "particle": "blocks/iron_bars"
},
"elements": [ 
{
    "from": [ 7, 0, 12 ],
    "to": [ 9, 16, 14 ],
    "faces": {
        "down":  { "uv": [ 7, 12, 9, 14 ], "texture": "#particle" },
        "up":    { "uv": [ 7, 12, 9, 14 ], "texture": "#particle" },
        "north": { "uv": [ 7, 0, 9, 16 ], "texture": "#particle" },
        "south": { "uv": [ 7, 0, 9, 16 ], "texture": "#particle" },
        "west":  { "uv": [ 12, 0, 14, 16 ], "texture": "#particle" },
        "east":  { "uv": [ 12, 0, 14, 16 ], "texture": "#particle" }
    }
},
{
    "from": [ 7, 12, 9 ],
    "to": [ 9, 14, 12 ],
    "faces": {
        "down":  { "uv": [ 7, 9, 9, 12 ], "texture": "#particle" },
        "up":    { "uv": [ 7, 9, 9, 12 ], "texture": "#particle" },
        "north": { "uv": [ 7, 2, 9, 4 ], "texture": "#particle" },
        "south": { "uv": [ 7, 2, 9, 4 ], "texture": "#particle" },
        "west":  { "uv": [ 4, 2, 7, 4 ], "texture": "#particle" },
        "east":  { "uv": [ 4, 2, 7, 4 ], "texture": "#particle" }
    }
},
{
    "from": [ 7, 7, 14 ],
    "to": [ 9, 9, 16 ],
    "faces": {
        "down":  { "uv": [ 7, 14, 9, 16 ], "texture": "#particle" },
        "up":    { "uv": [ 7, 14, 9, 16 ], "texture": "#particle" },
        "north": { "uv": [ 7, 7, 9, 9 ], "texture": "#particle" },
        "south": { "uv": [ 7, 7, 9, 9 ], "texture": "#particle" },
        "west":  { "uv": [ 14, 7, 16, 9 ], "texture": "#particle" },
        "east":  { "uv": [ 14, 7, 16, 9 ], "texture": "#particle" }
    }
}
]
}