{
"ambientocclusion": false,
"textures": {
    "particle": "items/item_frame",
    "texture": "blocks/itemframe_background",
    "material": "blocks/planks_birch"
},
"elements": [ 
{
    "__comment": "Mid",
    "from": [ 3, 3, 15.625 ],
    "to": [ 13, 13, 15.875 ],
    "faces": {
        "north": { "uv": [ 3.001, 3.001, 12.999, 12.999 ], "texture": "#texture" },
        "south": { "uv": [ 3.001, 3.001, 12.999, 12.999 ], "texture": "#texture" }
    }
},
{
    "__comment": "Mid",
    "from": [ 6, 2, 15.625 ],
    "to": [ 10, 14, 15.875 ],
    "faces": {
        "north": { "uv": [ 6.001, 2.001, 9.999, 13.999 ], "texture": "#texture" },
        "south": { "uv": [ 6.001, 2.001, 9.999, 13.999 ], "texture": "#texture" }
    }
},
{
    "__comment": "Mid",
    "from": [ 2, 6, 15.625 ],
    "to": [ 14, 10, 15.875 ],
    "faces": {
        "north": { "uv": [ 2.001, 6.001, 13.999, 9.999 ], "texture": "#texture" },
        "south": { "uv": [ 2.001, 6.001, 13.999, 9.999 ], "texture": "#texture" }
    }
},
{
    "__comment": "Ring",
    "from": [ 3, 12, 15 ],
    "to": [ 4, 13, 16 ],
    "faces": {
        "down":  { "uv": [ 12.999, 15.999, 12.001, 15.001 ], "texture": "#material" },
        "up":    { "uv": [ 3.001, 15.001, 3.999, 15.999 ], "texture": "#material" },
        "north": { "uv": [ 12.001, 3.001, 12.999, 3.999 ], "texture": "#material" },
        "south": { "uv": [ 3.001, 3.001, 3.999, 3.999 ], "texture": "#material" },
        "west":  { "uv": [ 15.001, 3.001, 15.999, 3.999 ], "texture": "#material" },
        "east":  { "uv": [ 0.001, 3.001, 0.999, 3.999 ], "texture": "#material" }
    }
},
{
    "__comment": "Ring",
    "from": [ 12, 12, 15 ],
    "to": [ 13, 13, 16 ],
    "faces": {
        "down":  { "uv": [ 3.999, 15.999, 3.001, 15.001 ], "texture": "#material" },
        "up":    { "uv": [ 12.001, 15.001, 12.999, 15.999 ], "texture": "#material" },
        "north": { "uv": [ 3.001, 3.001, 3.999, 3.999 ], "texture": "#material" },
        "south": { "uv": [ 12.001, 3.001, 12.999, 3.999 ], "texture": "#material" },
        "west":  { "uv": [ 15.001, 3.001, 15.999, 3.999 ], "texture": "#material" },
        "east":  { "uv": [ 0.001, 3.001, 0.999, 3.999 ], "texture": "#material" }
    }
},
{
    "__comment": "Ring",
    "from": [ 12, 3, 15 ],
    "to": [ 13, 4, 16 ],
    "faces": {
        "down":  { "uv": [ 3.999, 15.999, 3.001, 15.001 ], "texture": "#material" },
        "up":    { "uv": [ 12.001, 15.001, 12.999, 15.999 ], "texture": "#material" },
        "north": { "uv": [ 3.001, 12.001, 3.999, 12.999 ], "texture": "#material" },
        "south": { "uv": [ 12.001, 12.001, 12.999, 12.999 ], "texture": "#material" },
        "west":  { "uv": [ 15.001, 12.001, 15.999, 12.999 ], "texture": "#material" },
        "east":  { "uv": [ 0.001, 12.001, 0.999, 12.999 ], "texture": "#material" }
    }
},
{
    "__comment": "Ring",
    "from": [ 3, 3, 15 ],
    "to": [ 4, 4, 16 ],
    "faces": {
        "down":  { "uv": [ 12.999, 15.999, 12.001, 15.001 ], "texture": "#material" },
        "up":    { "uv": [ 3.001, 15.001, 3.999, 15.999 ], "texture": "#material" },
        "north": { "uv": [ 12.001, 12.001, 12.999, 12.999 ], "texture": "#material" },
        "south": { "uv": [ 3.001, 12.001, 3.999, 12.999 ], "texture": "#material" },
        "west":  { "uv": [ 15.001, 12.001, 15.999, 12.999 ], "texture": "#material" },
        "east":  { "uv": [ 0.001, 12.001, 0.999, 12.999 ], "texture": "#material" }
    }
},
{
    "__comment": "Ring",
    "from": [ 4, 2, 15 ],
    "to": [ 6, 3, 16 ],
    "faces": {
        "down":  { "uv": [ 11.999, 15.999, 10.001, 15.001 ], "texture": "#material" },
        "up":    { "uv": [ 4.001, 15.001, 5.999, 15.999 ], "texture": "#material" },
        "north": { "uv": [ 10.001, 13.001, 11.999, 13.999 ], "texture": "#material" },
        "south": { "uv": [ 4.001, 13.001, 5.999, 13.999 ], "texture": "#material" },
        "west":  { "uv": [ 15.001, 13.001, 15.999, 13.999 ], "texture": "#material" },
        "east":  { "uv": [ 0.001, 13.001, 0.999, 13.999 ], "texture": "#material" }
    }
},
{
    "__comment": "Ring",
    "from": [ 6, 1, 15 ],
    "to": [ 10, 2, 16 ],
    "faces": {
        "down":  { "uv": [ 9.999, 15.999, 6.001, 15.001 ], "texture": "#material" },
        "up":    { "uv": [ 6.001, 15.001, 9.999, 15.999 ], "texture": "#material" },
        "north": { "uv": [ 6.001, 14.001, 9.999, 14.999 ], "texture": "#material" },
        "south": { "uv": [ 6.001, 14.001, 9.999, 14.999 ], "texture": "#material" },
        "west":  { "uv": [ 15.001, 14.001, 15.999, 14.999 ], "texture": "#material" },
        "east":  { "uv": [ 0.001, 14.001, 0.999, 14.999 ], "texture": "#material" }
    }
},
{
    "__comment": "Ring",
    "from": [ 10, 2, 15 ],
    "to": [ 12, 3, 16 ],
    "faces": {
        "down":  { "uv": [ 5.999, 15.999, 4.001, 15.001 ], "texture": "#material" },
        "up":    { "uv": [ 10.001, 15.001, 11.999, 15.999 ], "texture": "#material" },
        "north": { "uv": [ 4.001, 13.001, 5.999, 13.999 ], "texture": "#material" },
        "south": { "uv": [ 10.001, 13.001, 11.999, 13.999 ], "texture": "#material" },
        "west":  { "uv": [ 15.001, 13.001, 15.999, 13.999 ], "texture": "#material" },
        "east":  { "uv": [ 0.001, 13.001, 0.999, 13.999 ], "texture": "#material" }
    }
},
{
    "__comment": "Ring",
    "from": [ 4, 13, 15 ],
    "to": [ 6, 14, 16 ],
    "faces": {
        "down":  { "uv": [ 11.999, 15.999, 10.001, 15.001 ], "texture": "#material" },
        "up":    { "uv": [ 4.001, 15.001, 5.999, 15.999 ], "texture": "#material" },
        "north": { "uv": [ 10.001, 2.001, 11.999, 2.999 ], "texture": "#material" },
        "south": { "uv": [ 4.001, 2.001, 5.999, 2.999 ], "texture": "#material" },
        "west":  { "uv": [ 15.001, 2.001, 15.999, 2.999 ], "texture": "#material" },
        "east":  { "uv": [ 0.001, 2.001, 0.999, 2.999 ], "texture": "#material" }
    }
},
{
    "__comment": "Ring",
    "from": [ 10, 13, 15 ],
    "to": [ 12, 14, 16 ],
    "faces": {
        "down":  { "uv": [ 5.999, 15.999, 4.001, 15.001 ], "texture": "#material" },
        "up":    { "uv": [ 10.001, 15.001, 11.999, 15.999 ], "texture": "#material" },
        "north": { "uv": [ 4.001, 2.001, 5.999, 2.999 ], "texture": "#material" },
        "south": { "uv": [ 10.001, 2.001, 11.999, 2.999 ], "texture": "#material" },
        "west":  { "uv": [ 15.001, 2.001, 15.999, 2.999 ], "texture": "#material" },
        "east":  { "uv": [ 0.001, 2.001, 0.999, 2.999 ], "texture": "#material" }
    }
},
{
    "__comment": "Ring",
    "from": [ 6, 14, 15 ],
    "to": [ 10, 15, 16 ],
    "faces": {
        "down":  { "uv": [ 9.999, 15.999, 6.001, 15.001 ], "texture": "#material" },
        "up":    { "uv": [ 6.001, 15.001, 9.999, 15.999 ], "texture": "#material" },
        "north": { "uv": [ 6.001, 1.001, 9.999, 1.999 ], "texture": "#material" },
        "south": { "uv": [ 6.001, 1.001, 9.999, 1.999 ], "texture": "#material" },
        "west":  { "uv": [ 15.001, 1.001, 15.999, 1.999 ], "texture": "#material" },
        "east":  { "uv": [ 0.001, 1.001, 0.999, 1.999 ], "texture": "#material" }
    }
},
{
    "__comment": "Ring",
    "from": [ 2, 10, 15 ],
    "to": [ 3, 12, 16 ],
    "faces": {
        "down":  { "uv": [ 13.999, 15.999, 13.001, 15.001 ], "texture": "#material" },
        "up":    { "uv": [ 2.001, 15.001, 2.999, 15.999 ], "texture": "#material" },
        "north": { "uv": [ 13.001, 4.001, 13.999, 5.999 ], "texture": "#material" },
        "south": { "uv": [ 2.001, 4.001, 2.999, 5.999 ], "texture": "#material" },
        "west":  { "uv": [ 15.001, 4.001, 15.999, 5.999 ], "texture": "#material" },
        "east":  { "uv": [ 0.001, 4.001, 0.999, 5.999 ], "texture": "#material" }
    }
},
{
    "__comment": "Ring",
    "from": [ 1, 6, 15 ],
    "to": [ 2, 10, 16 ],
    "faces": {
        "down":  { "uv": [ 14.999, 15.999, 14.001, 15.001 ], "texture": "#material" },
        "up":    { "uv": [ 1.001, 15.001, 1.999, 15.999 ], "texture": "#material" },
        "north": { "uv": [ 14.001, 6.001, 14.999, 9.999 ], "texture": "#material" },
        "south": { "uv": [ 1.001, 6.001, 1.999, 9.999 ], "texture": "#material" },
        "west":  { "uv": [ 15.001, 6.001, 15.999, 9.999 ], "texture": "#material" },
        "east":  { "uv": [ 0.001, 6.001, 0.999, 9.999 ], "texture": "#material" }
    }
},
{
    "__comment": "Ring",
    "from": [ 2, 4, 15 ],
    "to": [ 3, 6, 16 ],
    "faces": {
        "down":  { "uv": [ 13.999, 15.999, 13.001, 15.001 ], "texture": "#material" },
        "up":    { "uv": [ 2.001, 15.001, 2.999, 15.999 ], "texture": "#material" },
        "north": { "uv": [ 13.001, 10.001, 13.999, 11.999 ], "texture": "#material" },
        "south": { "uv": [ 2.001, 10.001, 2.999, 11.999 ], "texture": "#material" },
        "west":  { "uv": [ 15.001, 10.001, 15.999, 11.999 ], "texture": "#material" },
        "east":  { "uv": [ 0.001, 10.001, 0.999, 11.999 ], "texture": "#material" }
    }
},
{
    "__comment": "Ring",
    "from": [ 13, 10, 15 ],
    "to": [ 14, 12, 16 ],
    "faces": {
        "down":  { "uv": [ 2.999, 15.999, 2.001, 15.001 ], "texture": "#material" },
        "up":    { "uv": [ 13.001, 15.001, 13.999, 15.999 ], "texture": "#material" },
        "north": { "uv": [ 2.001, 4.001, 2.999, 5.999 ], "texture": "#material" },
        "south": { "uv": [ 13.001, 4.001, 13.999, 5.999 ], "texture": "#material" },
        "west":  { "uv": [ 15.001, 4.001, 15.999, 5.999 ], "texture": "#material" },
        "east":  { "uv": [ 0.001, 4.001, 0.999, 5.999 ], "texture": "#material" }
    }
},
{
    "__comment": "Ring",
    "from": [ 13, 4, 15 ],
    "to": [ 14, 6, 16 ],
    "faces": {
        "down":  { "uv": [ 2.999, 15.999, 2.001, 15.001 ], "texture": "#material" },
        "up":    { "uv": [ 13.001, 15.001, 13.999, 15.999 ], "texture": "#material" },
        "north": { "uv": [ 2.001, 10.001, 2.999, 11.999 ], "texture": "#material" },
        "south": { "uv": [ 13.001, 10.001, 13.999, 11.999 ], "texture": "#material" },
        "west":  { "uv": [ 15.001, 10.001, 15.999, 11.999 ], "texture": "#material" },
        "east":  { "uv": [ 0.001, 10.001, 0.999, 11.999 ], "texture": "#material" }
    }
},
{
    "__comment": "Ring",
    "from": [ 14, 6, 15 ],
    "to": [ 15, 10, 16 ],
    "faces": {
        "down":  { "uv": [ 1.999, 15.999, 1.001, 15.001 ], "texture": "#material" },
        "up":    { "uv": [ 14.001, 15.001, 14.999, 15.999 ], "texture": "#material" },
        "north": { "uv": [ 1.001, 6.001, 1.999, 9.999 ], "texture": "#material" },
        "south": { "uv": [ 14.001, 6.001, 14.999, 9.999 ], "texture": "#material" },
        "west":  { "uv": [ 15.001, 6.001, 15.999, 9.999 ], "texture": "#material" },
        "east":  { "uv": [ 0.001, 6.001, 0.999, 9.999 ], "texture": "#material" }
    }
}
],
"display": {
    "thirdperson_righthand": {
        "rotation": [ 0, -90, 0 ],
        "translation": [ 3, 0, 0 ],
        "scale": [ 0.5, 0.5, 0.5 ]
    },
    "thirdperson_lefthand": {
        "rotation": [ 0, -90, 0 ],
        "translation": [ 3, 0, 0 ],
        "scale": [ 0.5, 0.5, 0.5 ]
    },
    "head": {
        "rotation": [ 0, 0, 0 ],
        "translation": [ 0, 0, -15 ],
        "scale": [ 1, 1, 1 ]
    },
    "ground": {
        "rotation": [ 0, 0, 0 ],
        "translation": [ 0, 3, -2 ],
        "scale": [ 0.25, 0.25, 0.25 ]
    },
    "fixed": {
        "rotation": [ 0, 0, 0 ],
        "translation": [ 0, 0, -5 ],
        "scale": [ 0.75, 0.75, 0.75 ]
    },
    "firstperson_righthand": {
        "rotation": [ 0, -90, 0 ],
        "translation": [ 3, 0, 0 ],
        "scale": [ 0.35, 0.35, 0.35 ]
    },
    "firstperson_lefthand": {
        "rotation": [ 0, -90, 0 ],
        "translation": [ 3, 0, 0 ],
        "scale": [ 0.35, 0.35, 0.35 ]
    },
    "gui": {
        "rotation": [ 30, -175, 0 ],
        "translation": [ 0.5, -4, 0 ],
        "scale": [ 1, 1, 1 ]
    }
}
}