{
    "textures": {
        "top": "blocks/jukebox_top",
        "side": "blocks/jukebox_side",
		"particle": "blocks/jukebox_side"
    },
	"elements": [
        {   
            "from": [ 0, 0, 0 ],
            "to": [ 16, 13, 16 ],
            "faces": {
                "down": {
                    "uv": [ 0, 0, 16, 16 ],
                    "texture": "#side"
                },
                "up": {
                    "uv": [ 0, 0, 16, 0 ],
                    "texture": "#top"
                },
                "north": {
                    "uv": [ 0, 3, 16, 16 ],
                    "texture": "#side"
                },
                "south": {
                    "uv": [ 0, 3, 16, 16 ],
                    "texture": "#side"
                },
                "west": {
                    "uv": [ 0, 3, 16, 16 ],
                    "texture": "#side"
                },
                "east": {
                    "uv": [ 0, 3, 16, 16 ],
                    "texture": "#side"
                }
            }
        },
{   

"__comment": "top western",
            "from": [ 0, 13, 0 ],
            "to": [ 7, 16, 16 ],
            "faces": {
                "down": {
                    "uv": [ 0, 0, 7, 16 ],
                    "texture": "#side"
                },
                "up": {
                    "uv": [ 0, 0, 7, 16 ],
                    "texture": "#top"
                },
                "north": {
                    "uv": [ 9, 0, 16, 3 ],
                    "texture": "#side"
                },
                "south": {
                    "uv": [ 16, 16, 9, 13 ],
                    "texture": "#side"
                },
                "west": {
                    "uv": [ 0, 0, 16, 3 ],
                    "texture": "#side"
                },
                "east": {
                    "uv": [ 0, 0, 0, 0 ],
                    "texture": "#side"
                }
            }
        },

{   

"__comment": "top eastern",
            "from": [ 16, 13, 16 ],
            "to": [ 9, 16, 0 ],
            "faces": {
                "down": {
                    "uv": [ 0, 0, 16, 16 ],
                    "texture": "#side"
                },
                "up": {
                    "uv": [ 16, 16, 9, 0 ],
                    "texture": "#top"
                },
                "north": {
                    "uv": [ 7, 16, 0, 13 ],
                    "texture": "#side"
                },
                "south": {
                    "uv": [ 0, 0, 7, 3 ],
                    "texture": "#side"
                },
                "west": {
                    "uv": [ 0, 0, 16, 3 ],
                    "texture": "#side"
                },
                "east": {
                    "uv": [ 0, 0, 0, 0 ],
                    "texture": "#side"
                }
            }
        },
{   

"__comment": "top southern",
            "from": [ 9, 13, 16 ],
            "to": [ 7, 16, 13 ],
            "faces": {
                "down": {
                    "uv": [ 0, 0, 16, 16 ],
                    "texture": "#side"
                },
                "up": {
                    "uv": [ 7, 0, 9, 3 ],
                    "texture": "#top"
                },
                "north": {
                    "uv": [ 9, 16, 7, 13 ],
                    "texture": "#side"
                },
                "south": {
                    "uv": [ 0, 0, 0, 0 ],
                    "texture": "#side"
                },
                "west": {
                    "uv": [ 0, 3, 16, 16 ],
                    "texture": "#side"
                },
                "east": {
                    "uv": [ 0, 3, 16, 16 ],
                    "texture": "#side"
                }
            }
        },
{   

"__comment": "top northern",
            "from": [ 7, 13, 0 ],
            "to": [ 9, 16, 3 ],
            "faces": {
                "down": {
                    "uv": [ 0, 0, 16, 16 ],
                    "texture": "#side"
                },
                "up": {
                    "uv": [ 7, 16, 9, 13 ],
                    "texture": "#top"
                },
                "north": {
                    "uv": [ 7, 0, 9, 3 ],
                    "texture": "#side"
                },
                "south": {
                    "uv": [ 0, 0, 0, 0 ],
                    "texture": "#side"
                },
                "west": {
                    "uv": [ 0, 3, 16, 16 ],
                    "texture": "#side"
                },
                "east": {
                    "uv": [ 0, 3, 16, 16 ],
                    "texture": "#side"
                }
            }
        }
],
"display": {
        "gui": {
            "rotation": [ 30, 225, 0 ],
            "translation": [ 0, 0, 0],
            "scale":[ 0.625, 0.625, 0.625 ]
        },
        "ground": {
            "rotation": [ 0, 0, 0 ],
            "translation": [ 0, 3, 0],
            "scale":[ 0.25, 0.25, 0.25 ]
        },
        "fixed": {
            "rotation": [ 0, 0, 0 ],
            "translation": [ 0, 0, 0],
            "scale":[ 0.5, 0.5, 0.5 ]
        },
        "thirdperson_righthand": {
            "rotation": [ 75, 45, 0 ],
            "translation": [ 0, 2.5, 0],
            "scale": [ 0.375, 0.375, 0.375 ]
        },
        "firstperson_righthand": {
            "rotation": [ 0, 45, 0 ],
            "translation": [ 0, 0, 0 ],
            "scale": [ 0.40, 0.40, 0.40 ]
        },
        "firstperson_lefthand": {
            "rotation": [ 0, 225, 0 ],
            "translation": [ 0, 0, 0 ],
            "scale": [ 0.40, 0.40, 0.40 ]
        }
    }
}
}
