{
"ambientocclusion": false,
"textures": {
    "particle": "blocks/door_jungle_lower",
    "top": "blocks/door_jungle_lower"
},
"elements": [ 
{
    "from": [ 0, 1.77636e-015, 0 ],
    "to": [ 3, 16, 16 ],
    "faces": {
        "down":  { "uv": [ 0, 0, 16, 16 ], "texture": "#top" },
        "up":    { "uv": [ 13, 0, 16, 15 ], "texture": "#top", "cullface": "up" },
        "north": { "uv": [ 3, 0, 0, 16 ], "texture": "#top", "cullface": "north" },
        "south": { "uv": [ 0, 0, 3, 16 ], "texture": "#top", "cullface": "south" },
        "west":  { "uv": [ 0, 0, 16, 16 ], "texture": "#top", "cullface": "west" },
        "east":  { "uv": [ 16, 0, 0, 16 ], "texture": "#top" }
    }
},
{
    "from": [ 0, 3, 9 ],
    "to": [ 3, 14, 10 ],
    "faces": {
        "down":  { "uv": [ 0, 9, 3, 10 ], "texture": "#top" },
        "up":    { "uv": [ 0, 9, 3, 10 ], "texture": "#top" },
        "north": { "uv": [ 1, 2, 4, 13 ], "texture": "#top" },
        "south": { "uv": [ 1, 2, 4, 13 ], "texture": "#top" }
    }
},
{
    "from": [ 0, 3, 6 ],
    "to": [ 3, 14, 7 ],
    "faces": {
        "down":  { "uv": [ 0, 6, 3, 7 ], "texture": "#top" },
        "up":    { "uv": [ 0, 6, 3, 7 ], "texture": "#top" },
        "north": { "uv": [ 1, 2, 4, 13 ], "texture": "#top" },
        "south": { "uv": [ 1, 2, 4, 13 ], "texture": "#top" }
    }
},
{
    "from": [ 0, 14, 7 ],
    "to": [ 3, 15, 9 ],
    "faces": {
        "down":  { "uv": [ 13, 0, 16, 2 ], "texture": "#top" },
        "up":    { "uv": [ 16, 2, 13, 0 ], "texture": "#top", "cullface": "up" },
        "north": { "uv": [ 13, 0, 16, 1 ], "rotation": 180, "texture": "#top" },
        "south": { "uv": [ 13, 0, 16, 1 ], "rotation": 180, "texture": "#top" }
    }
},
{
    "from": [ 0, 2, 7 ],
    "to": [ 3, 3, 9 ],
    "faces": {
        "down":  { "uv": [ 13, 0, 16, 2 ], "texture": "#top" },
        "up":    { "uv": [ 16, 2, 13, 0 ], "texture": "#top" },
        "north": { "uv": [ 13, 0, 16, 1 ], "rotation": 180, "texture": "#top" },
        "south": { "uv": [ 13, 0, 16, 1 ], "rotation": 180, "texture": "#top" }
    }
}
]
}