{
"ambientocclusion": false,
"textures": {
    "particle": "blocks/door_jungle_upper",
    "top": "blocks/door_jungle_upper"
},
"elements": [ 
{
    "from": [ 0, 0, 0 ],
    "to": [ 3, 16, 16 ],
    "faces": {
        "down":  { "uv": [ 0, 0, 16, 16 ], "texture": "#down", "cullface": "down" },
        "up":    { "uv": [ 13, 0, 16, 14 ], "texture": "#top", "cullface": "up" },
        "north": { "uv": [ 3, 0, 0, 16 ], "texture": "#top", "cullface": "north" },
        "south": { "uv": [ 0, 0, 3, 16 ], "texture": "#top", "cullface": "south" },
        "west":  { "uv": [ 0, 0, 16, 16 ], "texture": "#top", "cullface": "west" },
        "east":  { "uv": [ 16, 0, 0, 16 ], "texture": "#top" }
    }
},
{
    "from": [ 0, 5, 4 ],
    "to": [ 3, 6, 12 ],
    "faces": {
        "down":  { "uv": [ 13, 0, 16, 8 ], "texture": "#top" },
        "up":    { "uv": [ 13, 0, 16, 8 ], "texture": "#top" },
        "north": { "uv": [ 0, 10, 3, 11 ], "texture": "#top" },
        "south": { "uv": [ 0, 10, 3, 11 ], "texture": "#top" },
        "west":  { "uv": [ 4, 10, 12, 11 ], "texture": "#top", "cullface": "west" },
        "east":  { "uv": [ 4, 10, 12, 11 ], "texture": "#top" }
    }
},
{
    "from": [ 0, 6, 12 ],
    "to": [ 3, 10, 13 ],
    "faces": {
        "down":  { "uv": [ 0, 12, 3, 13 ], "texture": "#top" },
        "up":    { "uv": [ 0, 12, 3, 13 ], "texture": "#top" },
        "north": { "uv": [ 0, 6, 3, 10 ], "texture": "#top" },
        "south": { "uv": [ 0, 6, 3, 10 ], "texture": "#top" },
        "west":  { "uv": [ 12, 6, 13, 10 ], "texture": "#top", "cullface": "west" },
        "east":  { "uv": [ 12, 6, 13, 10 ], "texture": "#top" }
    }
},
{
    "from": [ 0, 6, 3 ],
    "to": [ 3, 10, 4 ],
    "faces": {
        "down":  { "uv": [ 0, 3, 3, 4 ], "texture": "#top" },
        "up":    { "uv": [ 0, 3, 3, 4 ], "texture": "#top" },
        "north": { "uv": [ 0, 6, 3, 10 ], "texture": "#top" },
        "south": { "uv": [ 0, 6, 3, 10 ], "texture": "#top" },
        "west":  { "uv": [ 3, 6, 4, 10 ], "texture": "#top", "cullface": "west" },
        "east":  { "uv": [ 3, 6, 4, 10 ], "texture": "#top" }
    }
},
{
    "from": [ 0, 10, 11 ],
    "to": [ 3, 12, 12 ],
    "faces": {
        "down":  { "uv": [ 0, 11, 3, 12 ], "texture": "#top" },
        "up":    { "uv": [ 0, 11, 3, 12 ], "texture": "#top" },
        "north": { "uv": [ 0, 2, 3, 4 ], "texture": "#top" },
        "south": { "uv": [ 0, 2, 3, 4 ], "texture": "#top" },
        "west":  { "uv": [ 11, 4, 12, 6 ], "texture": "#top", "cullface": "west" },
        "east":  { "uv": [ 11, 4, 12, 6 ], "texture": "#top" }
    }
},
{
    "from": [ 0, 10, 4 ],
    "to": [ 3, 12, 5 ],
    "faces": {
        "down":  { "uv": [ 0, 3, 3, 4 ], "texture": "#top" },
        "up":    { "uv": [ 0, 3, 3, 4 ], "texture": "#top" },
        "north": { "uv": [ 0, 2, 3, 4 ], "texture": "#top" },
        "south": { "uv": [ 0, 2, 3, 4 ], "texture": "#top" },
        "west":  { "uv": [ 4, 4, 5, 6 ], "texture": "#top", "cullface": "west" },
        "east":  { "uv": [ 4, 4, 5, 6 ], "texture": "#top" }
    }
},
{
    "from": [ 0, 12, 5 ],
    "to": [ 3, 13, 6 ],
    "faces": {
        "down":  { "uv": [ 0, 6, 3, 7 ], "texture": "#top" },
        "up":    { "uv": [ 0, 6, 3, 7 ], "texture": "#top" },
        "north": { "uv": [ 0, 3, 3, 4 ], "texture": "#top" },
        "south": { "uv": [ 0, 3, 3, 4 ], "texture": "#top" },
        "west":  { "uv": [ 5, 3, 6, 4 ], "texture": "#top", "cullface": "west" },
        "east":  { "uv": [ 5, 3, 6, 4 ], "texture": "#top" }
    }
},
{
    "from": [ 0, 12, 10 ],
    "to": [ 3, 13, 11 ],
    "faces": {
        "down":  { "uv": [ 0, 10, 3, 11 ], "texture": "#top" },
        "up":    { "uv": [ 0, 10, 3, 11 ], "texture": "#top" },
        "north": { "uv": [ 0, 3, 3, 4 ], "texture": "#top" },
        "south": { "uv": [ 0, 3, 3, 4 ], "texture": "#top" },
        "west":  { "uv": [ 10, 3, 11, 4 ], "texture": "#top", "cullface": "west" },
        "east":  { "uv": [ 10, 3, 11, 4 ], "texture": "#top" }
    }
},
{
    "from": [ 0, 13, 6 ],
    "to": [ 3, 14, 10 ],
    "faces": {
        "down":  { "uv": [ 0, 6, 3, 10 ], "texture": "#top" },
        "up":    { "uv": [ 0, 6, 3, 10 ], "texture": "#top" },
        "north": { "uv": [ 0, 2, 3, 3 ], "texture": "#top" },
        "south": { "uv": [ 0, 2, 3, 3 ], "texture": "#top" },
        "west":  { "uv": [ 6, 2, 10, 3 ], "texture": "#top", "cullface": "west" },
        "east":  { "uv": [ 6, 2, 10, 3 ], "texture": "#top" }
    }
}
]
}