{
	"textures": {
		"particle": "#all",
		"leaves": "blocks/tallgrass1"
	},
	"elements": [
		{
			"__comment": "leaves",
			"from": [ 2, 15, 2 ],
			"to": [ 2.001, 31, 18 ],
			"rotation": { "origin": [ 2, 15, 2 ], "axis": "y", "angle": 45 },
			"faces": {
				"west": { "uv": [ 0, 0, 16, 16 ], "texture": "#leaves", "cullface": "up", "tintindex": 0 },
				"east": { "uv": [ 0, 0, 16, 16 ], "texture": "#leaves", "cullface": "up", "tintindex": 0 }
			}
		},
		{
			"__comment": "leaves1",
			"from": [ 14, 15, 2 ],
			"to": [ 14.001, 31, 18 ],
			"rotation": { "origin": [ 14, 15, 2 ], "axis": "y", "angle": -45 },
			"faces": {
				"west": { "uv": [ 0, 0, 16, 16 ], "texture": "#leaves", "cullface": "up", "tintindex": 0 },
				"east": { "uv": [ 0, 0, 16, 16 ], "texture": "#leaves", "cullface": "up", "tintindex": 0 }
			}
		},
		{
			"__comment": "leaves2",
			"from": [ 15, 13.999, 2 ],
			"to": [ 31, 14, 18 ],
			"rotation": { "origin": [ 15, 14, 2.000002 ], "axis": "x", "angle": 45 },
			"faces": {
				"down": { "uv": [ 0, 0, 16, 16 ], "texture": "#leaves", "cullface": "east", "rotation": 90, "tintindex": 0 },
				"up": { "uv": [ 16, 16, 0, 0 ], "texture": "#leaves", "cullface": "east", "rotation": 270, "tintindex": 0 }
			}
		},
		{
			"__comment": "leaves3",
			"from": [ 15, 1.999, 2 ],
			"to": [ 31, 2, 18 ],
			"rotation": { "origin": [ 15, 2.000003, 2.000001 ], "axis": "x", "angle": -45 },
			"faces": {
				"down": { "uv": [ 0, 0, 16, 16 ], "texture": "#leaves", "cullface": "east", "rotation": 90, "tintindex": 0 },
				"up": { "uv": [ 16, 16, 0, 0 ], "texture": "#leaves", "cullface": "east", "rotation": 270, "tintindex": 0 }
			}
		},
		{
			"__comment": "leaves4",
			"from": [ -2, 13.999, 15 ],
			"to": [ 14, 14, 31 ],
			"rotation": { "origin": [ 14, 14, 15 ], "axis": "z", "angle": 45 },
			"faces": {
				"down": { "uv": [ 0, 0, 16, 16 ], "texture": "#leaves", "cullface": "south", "tintindex": 0 },
				"up": { "uv": [ 16, 16, 0, 0 ], "texture": "#leaves", "cullface": "south", "tintindex": 0 }
			}
		},
		{
			"__comment": "leaves5",
			"from": [ -2, 1.999, 15 ],
			"to": [ 14, 2, 31 ],
			"rotation": { "origin": [ 14, 2.000003, 15 ], "axis": "z", "angle": -45 },
			"faces": {
				"down": { "uv": [ 0, 0, 16, 16 ], "texture": "#leaves", "cullface": "south", "tintindex": 0 },
				"up": { "uv": [ 16, 16, 0, 0 ], "texture": "#leaves", "cullface": "south", "tintindex": 0 }
			}
		},
		{
			"__comment": "leaves6",
			"from": [ -15, 13.999, -2 ],
			"to": [ 1, 14, 14 ],
			"rotation": { "origin": [ 1.000003, 14, 14 ], "axis": "x", "angle": -45 },
			"faces": {
				"down": { "uv": [ 0, 0, 16, 16 ], "texture": "#leaves", "cullface": "west", "rotation": 270, "tintindex": 0 },
				"up": { "uv": [ 16, 16, 0, 0 ], "texture": "#leaves", "cullface": "west", "rotation": 90, "tintindex": 0 }
			}
		},
		{
			"__comment": "leaves7",
			"from": [ -15, 1.999, -2 ],
			"to": [ 1, 2, 14 ],
			"rotation": { "origin": [ 1.000002, 2.000003, 14 ], "axis": "x", "angle": 45 },
			"faces": {
				"down": { "uv": [ 0, 0, 16, 16 ], "texture": "#leaves", "cullface": "west", "rotation": 270, "tintindex": 0 },
				"up": { "uv": [ 16, 16, 0, 0 ], "texture": "#leaves", "cullface": "west", "rotation": 90, "tintindex": 0 }
			}
		},
		{
			"__comment": "leaves8",
			"from": [ 2, 13.999, -15 ],
			"to": [ 18, 14, 1 ],
			"rotation": { "origin": [ 2.000002, 14, 1.000004 ], "axis": "z", "angle": -45 },
			"faces": {
				"down": { "uv": [ 0, 0, 16, 16 ], "texture": "#leaves", "cullface": "north", "rotation": 180, "tintindex": 0 },
				"up": { "uv": [ 16, 16, 0, 0 ], "texture": "#leaves", "cullface": "north", "rotation": 180, "tintindex": 0 }
			}
		},
		{
			"__comment": "leaves9",
			"from": [ 2, 1.999, -15 ],
			"to": [ 18, 2, 1 ],
			"rotation": { "origin": [ 2.000001, 2.000003, 1.000003 ], "axis": "z", "angle": 45 },
			"faces": {
				"down": { "uv": [ 0, 0, 16, 16 ], "texture": "#leaves", "cullface": "north", "rotation": 180, "tintindex": 0 },
				"up": { "uv": [ 16, 16, 0, 0 ], "texture": "#leaves", "cullface": "north", "rotation": 180, "tintindex": 0 }
			}
		},
		{
			"__comment": "leaves10",
			"from": [ 2, -15, 2 ],
			"to": [ 18, 1, 2.001 ],
			"rotation": { "origin": [ 2.000002, 1.000005, 2 ], "axis": "y", "angle": -45 },
			"faces": {
				"north": { "uv": [ 0, 0, 16, 16 ], "texture": "#leaves", "cullface": "down", "rotation": 180, "tintindex": 0 },
				"south": { "uv": [ 0, 0, 16, 16 ], "texture": "#leaves", "cullface": "down", "rotation": 180, "tintindex": 0 }
			}
		},
		{
			"__comment": "leaves11",
			"from": [ 2, -15, 14 ],
			"to": [ 18, 1, 14.001 ],
			"rotation": { "origin": [ 2.000001, 1.000003, 14 ], "axis": "y", "angle": 45 },
			"faces": {
				"north": { "uv": [ 0, 0, 16, 16 ], "texture": "#leaves", "cullface": "down", "rotation": 180, "tintindex": 0 },
				"south": { "uv": [ 0, 0, 16, 16 ], "texture": "#leaves", "cullface": "down", "rotation": 180, "tintindex": 0 }
			}
		},
		{
			"__comment": "cube",
			"from": [ 0, 0, 0 ],
			"to": [ 16, 16, 16 ],
			"faces": {
				"down": { "uv": [ 0, 0, 16, 16 ], "texture": "#all", "cullface": "down", "tintindex": 0 },
				"up": { "uv": [ 0, 0, 16, 16 ], "texture": "#all", "cullface": "up", "tintindex": 0 },
				"north": { "uv": [ 0, 0, 16, 16 ], "texture": "#all", "cullface": "north", "tintindex": 0 },
				"south": { "uv": [ 0, 0, 16, 16 ], "texture": "#all", "cullface": "south", "tintindex": 0 },
				"west": { "uv": [ 0, 0, 16, 16 ], "texture": "#all", "cullface": "west", "tintindex": 0 },
				"east": { "uv": [ 0, 0, 16, 16 ], "texture": "#all", "cullface": "east", "tintindex": 0 }
			}
		}
	],
	"display": {
        "gui": {
            "rotation": [ 30, 225, 0 ],
            "translation": [ 0, 0, 0],
            "scale":[ 0.625, 0.625, 0.625 ]
        },
        "ground": {
            "rotation": [ 0, 0, 0 ],
            "translation": [ 0, 3, 0],
            "scale":[ 0.25, 0.25, 0.25 ]
        },
        "fixed": {
            "rotation": [ 0, 0, 0 ],
            "translation": [ 0, 0, 0],
            "scale":[ 0.5, 0.5, 0.5 ]
        },
        "thirdperson_righthand": {
            "rotation": [ 75, 45, 0 ],
            "translation": [ 0, 2.5, 0],
            "scale": [ 0.375, 0.375, 0.375 ]
        },
        "firstperson_righthand": {
            "rotation": [ 0, 45, 0 ],
            "translation": [ 0, 0, 0 ],
            "scale": [ 0.40, 0.40, 0.40 ]
        },
        "firstperson_lefthand": {
            "rotation": [ 0, 225, 0 ],
            "translation": [ 0, 0, 0 ],
            "scale": [ 0.40, 0.40, 0.40 ]
        }
    }
}