{
"ambientocclusion": false,
"textures": {
    "particle": "blocks/redstone_torch_on",
    "fire": "blocks/redstone_block",
    "texture": "blocks/planks_oak"
},
"elements": [ 
{
    "__comment": "Fire",
    "from": [ 7.5, 9.9375, 7.5 ],
    "to": [ 8.5, 10.25, 8.5 ],
    "faces": {
        "down":  { "uv": [ 7.001, 7.999, 8.999, 6.001 ], "texture": "#fire" },
        "up":    { "uv": [ 7.000999927520752, 14.00100040435791, 8.9989995956420898, 15.99899959564209 ], "texture": "#fire" },
        "north": { "uv": [ 7.000999927520752, 15.00100040435791, 8.9989995956420898, 15.99899959564209 ], "texture": "#fire" },
        "south": { "uv": [ 7.000999927520752, 15.00100040435791, 8.9989995956420898, 15.99899959564209 ], "texture": "#fire" },
        "west":  { "uv": [ 7.000999927520752, 15.00100040435791, 8.9989995956420898, 15.99899959564209 ], "texture": "#fire" },
        "east":  { "uv": [ 7.000999927520752, 15.00100040435791, 8.9989995956420898, 15.99899959564209 ], "texture": "#fire" }
    }
},
{
    "__comment": "Fire",
    "from": [ 7, 8, 7 ],
    "to": [ 9, 10, 9 ],
    "faces": {
        "down":  { "uv": [ 7.001, 15.999, 8.999, 14.001 ], "texture": "#fire" },
        "up":    { "uv": [ 7.000999927520752, 14.00100040435791, 8.9989995956420898, 15.99899959564209 ], "texture": "#fire" },
        "north": { "uv": [ 7.000999927520752, 14.00100040435791, 8.9989995956420898, 15.99899959564209 ], "texture": "#fire" },
        "south": { "uv": [ 7.000999927520752, 14.00100040435791, 8.9989995956420898, 15.99899959564209 ], "texture": "#fire" },
        "west":  { "uv": [ 7.000999927520752, 14.00100040435791, 8.9989995956420898, 15.99899959564209 ], "texture": "#fire" },
        "east":  { "uv": [ 7.000999927520752, 14.00100040435791, 8.9989995956420898, 15.99899959564209 ], "texture": "#fire" }
    }
},
{
    "__comment": "Wood",
    "from": [ 7.5, 0, 7.5 ],
    "to": [ 8.5, 4, 8.5 ],
    "faces": {
        "down":  { "uv": [ 10.001, 7.999, 10.999, 7.001 ], "texture": "#texture" },
        "north": { "uv": [ 7.500999927520752, 12.00100040435791, 8.4989995956420898, 15.99899959564209 ], "texture": "#texture" },
        "south": { "uv": [ 7.500999927520752, 12.00100040435791, 8.4989995956420898, 15.99899959564209 ], "texture": "#texture" },
        "west":  { "uv": [ 7.500999927520752, 12.00100040435791, 8.4989995956420898, 15.99899959564209 ], "texture": "#texture" },
        "east":  { "uv": [ 7.500999927520752, 12.00100040435791, 8.4989995956420898, 15.99899959564209 ], "texture": "#texture" }
    }
},
{
    "__comment": "Wood",
    "from": [ 7, 4, 7.5 ],
    "to": [ 9, 8, 8.5 ],
    "faces": {
        "down":  { "uv": [ 10.001, 7.999, 11.999, 7.001 ], "texture": "#texture" },
        "north": { "uv": [ 7.000999927520752, 8.0010004043579102, 8.9989995956420898, 11.99899959564209 ], "texture": "#texture" },
        "south": { "uv": [ 7.000999927520752, 8.0010004043579102, 8.9989995956420898, 11.99899959564209 ], "texture": "#texture" },
        "west":  { "uv": [ 7.500999927520752, 8.0010004043579102, 8.4989995956420898, 11.99899959564209 ], "texture": "#texture" },
        "east":  { "uv": [ 7.500999927520752, 8.0010004043579102, 8.4989995956420898, 11.99899959564209 ], "texture": "#texture" }
    }
},
{
    "__comment": "Wood",
    "from": [ 7.5, 4, 7 ],
    "to": [ 8.5, 8, 9 ],
    "faces": {
        "down":  { "uv": [ 10.001, 7.999, 10.999, 6.001 ], "texture": "#texture" },
        "north": { "uv": [ 7.500999927520752, 8.0010004043579102, 8.4989995956420898, 11.99899959564209 ], "texture": "#texture" },
        "south": { "uv": [ 7.500999927520752, 8.0010004043579102, 8.4989995956420898, 11.99899959564209 ], "texture": "#texture" },
        "west":  { "uv": [ 7.000999927520752, 8.0010004043579102, 8.9989995956420898, 11.99899959564209 ], "texture": "#texture" },
        "east":  { "uv": [ 7.000999927520752, 8.0010004043579102, 8.9989995956420898, 11.99899959564209 ], "texture": "#texture" }
    }
}
],
"display": {
    "thirdperson_righthand": {
        "rotation": [ 0, -90, 0 ],
        "translation": [ 0, 4, 1.5 ],
        "scale": [ 0.85, 0.85, 0.85 ]
    },
    "thirdperson_lefthand": {
        "rotation": [ 0, 90, 0 ],
        "translation": [ 0, 4, 1.5 ],
        "scale": [ 0.85, 0.85, 0.85 ]
    },
    "ground": {
        "rotation": [ 0, 0, 0 ],
        "translation": [ 0, 2, 0 ],
        "scale": [ 0.5, 0.5, 0.5 ]
    },
    "fixed": {
        "rotation": [ 0, 180, 0 ],
        "translation": [ 0, 0, 0 ],
        "scale": [ 1, 1, 1 ]
    },
    "firstperson_righthand": {
        "rotation": [ 0, -90, 25 ],
        "translation": [ 1, 3.2, 1.13 ],
        "scale": [ 0.68, 0.68, 0.68 ]
    },
    "firstperson_lefthand": {
        "rotation": [ 0, 90, -25 ],
        "translation": [ -1, 3.2, 1.12 ],
        "scale": [ 0.68, 0.68, 0.68 ]
    },
    "gui": {
        "rotation": [ 30, 225, 0 ],
        "translation": [ 0, 0, 0 ],
        "scale": [ 1, 1, 1 ]
    }
}
}