{
	"__comment": "Designed by AndrealVox",
	"ambientocclusion": false,
	"textures": {
		"particle": "#side"
	},
	"elements": [
		{
			"from": [ 0, 0, 0 ],
			"to": [ 16, 2, 16 ],
			"faces": {
				"down": { "uv": [ 0, 0, 16, 16 ], "texture": "#bottom", "cullface": "down" },
				"up": { "uv": [ 0, 0, 16, 16 ], "texture": "#top" },
				"north": { "uv": [ 0, 14, 16, 16 ], "texture": "#side", "cullface": "north" },
				"south": { "uv": [ 0, 14, 16, 16 ], "texture": "#side", "cullface": "south" },
				"west": { "uv": [ 0, 14, 16, 16 ], "texture": "#side", "cullface": "west" },
				"east": { "uv": [ 0, 14, 16, 16 ], "texture": "#side", "cullface": "east" }
			}
		},
		{
			"from": [ 2, 2, 2 ],
			"to": [ 16, 4, 16 ],
			"faces": {
				"down": { "uv": [ 2, 0, 16, 14 ], "texture": "#bottom", "cullface": "down" },
				"up": { "uv": [ 2, 2, 16, 16 ], "texture": "#top" },
				"north": { "uv": [ 0, 12, 14, 14 ], "texture": "#side", "cullface": "north" },
				"south": { "uv": [ 2, 12, 16, 14 ], "texture": "#side", "cullface": "south" },
				"west": { "uv": [ 2, 12, 16, 14 ], "texture": "#side", "cullface": "west" },
				"east": { "uv": [ 0, 12, 14, 14 ], "texture": "#side", "cullface": "east" }
			}
		},
		{
			"from": [ 4, 4, 4 ],
			"to": [ 16, 6, 16 ],
			"faces": {
				"down": { "uv": [ 4, 0, 16, 12 ], "texture": "#bottom", "cullface": "down" },
				"up": { "uv": [ 4, 4, 16, 16 ], "texture": "#top" },
				"north": { "uv": [ 0, 10, 12, 12 ], "texture": "#side", "cullface": "north" },
				"south": { "uv": [ 4, 10, 16, 12 ], "texture": "#side", "cullface": "south" },
				"west": { "uv": [ 4, 10, 16, 12 ], "texture": "#side", "cullface": "west" },
				"east": { "uv": [ 0, 10, 12, 12 ], "texture": "#side", "cullface": "east" }
			}
		},
		{
			"from": [ 6, 6, 6 ],
			"to": [ 16, 8, 16 ],
			"faces": {
				"down": { "uv": [ 6, 0, 16, 10 ], "texture": "#bottom", "cullface": "down" },
				"up": { "uv": [ 6, 6, 16, 16 ], "texture": "#top" },
				"north": { "uv": [ 0, 8, 10, 10 ], "texture": "#side", "cullface": "north" },
				"south": { "uv": [ 6, 8, 16, 10 ], "texture": "#side", "cullface": "south" },
				"west": { "uv": [ 6, 8, 16, 10 ], "texture": "#side", "cullface": "west" },
				"east": { "uv": [ 0, 8, 10, 10 ], "texture": "#side", "cullface": "east" }
			}
		},
		{
			"from": [ 8, 8, 8 ],
			"to": [ 16, 10, 16 ],
			"faces": {
				"down": { "uv": [ 8, 0, 16, 8 ], "texture": "#bottom", "cullface": "down" },
				"up": { "uv": [ 8, 8, 16, 16 ], "texture": "#top" },
				"north": { "uv": [ 0, 6, 8, 8 ], "texture": "#side", "cullface": "north" },
				"south": { "uv": [ 8, 6, 16, 8 ], "texture": "#side", "cullface": "south" },
				"west": { "uv": [ 8, 6, 16, 8 ], "texture": "#side", "cullface": "west" },
				"east": { "uv": [ 0, 6, 8, 8 ], "texture": "#side", "cullface": "east" }
			}
		},
		{
			"from": [ 10, 10, 10 ],
			"to": [ 16, 12, 16 ],
			"faces": {
				"down": { "uv": [ 10, 0, 16, 6 ], "texture": "#bottom", "cullface": "down" },
				"up": { "uv": [ 10, 10, 16, 16 ], "texture": "#top" },
				"north": { "uv": [ 0, 4, 6, 6 ], "texture": "#side", "cullface": "north" },
				"south": { "uv": [ 10, 4, 16, 6 ], "texture": "#side", "cullface": "south" },
				"west": { "uv": [ 10, 4, 16, 6 ], "texture": "#side", "cullface": "west" },
				"east": { "uv": [ 0, 4, 6, 6 ], "texture": "#side", "cullface": "east" }
			}
		},
		{
			"from": [ 12, 12, 12 ],
			"to": [ 16, 14, 16 ],
			"faces": {
				"down": { "uv": [ 12, 0, 16, 4 ], "texture": "#bottom", "cullface": "down" },
				"up": { "uv": [ 12, 12, 16, 16 ], "texture": "#top" },
				"north": { "uv": [ 0, 2, 4, 4 ], "texture": "#side", "cullface": "north" },
				"south": { "uv": [ 12, 2, 16, 4 ], "texture": "#side", "cullface": "south" },
				"west": { "uv": [ 12, 2, 16, 4 ], "texture": "#side", "cullface": "west" },
				"east": { "uv": [ 0, 2, 4, 4 ], "texture": "#side", "cullface": "east" }
			}
		},
		{
			"from": [ 14, 14, 14 ],
			"to": [ 16, 16, 16 ],
			"faces": {
				"down": { "uv": [ 14, 0, 16, 2 ], "texture": "#bottom", "cullface": "down" },
				"up": { "uv": [ 14, 14, 16, 16 ], "texture": "#top" },
				"north": { "uv": [ 0, 0, 2, 2 ], "texture": "#side", "cullface": "north" },
				"south": { "uv": [ 14, 0, 16, 2 ], "texture": "#side", "cullface": "south" },
				"west": { "uv": [ 14, 0, 16, 2 ], "texture": "#side", "cullface": "west" },
				"east": { "uv": [ 0, 0, 2, 2 ], "texture": "#side", "cullface": "east" }
			}
		}
	]
}