{
"ambientocclusion": false,
"textures": {
    "particle": "blocks/potatoes_stage_3",
    "texture": "blocks/beetroots_stage_2"
},
"elements": [ 
{
    "from": [ 10.25, -3, 3.25 ],
    "to": [ 11, -1.5, 4.75 ],
    "faces": {
        "up":    { "uv": [ 7, 12, 8, 14 ], "texture": "#texture", "tintindex": 0 },
        "south": { "uv": [ 7, 12, 8, 14 ], "texture": "#texture", "tintindex": 0 },
        "west":  { "uv": [ 6, 12, 8, 14 ], "texture": "#texture", "tintindex": 0 },
        "east":  { "uv": [ 6, 12, 8, 14 ], "texture": "#texture", "tintindex": 0 }
    }
},
{
    "from": [ 10.25, -4.5, 3.25 ],
    "to": [ 11, -3, 5.5 ],
    "faces": {
        "up":    { "uv": [ 7, 13, 8, 16 ], "texture": "#texture", "tintindex": 0 },
        "north": { "uv": [ 6, 14, 7, 16 ], "texture": "#texture", "tintindex": 0 },
        "south": { "uv": [ 6, 14, 7, 16 ], "texture": "#texture", "tintindex": 0 },
        "west":  { "uv": [ 6, 14, 9, 16 ], "texture": "#texture", "tintindex": 0 },
        "east":  { "uv": [ 6, 14, 9, 16 ], "texture": "#texture", "tintindex": 0 }
    }
},
{
    "from": [ 10.25, -0.75, 4 ],
    "to": [ 11, 1.5, 4.75 ],
    "faces": {
        "down":  { "uv": [ 8, 9, 9, 10 ], "texture": "#texture", "tintindex": 0 },
        "up":    { "uv": [ 8, 9, 9, 10 ], "texture": "#texture", "tintindex": 0 },
        "north": { "uv": [ 8, 8, 9, 11 ], "texture": "#texture", "tintindex": 0 },
        "south": { "uv": [ 8, 8, 9, 11 ], "texture": "#texture", "tintindex": 0 },
        "west":  { "uv": [ 8, 8, 9, 11 ], "texture": "#texture", "tintindex": 0 },
        "east":  { "uv": [ 8, 8, 9, 11 ], "texture": "#texture", "tintindex": 0 }
    }
},
{
    "from": [ 10.25, 0.75, 4.75 ],
    "to": [ 11, 1.5, 5.5 ],
    "faces": {
        "down":  { "uv": [ 9, 8, 10, 9 ], "texture": "#texture", "tintindex": 0 },
        "up":    { "uv": [ 9, 8, 10, 9 ], "texture": "#texture", "tintindex": 0 },
        "south": { "uv": [ 9, 8, 10, 9 ], "texture": "#texture", "tintindex": 0 },
        "west":  { "uv": [ 9, 8, 10, 9 ], "texture": "#texture", "tintindex": 0 },
        "east":  { "uv": [ 9, 8, 10, 9 ], "texture": "#texture", "tintindex": 0 }
    }
},
{
    "from": [ 10.25, 0, 2.5 ],
    "to": [ 11, 0.75, 3.25 ],
    "faces": {
        "down":  { "uv": [ 6, 9, 7, 10 ], "texture": "#texture", "tintindex": 0 },
        "up":    { "uv": [ 6, 9, 7, 10 ], "texture": "#texture", "tintindex": 0 },
        "north": { "uv": [ 6, 9, 7, 10 ], "texture": "#texture", "tintindex": 0 },
        "south": { "uv": [ 6, 9, 7, 10 ], "texture": "#texture", "tintindex": 0 },
        "west":  { "uv": [ 6, 9, 7, 10 ], "texture": "#texture", "tintindex": 0 },
        "east":  { "uv": [ 6, 9, 7, 10 ], "texture": "#texture", "tintindex": 0 }
    }
},
{
    "from": [ 10.25, -1.5, 3.25 ],
    "to": [ 11, 0, 4 ],
    "faces": {
        "up":    { "uv": [ 7, 10, 8, 11 ], "texture": "#texture", "tintindex": 0 },
        "north": { "uv": [ 7, 10, 8, 12 ], "texture": "#texture", "tintindex": 0 },
        "south": { "uv": [ 7, 10, 8, 12 ], "texture": "#texture", "tintindex": 0 },
        "west":  { "uv": [ 7, 10, 8, 12 ], "texture": "#texture", "tintindex": 0 },
        "east":  { "uv": [ 7, 10, 8, 12 ], "texture": "#texture", "tintindex": 0 }
    }
},
{
    "from": [ 10.25, -3, 5.5 ],
    "to": [ 11, -1.5, 6.25 ],
    "faces": {
        "down":  { "uv": [ 9, 13, 10, 14 ], "texture": "#texture", "tintindex": 0 },
        "up":    { "uv": [ 9, 12, 10, 13 ], "texture": "#texture", "tintindex": 0 },
        "north": { "uv": [ 9, 12, 10, 14 ], "texture": "#texture", "tintindex": 0 },
        "south": { "uv": [ 9, 12, 10, 14 ], "texture": "#texture", "tintindex": 0 },
        "west":  { "uv": [ 9, 12, 10, 14 ], "texture": "#texture", "tintindex": 0 },
        "east":  { "uv": [ 9, 12, 10, 14 ], "texture": "#texture", "tintindex": 0 }
    }
},
{
    "from": [ 9.5, -5.25, 3.25 ],
    "to": [ 11.75, -4.5, 5.5 ],
    "faces": {
        "up":    { "uv": [ 6, 15, 9, 16 ], "texture": "#particle" },
        "north": { "uv": [ 6, 15, 9, 16 ], "texture": "#particle" },
        "south": { "uv": [ 6, 15, 9, 16 ], "texture": "#particle" },
        "west":  { "uv": [ 6, 15, 9, 16 ], "texture": "#particle" },
        "east":  { "uv": [ 6, 15, 9, 16 ], "texture": "#particle" }
    }
},
{
    "from": [ 9.5, -6, 2.5 ],
    "to": [ 11.75, -5.25, 6.25 ],
    "faces": {
        "down":  { "uv": [ 6, 15, 9, 16 ], "texture": "#particle", "cullface": "down" },
        "up":    { "uv": [ 6, 15, 9, 16 ], "texture": "#particle" },
        "north": { "uv": [ 6, 15, 9, 16 ], "texture": "#particle" },
        "south": { "uv": [ 6, 15, 9, 16 ], "texture": "#particle" },
        "west":  { "uv": [ 5, 15, 10, 16 ], "texture": "#particle" },
        "east":  { "uv": [ 5, 15, 10, 16 ], "texture": "#particle" }
    }
},
{
    "from": [ 10.25, -3, 2.5 ],
    "to": [ 11, -0.75, 3.25 ],
    "faces": {
        "down":  { "uv": [ 8, 9, 9, 10 ], "texture": "#texture", "tintindex": 0 },
        "up":    { "uv": [ 8, 9, 9, 10 ], "texture": "#texture", "tintindex": 0 },
        "north": { "uv": [ 8, 8, 9, 11 ], "texture": "#texture", "tintindex": 0 },
        "south": { "uv": [ 8, 8, 9, 11 ], "texture": "#texture", "tintindex": 0 },
        "west":  { "uv": [ 8, 8, 9, 11 ], "texture": "#texture", "tintindex": 0 },
        "east":  { "uv": [ 8, 8, 9, 11 ], "texture": "#texture", "tintindex": 0 }
    }
},
{
    "from": [ 10.25, -2.25, 1.75 ],
    "to": [ 11, -1.5, 2.5 ],
    "faces": {
        "down":  { "uv": [ 9, 8, 10, 9 ], "texture": "#texture", "tintindex": 0 },
        "up":    { "uv": [ 9, 8, 10, 9 ], "texture": "#texture", "tintindex": 0 },
        "north": { "uv": [ 9, 8, 10, 9 ], "texture": "#texture", "tintindex": 0 },
        "west":  { "uv": [ 9, 8, 10, 9 ], "texture": "#texture", "tintindex": 0 },
        "east":  { "uv": [ 9, 8, 10, 9 ], "texture": "#texture", "tintindex": 0 }
    }
},
{
    "from": [ 10.25, -2.25, 6.25 ],
    "to": [ 11, -1.5, 7 ],
    "faces": {
        "down":  { "uv": [ 9, 8, 10, 9 ], "texture": "#texture", "tintindex": 0 },
        "up":    { "uv": [ 9, 8, 10, 9 ], "texture": "#texture", "tintindex": 0 },
        "south": { "uv": [ 9, 8, 10, 9 ], "texture": "#texture", "tintindex": 0 },
        "west":  { "uv": [ 9, 8, 10, 9 ], "texture": "#texture", "tintindex": 0 },
        "east":  { "uv": [ 9, 8, 10, 9 ], "texture": "#texture", "tintindex": 0 }
    }
},
{
    "from": [ 8.75, -6, 3.25 ],
    "to": [ 12.5, -5.25, 5.5 ],
    "faces": {
        "down":  { "uv": [ 6, 15, 9, 16 ], "rotation": 270, "texture": "#particle", "cullface": "down" },
        "up":    { "uv": [ 6, 15, 9, 16 ], "rotation": 90, "texture": "#particle" },
        "north": { "uv": [ 5, 15, 10, 16 ], "texture": "#particle" },
        "south": { "uv": [ 5, 15, 10, 16 ], "texture": "#particle" },
        "west":  { "uv": [ 6, 15, 9, 16 ], "texture": "#particle" },
        "east":  { "uv": [ 6, 15, 9, 16 ], "texture": "#particle" }
    }
},
{
    "from": [ 10.25, -3, 11.25 ],
    "to": [ 11, -1.5, 12.75 ],
    "faces": {
        "up":    { "uv": [ 7, 12, 8, 14 ], "texture": "#texture", "tintindex": 0 },
        "south": { "uv": [ 7, 12, 8, 14 ], "texture": "#texture", "tintindex": 0 },
        "west":  { "uv": [ 6, 12, 8, 14 ], "texture": "#texture", "tintindex": 0 },
        "east":  { "uv": [ 6, 12, 8, 14 ], "texture": "#texture", "tintindex": 0 }
    }
},
{
    "from": [ 10.25, -4.5, 11.25 ],
    "to": [ 11, -3, 13.5 ],
    "faces": {
        "up":    { "uv": [ 7, 13, 8, 16 ], "texture": "#texture", "tintindex": 0 },
        "north": { "uv": [ 6, 14, 7, 16 ], "texture": "#texture", "tintindex": 0 },
        "south": { "uv": [ 6, 14, 7, 16 ], "texture": "#texture", "tintindex": 0 },
        "west":  { "uv": [ 6, 14, 9, 16 ], "texture": "#texture", "tintindex": 0 },
        "east":  { "uv": [ 6, 14, 9, 16 ], "texture": "#texture", "tintindex": 0 }
    }
},
{
    "from": [ 10.25, -0.75, 12 ],
    "to": [ 11, 1.5, 12.75 ],
    "faces": {
        "down":  { "uv": [ 8, 9, 9, 10 ], "texture": "#texture", "tintindex": 0 },
        "up":    { "uv": [ 8, 9, 9, 10 ], "texture": "#texture", "tintindex": 0 },
        "north": { "uv": [ 8, 8, 9, 11 ], "texture": "#texture", "tintindex": 0 },
        "south": { "uv": [ 8, 8, 9, 11 ], "texture": "#texture", "tintindex": 0 },
        "west":  { "uv": [ 8, 8, 9, 11 ], "texture": "#texture", "tintindex": 0 },
        "east":  { "uv": [ 8, 8, 9, 11 ], "texture": "#texture", "tintindex": 0 }
    }
},
{
    "from": [ 10.25, 0.75, 12.75 ],
    "to": [ 11, 1.5, 13.5 ],
    "faces": {
        "down":  { "uv": [ 9, 8, 10, 9 ], "texture": "#texture", "tintindex": 0 },
        "up":    { "uv": [ 9, 8, 10, 9 ], "texture": "#texture", "tintindex": 0 },
        "south": { "uv": [ 9, 8, 10, 9 ], "texture": "#texture", "tintindex": 0 },
        "west":  { "uv": [ 9, 8, 10, 9 ], "texture": "#texture", "tintindex": 0 },
        "east":  { "uv": [ 9, 8, 10, 9 ], "texture": "#texture", "tintindex": 0 }
    }
},
{
    "from": [ 10.25, 0, 10.5 ],
    "to": [ 11, 0.75, 11.25 ],
    "faces": {
        "down":  { "uv": [ 6, 9, 7, 10 ], "texture": "#texture", "tintindex": 0 },
        "up":    { "uv": [ 6, 9, 7, 10 ], "texture": "#texture", "tintindex": 0 },
        "north": { "uv": [ 6, 9, 7, 10 ], "texture": "#texture", "tintindex": 0 },
        "south": { "uv": [ 6, 9, 7, 10 ], "texture": "#texture", "tintindex": 0 },
        "west":  { "uv": [ 6, 9, 7, 10 ], "texture": "#texture", "tintindex": 0 },
        "east":  { "uv": [ 6, 9, 7, 10 ], "texture": "#texture", "tintindex": 0 }
    }
},
{
    "from": [ 10.25, -1.5, 11.25 ],
    "to": [ 11, 0, 12 ],
    "faces": {
        "up":    { "uv": [ 7, 10, 8, 11 ], "texture": "#texture", "tintindex": 0 },
        "north": { "uv": [ 7, 10, 8, 12 ], "texture": "#texture", "tintindex": 0 },
        "south": { "uv": [ 7, 10, 8, 12 ], "texture": "#texture", "tintindex": 0 },
        "west":  { "uv": [ 7, 10, 8, 12 ], "texture": "#texture", "tintindex": 0 },
        "east":  { "uv": [ 7, 10, 8, 12 ], "texture": "#texture", "tintindex": 0 }
    }
},
{
    "from": [ 10.25, -3, 13.5 ],
    "to": [ 11, -1.5, 14.25 ],
    "faces": {
        "down":  { "uv": [ 9, 13, 10, 14 ], "texture": "#texture", "tintindex": 0 },
        "up":    { "uv": [ 9, 12, 10, 13 ], "texture": "#texture", "tintindex": 0 },
        "north": { "uv": [ 9, 12, 10, 14 ], "texture": "#texture", "tintindex": 0 },
        "south": { "uv": [ 9, 12, 10, 14 ], "texture": "#texture", "tintindex": 0 },
        "west":  { "uv": [ 9, 12, 10, 14 ], "texture": "#texture", "tintindex": 0 },
        "east":  { "uv": [ 9, 12, 10, 14 ], "texture": "#texture", "tintindex": 0 }
    }
},
{
    "from": [ 9.5, -5.25, 11.25 ],
    "to": [ 11.75, -4.5, 13.5 ],
    "faces": {
        "up":    { "uv": [ 6, 15, 9, 16 ], "texture": "#particle" },
        "north": { "uv": [ 6, 15, 9, 16 ], "texture": "#particle" },
        "south": { "uv": [ 6, 15, 9, 16 ], "texture": "#particle" },
        "west":  { "uv": [ 6, 15, 9, 16 ], "texture": "#particle" },
        "east":  { "uv": [ 6, 15, 9, 16 ], "texture": "#particle" }
    }
},
{
    "from": [ 9.5, -6, 10.5 ],
    "to": [ 11.75, -5.25, 14.25 ],
    "faces": {
        "down":  { "uv": [ 6, 15, 9, 16 ], "texture": "#particle", "cullface": "down" },
        "up":    { "uv": [ 6, 15, 9, 16 ], "texture": "#particle" },
        "north": { "uv": [ 6, 15, 9, 16 ], "texture": "#particle" },
        "south": { "uv": [ 6, 15, 9, 16 ], "texture": "#particle" },
        "west":  { "uv": [ 5, 15, 10, 16 ], "texture": "#particle" },
        "east":  { "uv": [ 5, 15, 10, 16 ], "texture": "#particle" }
    }
},
{
    "from": [ 10.25, -3, 10.5 ],
    "to": [ 11, -0.75, 11.25 ],
    "faces": {
        "down":  { "uv": [ 8, 9, 9, 10 ], "texture": "#texture", "tintindex": 0 },
        "up":    { "uv": [ 8, 9, 9, 10 ], "texture": "#texture", "tintindex": 0 },
        "north": { "uv": [ 8, 8, 9, 11 ], "texture": "#texture", "tintindex": 0 },
        "south": { "uv": [ 8, 8, 9, 11 ], "texture": "#texture", "tintindex": 0 },
        "west":  { "uv": [ 8, 8, 9, 11 ], "texture": "#texture", "tintindex": 0 },
        "east":  { "uv": [ 8, 8, 9, 11 ], "texture": "#texture", "tintindex": 0 }
    }
},
{
    "from": [ 10.25, -2.25, 9.75 ],
    "to": [ 11, -1.5, 10.5 ],
    "faces": {
        "down":  { "uv": [ 9, 8, 10, 9 ], "texture": "#texture", "tintindex": 0 },
        "up":    { "uv": [ 9, 8, 10, 9 ], "texture": "#texture", "tintindex": 0 },
        "north": { "uv": [ 9, 8, 10, 9 ], "texture": "#texture", "tintindex": 0 },
        "west":  { "uv": [ 9, 8, 10, 9 ], "texture": "#texture", "tintindex": 0 },
        "east":  { "uv": [ 9, 8, 10, 9 ], "texture": "#texture", "tintindex": 0 }
    }
},
{
    "from": [ 10.25, -2.25, 14.25 ],
    "to": [ 11, -1.5, 15 ],
    "faces": {
        "down":  { "uv": [ 9, 8, 10, 9 ], "texture": "#texture", "tintindex": 0 },
        "up":    { "uv": [ 9, 8, 10, 9 ], "texture": "#texture", "tintindex": 0 },
        "south": { "uv": [ 9, 8, 10, 9 ], "texture": "#texture", "tintindex": 0 },
        "west":  { "uv": [ 9, 8, 10, 9 ], "texture": "#texture", "tintindex": 0 },
        "east":  { "uv": [ 9, 8, 10, 9 ], "texture": "#texture", "tintindex": 0 }
    }
},
{
    "from": [ 8.75, -6, 11.25 ],
    "to": [ 12.5, -5.25, 13.5 ],
    "faces": {
        "down":  { "uv": [ 6, 15, 9, 16 ], "rotation": 270, "texture": "#particle", "cullface": "down" },
        "up":    { "uv": [ 6, 15, 9, 16 ], "rotation": 90, "texture": "#particle" },
        "north": { "uv": [ 5, 15, 10, 16 ], "texture": "#particle" },
        "south": { "uv": [ 5, 15, 10, 16 ], "texture": "#particle" },
        "west":  { "uv": [ 6, 15, 9, 16 ], "texture": "#particle" },
        "east":  { "uv": [ 6, 15, 9, 16 ], "texture": "#particle" }
    }
},
{
    "from": [ 4.25, -3, 7.25 ],
    "to": [ 5, -1.5, 8.75 ],
    "faces": {
        "up":    { "uv": [ 7, 12, 8, 14 ], "texture": "#texture", "tintindex": 0 },
        "south": { "uv": [ 7, 12, 8, 14 ], "texture": "#texture", "tintindex": 0 },
        "west":  { "uv": [ 6, 12, 8, 14 ], "texture": "#texture", "tintindex": 0 },
        "east":  { "uv": [ 6, 12, 8, 14 ], "texture": "#texture", "tintindex": 0 }
    }
},
{
    "from": [ 4.25, -4.5, 7.25 ],
    "to": [ 5, -3, 9.5 ],
    "faces": {
        "up":    { "uv": [ 7, 13, 8, 16 ], "texture": "#texture", "tintindex": 0 },
        "north": { "uv": [ 6, 14, 7, 16 ], "texture": "#texture", "tintindex": 0 },
        "south": { "uv": [ 6, 14, 7, 16 ], "texture": "#texture", "tintindex": 0 },
        "west":  { "uv": [ 6, 14, 9, 16 ], "texture": "#texture", "tintindex": 0 },
        "east":  { "uv": [ 6, 14, 9, 16 ], "texture": "#texture", "tintindex": 0 }
    }
},
{
    "from": [ 4.25, -0.75, 8 ],
    "to": [ 5, 1.5, 8.75 ],
    "faces": {
        "down":  { "uv": [ 8, 9, 9, 10 ], "texture": "#texture", "tintindex": 0 },
        "up":    { "uv": [ 8, 9, 9, 10 ], "texture": "#texture", "tintindex": 0 },
        "north": { "uv": [ 8, 8, 9, 11 ], "texture": "#texture", "tintindex": 0 },
        "south": { "uv": [ 8, 8, 9, 11 ], "texture": "#texture", "tintindex": 0 },
        "west":  { "uv": [ 8, 8, 9, 11 ], "texture": "#texture", "tintindex": 0 },
        "east":  { "uv": [ 8, 8, 9, 11 ], "texture": "#texture", "tintindex": 0 }
    }
},
{
    "from": [ 4.25, 0.75, 8.75 ],
    "to": [ 5, 1.5, 9.5 ],
    "faces": {
        "down":  { "uv": [ 9, 8, 10, 9 ], "texture": "#texture", "tintindex": 0 },
        "up":    { "uv": [ 9, 8, 10, 9 ], "texture": "#texture", "tintindex": 0 },
        "south": { "uv": [ 9, 8, 10, 9 ], "texture": "#texture", "tintindex": 0 },
        "west":  { "uv": [ 9, 8, 10, 9 ], "texture": "#texture", "tintindex": 0 },
        "east":  { "uv": [ 9, 8, 10, 9 ], "texture": "#texture", "tintindex": 0 }
    }
},
{
    "from": [ 4.25, 0, 6.5 ],
    "to": [ 5, 0.75, 7.25 ],
    "faces": {
        "down":  { "uv": [ 6, 9, 7, 10 ], "texture": "#texture", "tintindex": 0 },
        "up":    { "uv": [ 6, 9, 7, 10 ], "texture": "#texture", "tintindex": 0 },
        "north": { "uv": [ 6, 9, 7, 10 ], "texture": "#texture", "tintindex": 0 },
        "south": { "uv": [ 6, 9, 7, 10 ], "texture": "#texture", "tintindex": 0 },
        "west":  { "uv": [ 6, 9, 7, 10 ], "texture": "#texture", "tintindex": 0 },
        "east":  { "uv": [ 6, 9, 7, 10 ], "texture": "#texture", "tintindex": 0 }
    }
},
{
    "from": [ 4.25, -1.5, 7.25 ],
    "to": [ 5, 0, 8 ],
    "faces": {
        "up":    { "uv": [ 7, 10, 8, 11 ], "texture": "#texture", "tintindex": 0 },
        "north": { "uv": [ 7, 10, 8, 12 ], "texture": "#texture", "tintindex": 0 },
        "south": { "uv": [ 7, 10, 8, 12 ], "texture": "#texture", "tintindex": 0 },
        "west":  { "uv": [ 7, 10, 8, 12 ], "texture": "#texture", "tintindex": 0 },
        "east":  { "uv": [ 7, 10, 8, 12 ], "texture": "#texture", "tintindex": 0 }
    }
},
{
    "from": [ 4.25, -3, 9.5 ],
    "to": [ 5, -1.5, 10.25 ],
    "faces": {
        "down":  { "uv": [ 9, 13, 10, 14 ], "texture": "#texture", "tintindex": 0 },
        "up":    { "uv": [ 9, 12, 10, 13 ], "texture": "#texture", "tintindex": 0 },
        "north": { "uv": [ 9, 12, 10, 14 ], "texture": "#texture", "tintindex": 0 },
        "south": { "uv": [ 9, 12, 10, 14 ], "texture": "#texture", "tintindex": 0 },
        "west":  { "uv": [ 9, 12, 10, 14 ], "texture": "#texture", "tintindex": 0 },
        "east":  { "uv": [ 9, 12, 10, 14 ], "texture": "#texture", "tintindex": 0 }
    }
},
{
    "from": [ 3.5, -5.25, 7.25 ],
    "to": [ 5.75, -4.5, 9.5 ],
    "faces": {
        "up":    { "uv": [ 6, 15, 9, 16 ], "texture": "#particle" },
        "north": { "uv": [ 6, 15, 9, 16 ], "texture": "#particle" },
        "south": { "uv": [ 6, 15, 9, 16 ], "texture": "#particle" },
        "west":  { "uv": [ 6, 15, 9, 16 ], "texture": "#particle" },
        "east":  { "uv": [ 6, 15, 9, 16 ], "texture": "#particle" }
    }
},
{
    "from": [ 3.5, -6, 6.5 ],
    "to": [ 5.75, -5.25, 10.25 ],
    "faces": {
        "down":  { "uv": [ 6, 15, 9, 16 ], "texture": "#particle", "cullface": "down" },
        "up":    { "uv": [ 6, 15, 9, 16 ], "texture": "#particle" },
        "north": { "uv": [ 6, 15, 9, 16 ], "texture": "#particle" },
        "south": { "uv": [ 6, 15, 9, 16 ], "texture": "#particle" },
        "west":  { "uv": [ 5, 15, 10, 16 ], "texture": "#particle" },
        "east":  { "uv": [ 5, 15, 10, 16 ], "texture": "#particle" }
    }
},
{
    "from": [ 4.25, -3, 6.5 ],
    "to": [ 5, -0.75, 7.25 ],
    "faces": {
        "down":  { "uv": [ 8, 9, 9, 10 ], "texture": "#texture", "tintindex": 0 },
        "up":    { "uv": [ 8, 9, 9, 10 ], "texture": "#texture", "tintindex": 0 },
        "north": { "uv": [ 8, 8, 9, 11 ], "texture": "#texture", "tintindex": 0 },
        "south": { "uv": [ 8, 8, 9, 11 ], "texture": "#texture", "tintindex": 0 },
        "west":  { "uv": [ 8, 8, 9, 11 ], "texture": "#texture", "tintindex": 0 },
        "east":  { "uv": [ 8, 8, 9, 11 ], "texture": "#texture", "tintindex": 0 }
    }
},
{
    "from": [ 4.25, -2.25, 5.75 ],
    "to": [ 5, -1.5, 6.5 ],
    "faces": {
        "down":  { "uv": [ 9, 8, 10, 9 ], "texture": "#texture", "tintindex": 0 },
        "up":    { "uv": [ 9, 8, 10, 9 ], "texture": "#texture", "tintindex": 0 },
        "north": { "uv": [ 9, 8, 10, 9 ], "texture": "#texture", "tintindex": 0 },
        "west":  { "uv": [ 9, 8, 10, 9 ], "texture": "#texture", "tintindex": 0 },
        "east":  { "uv": [ 9, 8, 10, 9 ], "texture": "#texture", "tintindex": 0 }
    }
},
{
    "from": [ 4.25, -2.25, 10.25 ],
    "to": [ 5, -1.5, 11 ],
    "faces": {
        "down":  { "uv": [ 9, 8, 10, 9 ], "texture": "#texture", "tintindex": 0 },
        "up":    { "uv": [ 9, 8, 10, 9 ], "texture": "#texture", "tintindex": 0 },
        "south": { "uv": [ 9, 8, 10, 9 ], "texture": "#texture", "tintindex": 0 },
        "west":  { "uv": [ 9, 8, 10, 9 ], "texture": "#texture", "tintindex": 0 },
        "east":  { "uv": [ 9, 8, 10, 9 ], "texture": "#texture", "tintindex": 0 }
    }
},
{
    "from": [ 2.75, -6, 7.25 ],
    "to": [ 6.5, -5.25, 9.5 ],
    "faces": {
        "down":  { "uv": [ 6, 15, 9, 16 ], "rotation": 270, "texture": "#particle", "cullface": "down" },
        "up":    { "uv": [ 6, 15, 9, 16 ], "rotation": 90, "texture": "#particle" },
        "north": { "uv": [ 5, 15, 10, 16 ], "texture": "#particle" },
        "south": { "uv": [ 5, 15, 10, 16 ], "texture": "#particle" },
        "west":  { "uv": [ 6, 15, 9, 16 ], "texture": "#particle" },
        "east":  { "uv": [ 6, 15, 9, 16 ], "texture": "#particle" }
    }
}
]
}