{
"ambientocclusion": false,
"textures": {
    "particle": "blocks/pumpkin_side",
    "texture": "blocks/pumpkin_side",
    "top": "blocks/pumpkin_top",
    "bottom": "blocks/pumpkin_bottom"
},
"elements": [ 
{
    "__comment": "Extrude",
    "from": [ -1, 0, 0 ],
    "to": [ 0, 16, 1 ],
    "faces": {
        "down":  { "uv": [ 16, 1, 16, 0 ], "texture": "#texture", "cullface": "west" },
        "north": { "uv": [ 16, 0, 16, 16 ], "texture": "#texture", "cullface": "west" },
        "south": { "uv": [ 0, 0, 0, 16 ], "texture": "#texture", "cullface": "west" },
        "west":  { "uv": [ 0, 0, 1, 16 ], "texture": "#texture", "cullface": "west" }
    }
},
{
    "__comment": "Extrude",
    "from": [ -1, 15, 1 ],
    "to": [ 0, 16, 2 ],
    "faces": {
        "down":  { "uv": [ 16, 2, 16, 1 ], "texture": "#texture", "cullface": "west" },
        "south": { "uv": [ 0, 0, 0, 1 ], "texture": "#texture", "cullface": "west" },
        "west":  { "uv": [ 1, 0, 2, 1 ], "texture": "#texture", "cullface": "west" }
    }
},
{
    "__comment": "Extrude",
    "from": [ -1, 2, 1 ],
    "to": [ 0, 5, 2 ],
    "faces": {
        "down":  { "uv": [ 16, 2, 16, 1 ], "texture": "#texture", "cullface": "west" },
        "up":    { "uv": [ 0, 1, 0, 2 ], "texture": "#texture", "cullface": "west" },
        "south": { "uv": [ 0, 11, 0, 14 ], "texture": "#texture", "cullface": "west" },
        "west":  { "uv": [ 1, 11, 2, 14 ], "texture": "#texture", "cullface": "west" }
    }
},
{
    "__comment": "Extrude",
    "from": [ -1, 0, 1 ],
    "to": [ 0, 1, 2 ],
    "faces": {
        "down":  { "uv": [ 16, 2, 16, 1 ], "texture": "#texture", "cullface": "west" },
        "up":    { "uv": [ 0, 1, 0, 2 ], "texture": "#texture", "cullface": "west" },
        "south": { "uv": [ 0, 15, 0, 16 ], "texture": "#texture", "cullface": "west" },
        "west":  { "uv": [ 1, 15, 2, 16 ], "texture": "#texture", "cullface": "west" }
    }
},
{
    "__comment": "Extrude",
    "from": [ -1, 13, 3 ],
    "to": [ 0, 16, 4 ],
    "faces": {
        "down":  { "uv": [ 16, 4, 16, 3 ], "texture": "#texture", "cullface": "west" },
        "up":    { "uv": [ 0, 3, 0, 4 ], "texture": "#texture", "cullface": "west" },
        "north": { "uv": [ 16, 0, 16, 3 ], "texture": "#texture", "cullface": "west" },
        "south": { "uv": [ 0, 0, 0, 3 ], "texture": "#texture", "cullface": "west" },
        "west":  { "uv": [ 3, 0, 4, 3 ], "texture": "#texture", "cullface": "west" }
    }
},
{
    "__comment": "Extrude",
    "from": [ -1, 15, 4 ],
    "to": [ 0, 16, 5 ],
    "faces": {
        "down":  { "uv": [ 16, 5, 16, 4 ], "texture": "#texture", "cullface": "west" },
        "south": { "uv": [ 0, 0, 0, 1 ], "texture": "#texture", "cullface": "west" },
        "west":  { "uv": [ 4, 0, 5, 1 ], "texture": "#texture", "cullface": "west" }
    }
},
{
    "__comment": "Extrude",
    "from": [ -1, 0, 4 ],
    "to": [ 0, 14, 5 ],
    "faces": {
        "down":  { "uv": [ 16, 5, 16, 4 ], "texture": "#texture", "cullface": "west" },
        "up":    { "uv": [ 0, 4, 0, 5 ], "texture": "#texture", "cullface": "west" },
        "north": { "uv": [ 16, 2, 16, 16 ], "texture": "#texture", "cullface": "west" },
        "south": { "uv": [ 0, 2, 0, 16 ], "texture": "#texture", "cullface": "west" },
        "west":  { "uv": [ 4, 2, 5, 16 ], "texture": "#texture", "cullface": "west" }
    }
},
{
    "__comment": "Extrude",
    "from": [ -1, 0, 5 ],
    "to": [ 0, 1, 6 ],
    "faces": {
        "down":  { "uv": [ 16, 6, 16, 5 ], "texture": "#texture", "cullface": "west" },
        "up":    { "uv": [ 0, 5, 0, 6 ], "texture": "#texture", "cullface": "west" },
        "south": { "uv": [ 0, 15, 0, 16 ], "texture": "#texture", "cullface": "west" },
        "west":  { "uv": [ 5, 15, 6, 16 ], "texture": "#texture", "cullface": "west" }
    }
},
{
    "__comment": "Extrude",
    "from": [ -1, 15, 7 ],
    "to": [ 0, 16, 8 ],
    "faces": {
        "down":  { "uv": [ 16, 8, 16, 7 ], "texture": "#texture", "cullface": "west" },
        "north": { "uv": [ 16, 0, 16, 1 ], "texture": "#texture", "cullface": "west" },
        "west":  { "uv": [ 7, 0, 8, 1 ], "texture": "#texture", "cullface": "west" }
    }
},
{
    "__comment": "Extrude",
    "from": [ -1, 5, 8 ],
    "to": [ 0, 16, 9 ],
    "faces": {
        "down":  { "uv": [ 16, 9, 16, 8 ], "texture": "#texture", "cullface": "west" },
        "up":    { "uv": [ 0, 8, 0, 9 ], "texture": "#texture", "cullface": "west" },
        "north": { "uv": [ 16, 0, 16, 11 ], "texture": "#texture", "cullface": "west" },
        "south": { "uv": [ 0, 0, 0, 11 ], "texture": "#texture", "cullface": "west" },
        "west":  { "uv": [ 8, 0, 9, 11 ], "texture": "#texture", "cullface": "west" }
    }
},
{
    "__comment": "Extrude",
    "from": [ -1, 0, 7 ],
    "to": [ 0, 6, 8 ],
    "faces": {
        "down":  { "uv": [ 16, 8, 16, 7 ], "texture": "#texture", "cullface": "west" },
        "up":    { "uv": [ 0, 7, 0, 8 ], "texture": "#texture", "cullface": "west" },
        "north": { "uv": [ 16, 10, 16, 16 ], "texture": "#texture", "cullface": "west" },
        "south": { "uv": [ 0, 10, 0, 16 ], "texture": "#texture", "cullface": "west" },
        "west":  { "uv": [ 7, 10, 8, 16 ], "texture": "#texture", "cullface": "west" }
    }
},
{
    "__comment": "Extrude",
    "from": [ -1, 0, 8 ],
    "to": [ 0, 2, 9 ],
    "faces": {
        "down":  { "uv": [ 16, 9, 16, 8 ], "texture": "#texture", "cullface": "west" },
        "up":    { "uv": [ 0, 8, 0, 9 ], "texture": "#texture", "cullface": "west" },
        "south": { "uv": [ 0, 14, 0, 16 ], "texture": "#texture", "cullface": "west" },
        "west":  { "uv": [ 8, 14, 9, 16 ], "texture": "#texture", "cullface": "west" }
    }
},
{
    "__comment": "Extrude",
    "from": [ -1, 15, 10 ],
    "to": [ 0, 16, 11 ],
    "faces": {
        "down":  { "uv": [ 16, 11, 16, 10 ], "texture": "#texture", "cullface": "west" },
        "north": { "uv": [ 16, 0, 16, 1 ], "texture": "#texture", "cullface": "west" },
        "west":  { "uv": [ 10, 0, 11, 1 ], "texture": "#texture", "cullface": "west" }
    }
},
{
    "__comment": "Extrude",
    "from": [ -1, 8, 11 ],
    "to": [ 0, 16, 12 ],
    "faces": {
        "down":  { "uv": [ 16, 12, 16, 11 ], "texture": "#texture", "cullface": "west" },
        "north": { "uv": [ 16, 0, 16, 8 ], "texture": "#texture", "cullface": "west" },
        "south": { "uv": [ 0, 0, 0, 8 ], "texture": "#texture", "cullface": "west" },
        "west":  { "uv": [ 11, 0, 12, 8 ], "texture": "#texture", "cullface": "west" }
    }
},
{
    "__comment": "Extrude",
    "from": [ -1, 1, 12 ],
    "to": [ 0, 8, 13 ],
    "faces": {
        "down":  { "uv": [ 16, 13, 16, 12 ], "texture": "#texture", "cullface": "west" },
        "up":    { "uv": [ 0, 12, 0, 13 ], "texture": "#texture", "cullface": "west" },
        "north": { "uv": [ 16, 8, 16, 15 ], "texture": "#texture", "cullface": "west" },
        "south": { "uv": [ 0, 8, 0, 15 ], "texture": "#texture", "cullface": "west" },
        "west":  { "uv": [ 12, 8, 13, 15 ], "texture": "#texture", "cullface": "west" }
    }
},
{
    "__comment": "Extrude",
    "from": [ -1, 0, 11 ],
    "to": [ 0, 2, 12 ],
    "faces": {
        "down":  { "uv": [ 16, 12, 16, 11 ], "texture": "#texture", "cullface": "west" },
        "up":    { "uv": [ 0, 11, 0, 12 ], "texture": "#texture", "cullface": "west" },
        "north": { "uv": [ 16, 14, 16, 16 ], "texture": "#texture", "cullface": "west" },
        "south": { "uv": [ 0, 14, 0, 16 ], "texture": "#texture", "cullface": "west" },
        "west":  { "uv": [ 11, 14, 12, 16 ], "texture": "#texture", "cullface": "west" }
    }
},
{
    "__comment": "Extrude",
    "from": [ -1, 0, 10 ],
    "to": [ 0, 1, 11 ],
    "faces": {
        "down":  { "uv": [ 16, 11, 16, 10 ], "texture": "#texture", "cullface": "west" },
        "up":    { "uv": [ 0, 10, 0, 11 ], "texture": "#texture", "cullface": "west" },
        "north": { "uv": [ 16, 15, 16, 16 ], "texture": "#texture", "cullface": "west" },
        "west":  { "uv": [ 10, 15, 11, 16 ], "texture": "#texture", "cullface": "west" }
    }
},
{
    "__comment": "Extrude",
    "from": [ -1, 15, 14 ],
    "to": [ 0, 16, 15 ],
    "faces": {
        "down":  { "uv": [ 16, 15, 16, 14 ], "texture": "#texture", "cullface": "west" },
        "north": { "uv": [ 16, 0, 16, 1 ], "texture": "#texture", "cullface": "west" },
        "west":  { "uv": [ 14, 0, 15, 1 ], "texture": "#texture", "cullface": "west" }
    }
},
{
    "__comment": "Extrude",
    "from": [ -1, 8, 14 ],
    "to": [ 0, 10, 15 ],
    "faces": {
        "down":  { "uv": [ 16, 15, 16, 14 ], "texture": "#texture", "cullface": "west" },
        "up":    { "uv": [ 0, 14, 0, 15 ], "texture": "#texture", "cullface": "west" },
        "north": { "uv": [ 16, 6, 16, 8 ], "texture": "#texture", "cullface": "west" },
        "west":  { "uv": [ 14, 6, 15, 8 ], "texture": "#texture", "cullface": "west" }
    }
},
{
    "__comment": "Extrude",
    "from": [ -1, 0, 14 ],
    "to": [ 0, 1, 15 ],
    "faces": {
        "down":  { "uv": [ 16, 15, 16, 14 ], "texture": "#texture", "cullface": "west" },
        "up":    { "uv": [ 0, 14, 0, 15 ], "texture": "#texture", "cullface": "west" },
        "north": { "uv": [ 16, 15, 16, 16 ], "texture": "#texture", "cullface": "west" },
        "west":  { "uv": [ 14, 15, 15, 16 ], "texture": "#texture", "cullface": "west" }
    }
},
{
    "__comment": "Extrude",
    "from": [ -1, 0, 15 ],
    "to": [ 0, 16, 16 ],
    "faces": {
        "down":  { "uv": [ 16, 16, 16, 15 ], "texture": "#texture", "cullface": "west" },
        "north": { "uv": [ 16, 0, 16, 16 ], "texture": "#texture", "cullface": "west" },
        "south": { "uv": [ 0, 0, 0, 16 ], "texture": "#texture", "cullface": "west" },
        "west":  { "uv": [ 15, 0, 16, 16 ], "texture": "#texture", "cullface": "west" }
    }
},
{
    "__comment": "Extrude*",
    "from": [ 0, 0, 16 ],
    "to": [ 1, 16, 17 ],
    "faces": {
        "down":  { "uv": [ 16, 1, 16, 0 ], "rotation": 90, "texture": "#texture", "cullface": "south" },
        "south": { "uv": [ 0, 0, 1, 16 ], "texture": "#texture", "cullface": "south" },
        "west":  { "uv": [ 16, 0, 16, 16 ], "texture": "#texture", "cullface": "south" },
        "east":  { "uv": [ 0, 0, 0, 16 ], "texture": "#texture", "cullface": "south" }
    }
},
{
    "__comment": "Extrude*",
    "from": [ 1, 15, 16 ],
    "to": [ 2, 16, 17 ],
    "faces": {
        "down":  { "uv": [ 16, 2, 16, 1 ], "rotation": 90, "texture": "#texture", "cullface": "south" },
        "south": { "uv": [ 1, 0, 2, 1 ], "texture": "#texture", "cullface": "south" },
        "east":  { "uv": [ 0, 0, 0, 1 ], "texture": "#texture", "cullface": "south" }
    }
},
{
    "__comment": "Extrude*",
    "from": [ 1, 2, 16 ],
    "to": [ 2, 5, 17 ],
    "faces": {
        "down":  { "uv": [ 16, 2, 16, 1 ], "rotation": 90, "texture": "#texture", "cullface": "south" },
        "up":    { "uv": [ 0, 1, 0, 2 ], "rotation": 270, "texture": "#texture", "cullface": "south" },
        "south": { "uv": [ 1, 11, 2, 14 ], "texture": "#texture", "cullface": "south" },
        "east":  { "uv": [ 0, 11, 0, 14 ], "texture": "#texture", "cullface": "south" }
    }
},
{
    "__comment": "Extrude*",
    "from": [ 1, 0, 16 ],
    "to": [ 2, 1, 17 ],
    "faces": {
        "down":  { "uv": [ 16, 2, 16, 1 ], "rotation": 90, "texture": "#texture", "cullface": "south" },
        "up":    { "uv": [ 0, 1, 0, 2 ], "rotation": 270, "texture": "#texture", "cullface": "south" },
        "south": { "uv": [ 1, 15, 2, 16 ], "texture": "#texture", "cullface": "south" },
        "east":  { "uv": [ 0, 15, 0, 16 ], "texture": "#texture", "cullface": "south" }
    }
},
{
    "__comment": "Extrude*",
    "from": [ 3, 13, 16 ],
    "to": [ 4, 16, 17 ],
    "faces": {
        "down":  { "uv": [ 16, 4, 16, 3 ], "rotation": 90, "texture": "#texture", "cullface": "south" },
        "up":    { "uv": [ 0, 3, 0, 4 ], "rotation": 270, "texture": "#texture", "cullface": "south" },
        "south": { "uv": [ 3, 0, 4, 3 ], "texture": "#texture", "cullface": "south" },
        "west":  { "uv": [ 16, 0, 16, 3 ], "texture": "#texture", "cullface": "south" },
        "east":  { "uv": [ 0, 0, 0, 3 ], "texture": "#texture", "cullface": "south" }
    }
},
{
    "__comment": "Extrude*",
    "from": [ 4, 15, 16 ],
    "to": [ 5, 16, 17 ],
    "faces": {
        "down":  { "uv": [ 16, 5, 16, 4 ], "rotation": 90, "texture": "#texture", "cullface": "south" },
        "south": { "uv": [ 4, 0, 5, 1 ], "texture": "#texture", "cullface": "south" },
        "east":  { "uv": [ 0, 0, 0, 1 ], "texture": "#texture", "cullface": "south" }
    }
},
{
    "__comment": "Extrude*",
    "from": [ 4, 0, 16 ],
    "to": [ 5, 14, 17 ],
    "faces": {
        "down":  { "uv": [ 16, 5, 16, 4 ], "rotation": 90, "texture": "#texture", "cullface": "south" },
        "up":    { "uv": [ 0, 4, 0, 5 ], "rotation": 270, "texture": "#texture", "cullface": "south" },
        "south": { "uv": [ 4, 2, 5, 16 ], "texture": "#texture", "cullface": "south" },
        "west":  { "uv": [ 16, 2, 16, 16 ], "texture": "#texture", "cullface": "south" },
        "east":  { "uv": [ 0, 2, 0, 16 ], "texture": "#texture", "cullface": "south" }
    }
},
{
    "__comment": "Extrude*",
    "from": [ 5, 0, 16 ],
    "to": [ 6, 1, 17 ],
    "faces": {
        "down":  { "uv": [ 16, 6, 16, 5 ], "rotation": 90, "texture": "#texture", "cullface": "south" },
        "up":    { "uv": [ 0, 5, 0, 6 ], "rotation": 270, "texture": "#texture", "cullface": "south" },
        "south": { "uv": [ 5, 15, 6, 16 ], "texture": "#texture", "cullface": "south" },
        "east":  { "uv": [ 0, 15, 0, 16 ], "texture": "#texture", "cullface": "south" }
    }
},
{
    "__comment": "Extrude*",
    "from": [ 7, 15, 16 ],
    "to": [ 8, 16, 17 ],
    "faces": {
        "down":  { "uv": [ 16, 8, 16, 7 ], "rotation": 90, "texture": "#texture", "cullface": "south" },
        "south": { "uv": [ 7, 0, 8, 1 ], "texture": "#texture", "cullface": "south" },
        "west":  { "uv": [ 16, 0, 16, 1 ], "texture": "#texture", "cullface": "south" }
    }
},
{
    "__comment": "Extrude*",
    "from": [ 8, 5, 16 ],
    "to": [ 9, 16, 17 ],
    "faces": {
        "down":  { "uv": [ 16, 9, 16, 8 ], "rotation": 90, "texture": "#texture", "cullface": "south" },
        "up":    { "uv": [ 0, 8, 0, 9 ], "rotation": 270, "texture": "#texture", "cullface": "south" },
        "south": { "uv": [ 8, 0, 9, 11 ], "texture": "#texture", "cullface": "south" },
        "west":  { "uv": [ 16, 0, 16, 11 ], "texture": "#texture", "cullface": "south" },
        "east":  { "uv": [ 0, 0, 0, 11 ], "texture": "#texture", "cullface": "south" }
    }
},
{
    "__comment": "Extrude*",
    "from": [ 7, 0, 16 ],
    "to": [ 8, 6, 17 ],
    "faces": {
        "down":  { "uv": [ 16, 8, 16, 7 ], "rotation": 90, "texture": "#texture", "cullface": "south" },
        "up":    { "uv": [ 0, 7, 0, 8 ], "rotation": 270, "texture": "#texture", "cullface": "south" },
        "south": { "uv": [ 7, 10, 8, 16 ], "texture": "#texture", "cullface": "south" },
        "west":  { "uv": [ 16, 10, 16, 16 ], "texture": "#texture", "cullface": "south" },
        "east":  { "uv": [ 0, 10, 0, 16 ], "texture": "#texture", "cullface": "south" }
    }
},
{
    "__comment": "Extrude*",
    "from": [ 8, 0, 16 ],
    "to": [ 9, 2, 17 ],
    "faces": {
        "down":  { "uv": [ 16, 9, 16, 8 ], "rotation": 90, "texture": "#texture", "cullface": "south" },
        "up":    { "uv": [ 0, 8, 0, 9 ], "rotation": 270, "texture": "#texture", "cullface": "south" },
        "south": { "uv": [ 8, 14, 9, 16 ], "texture": "#texture", "cullface": "south" },
        "east":  { "uv": [ 0, 14, 0, 16 ], "texture": "#texture", "cullface": "south" }
    }
},
{
    "__comment": "Extrude*",
    "from": [ 10, 15, 16 ],
    "to": [ 11, 16, 17 ],
    "faces": {
        "down":  { "uv": [ 16, 11, 16, 10 ], "rotation": 90, "texture": "#texture", "cullface": "south" },
        "south": { "uv": [ 10, 0, 11, 1 ], "texture": "#texture", "cullface": "south" },
        "west":  { "uv": [ 16, 0, 16, 1 ], "texture": "#texture", "cullface": "south" }
    }
},
{
    "__comment": "Extrude*",
    "from": [ 11, 8, 16 ],
    "to": [ 12, 16, 17 ],
    "faces": {
        "down":  { "uv": [ 16, 12, 16, 11 ], "rotation": 90, "texture": "#texture", "cullface": "south" },
        "south": { "uv": [ 11, 0, 12, 8 ], "texture": "#texture", "cullface": "south" },
        "west":  { "uv": [ 16, 0, 16, 8 ], "texture": "#texture", "cullface": "south" },
        "east":  { "uv": [ 0, 0, 0, 8 ], "texture": "#texture", "cullface": "south" }
    }
},
{
    "__comment": "Extrude*",
    "from": [ 12, 1, 16 ],
    "to": [ 13, 8, 17 ],
    "faces": {
        "down":  { "uv": [ 16, 13, 16, 12 ], "rotation": 90, "texture": "#texture", "cullface": "south" },
        "up":    { "uv": [ 0, 12, 0, 13 ], "rotation": 270, "texture": "#texture", "cullface": "south" },
        "south": { "uv": [ 12, 8, 13, 15 ], "texture": "#texture", "cullface": "south" },
        "west":  { "uv": [ 16, 8, 16, 15 ], "texture": "#texture", "cullface": "south" },
        "east":  { "uv": [ 0, 8, 0, 15 ], "texture": "#texture", "cullface": "south" }
    }
},
{
    "__comment": "Extrude*",
    "from": [ 11, 0, 16 ],
    "to": [ 12, 2, 17 ],
    "faces": {
        "down":  { "uv": [ 16, 12, 16, 11 ], "rotation": 90, "texture": "#texture", "cullface": "south" },
        "up":    { "uv": [ 0, 11, 0, 12 ], "rotation": 270, "texture": "#texture", "cullface": "south" },
        "south": { "uv": [ 11, 14, 12, 16 ], "texture": "#texture", "cullface": "south" },
        "west":  { "uv": [ 16, 14, 16, 16 ], "texture": "#texture", "cullface": "south" },
        "east":  { "uv": [ 0, 14, 0, 16 ], "texture": "#texture", "cullface": "south" }
    }
},
{
    "__comment": "Extrude*",
    "from": [ 10, 0, 16 ],
    "to": [ 11, 1, 17 ],
    "faces": {
        "down":  { "uv": [ 16, 11, 16, 10 ], "rotation": 90, "texture": "#texture", "cullface": "south" },
        "up":    { "uv": [ 0, 10, 0, 11 ], "rotation": 270, "texture": "#texture", "cullface": "south" },
        "south": { "uv": [ 10, 15, 11, 16 ], "texture": "#texture", "cullface": "south" },
        "west":  { "uv": [ 16, 15, 16, 16 ], "texture": "#texture", "cullface": "south" }
    }
},
{
    "__comment": "Extrude*",
    "from": [ 14, 15, 16 ],
    "to": [ 15, 16, 17 ],
    "faces": {
        "down":  { "uv": [ 16, 15, 16, 14 ], "rotation": 90, "texture": "#texture", "cullface": "south" },
        "south": { "uv": [ 14, 0, 15, 1 ], "texture": "#texture", "cullface": "south" },
        "west":  { "uv": [ 16, 0, 16, 1 ], "texture": "#texture", "cullface": "south" }
    }
},
{
    "__comment": "Extrude*",
    "from": [ 14, 8, 16 ],
    "to": [ 15, 10, 17 ],
    "faces": {
        "down":  { "uv": [ 16, 15, 16, 14 ], "rotation": 90, "texture": "#texture", "cullface": "south" },
        "up":    { "uv": [ 0, 14, 0, 15 ], "rotation": 270, "texture": "#texture", "cullface": "south" },
        "south": { "uv": [ 14, 6, 15, 8 ], "texture": "#texture", "cullface": "south" },
        "west":  { "uv": [ 16, 6, 16, 8 ], "texture": "#texture", "cullface": "south" }
    }
},
{
    "__comment": "Extrude*",
    "from": [ 14, 0, 16 ],
    "to": [ 15, 1, 17 ],
    "faces": {
        "down":  { "uv": [ 16, 15, 16, 14 ], "rotation": 90, "texture": "#texture", "cullface": "south" },
        "up":    { "uv": [ 0, 14, 0, 15 ], "rotation": 270, "texture": "#texture", "cullface": "south" },
        "south": { "uv": [ 14, 15, 15, 16 ], "texture": "#texture", "cullface": "south" },
        "west":  { "uv": [ 16, 15, 16, 16 ], "texture": "#texture", "cullface": "south" }
    }
},
{
    "__comment": "Extrude*",
    "from": [ 15, 0, 16 ],
    "to": [ 16, 16, 17 ],
    "faces": {
        "down":  { "uv": [ 16, 16, 16, 15 ], "rotation": 90, "texture": "#texture", "cullface": "south" },
        "south": { "uv": [ 15, 0, 16, 16 ], "texture": "#texture", "cullface": "south" },
        "west":  { "uv": [ 16, 0, 16, 16 ], "texture": "#texture", "cullface": "south" },
        "east":  { "uv": [ 0, 0, 0, 16 ], "texture": "#texture", "cullface": "south" }
    }
},
{
    "__comment": "Extrude*",
    "from": [ 16, 0, 15 ],
    "to": [ 17, 16, 16 ],
    "faces": {
        "down":  { "uv": [ 16, 1, 16, 0 ], "rotation": 180, "texture": "#texture", "cullface": "east" },
        "north": { "uv": [ 0, 0, 0, 16 ], "texture": "#texture", "cullface": "east" },
        "south": { "uv": [ 16, 0, 16, 16 ], "texture": "#texture", "cullface": "east" },
        "east":  { "uv": [ 0, 0, 1, 16 ], "texture": "#texture", "cullface": "east" }
    }
},
{
    "__comment": "Extrude*",
    "from": [ 16, 15, 14 ],
    "to": [ 17, 16, 15 ],
    "faces": {
        "down":  { "uv": [ 16, 2, 16, 1 ], "rotation": 180, "texture": "#texture", "cullface": "east" },
        "north": { "uv": [ 0, 0, 0, 1 ], "texture": "#texture", "cullface": "east" },
        "east":  { "uv": [ 1, 0, 2, 1 ], "texture": "#texture", "cullface": "east" }
    }
},
{
    "__comment": "Extrude*",
    "from": [ 16, 2, 14 ],
    "to": [ 17, 5, 15 ],
    "faces": {
        "down":  { "uv": [ 16, 2, 16, 1 ], "rotation": 180, "texture": "#texture", "cullface": "east" },
        "up":    { "uv": [ 0, 1, 0, 2 ], "rotation": 180, "texture": "#texture", "cullface": "east" },
        "north": { "uv": [ 0, 11, 0, 14 ], "texture": "#texture", "cullface": "east" },
        "east":  { "uv": [ 1, 11, 2, 14 ], "texture": "#texture", "cullface": "east" }
    }
},
{
    "__comment": "Extrude*",
    "from": [ 16, 0, 14 ],
    "to": [ 17, 1, 15 ],
    "faces": {
        "down":  { "uv": [ 16, 2, 16, 1 ], "rotation": 180, "texture": "#texture", "cullface": "east" },
        "up":    { "uv": [ 0, 1, 0, 2 ], "rotation": 180, "texture": "#texture", "cullface": "east" },
        "north": { "uv": [ 0, 15, 0, 16 ], "texture": "#texture", "cullface": "east" },
        "east":  { "uv": [ 1, 15, 2, 16 ], "texture": "#texture", "cullface": "east" }
    }
},
{
    "__comment": "Extrude*",
    "from": [ 16, 13, 12 ],
    "to": [ 17, 16, 13 ],
    "faces": {
        "down":  { "uv": [ 16, 4, 16, 3 ], "rotation": 180, "texture": "#texture", "cullface": "east" },
        "up":    { "uv": [ 0, 3, 0, 4 ], "rotation": 180, "texture": "#texture", "cullface": "east" },
        "north": { "uv": [ 0, 0, 0, 3 ], "texture": "#texture", "cullface": "east" },
        "south": { "uv": [ 16, 0, 16, 3 ], "texture": "#texture", "cullface": "east" },
        "east":  { "uv": [ 3, 0, 4, 3 ], "texture": "#texture", "cullface": "east" }
    }
},
{
    "__comment": "Extrude*",
    "from": [ 16, 15, 11 ],
    "to": [ 17, 16, 12 ],
    "faces": {
        "down":  { "uv": [ 16, 5, 16, 4 ], "rotation": 180, "texture": "#texture", "cullface": "east" },
        "north": { "uv": [ 0, 0, 0, 1 ], "texture": "#texture", "cullface": "east" },
        "east":  { "uv": [ 4, 0, 5, 1 ], "texture": "#texture", "cullface": "east" }
    }
},
{
    "__comment": "Extrude*",
    "from": [ 16, 0, 11 ],
    "to": [ 17, 14, 12 ],
    "faces": {
        "down":  { "uv": [ 16, 5, 16, 4 ], "rotation": 180, "texture": "#texture", "cullface": "east" },
        "up":    { "uv": [ 0, 4, 0, 5 ], "rotation": 180, "texture": "#texture", "cullface": "east" },
        "north": { "uv": [ 0, 2, 0, 16 ], "texture": "#texture", "cullface": "east" },
        "south": { "uv": [ 16, 2, 16, 16 ], "texture": "#texture", "cullface": "east" },
        "east":  { "uv": [ 4, 2, 5, 16 ], "texture": "#texture", "cullface": "east" }
    }
},
{
    "__comment": "Extrude*",
    "from": [ 16, 0, 10 ],
    "to": [ 17, 1, 11 ],
    "faces": {
        "down":  { "uv": [ 16, 6, 16, 5 ], "rotation": 180, "texture": "#texture", "cullface": "east" },
        "up":    { "uv": [ 0, 5, 0, 6 ], "rotation": 180, "texture": "#texture", "cullface": "east" },
        "north": { "uv": [ 0, 15, 0, 16 ], "texture": "#texture", "cullface": "east" },
        "east":  { "uv": [ 5, 15, 6, 16 ], "texture": "#texture", "cullface": "east" }
    }
},
{
    "__comment": "Extrude*",
    "from": [ 16, 15, 8 ],
    "to": [ 17, 16, 9 ],
    "faces": {
        "down":  { "uv": [ 16, 8, 16, 7 ], "rotation": 180, "texture": "#texture", "cullface": "east" },
        "south": { "uv": [ 16, 0, 16, 1 ], "texture": "#texture", "cullface": "east" },
        "east":  { "uv": [ 7, 0, 8, 1 ], "texture": "#texture", "cullface": "east" }
    }
},
{
    "__comment": "Extrude*",
    "from": [ 16, 5, 7 ],
    "to": [ 17, 16, 8 ],
    "faces": {
        "down":  { "uv": [ 16, 9, 16, 8 ], "rotation": 180, "texture": "#texture", "cullface": "east" },
        "up":    { "uv": [ 0, 8, 0, 9 ], "rotation": 180, "texture": "#texture", "cullface": "east" },
        "north": { "uv": [ 0, 0, 0, 11 ], "texture": "#texture", "cullface": "east" },
        "south": { "uv": [ 16, 0, 16, 11 ], "texture": "#texture", "cullface": "east" },
        "east":  { "uv": [ 8, 0, 9, 11 ], "texture": "#texture", "cullface": "east" }
    }
},
{
    "__comment": "Extrude*",
    "from": [ 16, 0, 8 ],
    "to": [ 17, 6, 9 ],
    "faces": {
        "down":  { "uv": [ 16, 8, 16, 7 ], "rotation": 180, "texture": "#texture", "cullface": "east" },
        "up":    { "uv": [ 0, 7, 0, 8 ], "rotation": 180, "texture": "#texture", "cullface": "east" },
        "north": { "uv": [ 0, 10, 0, 16 ], "texture": "#texture", "cullface": "east" },
        "south": { "uv": [ 16, 10, 16, 16 ], "texture": "#texture", "cullface": "east" },
        "east":  { "uv": [ 7, 10, 8, 16 ], "texture": "#texture", "cullface": "east" }
    }
},
{
    "__comment": "Extrude*",
    "from": [ 16, 0, 7 ],
    "to": [ 17, 2, 8 ],
    "faces": {
        "down":  { "uv": [ 16, 9, 16, 8 ], "rotation": 180, "texture": "#texture", "cullface": "east" },
        "up":    { "uv": [ 0, 8, 0, 9 ], "rotation": 180, "texture": "#texture", "cullface": "east" },
        "north": { "uv": [ 0, 14, 0, 16 ], "texture": "#texture", "cullface": "east" },
        "east":  { "uv": [ 8, 14, 9, 16 ], "texture": "#texture", "cullface": "east" }
    }
},
{
    "__comment": "Extrude*",
    "from": [ 16, 15, 5 ],
    "to": [ 17, 16, 6 ],
    "faces": {
        "down":  { "uv": [ 16, 11, 16, 10 ], "rotation": 180, "texture": "#texture", "cullface": "east" },
        "south": { "uv": [ 16, 0, 16, 1 ], "texture": "#texture", "cullface": "east" },
        "east":  { "uv": [ 10, 0, 11, 1 ], "texture": "#texture", "cullface": "east" }
    }
},
{
    "__comment": "Extrude*",
    "from": [ 16, 8, 4 ],
    "to": [ 17, 16, 5 ],
    "faces": {
        "down":  { "uv": [ 16, 12, 16, 11 ], "rotation": 180, "texture": "#texture", "cullface": "east" },
        "north": { "uv": [ 0, 0, 0, 8 ], "texture": "#texture", "cullface": "east" },
        "south": { "uv": [ 16, 0, 16, 8 ], "texture": "#texture", "cullface": "east" },
        "east":  { "uv": [ 11, 0, 12, 8 ], "texture": "#texture", "cullface": "east" }
    }
},
{
    "__comment": "Extrude*",
    "from": [ 16, 1, 3 ],
    "to": [ 17, 8, 4 ],
    "faces": {
        "down":  { "uv": [ 16, 13, 16, 12 ], "rotation": 180, "texture": "#texture", "cullface": "east" },
        "up":    { "uv": [ 0, 12, 0, 13 ], "rotation": 180, "texture": "#texture", "cullface": "east" },
        "north": { "uv": [ 0, 8, 0, 15 ], "texture": "#texture", "cullface": "east" },
        "south": { "uv": [ 16, 8, 16, 15 ], "texture": "#texture", "cullface": "east" },
        "east":  { "uv": [ 12, 8, 13, 15 ], "texture": "#texture", "cullface": "east" }
    }
},
{
    "__comment": "Extrude*",
    "from": [ 16, 0, 4 ],
    "to": [ 17, 2, 5 ],
    "faces": {
        "down":  { "uv": [ 16, 12, 16, 11 ], "rotation": 180, "texture": "#texture", "cullface": "east" },
        "up":    { "uv": [ 0, 11, 0, 12 ], "rotation": 180, "texture": "#texture", "cullface": "east" },
        "north": { "uv": [ 0, 14, 0, 16 ], "texture": "#texture", "cullface": "east" },
        "south": { "uv": [ 16, 14, 16, 16 ], "texture": "#texture", "cullface": "east" },
        "east":  { "uv": [ 11, 14, 12, 16 ], "texture": "#texture", "cullface": "east" }
    }
},
{
    "__comment": "Extrude*",
    "from": [ 16, 0, 5 ],
    "to": [ 17, 1, 6 ],
    "faces": {
        "down":  { "uv": [ 16, 11, 16, 10 ], "rotation": 180, "texture": "#texture", "cullface": "east" },
        "up":    { "uv": [ 0, 10, 0, 11 ], "rotation": 180, "texture": "#texture", "cullface": "east" },
        "south": { "uv": [ 16, 15, 16, 16 ], "texture": "#texture", "cullface": "east" },
        "east":  { "uv": [ 10, 15, 11, 16 ], "texture": "#texture", "cullface": "east" }
    }
},
{
    "__comment": "Extrude*",
    "from": [ 16, 15, 1 ],
    "to": [ 17, 16, 2 ],
    "faces": {
        "down":  { "uv": [ 16, 15, 16, 14 ], "rotation": 180, "texture": "#texture", "cullface": "east" },
        "south": { "uv": [ 16, 0, 16, 1 ], "texture": "#texture", "cullface": "east" },
        "east":  { "uv": [ 14, 0, 15, 1 ], "texture": "#texture", "cullface": "east" }
    }
},
{
    "__comment": "Extrude*",
    "from": [ 16, 8, 1 ],
    "to": [ 17, 10, 2 ],
    "faces": {
        "down":  { "uv": [ 16, 15, 16, 14 ], "rotation": 180, "texture": "#texture", "cullface": "east" },
        "up":    { "uv": [ 0, 14, 0, 15 ], "rotation": 180, "texture": "#texture", "cullface": "east" },
        "south": { "uv": [ 16, 6, 16, 8 ], "texture": "#texture", "cullface": "east" },
        "east":  { "uv": [ 14, 6, 15, 8 ], "texture": "#texture", "cullface": "east" }
    }
},
{
    "__comment": "Extrude*",
    "from": [ 16, 0, 1 ],
    "to": [ 17, 1, 2 ],
    "faces": {
        "down":  { "uv": [ 16, 15, 16, 14 ], "rotation": 180, "texture": "#texture", "cullface": "east" },
        "up":    { "uv": [ 0, 14, 0, 15 ], "rotation": 180, "texture": "#texture", "cullface": "east" },
        "south": { "uv": [ 16, 15, 16, 16 ], "texture": "#texture", "cullface": "east" },
        "east":  { "uv": [ 14, 15, 15, 16 ], "texture": "#texture", "cullface": "east" }
    }
},
{
    "__comment": "Extrude*",
    "from": [ 16, 0, 0 ],
    "to": [ 17, 16, 1 ],
    "faces": {
        "down":  { "uv": [ 16, 16, 16, 15 ], "rotation": 180, "texture": "#texture", "cullface": "east" },
        "north": { "uv": [ 0, 0, 0, 16 ], "texture": "#texture", "cullface": "east" },
        "south": { "uv": [ 16, 0, 16, 16 ], "texture": "#texture", "cullface": "east" },
        "east":  { "uv": [ 15, 0, 16, 16 ], "texture": "#texture", "cullface": "east" }
    }
},
{
    "__comment": "Extrude*",
    "from": [ 15, 0, -1 ],
    "to": [ 16, 16, -1.11022e-016 ],
    "faces": {
        "down":  { "uv": [ 16, 1, 16, 0 ], "rotation": 270, "texture": "#texture", "cullface": "north" },
        "north": { "uv": [ 0, 0, 1, 16 ], "texture": "#texture", "cullface": "north" },
        "west":  { "uv": [ 0, 0, 0, 16 ], "texture": "#texture", "cullface": "north" },
        "east":  { "uv": [ 16, 0, 16, 16 ], "texture": "#texture", "cullface": "north" }
    }
},
{
    "__comment": "Extrude*",
    "from": [ 14, 15, -1 ],
    "to": [ 15, 16, -1.11022e-016 ],
    "faces": {
        "down":  { "uv": [ 16, 2, 16, 1 ], "rotation": 270, "texture": "#texture", "cullface": "north" },
        "north": { "uv": [ 1, 0, 2, 1 ], "texture": "#texture", "cullface": "north" },
        "west":  { "uv": [ 0, 0, 0, 1 ], "texture": "#texture", "cullface": "north" }
    }
},
{
    "__comment": "Extrude*",
    "from": [ 14, 2, -1 ],
    "to": [ 15, 5, -1.11022e-016 ],
    "faces": {
        "down":  { "uv": [ 16, 2, 16, 1 ], "rotation": 270, "texture": "#texture", "cullface": "north" },
        "up":    { "uv": [ 0, 1, 0, 2 ], "rotation": 90, "texture": "#texture", "cullface": "north" },
        "north": { "uv": [ 1, 11, 2, 14 ], "texture": "#texture", "cullface": "north" },
        "west":  { "uv": [ 0, 11, 0, 14 ], "texture": "#texture", "cullface": "north" }
    }
},
{
    "__comment": "Extrude*",
    "from": [ 14, 0, -1 ],
    "to": [ 15, 1, -1.11022e-016 ],
    "faces": {
        "down":  { "uv": [ 16, 2, 16, 1 ], "rotation": 270, "texture": "#texture", "cullface": "north" },
        "up":    { "uv": [ 0, 1, 0, 2 ], "rotation": 90, "texture": "#texture", "cullface": "north" },
        "north": { "uv": [ 1, 15, 2, 16 ], "texture": "#texture", "cullface": "north" },
        "west":  { "uv": [ 0, 15, 0, 16 ], "texture": "#texture", "cullface": "north" }
    }
},
{
    "__comment": "Extrude*",
    "from": [ 12, 13, -1 ],
    "to": [ 13, 16, -1.11022e-016 ],
    "faces": {
        "down":  { "uv": [ 16, 4, 16, 3 ], "rotation": 270, "texture": "#texture", "cullface": "north" },
        "north": { "uv": [ 3, 0, 4, 3 ], "texture": "#texture", "cullface": "north" },
        "west":  { "uv": [ 0, 0, 0, 3 ], "texture": "#texture", "cullface": "north" },
        "east":  { "uv": [ 16, 0, 16, 3 ], "texture": "#texture", "cullface": "north" }
    }
},
{
    "__comment": "Extrude*",
    "from": [ 11, 15, -1 ],
    "to": [ 12, 16, -1.11022e-016 ],
    "faces": {
        "down":  { "uv": [ 16, 5, 16, 4 ], "rotation": 270, "texture": "#texture", "cullface": "north" },
        "up":    { "uv": [ 0, 4, 0, 5 ], "rotation": 90, "texture": "#texture", "cullface": "north" },
        "north": { "uv": [ 4, 0, 5, 1 ], "texture": "#texture", "cullface": "north" },
        "west":  { "uv": [ 0, 0, 0, 1 ], "texture": "#texture", "cullface": "north" }
    }
},
{
    "__comment": "Extrude*",
    "from": [ 11, 0, -1 ],
    "to": [ 12, 14, -1.11022e-016 ],
    "faces": {
        "down":  { "uv": [ 16, 5, 16, 4 ], "rotation": 270, "texture": "#texture", "cullface": "north" },
        "up":    { "uv": [ 0, 4, 0, 5 ], "rotation": 90, "texture": "#texture", "cullface": "north" },
        "north": { "uv": [ 4, 2, 5, 16 ], "texture": "#texture", "cullface": "north" },
        "west":  { "uv": [ 0, 2, 0, 16 ], "texture": "#texture", "cullface": "north" },
        "east":  { "uv": [ 16, 2, 16, 16 ], "texture": "#texture", "cullface": "north" }
    }
},
{
    "__comment": "Extrude*",
    "from": [ 10, 0, -1 ],
    "to": [ 11, 1, -1.11022e-016 ],
    "faces": {
        "down":  { "uv": [ 16, 6, 16, 5 ], "rotation": 270, "texture": "#texture", "cullface": "north" },
        "up":    { "uv": [ 0, 5, 0, 6 ], "rotation": 90, "texture": "#texture", "cullface": "north" },
        "north": { "uv": [ 5, 15, 6, 16 ], "texture": "#texture", "cullface": "north" },
        "west":  { "uv": [ 0, 15, 0, 16 ], "texture": "#texture", "cullface": "north" }
    }
},
{
    "__comment": "Extrude*",
    "from": [ 8, 15, -1 ],
    "to": [ 9, 16, -1.11022e-016 ],
    "faces": {
        "down":  { "uv": [ 16, 8, 16, 7 ], "rotation": 270, "texture": "#texture", "cullface": "north" },
        "north": { "uv": [ 7, 0, 8, 1 ], "texture": "#texture", "cullface": "north" },
        "east":  { "uv": [ 16, 0, 16, 1 ], "texture": "#texture", "cullface": "north" }
    }
},
{
    "__comment": "Extrude*",
    "from": [ 7, 5, -1 ],
    "to": [ 8, 16, -1.11022e-016 ],
    "faces": {
        "down":  { "uv": [ 16, 9, 16, 8 ], "rotation": 270, "texture": "#texture", "cullface": "north" },
        "north": { "uv": [ 8, 0, 9, 11 ], "texture": "#texture", "cullface": "north" },
        "west":  { "uv": [ 0, 0, 0, 11 ], "texture": "#texture", "cullface": "north" },
        "east":  { "uv": [ 16, 0, 16, 11 ], "texture": "#texture", "cullface": "north" }
    }
},
{
    "__comment": "Extrude*",
    "from": [ 8, 0, -1 ],
    "to": [ 9, 6, -1.11022e-016 ],
    "faces": {
        "down":  { "uv": [ 16, 8, 16, 7 ], "rotation": 270, "texture": "#texture", "cullface": "north" },
        "up":    { "uv": [ 0, 7, 0, 8 ], "rotation": 90, "texture": "#texture", "cullface": "north" },
        "north": { "uv": [ 7, 10, 8, 16 ], "texture": "#texture", "cullface": "north" },
        "west":  { "uv": [ 0, 10, 0, 16 ], "texture": "#texture", "cullface": "north" },
        "east":  { "uv": [ 16, 10, 16, 16 ], "texture": "#texture", "cullface": "north" }
    }
},
{
    "__comment": "Extrude*",
    "from": [ 7, 0, -1 ],
    "to": [ 8, 2, -1.11022e-016 ],
    "faces": {
        "down":  { "uv": [ 16, 9, 16, 8 ], "rotation": 270, "texture": "#texture", "cullface": "north" },
        "up":    { "uv": [ 0, 8, 0, 9 ], "rotation": 90, "texture": "#texture", "cullface": "north" },
        "north": { "uv": [ 8, 14, 9, 16 ], "texture": "#texture", "cullface": "north" },
        "west":  { "uv": [ 0, 14, 0, 16 ], "texture": "#texture", "cullface": "north" }
    }
},
{
    "__comment": "Extrude*",
    "from": [ 5, 15, -1 ],
    "to": [ 6, 16, -1.11022e-016 ],
    "faces": {
        "down":  { "uv": [ 16, 11, 16, 10 ], "rotation": 270, "texture": "#texture", "cullface": "north" },
        "up":    { "uv": [ 0, 10, 0, 11 ], "rotation": 90, "texture": "#texture", "cullface": "north" },
        "north": { "uv": [ 10, 0, 11, 1 ], "texture": "#texture", "cullface": "north" },
        "east":  { "uv": [ 16, 0, 16, 1 ], "texture": "#texture", "cullface": "north" }
    }
},
{
    "__comment": "Extrude*",
    "from": [ 4, 8, -1 ],
    "to": [ 5, 16, -1.11022e-016 ],
    "faces": {
        "down":  { "uv": [ 16, 12, 16, 11 ], "rotation": 270, "texture": "#texture", "cullface": "north" },
        "north": { "uv": [ 11, 0, 12, 8 ], "texture": "#texture", "cullface": "north" },
        "west":  { "uv": [ 0, 0, 0, 8 ], "texture": "#texture", "cullface": "north" },
        "east":  { "uv": [ 16, 0, 16, 8 ], "texture": "#texture", "cullface": "north" }
    }
},
{
    "__comment": "Extrude*",
    "from": [ 3, 1, -1 ],
    "to": [ 4, 8, -1.11022e-016 ],
    "faces": {
        "down":  { "uv": [ 16, 13, 16, 12 ], "rotation": 270, "texture": "#texture", "cullface": "north" },
        "up":    { "uv": [ 0, 12, 0, 13 ], "rotation": 90, "texture": "#texture", "cullface": "north" },
        "north": { "uv": [ 12, 8, 13, 15 ], "texture": "#texture", "cullface": "north" },
        "west":  { "uv": [ 0, 8, 0, 15 ], "texture": "#texture", "cullface": "north" },
        "east":  { "uv": [ 16, 8, 16, 15 ], "texture": "#texture", "cullface": "north" }
    }
},
{
    "__comment": "Extrude*",
    "from": [ 4, 0, -1 ],
    "to": [ 5, 2, -1.11022e-016 ],
    "faces": {
        "down":  { "uv": [ 16, 12, 16, 11 ], "rotation": 270, "texture": "#texture", "cullface": "north" },
        "up":    { "uv": [ 0, 11, 0, 12 ], "rotation": 90, "texture": "#texture", "cullface": "north" },
        "north": { "uv": [ 11, 14, 12, 16 ], "texture": "#texture", "cullface": "north" },
        "west":  { "uv": [ 0, 14, 0, 16 ], "texture": "#texture", "cullface": "north" },
        "east":  { "uv": [ 16, 14, 16, 16 ], "texture": "#texture", "cullface": "north" }
    }
},
{
    "__comment": "Extrude*",
    "from": [ 5, 0, -1 ],
    "to": [ 6, 1, -1.11022e-016 ],
    "faces": {
        "down":  { "uv": [ 16, 11, 16, 10 ], "rotation": 270, "texture": "#texture", "cullface": "north" },
        "up":    { "uv": [ 0, 10, 0, 11 ], "rotation": 90, "texture": "#texture", "cullface": "north" },
        "north": { "uv": [ 10, 15, 11, 16 ], "texture": "#texture", "cullface": "north" },
        "east":  { "uv": [ 16, 15, 16, 16 ], "texture": "#texture", "cullface": "north" }
    }
},
{
    "__comment": "Extrude*",
    "from": [ 1, 15, -1 ],
    "to": [ 2, 16, -1.11022e-016 ],
    "faces": {
        "down":  { "uv": [ 16, 15, 16, 14 ], "rotation": 270, "texture": "#texture", "cullface": "north" },
        "north": { "uv": [ 14, 0, 15, 1 ], "texture": "#texture", "cullface": "north" },
        "east":  { "uv": [ 16, 0, 16, 1 ], "texture": "#texture", "cullface": "north" }
    }
},
{
    "__comment": "Extrude*",
    "from": [ 1, 8, -1 ],
    "to": [ 2, 10, -1.11022e-016 ],
    "faces": {
        "down":  { "uv": [ 16, 15, 16, 14 ], "rotation": 270, "texture": "#texture", "cullface": "north" },
        "up":    { "uv": [ 0, 14, 0, 15 ], "rotation": 90, "texture": "#texture", "cullface": "north" },
        "north": { "uv": [ 14, 6, 15, 8 ], "texture": "#texture", "cullface": "north" },
        "east":  { "uv": [ 16, 6, 16, 8 ], "texture": "#texture", "cullface": "north" }
    }
},
{
    "__comment": "Extrude*",
    "from": [ 1, 0, -1 ],
    "to": [ 2, 1, -1.11022e-016 ],
    "faces": {
        "down":  { "uv": [ 16, 15, 16, 14 ], "rotation": 270, "texture": "#texture", "cullface": "north" },
        "up":    { "uv": [ 0, 14, 0, 15 ], "rotation": 90, "texture": "#texture", "cullface": "north" },
        "north": { "uv": [ 14, 15, 15, 16 ], "texture": "#texture", "cullface": "north" },
        "east":  { "uv": [ 16, 15, 16, 16 ], "texture": "#texture", "cullface": "north" }
    }
},
{
    "__comment": "Extrude*",
    "from": [ 0, 0, -1 ],
    "to": [ 1, 16, -1.11022e-016 ],
    "faces": {
        "down":  { "uv": [ 16, 16, 16, 15 ], "rotation": 270, "texture": "#texture", "cullface": "north" },
        "north": { "uv": [ 15, 0, 16, 16 ], "texture": "#texture", "cullface": "north" },
        "west":  { "uv": [ 0, 0, 0, 16 ], "texture": "#texture", "cullface": "north" },
        "east":  { "uv": [ 16, 0, 16, 16 ], "texture": "#texture", "cullface": "north" }
    }
},
{
    "__comment": "Top",
    "from": [ 0, 16, -1 ],
    "to": [ 2, 17, 1 ],
    "faces": {
        "down":  { "uv": [ 16, 1, 14, 0 ], "texture": "#top", "cullface": "north" },
        "up":    { "uv": [ 0, 0, 2, 1 ], "texture": "#top", "cullface": "north" },
        "north": { "uv": [ 14, 0, 16, 0 ], "texture": "#top", "cullface": "north" },
        "south": { "uv": [ 0, 0, 2, 0 ], "texture": "#top", "cullface": "north" },
        "west":  { "uv": [ 0, 0, 1, 0 ], "texture": "#top", "cullface": "north" },
        "east":  { "uv": [ 15, 0, 16, 0 ], "texture": "#top", "cullface": "north" }
    }
},
{
    "__comment": "Top",
    "from": [ 4, 16, -1 ],
    "to": [ 5, 17, 1 ],
    "faces": {
        "down":  { "uv": [ 12, 1, 11, 0 ], "texture": "#top", "cullface": "north" },
        "up":    { "uv": [ 4, 0, 5, 1 ], "texture": "#top", "cullface": "north" },
        "north": { "uv": [ 11, 0, 12, 0 ], "texture": "#top", "cullface": "north" },
        "south": { "uv": [ 4, 0, 5, 0 ], "texture": "#top", "cullface": "north" },
        "west":  { "uv": [ 0, 0, 1, 0 ], "texture": "#top", "cullface": "north" },
        "east":  { "uv": [ 15, 0, 16, 0 ], "texture": "#top", "cullface": "north" }
    }
},
{
    "__comment": "Top",
    "from": [ 7, 16, -1 ],
    "to": [ 9, 17, 1 ],
    "faces": {
        "down":  { "uv": [ 9, 1, 7, 0 ], "texture": "#top", "cullface": "north" },
        "up":    { "uv": [ 7, 0, 9, 1 ], "texture": "#top", "cullface": "north" },
        "north": { "uv": [ 7, 0, 9, 0 ], "texture": "#top", "cullface": "north" },
        "south": { "uv": [ 7, 0, 9, 0 ], "texture": "#top", "cullface": "north" },
        "west":  { "uv": [ 0, 0, 1, 0 ], "texture": "#top", "cullface": "north" },
        "east":  { "uv": [ 15, 0, 16, 0 ], "texture": "#top", "cullface": "north" }
    }
},
{
    "__comment": "Top",
    "from": [ 12, 16, -1 ],
    "to": [ 13, 17, 1 ],
    "faces": {
        "down":  { "uv": [ 4, 1, 3, 0 ], "texture": "#top", "cullface": "north" },
        "up":    { "uv": [ 12, 0, 13, 1 ], "texture": "#top", "cullface": "north" },
        "north": { "uv": [ 3, 0, 4, 0 ], "texture": "#top", "cullface": "north" },
        "south": { "uv": [ 12, 0, 13, 0 ], "texture": "#top", "cullface": "north" },
        "west":  { "uv": [ 0, 0, 1, 0 ], "texture": "#top", "cullface": "north" },
        "east":  { "uv": [ 15, 0, 16, 0 ], "texture": "#top", "cullface": "north" }
    }
},
{
    "__comment": "Top",
    "from": [ 14, 16, -1 ],
    "to": [ 16, 17, 0 ],
    "faces": {
        "down":  { "uv": [ 2, 0, 0, 0 ], "texture": "#top", "cullface": "north" },
        "up":    { "uv": [ 14, 0, 16, 0 ], "texture": "#top", "cullface": "north" },
        "north": { "uv": [ 0, 0, 2, 0 ], "texture": "#top", "cullface": "north" },
        "west":  { "uv": [ 0, 0, 0, 0 ], "texture": "#top", "cullface": "north" },
        "east":  { "uv": [ 16, 0, 16, 0 ], "texture": "#top", "cullface": "north" }
    }
},
{
    "__comment": "Top",
    "from": [ 14, 16, 0 ],
    "to": [ 17, 17, 2 ],
    "faces": {
        "down":  { "uv": [ 2, 2, 0, 0 ], "texture": "#top", "cullface": "east" },
        "up":    { "uv": [ 14, 0, 16, 2 ], "texture": "#top", "cullface": "east" },
        "north": { "uv": [ 0, 0, 2, 0 ], "texture": "#top", "cullface": "east" },
        "south": { "uv": [ 14, 0, 16, 0 ], "texture": "#top", "cullface": "east" },
        "west":  { "uv": [ 0, 0, 2, 0 ], "texture": "#top", "cullface": "east" },
        "east":  { "uv": [ 14, 0, 16, 0 ], "texture": "#top", "cullface": "east" }
    }
},
{
    "__comment": "Top",
    "from": [ 15, 16, 4 ],
    "to": [ 17, 17, 6 ],
    "faces": {
        "down":  { "uv": [ 1, 6, 0, 4 ], "texture": "#top", "cullface": "east" },
        "up":    { "uv": [ 15, 4, 16, 6 ], "texture": "#top", "cullface": "east" },
        "north": { "uv": [ 0, 0, 1, 0 ], "texture": "#top", "cullface": "east" },
        "south": { "uv": [ 15, 0, 16, 0 ], "texture": "#top", "cullface": "east" },
        "west":  { "uv": [ 4, 0, 6, 0 ], "texture": "#top", "cullface": "east" },
        "east":  { "uv": [ 10, 0, 12, 0 ], "texture": "#top", "cullface": "east" }
    }
},
{
    "__comment": "Top",
    "from": [ 12, 16, 8 ],
    "to": [ 17, 17, 9 ],
    "faces": {
        "down":  { "uv": [ 4, 9, 0, 8 ], "texture": "#top", "cullface": "east" },
        "up":    { "uv": [ 12, 8, 16, 9 ], "texture": "#top", "cullface": "east" },
        "north": { "uv": [ 0, 0, 4, 0 ], "texture": "#top", "cullface": "east" },
        "south": { "uv": [ 12, 0, 16, 0 ], "texture": "#top", "cullface": "east" },
        "west":  { "uv": [ 8, 0, 9, 0 ], "texture": "#top", "cullface": "east" },
        "east":  { "uv": [ 7, 0, 8, 0 ], "texture": "#top", "cullface": "east" }
    }
},
{
    "__comment": "Top",
    "from": [ 15, 16, 11 ],
    "to": [ 17, 17, 12 ],
    "faces": {
        "down":  { "uv": [ 1, 12, 0, 11 ], "texture": "#top", "cullface": "east" },
        "up":    { "uv": [ 15, 11, 16, 12 ], "texture": "#top", "cullface": "east" },
        "north": { "uv": [ 0, 0, 1, 0 ], "texture": "#top", "cullface": "east" },
        "south": { "uv": [ 15, 0, 16, 0 ], "texture": "#top", "cullface": "east" },
        "west":  { "uv": [ 11, 0, 12, 0 ], "texture": "#top", "cullface": "east" },
        "east":  { "uv": [ 4, 0, 5, 0 ], "texture": "#top", "cullface": "east" }
    }
},
{
    "__comment": "Top",
    "from": [ 15, 16, 14 ],
    "to": [ 17, 17, 16 ],
    "faces": {
        "down":  { "uv": [ 1, 16, 0, 14 ], "texture": "#top", "cullface": "east" },
        "up":    { "uv": [ 15, 14, 16, 16 ], "texture": "#top", "cullface": "east" },
        "north": { "uv": [ 0, 0, 1, 0 ], "texture": "#top", "cullface": "east" },
        "south": { "uv": [ 15, 0, 16, 0 ], "texture": "#top", "cullface": "east" },
        "west":  { "uv": [ 14, 0, 16, 0 ], "texture": "#top", "cullface": "east" },
        "east":  { "uv": [ 0, 0, 2, 0 ], "texture": "#top", "cullface": "east" }
    }
},
{
    "__comment": "Top",
    "from": [ 14, 16, 16 ],
    "to": [ 16, 17, 17 ],
    "faces": {
        "down":  { "uv": [ 2, 16, 0, 16 ], "texture": "#top", "cullface": "south" },
        "up":    { "uv": [ 14, 16, 16, 16 ], "texture": "#top", "cullface": "south" },
        "north": { "uv": [ 0, 0, 2, 0 ], "texture": "#top", "cullface": "south" },
        "south": { "uv": [ 14, 0, 16, 0 ], "texture": "#top", "cullface": "south" },
        "west":  { "uv": [ 16, 0, 16, 0 ], "texture": "#top", "cullface": "south" },
        "east":  { "uv": [ 0, 0, 0, 0 ], "texture": "#top", "cullface": "south" }
    }
},
{
    "__comment": "Top",
    "from": [ 14, 16, 15 ],
    "to": [ 15, 17, 16 ],
    "faces": {
        "up":    { "uv": [ 14, 15, 15, 16 ], "texture": "#top", "cullface": "up" },
        "north": { "uv": [ 1, 0, 2, 0 ], "texture": "#top", "cullface": "up" },
        "west":  { "uv": [ 15, 0, 16, 0 ], "texture": "#top", "cullface": "up" }
    }
},
{
    "__comment": "Top",
    "from": [ 10, 16, 15 ],
    "to": [ 12, 17, 17 ],
    "faces": {
        "down":  { "uv": [ 6, 16, 4, 15 ], "texture": "#top", "cullface": "south" },
        "up":    { "uv": [ 10, 15, 12, 16 ], "texture": "#top", "cullface": "south" },
        "north": { "uv": [ 4, 0, 6, 0 ], "texture": "#top", "cullface": "south" },
        "south": { "uv": [ 10, 0, 12, 0 ], "texture": "#top", "cullface": "south" },
        "west":  { "uv": [ 15, 0, 16, 0 ], "texture": "#top", "cullface": "south" },
        "east":  { "uv": [ 0, 0, 1, 0 ], "texture": "#top", "cullface": "south" }
    }
},
{
    "__comment": "Top",
    "from": [ 7, 16, 10 ],
    "to": [ 8, 17, 17 ],
    "faces": {
        "down":  { "uv": [ 9, 16, 8, 10 ], "texture": "#top", "cullface": "south" },
        "up":    { "uv": [ 7, 10, 8, 16 ], "texture": "#top", "cullface": "south" },
        "south": { "uv": [ 7, 0, 8, 0 ], "texture": "#top", "cullface": "south" },
        "west":  { "uv": [ 10, 0, 16, 0 ], "texture": "#top", "cullface": "south" },
        "east":  { "uv": [ 0, 0, 6, 0 ], "texture": "#top", "cullface": "south" }
    }
},
{
    "__comment": "Top",
    "from": [ 6, 16, 15 ],
    "to": [ 7, 17, 16 ],
    "faces": {
        "up":    { "uv": [ 6, 15, 7, 16 ], "texture": "#top", "cullface": "up" },
        "north": { "uv": [ 9, 0, 10, 0 ], "texture": "#top", "cullface": "up" },
        "south": { "uv": [ 6, 0, 7, 0 ], "texture": "#top", "cullface": "up" },
        "west":  { "uv": [ 15, 0, 16, 0 ], "texture": "#top", "cullface": "up" }
    }
},
{
    "__comment": "Top",
    "from": [ 4, 16, 13 ],
    "to": [ 5, 17, 17 ],
    "faces": {
        "down":  { "uv": [ 12, 16, 11, 13 ], "texture": "#top", "cullface": "south" },
        "up":    { "uv": [ 4, 13, 5, 16 ], "texture": "#top", "cullface": "south" },
        "north": { "uv": [ 11, 0, 12, 0 ], "texture": "#top", "cullface": "south" },
        "south": { "uv": [ 4, 0, 5, 0 ], "texture": "#top", "cullface": "south" },
        "west":  { "uv": [ 13, 0, 16, 0 ], "texture": "#top", "cullface": "south" },
        "east":  { "uv": [ 0, 0, 3, 0 ], "texture": "#top", "cullface": "south" }
    }
},
{
    "__comment": "Top",
    "from": [ 2, 16, 15 ],
    "to": [ 3, 17, 16 ],
    "faces": {
        "up":    { "uv": [ 2, 15, 3, 16 ], "texture": "#top", "cullface": "up" },
        "north": { "uv": [ 13, 0, 14, 0 ], "texture": "#top", "cullface": "up" },
        "south": { "uv": [ 2, 0, 3, 0 ], "texture": "#top", "cullface": "up" },
        "east":  { "uv": [ 0, 0, 1, 0 ], "texture": "#top", "cullface": "up" }
    }
},
{
    "__comment": "Top",
    "from": [ 0, 16, 15 ],
    "to": [ 2, 17, 17 ],
    "faces": {
        "down":  { "uv": [ 16, 16, 14, 15 ], "texture": "#top", "cullface": "south" },
        "up":    { "uv": [ 0, 15, 2, 16 ], "texture": "#top", "cullface": "south" },
        "north": { "uv": [ 14, 0, 16, 0 ], "texture": "#top", "cullface": "south" },
        "south": { "uv": [ 0, 0, 2, 0 ], "texture": "#top", "cullface": "south" },
        "west":  { "uv": [ 15, 0, 16, 0 ], "texture": "#top", "cullface": "south" },
        "east":  { "uv": [ 0, 0, 1, 0 ], "texture": "#top", "cullface": "south" }
    }
},
{
    "__comment": "Top",
    "from": [ -1, 16, 14 ],
    "to": [ 0, 17, 16 ],
    "faces": {
        "down":  { "uv": [ 16, 16, 16, 14 ], "texture": "#top", "cullface": "west" },
        "up":    { "uv": [ 0, 14, 0, 16 ], "texture": "#top", "cullface": "west" },
        "north": { "uv": [ 16, 0, 16, 0 ], "texture": "#top", "cullface": "west" },
        "south": { "uv": [ 0, 0, 0, 0 ], "texture": "#top", "cullface": "west" },
        "west":  { "uv": [ 14, 0, 16, 0 ], "texture": "#top", "cullface": "west" },
        "east":  { "uv": [ 0, 0, 2, 0 ], "texture": "#top", "cullface": "west" }
    }
},
{
    "__comment": "Top",
    "from": [ 0, 16, 14 ],
    "to": [ 1, 17, 15 ],
    "faces": {
        "up":    { "uv": [ 0, 14, 1, 15 ], "texture": "#top", "cullface": "up" },
        "north": { "uv": [ 15, 0, 16, 0 ], "texture": "#top", "cullface": "up" },
        "east":  { "uv": [ 1, 0, 2, 0 ], "texture": "#top", "cullface": "up" }
    }
},
{
    "__comment": "Top",
    "from": [ -1, 16, 10 ],
    "to": [ 1, 17, 12 ],
    "faces": {
        "down":  { "uv": [ 16, 12, 15, 10 ], "texture": "#top", "cullface": "west" },
        "up":    { "uv": [ 0, 10, 1, 12 ], "texture": "#top", "cullface": "west" },
        "north": { "uv": [ 15, 0, 16, 0 ], "texture": "#top", "cullface": "west" },
        "south": { "uv": [ 0, 0, 1, 0 ], "texture": "#top", "cullface": "west" },
        "west":  { "uv": [ 10, 0, 12, 0 ], "texture": "#top", "cullface": "west" },
        "east":  { "uv": [ 4, 0, 6, 0 ], "texture": "#top", "cullface": "west" }
    }
},
{
    "__comment": "Top",
    "from": [ 1, 16, 11 ],
    "to": [ 2, 17, 12 ],
    "faces": {
        "up":    { "uv": [ 1, 11, 2, 12 ], "texture": "#top", "cullface": "up" },
        "north": { "uv": [ 14, 0, 15, 0 ], "texture": "#top", "cullface": "up" },
        "south": { "uv": [ 1, 0, 2, 0 ], "texture": "#top", "cullface": "up" },
        "east":  { "uv": [ 4, 0, 5, 0 ], "texture": "#top", "cullface": "up" }
    }
},
{
    "__comment": "Top",
    "from": [ -1, 16, 7 ],
    "to": [ 1, 17, 8 ],
    "faces": {
        "down":  { "uv": [ 16, 8, 15, 7 ], "texture": "#top", "cullface": "west" },
        "up":    { "uv": [ 0, 7, 1, 8 ], "texture": "#top", "cullface": "west" },
        "north": { "uv": [ 15, 0, 16, 0 ], "texture": "#top", "cullface": "west" },
        "south": { "uv": [ 0, 0, 1, 0 ], "texture": "#top", "cullface": "west" },
        "west":  { "uv": [ 7, 0, 8, 0 ], "texture": "#top", "cullface": "west" },
        "east":  { "uv": [ 8, 0, 9, 0 ], "texture": "#top", "cullface": "west" }
    }
},
{
    "__comment": "Top",
    "from": [ -1, 16, 5 ],
    "to": [ 4, 17, 6 ],
    "faces": {
        "down":  { "uv": [ 16, 6, 12, 5 ], "texture": "#top", "cullface": "west" },
        "up":    { "uv": [ 0, 5, 4, 6 ], "texture": "#top", "cullface": "west" },
        "north": { "uv": [ 12, 0, 16, 0 ], "texture": "#top", "cullface": "west" },
        "south": { "uv": [ 0, 0, 4, 0 ], "texture": "#top", "cullface": "west" },
        "west":  { "uv": [ 5, 0, 6, 0 ], "texture": "#top", "cullface": "west" },
        "east":  { "uv": [ 10, 0, 11, 0 ], "texture": "#top", "cullface": "west" }
    }
},
{
    "__comment": "Top",
    "from": [ -1, 16, 4 ],
    "to": [ 1, 17, 5 ],
    "faces": {
        "down":  { "uv": [ 16, 5, 15, 4 ], "texture": "#top", "cullface": "west" },
        "up":    { "uv": [ 0, 4, 1, 5 ], "texture": "#top", "cullface": "west" },
        "north": { "uv": [ 15, 0, 16, 0 ], "texture": "#top", "cullface": "west" },
        "west":  { "uv": [ 4, 0, 5, 0 ], "texture": "#top", "cullface": "west" },
        "east":  { "uv": [ 11, 0, 12, 0 ], "texture": "#top", "cullface": "west" }
    }
},
{
    "__comment": "Top",
    "from": [ -1, 16, 1 ],
    "to": [ 1, 17, 2 ],
    "faces": {
        "down":  { "uv": [ 16, 2, 15, 1 ], "texture": "#top", "cullface": "west" },
        "up":    { "uv": [ 0, 1, 1, 2 ], "texture": "#top", "cullface": "west" },
        "north": { "uv": [ 15, 0, 16, 0 ], "texture": "#top", "cullface": "west" },
        "south": { "uv": [ 0, 0, 1, 0 ], "texture": "#top", "cullface": "west" },
        "west":  { "uv": [ 1, 0, 2, 0 ], "texture": "#top", "cullface": "west" },
        "east":  { "uv": [ 14, 0, 15, 0 ], "texture": "#top", "cullface": "west" }
    }
},
{
    "__comment": "Top",
    "from": [ -1, 16, 0 ],
    "to": [ 0, 17, 1 ],
    "faces": {
        "up":    { "uv": [ 0, 0, 0, 1 ], "texture": "#top", "cullface": "west" },
        "north": { "uv": [ 16, 0, 16, 0 ], "texture": "#top", "cullface": "west" },
        "west":  { "uv": [ 0, 0, 1, 0 ], "texture": "#top", "cullface": "west" }
    }
},
{
    "__comment": "Top",
    "from": [ 2, 16, 1 ],
    "to": [ 3, 17, 2 ],
    "faces": {
        "up":    { "uv": [ 2, 1, 3, 2 ], "texture": "#top", "cullface": "up" },
        "north": { "uv": [ 13, 0, 14, 0 ], "texture": "#top", "cullface": "up" },
        "south": { "uv": [ 2, 0, 3, 0 ], "texture": "#top", "cullface": "up" },
        "west":  { "uv": [ 1, 0, 2, 0 ], "texture": "#top", "cullface": "up" },
        "east":  { "uv": [ 14, 0, 15, 0 ], "texture": "#top", "cullface": "up" }
    }
},
{
    "__comment": "Top",
    "from": [ 3, 16, 2 ],
    "to": [ 4, 17, 3 ],
    "faces": {
        "up":    { "uv": [ 3, 2, 4, 3 ], "texture": "#top", "cullface": "up" },
        "north": { "uv": [ 12, 0, 13, 0 ], "texture": "#top", "cullface": "up" },
        "south": { "uv": [ 3, 0, 4, 0 ], "texture": "#top", "cullface": "up" },
        "west":  { "uv": [ 2, 0, 3, 0 ], "texture": "#top", "cullface": "up" },
        "east":  { "uv": [ 13, 0, 14, 0 ], "texture": "#top", "cullface": "up" }
    }
},
{
    "__comment": "Top",
    "from": [ 4, 16, 3 ],
    "to": [ 5, 17, 4 ],
    "faces": {
        "up":    { "uv": [ 4, 3, 5, 4 ], "texture": "#top", "cullface": "up" },
        "north": { "uv": [ 11, 0, 12, 0 ], "texture": "#top", "cullface": "up" },
        "south": { "uv": [ 4, 0, 5, 0 ], "texture": "#top", "cullface": "up" },
        "west":  { "uv": [ 3, 0, 4, 0 ], "texture": "#top", "cullface": "up" },
        "east":  { "uv": [ 12, 0, 13, 0 ], "texture": "#top", "cullface": "up" }
    }
},
{
    "__comment": "Top",
    "from": [ 6, 16, 1 ],
    "to": [ 7, 17, 5 ],
    "faces": {
        "up":    { "uv": [ 6, 1, 7, 5 ], "texture": "#top", "cullface": "up" },
        "north": { "uv": [ 9, 0, 10, 0 ], "texture": "#top", "cullface": "up" },
        "west":  { "uv": [ 1, 0, 5, 0 ], "texture": "#top", "cullface": "up" },
        "east":  { "uv": [ 11, 0, 15, 0 ], "texture": "#top", "cullface": "up" }
    }
},
{
    "__comment": "Top",
    "from": [ 9, 16, 1 ],
    "to": [ 10, 17, 4 ],
    "faces": {
        "up":    { "uv": [ 9, 1, 10, 4 ], "texture": "#top", "cullface": "up" },
        "north": { "uv": [ 6, 0, 7, 0 ], "texture": "#top", "cullface": "up" },
        "south": { "uv": [ 9, 0, 10, 0 ], "texture": "#top", "cullface": "up" },
        "west":  { "uv": [ 1, 0, 4, 0 ], "texture": "#top", "cullface": "up" },
        "east":  { "uv": [ 12, 0, 15, 0 ], "texture": "#top", "cullface": "up" }
    }
},
{
    "__comment": "Top",
    "from": [ 13, 16, 2 ],
    "to": [ 14, 17, 3 ],
    "faces": {
        "up":    { "uv": [ 13, 2, 14, 3 ], "texture": "#top", "cullface": "up" },
        "north": { "uv": [ 2, 0, 3, 0 ], "texture": "#top", "cullface": "up" },
        "south": { "uv": [ 13, 0, 14, 0 ], "texture": "#top", "cullface": "up" },
        "west":  { "uv": [ 2, 0, 3, 0 ], "texture": "#top", "cullface": "up" },
        "east":  { "uv": [ 13, 0, 14, 0 ], "texture": "#top", "cullface": "up" }
    }
},
{
    "__comment": "Top",
    "from": [ 12, 16, 3 ],
    "to": [ 13, 17, 4 ],
    "faces": {
        "up":    { "uv": [ 12, 3, 13, 4 ], "texture": "#top", "cullface": "up" },
        "north": { "uv": [ 3, 0, 4, 0 ], "texture": "#top", "cullface": "up" },
        "south": { "uv": [ 12, 0, 13, 0 ], "texture": "#top", "cullface": "up" },
        "west":  { "uv": [ 3, 0, 4, 0 ], "texture": "#top", "cullface": "up" },
        "east":  { "uv": [ 12, 0, 13, 0 ], "texture": "#top", "cullface": "up" }
    }
},
{
    "__comment": "Top",
    "from": [ 11, 16, 4 ],
    "to": [ 12, 17, 5 ],
    "faces": {
        "up":    { "uv": [ 11, 4, 12, 5 ], "texture": "#top", "cullface": "up" },
        "north": { "uv": [ 4, 0, 5, 0 ], "texture": "#top", "cullface": "up" },
        "south": { "uv": [ 11, 0, 12, 0 ], "texture": "#top", "cullface": "up" },
        "west":  { "uv": [ 4, 0, 5, 0 ], "texture": "#top", "cullface": "up" },
        "east":  { "uv": [ 11, 0, 12, 0 ], "texture": "#top", "cullface": "up" }
    }
},
{
    "__comment": "Top",
    "from": [ 10, 16, 5 ],
    "to": [ 11, 17, 6 ],
    "faces": {
        "up":    { "uv": [ 10, 5, 11, 6 ], "texture": "#top", "cullface": "up" },
        "north": { "uv": [ 5, 0, 6, 0 ], "texture": "#top", "cullface": "up" },
        "south": { "uv": [ 10, 0, 11, 0 ], "texture": "#top", "cullface": "up" },
        "west":  { "uv": [ 5, 0, 6, 0 ], "texture": "#top", "cullface": "up" },
        "east":  { "uv": [ 10, 0, 11, 0 ], "texture": "#top", "cullface": "up" }
    }
},
{
    "__comment": "Top",
    "from": [ 9, 16, 6 ],
    "to": [ 10, 17, 7 ],
    "faces": {
        "up":    { "uv": [ 9, 6, 10, 7 ], "texture": "#top", "cullface": "up" },
        "north": { "uv": [ 6, 0, 7, 0 ], "texture": "#top", "cullface": "up" },
        "east":  { "uv": [ 9, 0, 10, 0 ], "texture": "#top", "cullface": "up" }
    }
},
{
    "__comment": "Top",
    "from": [ 5, 16, 5 ],
    "to": [ 6, 17, 6 ],
    "faces": {
        "up":    { "uv": [ 5, 5, 6, 6 ], "texture": "#top", "cullface": "up" },
        "north": { "uv": [ 10, 0, 11, 0 ], "texture": "#top", "cullface": "up" },
        "west":  { "uv": [ 5, 0, 6, 0 ], "texture": "#top", "cullface": "up" }
    }
},
{
    "__comment": "Top",
    "from": [ 4, 16, 6 ],
    "to": [ 5, 17, 7 ],
    "faces": {
        "up":    { "uv": [ 4, 6, 5, 7 ], "texture": "#top", "cullface": "up" },
        "north": { "uv": [ 11, 0, 12, 0 ], "texture": "#top", "cullface": "up" },
        "south": { "uv": [ 4, 0, 5, 0 ], "texture": "#top", "cullface": "up" },
        "west":  { "uv": [ 6, 0, 7, 0 ], "texture": "#top", "cullface": "up" }
    }
},
{
    "__comment": "Top",
    "from": [ 13, 16, 5 ],
    "to": [ 15, 17, 6 ],
    "faces": {
        "up":    { "uv": [ 13, 5, 15, 6 ], "texture": "#top", "cullface": "up" },
        "north": { "uv": [ 1, 0, 3, 0 ], "texture": "#top", "cullface": "up" },
        "south": { "uv": [ 13, 0, 15, 0 ], "texture": "#top", "cullface": "up" },
        "west":  { "uv": [ 5, 0, 6, 0 ], "texture": "#top", "cullface": "up" }
    }
},
{
    "__comment": "Top",
    "from": [ 12, 16, 6 ],
    "to": [ 13, 17, 7 ],
    "faces": {
        "up":    { "uv": [ 12, 6, 13, 7 ], "texture": "#top", "cullface": "up" },
        "north": { "uv": [ 3, 0, 4, 0 ], "texture": "#top", "cullface": "up" },
        "south": { "uv": [ 12, 0, 13, 0 ], "texture": "#top", "cullface": "up" },
        "west":  { "uv": [ 6, 0, 7, 0 ], "texture": "#top", "cullface": "up" },
        "east":  { "uv": [ 9, 0, 10, 0 ], "texture": "#top", "cullface": "up" }
    }
},
{
    "__comment": "Top",
    "from": [ 10, 16, 7 ],
    "to": [ 12, 17, 8 ],
    "faces": {
        "up":    { "uv": [ 10, 7, 12, 8 ], "texture": "#top", "cullface": "up" },
        "north": { "uv": [ 4, 0, 6, 0 ], "texture": "#top", "cullface": "up" },
        "south": { "uv": [ 10, 0, 12, 0 ], "texture": "#top", "cullface": "up" },
        "east":  { "uv": [ 8, 0, 9, 0 ], "texture": "#top", "cullface": "up" }
    }
},
{
    "__comment": "Top",
    "from": [ 1, 16, 8 ],
    "to": [ 6, 17, 9 ],
    "faces": {
        "up":    { "uv": [ 1, 8, 6, 9 ], "texture": "#top", "cullface": "up" },
        "north": { "uv": [ 10, 0, 15, 0 ], "texture": "#top", "cullface": "up" },
        "south": { "uv": [ 1, 0, 6, 0 ], "texture": "#top", "cullface": "up" },
        "west":  { "uv": [ 8, 0, 9, 0 ], "texture": "#top", "cullface": "up" }
    }
},
{
    "__comment": "Top",
    "from": [ 6, 16, 9 ],
    "to": [ 7, 17, 10 ],
    "faces": {
        "up":    { "uv": [ 6, 9, 7, 10 ], "texture": "#top", "cullface": "up" },
        "south": { "uv": [ 6, 0, 7, 0 ], "texture": "#top", "cullface": "up" },
        "west":  { "uv": [ 9, 0, 10, 0 ], "texture": "#top", "cullface": "up" }
    }
},
{
    "__comment": "Top",
    "from": [ 8, 16, 9 ],
    "to": [ 9, 17, 10 ],
    "faces": {
        "up":    { "uv": [ 8, 9, 9, 10 ], "texture": "#top", "cullface": "up" },
        "south": { "uv": [ 8, 0, 9, 0 ], "texture": "#top", "cullface": "up" }
    }
},
{
    "__comment": "Top",
    "from": [ 9, 16, 8 ],
    "to": [ 10, 17, 11 ],
    "faces": {
        "up":    { "uv": [ 9, 8, 10, 11 ], "texture": "#top", "cullface": "up" },
        "south": { "uv": [ 9, 0, 10, 0 ], "texture": "#top", "cullface": "up" },
        "west":  { "uv": [ 8, 0, 11, 0 ], "texture": "#top", "cullface": "up" },
        "east":  { "uv": [ 5, 0, 8, 0 ], "texture": "#top", "cullface": "up" }
    }
},
{
    "__comment": "Top",
    "from": [ 11, 16, 9 ],
    "to": [ 12, 17, 10 ],
    "faces": {
        "up":    { "uv": [ 11, 9, 12, 10 ], "texture": "#top", "cullface": "up" },
        "north": { "uv": [ 4, 0, 5, 0 ], "texture": "#top", "cullface": "up" },
        "south": { "uv": [ 11, 0, 12, 0 ], "texture": "#top", "cullface": "up" },
        "west":  { "uv": [ 9, 0, 10, 0 ], "texture": "#top", "cullface": "up" },
        "east":  { "uv": [ 6, 0, 7, 0 ], "texture": "#top", "cullface": "up" }
    }
},
{
    "__comment": "Top",
    "from": [ 12, 16, 10 ],
    "to": [ 13, 17, 12 ],
    "faces": {
        "up":    { "uv": [ 12, 10, 13, 12 ], "texture": "#top", "cullface": "up" },
        "north": { "uv": [ 3, 0, 4, 0 ], "texture": "#top", "cullface": "up" },
        "south": { "uv": [ 12, 0, 13, 0 ], "texture": "#top", "cullface": "up" },
        "west":  { "uv": [ 10, 0, 12, 0 ], "texture": "#top", "cullface": "up" },
        "east":  { "uv": [ 4, 0, 6, 0 ], "texture": "#top", "cullface": "up" }
    }
},
{
    "__comment": "Top",
    "from": [ 13, 16, 12 ],
    "to": [ 14, 17, 13 ],
    "faces": {
        "up":    { "uv": [ 13, 12, 14, 13 ], "texture": "#top", "cullface": "up" },
        "north": { "uv": [ 2, 0, 3, 0 ], "texture": "#top", "cullface": "up" },
        "south": { "uv": [ 13, 0, 14, 0 ], "texture": "#top", "cullface": "up" },
        "west":  { "uv": [ 12, 0, 13, 0 ], "texture": "#top", "cullface": "up" },
        "east":  { "uv": [ 3, 0, 4, 0 ], "texture": "#top", "cullface": "up" }
    }
},
{
    "__comment": "Top",
    "from": [ 14, 16, 13 ],
    "to": [ 15, 17, 14 ],
    "faces": {
        "up":    { "uv": [ 14, 13, 15, 14 ], "texture": "#top", "cullface": "up" },
        "north": { "uv": [ 1, 0, 2, 0 ], "texture": "#top", "cullface": "up" },
        "south": { "uv": [ 14, 0, 15, 0 ], "texture": "#top", "cullface": "up" },
        "west":  { "uv": [ 13, 0, 14, 0 ], "texture": "#top", "cullface": "up" },
        "east":  { "uv": [ 2, 0, 3, 0 ], "texture": "#top", "cullface": "up" }
    }
},
{
    "__comment": "Top",
    "from": [ 3, 16, 10 ],
    "to": [ 6, 17, 11 ],
    "faces": {
        "up":    { "uv": [ 3, 10, 6, 11 ], "texture": "#top", "cullface": "up" },
        "north": { "uv": [ 10, 0, 13, 0 ], "texture": "#top", "cullface": "up" },
        "south": { "uv": [ 3, 0, 6, 0 ], "texture": "#top", "cullface": "up" },
        "west":  { "uv": [ 10, 0, 11, 0 ], "texture": "#top", "cullface": "up" },
        "east":  { "uv": [ 5, 0, 6, 0 ], "texture": "#top", "cullface": "up" }
    }
},
{
    "__comment": "Top",
    "from": [ 5, 16, 11 ],
    "to": [ 6, 17, 13 ],
    "faces": {
        "up":    { "uv": [ 5, 11, 6, 13 ], "texture": "#top", "cullface": "up" },
        "south": { "uv": [ 5, 0, 6, 0 ], "texture": "#top", "cullface": "up" },
        "west":  { "uv": [ 11, 0, 13, 0 ], "texture": "#top", "cullface": "up" },
        "east":  { "uv": [ 3, 0, 5, 0 ], "texture": "#top", "cullface": "up" }
    }
},
{
    "__comment": "Top",
    "from": [ 10, 16, 12 ],
    "to": [ 11, 17, 13 ],
    "faces": {
        "up":    { "uv": [ 10, 12, 11, 13 ], "texture": "#top", "cullface": "up" },
        "north": { "uv": [ 5, 0, 6, 0 ], "texture": "#top", "cullface": "up" },
        "south": { "uv": [ 10, 0, 11, 0 ], "texture": "#top", "cullface": "up" },
        "west":  { "uv": [ 12, 0, 13, 0 ], "texture": "#top", "cullface": "up" },
        "east":  { "uv": [ 3, 0, 4, 0 ], "texture": "#top", "cullface": "up" }
    }
},
{
    "__comment": "Top",
    "from": [ 11, 16, 13 ],
    "to": [ 12, 17, 15 ],
    "faces": {
        "up":    { "uv": [ 11, 13, 12, 15 ], "texture": "#top", "cullface": "up" },
        "north": { "uv": [ 4, 0, 5, 0 ], "texture": "#top", "cullface": "up" },
        "west":  { "uv": [ 13, 0, 15, 0 ], "texture": "#top", "cullface": "up" },
        "east":  { "uv": [ 1, 0, 3, 0 ], "texture": "#top", "cullface": "up" }
    }
},
{
    "__comment": "Top",
    "from": [ 6, 16, 6 ],
    "to": [ 9, 19, 9 ],
    "faces": {
        "up":    { "uv": [ 6, 6, 9, 9 ], "texture": "#top", "cullface": "up" },
        "north": { "uv": [ 6, 5.5, 8, 6 ], "texture": "#top", "cullface": "up" },
        "south": { "uv": [ 6, 5.5, 8, 6 ], "texture": "#top", "cullface": "up" },
        "west":  { "uv": [ 6, 5.5, 8, 6 ], "texture": "#top", "cullface": "up" },
        "east":  { "uv": [ 6, 5.5, 8, 6 ], "texture": "#top", "cullface": "up" }
    }
},
{
    "__comment": "Top",
    "from": [ 6, 16, 5 ],
    "to": [ 8, 19, 6 ],
    "faces": {
        "up":    { "uv": [ 6, 5, 8, 6 ], "texture": "#top", "cullface": "up" },
        "north": { "uv": [ 6, 5, 8, 5.5 ], "texture": "#top", "cullface": "up" },
        "west":  { "uv": [ 5, 7, 6, 7.5 ], "texture": "#top", "cullface": "up" },
        "east":  { "uv": [ 6, 5, 7, 5.5 ], "texture": "#top", "cullface": "up" }
    }
},
{
    "__comment": "Top",
    "from": [ 5, 16, 6 ],
    "to": [ 6, 19, 8 ],
    "faces": {
        "up":    { "uv": [ 5, 6, 6, 8 ], "texture": "#top", "cullface": "up" },
        "north": { "uv": [ 9, 7, 10, 7.5 ], "texture": "#top", "cullface": "up" },
        "south": { "uv": [ 5, 6, 6, 6.5 ], "texture": "#top", "cullface": "up" },
        "west":  { "uv": [ 6, 5, 8, 5.5 ], "texture": "#top", "cullface": "up" }
    }
},
{
    "__comment": "Top",
    "from": [ 9, 16, 7 ],
    "to": [ 10, 19, 8 ],
    "faces": {
        "up":    { "uv": [ 9, 7, 10, 8 ], "texture": "#top", "cullface": "up" },
        "north": { "uv": [ 5, 7, 6, 7.5 ], "texture": "#top", "cullface": "up" },
        "south": { "uv": [ 6.5, 5, 7.5, 5.5 ], "texture": "#top", "cullface": "up" },
        "east":  { "uv": [ 6.5, 5, 7.5, 5.5 ], "texture": "#top", "cullface": "up" }
    }
},
{
    "__comment": "Top",
    "from": [ 7, 16, 9 ],
    "to": [ 8, 19, 10 ],
    "faces": {
        "up":    { "uv": [ 7, 9, 8, 10 ], "texture": "#top", "cullface": "up" },
        "south": { "uv": [ 7, 5.5, 8, 6 ], "texture": "#top", "cullface": "up" },
        "west":  { "uv": [ 9, 7, 10, 7.5 ], "texture": "#top", "cullface": "up" },
        "east":  { "uv": [ 6, 5, 7, 5.5 ], "texture": "#top", "cullface": "up" }
    }
},
{
    "__comment": "Inner Cube",
    "from": [ 0, 0, 0 ],
    "to": [ 16, 16, 16 ],
    "faces": {
        "down":  { "uv": [ 16, 16, 0, 0 ], "texture": "#bottom", "cullface": "down" },
        "up":    { "uv": [ 0, 0, 16, 16 ], "texture": "#texture", "cullface": "up" },
        "north": { "uv": [ 0, 0, 16, 16 ], "texture": "#texture", "cullface": "north" },
        "south": { "uv": [ 0, 0, 16, 16 ], "texture": "#texture", "cullface": "south" },
        "west":  { "uv": [ 0, 0, 16, 16 ], "texture": "#texture", "cullface": "west" },
        "east":  { "uv": [ 0, 0, 16, 16 ], "texture": "#texture", "cullface": "east" }
    }
}
],
"display": {
    "thirdperson_righthand": {
        "rotation": [ 75, 45, 0 ],
        "translation": [ 0, 2.5, 0 ],
        "scale": [ 0.375, 0.375, 0.375 ]
    },
    "thirdperson_lefthand": {
        "rotation": [ 75, 45, 0 ],
        "translation": [ 0, 2.5, 0 ],
        "scale": [ 0.375, 0.375, 0.375 ]
    },
    "ground": {
        "rotation": [ 0, 0, 0 ],
        "translation": [ 0, 3, 0 ],
        "scale": [ 0.25, 0.25, 0.25 ]
    },
    "fixed": {
        "rotation": [ 0, 0, 0 ],
        "translation": [ 0, 0, 0 ],
        "scale": [ 0.5, 0.5, 0.5 ]
    },
    "firstperson_righthand": {
        "rotation": [ 0, 45, 0 ],
        "translation": [ 0, 0, 0 ],
        "scale": [ 0.4, 0.4, 0.4 ]
    },
    "firstperson_lefthand": {
        "rotation": [ 0, 225, 0 ],
        "translation": [ 0, 0, 0 ],
        "scale": [ 0.4, 0.4, 0.4 ]
    },
    "gui": {
        "rotation": [ 30, 225, 0 ],
        "translation": [ 0, 0, 0 ],
        "scale": [ 0.625, 0.625, 0.625 ]
    }
}
}