{
"ambientocclusion": false,
"textures": {
    "particle": "blocks/mushroom_red",
    "all": "blocks/mushroom_red"
},
"elements": [ 
{
    "from": [ 7, 0, 7 ],
    "to": [ 9, 1, 9 ],
    "faces": {
        "down":  { "uv": [ 7, 16, 9, 16 ], "texture": "#all" },
        "up":    { "uv": [ 7, 16, 9, 16 ], "texture": "#all" },
        "north": { "uv": [ 7, 16, 9, 16 ], "texture": "#all" },
        "south": { "uv": [ 7, 16, 9, 16 ], "texture": "#all" },
        "west":  { "uv": [ 7, 16, 9, 16 ], "texture": "#all" },
        "east":  { "uv": [ 7, 16, 9, 16 ], "texture": "#all" }
    }
},
{
    "from": [ 5, 1, 5 ],
    "to": [ 11, 2, 11 ],
    "faces": {
        "down":  { "uv": [ 6, 13, 9, 15 ], "texture": "#all" },
        "up":    { "uv": [ 6, 13, 9, 15 ], "texture": "#all" },
        "north": { "uv": [ 5, 15, 11, 15 ], "texture": "#all" },
        "south": { "uv": [ 5, 15, 11, 15 ], "texture": "#all" },
        "west":  { "uv": [ 5, 15, 11, 15 ], "texture": "#all" },
        "east":  { "uv": [ 5, 15, 11, 15 ], "texture": "#all" }
    }
},
{
    "from": [ 4.5, 2, 4.5 ],
    "to": [ 11.5, 3, 11.5 ],
    "faces": {
        "down":  { "uv": [ 6, 13, 9, 15 ], "texture": "#all" },
        "up":    { "uv": [ 6, 13, 9, 15 ], "texture": "#all" },
        "north": { "uv": [ 4, 14, 11, 14 ], "texture": "#all" },
        "south": { "uv": [ 4, 14, 11, 14 ], "texture": "#all" },
        "west":  { "uv": [ 4, 14, 11, 14 ], "texture": "#all" },
        "east":  { "uv": [ 4, 14, 11, 14 ], "texture": "#all" }
    }
},
{
    "from": [ 4.5, 3, 4.5 ],
    "to": [ 11.5, 4, 11.5 ],
    "faces": {
        "down":  { "uv": [ 10, 15, 6, 13 ], "texture": "#all" },
        "up":    { "uv": [ 10, 15, 6, 13 ], "texture": "#all" },
        "north": { "uv": [ 5, 13, 11, 13 ], "texture": "#all" },
        "south": { "uv": [ 5, 13, 11, 13 ], "texture": "#all" },
        "west":  { "uv": [ 5, 13, 11, 13 ], "texture": "#all" },
        "east":  { "uv": [ 5, 13, 11, 13 ], "texture": "#all" }
    }
},
{
    "from": [ 5, 4, 5 ],
    "to": [ 11, 5, 11 ],
    "faces": {
        "down":  { "uv": [ 5, 12, 9, 15 ], "texture": "#all" },
        "up":    { "uv": [ 5, 12, 9, 15 ], "texture": "#all" },
        "north": { "uv": [ 5, 12, 11, 12 ], "texture": "#all" },
        "south": { "uv": [ 5, 12, 11, 12 ], "texture": "#all" },
        "west":  { "uv": [ 5, 12, 11, 12 ], "texture": "#all" },
        "east":  { "uv": [ 5, 12, 11, 12 ], "texture": "#all" }
    }
},
{
    "from": [ 6, 5, 6 ],
    "to": [ 10, 6, 10 ],
    "faces": {
        "down":  { "uv": [ 6, 11, 9, 14 ], "texture": "#all" },
        "up":    { "uv": [ 6, 11, 9, 14 ], "texture": "#all" },
        "north": { "uv": [ 6, 10, 9, 11 ], "texture": "#all" },
        "south": { "uv": [ 6, 10, 9, 11 ], "texture": "#all" },
        "west":  { "uv": [ 6, 10, 9, 11 ], "texture": "#all" },
        "east":  { "uv": [ 6, 10, 9, 11 ], "texture": "#all" }
    }
}
],
"display": {
    "thirdperson_righthand": {
        "rotation": [ 0, -90, 0 ],
        "translation": [ 0, 4, 2 ],
        "scale": [ 0.85, 0.85, 0.85 ]
    },
    "thirdperson_lefthand": {
        "rotation": [ 0, 90, 0 ],
        "translation": [ 0, 4, 2 ],
        "scale": [ 0.85, 0.85, 0.85 ]
    },
    "ground": {
        "rotation": [ 0, 0, 0 ],
        "translation": [ 0, 2, 0 ],
        "scale": [ 0.5, 0.5, 0.5 ]
    },
    "fixed": {
        "rotation": [ 0, 0, 0 ],
        "translation": [ 0, 0, 0 ],
        "scale": [ 0.5, 0.5, 0.5 ]
    },
    "firstperson_righthand": {
        "rotation": [ 0, -90, 25 ],
        "translation": [ 1.2, 3.2, 1.13 ],
        "scale": [ 0.68, 0.68, 0.68 ]
    },
    "firstperson_lefthand": {
        "rotation": [ 0, 90, -25 ],
        "translation": [ 0.2, 3.2, 1.12 ],
        "scale": [ 0.68, 0.68, 0.68 ]
    },
    "gui": {
        "rotation": [ 30, 225, 0 ],
        "translation": [ 0, 0, 0 ],
        "scale": [ 0.75, 0.75, 0.75 ]
    }
}
}