{
"ambientocclusion": false,
"textures": {
    "particle": "blocks/sapling_spruce",
    "down": "blocks/sapling_spruce",
    "up": "blocks/sapling_spruce",
    "north": "blocks/sapling_spruce",
    "south": "blocks/sapling_spruce",
    "west": "blocks/sapling_spruce",
    "east": "blocks/sapling_spruce"
},
"elements": [ 
{
    "from": [ 12, 6, 12 ],
    "to": [ 13, 9, 13 ],
    "faces": {
        "down":  { "uv": [ 12, 9, 13, 10 ], "texture": "#down" },
        "up":    { "uv": [ 12, 7, 13, 8 ], "texture": "#up" },
        "north": { "uv": [ 12, 7, 13, 10 ], "texture": "#north" },
        "south": { "uv": [ 12, 7, 13, 10 ], "texture": "#south" },
        "west":  { "uv": [ 12, 7, 13, 10 ], "texture": "#west" },
        "east":  { "uv": [ 12, 7, 13, 10 ], "texture": "#east" }
    }
},
{
    "from": [ 11, 3, 11 ],
    "to": [ 12, 4, 12 ],
    "faces": {
        "down":  { "uv": [ 11, 12, 12, 13 ], "texture": "#down" },
        "up":    { "uv": [ 11, 12, 12, 13 ], "texture": "#up" },
        "north": { "uv": [ 11, 12, 12, 13 ], "texture": "#north" },
        "south": { "uv": [ 11, 12, 12, 13 ], "texture": "#south" },
        "west":  { "uv": [ 11, 12, 12, 13 ], "texture": "#west" },
        "east":  { "uv": [ 11, 12, 12, 13 ], "texture": "#east" }
    }
},
{
    "from": [ 11, 6, 11 ],
    "to": [ 12, 8, 12 ],
    "faces": {
        "down":  { "uv": [ 11, 9, 12, 10 ], "texture": "#down" },
        "up":    { "uv": [ 11, 8, 12, 9 ], "texture": "#up" },
        "north": { "uv": [ 11, 8, 12, 10 ], "texture": "#north" },
        "south": { "uv": [ 11, 8, 12, 10 ], "texture": "#south" },
        "west":  { "uv": [ 11, 8, 12, 10 ], "texture": "#west" },
        "east":  { "uv": [ 11, 8, 12, 10 ], "texture": "#east" }
    }
},
{
    "from": [ 11, 10, 11 ],
    "to": [ 12, 11, 12 ],
    "faces": {
        "down":  { "uv": [ 11, 5, 12, 6 ], "texture": "#down" },
        "up":    { "uv": [ 11, 5, 12, 6 ], "texture": "#up" },
        "north": { "uv": [ 11, 5, 12, 6 ], "texture": "#north" },
        "south": { "uv": [ 11, 5, 12, 6 ], "texture": "#south" },
        "west":  { "uv": [ 11, 5, 12, 6 ], "texture": "#west" },
        "east":  { "uv": [ 11, 5, 12, 6 ], "texture": "#east" }
    }
},
{
    "from": [ 10, 3, 10 ],
    "to": [ 11, 8, 11 ],
    "faces": {
        "down":  { "uv": [ 10, 12, 11, 13 ], "texture": "#down" },
        "up":    { "uv": [ 10, 8, 11, 9 ], "texture": "#up" },
        "north": { "uv": [ 10, 8, 11, 13 ], "texture": "#north" },
        "south": { "uv": [ 10, 8, 11, 13 ], "texture": "#south" },
        "west":  { "uv": [ 10, 8, 11, 13 ], "texture": "#west" },
        "east":  { "uv": [ 10, 8, 11, 13 ], "texture": "#east" }
    }
},
{
    "from": [ 10, 9, 10 ],
    "to": [ 11, 11, 11 ],
    "faces": {
        "down":  { "uv": [ 10, 6, 11, 7 ], "texture": "#down" },
        "up":    { "uv": [ 10, 5, 11, 6 ], "texture": "#up" },
        "north": { "uv": [ 10, 5, 11, 7 ], "texture": "#north" },
        "south": { "uv": [ 10, 5, 11, 7 ], "texture": "#south" },
        "west":  { "uv": [ 10, 5, 11, 7 ], "texture": "#west" },
        "east":  { "uv": [ 10, 5, 11, 7 ], "texture": "#east" }
    }
},
{
    "from": [ 9, 1, 9 ],
    "to": [ 10, 10, 10 ],
    "faces": {
        "down":  { "uv": [ 9, 14, 10, 15 ], "texture": "#down" },
        "up":    { "uv": [ 9, 6, 10, 7 ], "texture": "#up" },
        "north": { "uv": [ 9, 6, 10, 15 ], "texture": "#north" },
        "south": { "uv": [ 9, 6, 10, 15 ], "texture": "#south" },
        "west":  { "uv": [ 9, 6, 10, 15 ], "texture": "#west" },
        "east":  { "uv": [ 9, 6, 10, 15 ], "texture": "#east" }
    }
},
{
    "from": [ 9, 12, 9 ],
    "to": [ 10, 13, 10 ],
    "faces": {
        "down":  { "uv": [ 9, 3, 10, 4 ], "texture": "#down" },
        "up":    { "uv": [ 9, 3, 10, 4 ], "texture": "#up" },
        "north": { "uv": [ 9, 3, 10, 4 ], "texture": "#north" },
        "south": { "uv": [ 9, 3, 10, 4 ], "texture": "#south" },
        "west":  { "uv": [ 9, 3, 10, 4 ], "texture": "#west" },
        "east":  { "uv": [ 9, 3, 10, 4 ], "texture": "#east" }
    }
},
{
    "from": [ 8, 0, 8 ],
    "to": [ 9, 14, 9 ],
    "faces": {
        "down":  { "uv": [ 8, 15, 9, 16 ], "texture": "#down" },
        "up":    { "uv": [ 8, 2, 9, 3 ], "texture": "#up" },
        "south": { "uv": [ 8, 2, 9, 16 ], "texture": "#south" },
        "east":  { "uv": [ 8, 2, 9, 16 ], "texture": "#east" }
    }
},
{
    "from": [ 7, 0, 7 ],
    "to": [ 8, 14, 8 ],
    "faces": {
        "down":  { "uv": [ 7, 15, 8, 16 ], "texture": "#down" },
        "up":    { "uv": [ 7, 2, 8, 3 ], "texture": "#up" },
        "north": { "uv": [ 7, 2, 8, 16 ], "texture": "#north" },
        "west":  { "uv": [ 7, 2, 8, 16 ], "texture": "#west" }
    }
},
{
    "from": [ 6, 1, 6 ],
    "to": [ 7, 11, 7 ],
    "faces": {
        "down":  { "uv": [ 6, 14, 7, 15 ], "texture": "#down" },
        "up":    { "uv": [ 6, 5, 7, 6 ], "texture": "#up" },
        "north": { "uv": [ 6, 5, 7, 15 ], "texture": "#north" },
        "south": { "uv": [ 6, 5, 7, 15 ], "texture": "#south" },
        "west":  { "uv": [ 6, 5, 7, 15 ], "texture": "#west" },
        "east":  { "uv": [ 6, 5, 7, 15 ], "texture": "#east" }
    }
},
{
    "from": [ 6, 12, 6 ],
    "to": [ 7, 13, 7 ],
    "faces": {
        "down":  { "uv": [ 6, 3, 7, 4 ], "texture": "#down" },
        "up":    { "uv": [ 6, 3, 7, 4 ], "texture": "#up" },
        "north": { "uv": [ 6, 3, 7, 4 ], "texture": "#north" },
        "south": { "uv": [ 6, 3, 7, 4 ], "texture": "#south" },
        "west":  { "uv": [ 6, 3, 7, 4 ], "texture": "#west" },
        "east":  { "uv": [ 6, 3, 7, 4 ], "texture": "#east" }
    }
},
{
    "from": [ 5, 3, 5 ],
    "to": [ 6, 8, 6 ],
    "faces": {
        "down":  { "uv": [ 5, 12, 6, 13 ], "texture": "#down" },
        "up":    { "uv": [ 5, 8, 6, 9 ], "texture": "#up" },
        "north": { "uv": [ 5, 8, 6, 13 ], "texture": "#north" },
        "south": { "uv": [ 5, 8, 6, 13 ], "texture": "#south" },
        "west":  { "uv": [ 5, 8, 6, 13 ], "texture": "#west" },
        "east":  { "uv": [ 5, 8, 6, 13 ], "texture": "#east" }
    }
},
{
    "from": [ 5, 9, 5 ],
    "to": [ 6, 10, 6 ],
    "faces": {
        "down":  { "uv": [ 5, 6, 6, 7 ], "texture": "#down" },
        "up":    { "uv": [ 5, 6, 6, 7 ], "texture": "#up" },
        "north": { "uv": [ 5, 6, 6, 7 ], "texture": "#north" },
        "south": { "uv": [ 5, 6, 6, 7 ], "texture": "#south" },
        "west":  { "uv": [ 5, 6, 6, 7 ], "texture": "#west" },
        "east":  { "uv": [ 5, 6, 6, 7 ], "texture": "#east" }
    }
},
{
    "from": [ 4, 5, 4 ],
    "to": [ 5, 11, 5 ],
    "faces": {
        "down":  { "uv": [ 4, 10, 5, 11 ], "texture": "#down" },
        "up":    { "uv": [ 4, 5, 5, 6 ], "texture": "#up" },
        "north": { "uv": [ 4, 5, 5, 11 ], "texture": "#north" },
        "south": { "uv": [ 4, 5, 5, 11 ], "texture": "#south" },
        "west":  { "uv": [ 4, 5, 5, 11 ], "texture": "#west" },
        "east":  { "uv": [ 4, 5, 5, 11 ], "texture": "#east" }
    }
},
{
    "from": [ 3, 5, 3 ],
    "to": [ 4, 6, 4 ],
    "faces": {
        "down":  { "uv": [ 3, 10, 4, 11 ], "texture": "#down" },
        "up":    { "uv": [ 3, 10, 4, 11 ], "texture": "#up" },
        "north": { "uv": [ 3, 10, 4, 11 ], "texture": "#north" },
        "south": { "uv": [ 3, 10, 4, 11 ], "texture": "#south" },
        "west":  { "uv": [ 3, 10, 4, 11 ], "texture": "#west" },
        "east":  { "uv": [ 3, 10, 4, 11 ], "texture": "#east" }
    }
},
{
    "from": [ 3, 7, 3 ],
    "to": [ 4, 11, 4 ],
    "faces": {
        "down":  { "uv": [ 3, 8, 4, 9 ], "texture": "#down" },
        "up":    { "uv": [ 3, 5, 4, 6 ], "texture": "#up" },
        "north": { "uv": [ 3, 5, 4, 9 ], "texture": "#north" },
        "south": { "uv": [ 3, 5, 4, 9 ], "texture": "#south" },
        "west":  { "uv": [ 3, 5, 4, 9 ], "texture": "#west" },
        "east":  { "uv": [ 3, 5, 4, 9 ], "texture": "#east" }
    }
},
{
    "from": [ 2, 7, 2 ],
    "to": [ 3, 10, 3 ],
    "faces": {
        "down":  { "uv": [ 2, 8, 3, 9 ], "texture": "#down" },
        "up":    { "uv": [ 2, 6, 3, 7 ], "texture": "#up" },
        "north": { "uv": [ 2, 6, 3, 9 ], "texture": "#north" },
        "south": { "uv": [ 2, 6, 3, 9 ], "texture": "#south" },
        "west":  { "uv": [ 2, 6, 3, 9 ], "texture": "#west" },
        "east":  { "uv": [ 2, 6, 3, 9 ], "texture": "#east" }
    }
},
{
    "from": [ 1, 8, 1 ],
    "to": [ 2, 9, 2 ],
    "faces": {
        "down":  { "uv": [ 1, 7, 2, 8 ], "texture": "#down" },
        "up":    { "uv": [ 1, 7, 2, 8 ], "texture": "#up" },
        "north": { "uv": [ 1, 7, 2, 8 ], "texture": "#north" },
        "south": { "uv": [ 1, 7, 2, 8 ], "texture": "#south" },
        "west":  { "uv": [ 1, 7, 2, 8 ], "texture": "#west" },
        "east":  { "uv": [ 1, 7, 2, 8 ], "texture": "#east" }
    }
},
{
    "from": [ 3, 6, 12 ],
    "to": [ 4, 9, 13 ],
    "faces": {
        "down":  { "uv": [ 12, 9, 13, 10 ], "texture": "#down" },
        "up":    { "uv": [ 12, 7, 13, 8 ], "texture": "#up" },
        "north": { "uv": [ 12, 7, 13, 10 ], "texture": "#north" },
        "south": { "uv": [ 12, 7, 13, 10 ], "texture": "#south" },
        "west":  { "uv": [ 12, 7, 13, 10 ], "texture": "#west" },
        "east":  { "uv": [ 12, 7, 13, 10 ], "texture": "#east" }
    }
},
{
    "from": [ 4, 3, 11 ],
    "to": [ 5, 4, 12 ],
    "faces": {
        "down":  { "uv": [ 11, 12, 12, 13 ], "texture": "#down" },
        "up":    { "uv": [ 11, 12, 12, 13 ], "texture": "#up" },
        "north": { "uv": [ 11, 12, 12, 13 ], "texture": "#north" },
        "south": { "uv": [ 11, 12, 12, 13 ], "texture": "#south" },
        "west":  { "uv": [ 11, 12, 12, 13 ], "texture": "#west" },
        "east":  { "uv": [ 11, 12, 12, 13 ], "texture": "#east" }
    }
},
{
    "from": [ 4, 6, 11 ],
    "to": [ 5, 8, 12 ],
    "faces": {
        "down":  { "uv": [ 11, 9, 12, 10 ], "texture": "#down" },
        "up":    { "uv": [ 11, 8, 12, 9 ], "texture": "#up" },
        "north": { "uv": [ 11, 8, 12, 10 ], "texture": "#north" },
        "south": { "uv": [ 11, 8, 12, 10 ], "texture": "#south" },
        "west":  { "uv": [ 11, 8, 12, 10 ], "texture": "#west" },
        "east":  { "uv": [ 11, 8, 12, 10 ], "texture": "#east" }
    }
},
{
    "from": [ 4, 10, 11 ],
    "to": [ 5, 11, 12 ],
    "faces": {
        "down":  { "uv": [ 11, 5, 12, 6 ], "texture": "#down" },
        "up":    { "uv": [ 11, 5, 12, 6 ], "texture": "#up" },
        "north": { "uv": [ 11, 5, 12, 6 ], "texture": "#north" },
        "south": { "uv": [ 11, 5, 12, 6 ], "texture": "#south" },
        "west":  { "uv": [ 11, 5, 12, 6 ], "texture": "#west" },
        "east":  { "uv": [ 11, 5, 12, 6 ], "texture": "#east" }
    }
},
{
    "from": [ 5, 3, 10 ],
    "to": [ 6, 8, 11 ],
    "faces": {
        "down":  { "uv": [ 10, 12, 11, 13 ], "texture": "#down" },
        "up":    { "uv": [ 10, 8, 11, 9 ], "texture": "#up" },
        "north": { "uv": [ 10, 8, 11, 13 ], "texture": "#north" },
        "south": { "uv": [ 10, 8, 11, 13 ], "texture": "#south" },
        "west":  { "uv": [ 10, 8, 11, 13 ], "texture": "#west" },
        "east":  { "uv": [ 10, 8, 11, 13 ], "texture": "#east" }
    }
},
{
    "from": [ 5, 9, 10 ],
    "to": [ 6, 11, 11 ],
    "faces": {
        "down":  { "uv": [ 10, 6, 11, 7 ], "texture": "#down" },
        "up":    { "uv": [ 10, 5, 11, 6 ], "texture": "#up" },
        "north": { "uv": [ 10, 5, 11, 7 ], "texture": "#north" },
        "south": { "uv": [ 10, 5, 11, 7 ], "texture": "#south" },
        "west":  { "uv": [ 10, 5, 11, 7 ], "texture": "#west" },
        "east":  { "uv": [ 10, 5, 11, 7 ], "texture": "#east" }
    }
},
{
    "from": [ 6, 1, 9 ],
    "to": [ 7, 10, 10 ],
    "faces": {
        "down":  { "uv": [ 9, 14, 10, 15 ], "texture": "#down" },
        "up":    { "uv": [ 9, 6, 10, 7 ], "texture": "#up" },
        "north": { "uv": [ 9, 6, 10, 15 ], "texture": "#north" },
        "south": { "uv": [ 9, 6, 10, 15 ], "texture": "#south" },
        "west":  { "uv": [ 9, 6, 10, 15 ], "texture": "#west" },
        "east":  { "uv": [ 9, 6, 10, 15 ], "texture": "#east" }
    }
},
{
    "from": [ 6, 12, 9 ],
    "to": [ 7, 13, 10 ],
    "faces": {
        "down":  { "uv": [ 9, 3, 10, 4 ], "texture": "#down" },
        "up":    { "uv": [ 9, 3, 10, 4 ], "texture": "#up" },
        "north": { "uv": [ 9, 3, 10, 4 ], "texture": "#north" },
        "south": { "uv": [ 9, 3, 10, 4 ], "texture": "#south" },
        "west":  { "uv": [ 9, 3, 10, 4 ], "texture": "#west" },
        "east":  { "uv": [ 9, 3, 10, 4 ], "texture": "#east" }
    }
},
{
    "from": [ 7, 0, 8 ],
    "to": [ 8, 14, 9 ],
    "faces": {
        "down":  { "uv": [ 8, 15, 9, 16 ], "texture": "#down" },
        "up":    { "uv": [ 8, 2, 9, 3 ], "texture": "#up" },
        "south": { "uv": [ 8, 2, 9, 16 ], "texture": "#south" },
        "west":  { "uv": [ 8, 2, 9, 16 ], "texture": "#west" }
    }
},
{
    "from": [ 8, 0, 7 ],
    "to": [ 9, 14, 8 ],
    "faces": {
        "down":  { "uv": [ 7, 15, 8, 16 ], "texture": "#down" },
        "up":    { "uv": [ 7, 2, 8, 3 ], "texture": "#up" },
        "north": { "uv": [ 7, 2, 8, 16 ], "texture": "#north" },
        "east":  { "uv": [ 7, 2, 8, 16 ], "texture": "#east" }
    }
},
{
    "from": [ 9, 1, 6 ],
    "to": [ 10, 11, 7 ],
    "faces": {
        "down":  { "uv": [ 6, 14, 7, 15 ], "texture": "#down" },
        "up":    { "uv": [ 6, 5, 7, 6 ], "texture": "#up" },
        "north": { "uv": [ 6, 5, 7, 15 ], "texture": "#north" },
        "south": { "uv": [ 6, 5, 7, 15 ], "texture": "#south" },
        "west":  { "uv": [ 6, 5, 7, 15 ], "texture": "#west" },
        "east":  { "uv": [ 6, 5, 7, 15 ], "texture": "#east" }
    }
},
{
    "from": [ 9, 12, 6 ],
    "to": [ 10, 13, 7 ],
    "faces": {
        "down":  { "uv": [ 6, 3, 7, 4 ], "texture": "#down" },
        "up":    { "uv": [ 6, 3, 7, 4 ], "texture": "#up" },
        "north": { "uv": [ 6, 3, 7, 4 ], "texture": "#north" },
        "south": { "uv": [ 6, 3, 7, 4 ], "texture": "#south" },
        "west":  { "uv": [ 6, 3, 7, 4 ], "texture": "#west" },
        "east":  { "uv": [ 6, 3, 7, 4 ], "texture": "#east" }
    }
},
{
    "from": [ 10, 3, 5 ],
    "to": [ 11, 8, 6 ],
    "faces": {
        "down":  { "uv": [ 5, 12, 6, 13 ], "texture": "#down" },
        "up":    { "uv": [ 5, 8, 6, 9 ], "texture": "#up" },
        "north": { "uv": [ 5, 8, 6, 13 ], "texture": "#north" },
        "south": { "uv": [ 5, 8, 6, 13 ], "texture": "#south" },
        "west":  { "uv": [ 5, 8, 6, 13 ], "texture": "#west" },
        "east":  { "uv": [ 5, 8, 6, 13 ], "texture": "#east" }
    }
},
{
    "from": [ 10, 9, 5 ],
    "to": [ 11, 10, 6 ],
    "faces": {
        "down":  { "uv": [ 5, 6, 6, 7 ], "texture": "#down" },
        "up":    { "uv": [ 5, 6, 6, 7 ], "texture": "#up" },
        "north": { "uv": [ 5, 6, 6, 7 ], "texture": "#north" },
        "south": { "uv": [ 5, 6, 6, 7 ], "texture": "#south" },
        "west":  { "uv": [ 5, 6, 6, 7 ], "texture": "#west" },
        "east":  { "uv": [ 5, 6, 6, 7 ], "texture": "#east" }
    }
},
{
    "from": [ 11, 5, 4 ],
    "to": [ 12, 11, 5 ],
    "faces": {
        "down":  { "uv": [ 4, 10, 5, 11 ], "texture": "#down" },
        "up":    { "uv": [ 4, 5, 5, 6 ], "texture": "#up" },
        "north": { "uv": [ 4, 5, 5, 11 ], "texture": "#north" },
        "south": { "uv": [ 4, 5, 5, 11 ], "texture": "#south" },
        "west":  { "uv": [ 4, 5, 5, 11 ], "texture": "#west" },
        "east":  { "uv": [ 4, 5, 5, 11 ], "texture": "#east" }
    }
},
{
    "from": [ 12, 5, 3 ],
    "to": [ 13, 6, 4 ],
    "faces": {
        "down":  { "uv": [ 3, 10, 4, 11 ], "texture": "#down" },
        "up":    { "uv": [ 3, 10, 4, 11 ], "texture": "#up" },
        "north": { "uv": [ 3, 10, 4, 11 ], "texture": "#north" },
        "south": { "uv": [ 3, 10, 4, 11 ], "texture": "#south" },
        "west":  { "uv": [ 3, 10, 4, 11 ], "texture": "#west" },
        "east":  { "uv": [ 3, 10, 4, 11 ], "texture": "#east" }
    }
},
{
    "from": [ 12, 7, 3 ],
    "to": [ 13, 11, 4 ],
    "faces": {
        "down":  { "uv": [ 3, 8, 4, 9 ], "texture": "#down" },
        "up":    { "uv": [ 3, 5, 4, 6 ], "texture": "#up" },
        "north": { "uv": [ 3, 5, 4, 9 ], "texture": "#north" },
        "south": { "uv": [ 3, 5, 4, 9 ], "texture": "#south" },
        "west":  { "uv": [ 3, 5, 4, 9 ], "texture": "#west" },
        "east":  { "uv": [ 3, 5, 4, 9 ], "texture": "#east" }
    }
},
{
    "from": [ 13, 7, 2 ],
    "to": [ 14, 10, 3 ],
    "faces": {
        "down":  { "uv": [ 2, 8, 3, 9 ], "texture": "#down" },
        "up":    { "uv": [ 2, 6, 3, 7 ], "texture": "#up" },
        "north": { "uv": [ 2, 6, 3, 9 ], "texture": "#north" },
        "south": { "uv": [ 2, 6, 3, 9 ], "texture": "#south" },
        "west":  { "uv": [ 2, 6, 3, 9 ], "texture": "#west" },
        "east":  { "uv": [ 2, 6, 3, 9 ], "texture": "#east" }
    }
},
{
    "from": [ 14, 8, 1 ],
    "to": [ 15, 9, 2 ],
    "faces": {
        "down":  { "uv": [ 1, 7, 2, 8 ], "texture": "#down" },
        "up":    { "uv": [ 1, 7, 2, 8 ], "texture": "#up" },
        "north": { "uv": [ 1, 7, 2, 8 ], "texture": "#north" },
        "south": { "uv": [ 1, 7, 2, 8 ], "texture": "#south" },
        "west":  { "uv": [ 1, 7, 2, 8 ], "texture": "#west" },
        "east":  { "uv": [ 1, 7, 2, 8 ], "texture": "#east" }
    }
}
],
"display": {
    "thirdperson_righthand": {
        "rotation": [ 0, -90, 0 ],
        "translation": [ 0, 4, 2 ],
        "scale": [ 0.85, 0.85, 0.85 ]
    },
    "thirdperson_lefthand": {
        "rotation": [ 0, 90, 0 ],
        "translation": [ 0, 4, 2 ],
        "scale": [ 0.85, 0.85, 0.85 ]
    },
    "ground": {
        "rotation": [ 0, 0, 0 ],
        "translation": [ 0, 2, 0 ],
        "scale": [ 0.5, 0.5, 0.5 ]
    },
    "fixed": {
        "rotation": [ 0, 0, 0 ],
        "translation": [ 0, 0, 0 ],
        "scale": [ 0.5, 0.5, 0.5 ]
    },
    "firstperson_righthand": {
        "rotation": [ 0, -90, 25 ],
        "translation": [ 1.2, 3.2, 1.13 ],
        "scale": [ 0.68, 0.68, 0.68 ]
    },
    "firstperson_lefthand": {
        "rotation": [ 0, 90, -25 ],
        "translation": [ 0.2, 3.2, 1.12 ],
        "scale": [ 0.68, 0.68, 0.68 ]
    },
    "gui": {
        "rotation": [ 30, 225, 0 ],
        "translation": [ 0, 0, 0 ],
        "scale": [ 0.75, 0.75, 0.75 ]
    }
}
}