{
	"__comment": "Designed by AndrealVox",
	"ambientocclusion": false,
	"textures": {
		"particle": "#side"
	},
	"elements": [
		{
			"from": [ 0, 0, 0 ],
			"to": [ 16, 2, 16 ],
			"faces": {
				"down": { "uv": [ 0, 0, 16, 16 ], "texture": "#bottom" },
				"up": { "uv": [ 0, 0, 16, 16 ], "texture": "#top" },
				"north": { "uv": [ 0, 14, 16, 16 ], "texture": "#side" },
				"south": { "uv": [ 0, 14, 16, 16 ], "texture": "#side" },
				"west": { "uv": [ 0, 14, 16, 16 ], "texture": "#side" },
				"east": { "uv": [ 0, 14, 16, 16 ], "texture": "#side" }
			}
		},
		{
			"from": [ 8, 8, 0 ],
			"to": [ 16, 10, 16 ],
			"faces": {
				"up": { "uv": [ 8, 0, 16, 16 ], "texture": "#top" },
				"north": { "uv": [ 0, 6, 8, 8 ], "texture": "#side" },
				"south": { "uv": [ 8, 6, 16, 8 ], "texture": "#side" },
				"west": { "uv": [ 0, 6, 16, 8 ], "texture": "#side" },
				"east": { "uv": [ 0, 6, 16, 8 ], "texture": "#side" }
			}
		},
		{
			"from": [ 4, 4, 0 ],
			"to": [ 16, 6, 16 ],
			"faces": {
				"up": { "uv": [ 4, 0, 16, 16 ], "texture": "#top" },
				"north": { "uv": [ 0, 10, 12, 12 ], "texture": "#side" },
				"south": { "uv": [ 4, 10, 16, 12 ], "texture": "#side" },
				"west": { "uv": [ 0, 10, 16, 12 ], "texture": "#side" },
				"east": { "uv": [ 0, 10, 16, 12 ], "texture": "#side" }
			}
		},
		{
			"from": [ 2, 2, 0 ],
			"to": [ 16, 4, 16 ],
			"faces": {
				"up": { "uv": [ 2, 0, 16, 16 ], "texture": "#top" },
				"north": { "uv": [ 0, 12, 14, 14 ], "texture": "#side" },
				"south": { "uv": [ 2, 12, 16, 14 ], "texture": "#side" },
				"west": { "uv": [ 0, 12, 16, 14 ], "texture": "#side" },
				"east": { "uv": [ 0, 12, 16, 14 ], "texture": "#side" }
			}
		},
		{
			"from": [ 6, 6, 0 ],
			"to": [ 16, 8, 16 ],
			"faces": {
				"up": { "uv": [ 6, 0, 16, 16 ], "texture": "#top" },
				"north": { "uv": [ 0, 8, 10, 10 ], "texture": "#side" },
				"south": { "uv": [ 6, 8, 16, 10 ], "texture": "#side" },
				"west": { "uv": [ 0, 8, 16, 10 ], "texture": "#side" },
				"east": { "uv": [ 0, 8, 16, 10 ], "texture": "#side" }
			}
		},
		{
			"from": [ 10, 10, 0 ],
			"to": [ 16, 12, 16 ],
			"faces": {
				"up": { "uv": [ 10, 0, 16, 16 ], "texture": "#top" },
				"north": { "uv": [ 0, 4, 6, 6 ], "texture": "#side" },
				"south": { "uv": [ 10, 4, 16, 6 ], "texture": "#side" },
				"west": { "uv": [ 0, 4, 16, 6 ], "texture": "#side" },
				"east": { "uv": [ 0, 4, 16, 6 ], "texture": "#side" }
			}
		},
		{
			"from": [ 12, 12, 0 ],
			"to": [ 16, 14, 16 ],
			"faces": {
				"up": { "uv": [ 12, 0, 16, 16 ], "texture": "#top" },
				"north": { "uv": [ 0, 2, 4, 4 ], "texture": "#side" },
				"south": { "uv": [ 12, 2, 16, 4 ], "texture": "#side" },
				"west": { "uv": [ 0, 2, 16, 4 ], "texture": "#side" },
				"east": { "uv": [ 0, 2, 16, 4 ], "texture": "#side" }
			}
		},
		{
			"from": [ 14, 14, 0 ],
			"to": [ 16, 16, 16 ],
			"faces": {
				"up": { "uv": [ 14, 0, 16, 16 ], "texture": "#top" },
				"north": { "uv": [ 0, 0, 2, 2 ], "texture": "#side" },
				"south": { "uv": [ 14, 0, 16, 2 ], "texture": "#side" },
				"west": { "uv": [ 0, 0, 16, 2 ], "texture": "#side" },
				"east": { "uv": [ 0, 0, 16, 2 ], "texture": "#side" }
			}
		}
	],
	"display": {
		"thirdperson_righthand": {
			"rotation":  [ 45, -45, 0 ],
			"translation":  [ 0, 2.5, 0 ],
			"scale":  [ 0.375, 0.375, 0.375 ]
		},
		"thirdperson_lefthand": {
			"rotation":  [ 45, 135, 0 ],
			"translation":  [ 0, 2.5, 0 ],
			"scale":  [ 0.375, 0.375, 0.375 ]
		},
		"firstperson_righthand": {
			"rotation":  [ 0, 45, 0 ],
			"scale":  [ 0.4, 0.4, 0.4 ]
		},
		"firstperson_lefthand": {
			"rotation":  [ 0, -135, 0 ],
			"scale":  [ 0.4, 0.4, 0.4 ]
		},
		"gui": {
			"rotation":  [ 30, 135, 0 ],
			"scale":  [ 0.625, 0.625, 0.625 ]
		},
		"head": {
			"rotation":  [ 0, -90, 0 ]
		},
		"ground": {
			"translation":  [ 0, 3, 0 ],
			"scale":  [ 0.25, 0.25, 0.25 ]
		},
		"fixed": {
			"rotation":  [ 0, -90, 0 ],
			"translation":  [ 0, 0, -2.5 ],
			"scale":  [ 0.5, 0.5, 0.5 ]
		}
	}
}