{
"ambientocclusion": false,
"textures": {
    "particle": "blocks/pumpkin_stem_connected",
    "stem": "blocks/pumpkin_stem_connected",
    "west": "blocks/pumpkin_stem_connected"
},
"elements": [ 
{
    "from": [ 3.5, 19, 5.5 ],
    "to": [ 4.5, 20, 6.5 ],
    "shade": false,
    "faces": {
        "down":  { "uv": [ 8, 12, 9, 13 ], "texture": "#stem", "tintindex": 0 },
        "up":    { "uv": [ 8, 12, 9, 13 ], "texture": "#stem", "tintindex": 0 },
        "north": { "uv": [ 8, 12, 9, 13 ], "texture": "#stem", "tintindex": 0 },
        "south": { "uv": [ 8, 12, 9, 13 ], "texture": "#stem", "tintindex": 0 },
        "west":  { "uv": [ 8, 12, 9, 13 ], "texture": "#stem", "tintindex": 0 },
        "east":  { "uv": [ 8, 12, 9, 13 ], "texture": "#stem", "tintindex": 0 }
    }
},
{
    "from": [ 4.5, 18.5, 6 ],
    "to": [ 6.5, 19.5, 7 ],
    "shade": false,
    "faces": {
        "down":  { "uv": [ 7, 14, 9, 15 ], "texture": "#stem", "tintindex": 0 },
        "up":    { "uv": [ 7, 14, 9, 15 ], "texture": "#stem", "tintindex": 0 },
        "north": { "uv": [ 7, 14, 9, 15 ], "texture": "#stem", "tintindex": 0 },
        "south": { "uv": [ 7, 14, 9, 15 ], "texture": "#stem", "tintindex": 0 },
        "west":  { "uv": [ 8, 14, 9, 15 ], "texture": "#stem", "tintindex": 0 },
        "east":  { "uv": [ 7, 14, 8, 15 ], "texture": "#stem", "tintindex": 0 }
    }
},
{
    "from": [ 2, 15.5, 9.5 ],
    "to": [ 3, 16.5, 10.5 ],
    "shade": false,
    "faces": {
        "down":  { "uv": [ 7, 14, 8, 15 ], "texture": "#stem", "tintindex": 0 },
        "up":    { "uv": [ 7, 14, 8, 15 ], "texture": "#stem", "tintindex": 0 },
        "north": { "uv": [ 7, 14, 8, 15 ], "texture": "#stem", "tintindex": 0 },
        "south": { "uv": [ 7, 14, 8, 15 ], "texture": "#stem", "tintindex": 0 },
        "west":  { "uv": [ 7, 14, 8, 15 ], "texture": "#stem", "tintindex": 0 },
        "east":  { "uv": [ 7, 14, 8, 15 ], "texture": "#stem", "tintindex": 0 }
    }
},
{
    "from": [ 3, 16, 8.5 ],
    "to": [ 5, 17, 9.5 ],
    "shade": false,
    "faces": {
        "down":  { "uv": [ 7, 10, 9, 11 ], "texture": "#stem", "tintindex": 0 },
        "up":    { "uv": [ 7, 10, 9, 11 ], "texture": "#stem", "tintindex": 0 },
        "north": { "uv": [ 7, 10, 9, 11 ], "texture": "#stem", "tintindex": 0 },
        "south": { "uv": [ 7, 10, 9, 11 ], "texture": "#stem", "tintindex": 0 },
        "west":  { "uv": [ 8, 10, 9, 11 ], "texture": "#stem", "tintindex": 0 },
        "east":  { "uv": [ 7, 10, 8, 11 ], "texture": "#stem", "tintindex": 0 }
    }
},
{
    "__comment": "Stem",
    "from": [ 7, -1, 7 ],
    "to": [ 9, 17, 9 ],
    "shade": false,
    "faces": {
        "down":  { "uv": [ 7, 15, 9, 16 ], "texture": "#stem", "tintindex": 0 },
        "up":    { "uv": [ 7, 10, 9, 11 ], "texture": "#stem", "tintindex": 0 },
        "north": { "uv": [ 7, 10, 9, 16 ], "texture": "#stem", "tintindex": 0 },
        "south": { "uv": [ 7, 10, 9, 16 ], "texture": "#stem", "tintindex": 0 },
        "west":  { "uv": [ 9, 10, 7, 16 ], "texture": "#stem", "tintindex": 0 },
        "east":  { "uv": [ 9, 10, 7, 16 ], "texture": "#stem", "tintindex": 0 }
    }
},
{
    "from": [ 4, 17, 7 ],
    "to": [ 6, 19, 9 ],
    "shade": false,
    "faces": {
        "down":  { "uv": [ 7, 14, 9, 16 ], "texture": "#stem", "tintindex": 0 },
        "up":    { "uv": [ 7, 14, 9, 16 ], "texture": "#stem", "tintindex": 0 },
        "north": { "uv": [ 7, 14, 9, 16 ], "texture": "#stem", "tintindex": 0 },
        "south": { "uv": [ 7, 14, 9, 16 ], "texture": "#stem", "tintindex": 0 },
        "west":  { "uv": [ 7, 14, 9, 16 ], "texture": "#stem", "tintindex": 0 },
        "east":  { "uv": [ 7, 14, 9, 16 ], "texture": "#stem", "tintindex": 0 }
    }
},
{
    "from": [ 6, 17, 7 ],
    "to": [ 7, 18, 9 ],
    "shade": false,
    "faces": {
        "down":  { "uv": [ 7, 9, 8, 11 ], "texture": "#stem", "tintindex": 0 },
        "up":    { "uv": [ 7, 9, 8, 11 ], "texture": "#stem", "tintindex": 0 },
        "north": { "uv": [ 7, 10, 8, 11 ], "texture": "#stem", "tintindex": 0 },
        "south": { "uv": [ 7, 10, 8, 11 ], "texture": "#stem", "tintindex": 0 },
        "west":  { "uv": [ 0, 0, 16, 16 ], "texture": "#west", "tintindex": 0 },
        "east":  { "uv": [ 7, 10, 9, 11 ], "texture": "#stem", "tintindex": 0 }
    }
},
{
    "from": [ 2, 18, 7 ],
    "to": [ 4, 20, 8.5 ],
    "shade": false,
    "faces": {
        "down":  { "uv": [ 7, 10, 9, 11.5 ], "texture": "#stem", "tintindex": 0 },
        "up":    { "uv": [ 7, 10, 9, 11.5 ], "texture": "#stem", "tintindex": 0 },
        "north": { "uv": [ 7, 10, 9, 12 ], "texture": "#stem", "tintindex": 0 },
        "south": { "uv": [ 7, 10, 9, 12 ], "texture": "#stem", "tintindex": 0 },
        "west":  { "uv": [ 7, 10, 8.5, 12 ], "texture": "#stem", "tintindex": 0 },
        "east":  { "uv": [ 7, 10, 8.5, 12 ], "texture": "#stem", "tintindex": 0 }
    }
},
{
    "from": [ -4, 21, 6 ],
    "to": [ -3, 22, 7 ],
    "shade": false,
    "faces": {
        "down":  { "uv": [ 8, 12, 9, 13 ], "texture": "#stem", "tintindex": 0 },
        "up":    { "uv": [ 8, 12, 9, 13 ], "texture": "#stem", "tintindex": 0 },
        "north": { "uv": [ 8, 12, 9, 13 ], "texture": "#stem", "tintindex": 0 },
        "south": { "uv": [ 8, 12, 9, 13 ], "texture": "#stem", "tintindex": 0 },
        "west":  { "uv": [ 8, 12, 9, 13 ], "texture": "#stem", "tintindex": 0 },
        "east":  { "uv": [ 8, 12, 9, 13 ], "texture": "#stem", "tintindex": 0 }
    }
},
{
    "from": [ -2.5, 20.5, 9 ],
    "to": [ -1.5, 21.5, 10 ],
    "shade": false,
    "faces": {
        "down":  { "uv": [ 8, 12, 9, 13 ], "texture": "#stem", "tintindex": 0 },
        "up":    { "uv": [ 8, 12, 9, 13 ], "texture": "#stem", "tintindex": 0 },
        "north": { "uv": [ 8, 12, 9, 13 ], "texture": "#stem", "tintindex": 0 },
        "south": { "uv": [ 8, 12, 9, 13 ], "texture": "#stem", "tintindex": 0 },
        "west":  { "uv": [ 8, 12, 9, 13 ], "texture": "#stem", "tintindex": 0 },
        "east":  { "uv": [ 8, 12, 9, 13 ], "texture": "#stem", "tintindex": 0 }
    }
},
{
    "from": [ -9, 19, 7 ],
    "to": [ -6, 20, 9 ],
    "shade": false,
    "faces": {
        "down":  { "uv": [ 7, 10, 9, 11.5 ], "texture": "#stem", "tintindex": 0 },
        "up":    { "uv": [ 7, 10, 9, 11.5 ], "texture": "#stem", "tintindex": 0 },
        "north": { "uv": [ 7, 10, 9, 12 ], "texture": "#stem", "tintindex": 0 },
        "south": { "uv": [ 7, 10, 9, 12 ], "texture": "#stem", "tintindex": 0 },
        "west":  { "uv": [ 7, 10, 8.5, 12 ], "texture": "#stem", "tintindex": 0 },
        "east":  { "uv": [ 7, 10, 8.5, 12 ], "texture": "#stem", "tintindex": 0 }
    }
},
{
    "from": [ -6, 20, 7 ],
    "to": [ 2, 21, 9 ],
    "shade": false,
    "faces": {
        "down":  { "uv": [ 7, 10, 9, 11.5 ], "texture": "#stem", "tintindex": 0 },
        "up":    { "uv": [ 7, 10, 9, 11.5 ], "texture": "#stem", "tintindex": 0 },
        "north": { "uv": [ 7, 10, 9, 12 ], "texture": "#stem", "tintindex": 0 },
        "south": { "uv": [ 7, 10, 9, 12 ], "texture": "#stem", "tintindex": 0 },
        "west":  { "uv": [ 7, 10, 8.5, 12 ], "texture": "#stem", "tintindex": 0 },
        "east":  { "uv": [ 7, 10, 8.5, 12 ], "texture": "#stem", "tintindex": 0 }
    }
}
]
}