{
    "textures": {
        "all": "blocks/stonebrick_carved",
		"particle": "blocks/stonebrick_carved"
    },
	 "elements": [
        {   "__comment": "Center inset cube",
            "from": [ 1, 1, 1 ],
            "to": [ 15, 15, 15 ],
            "faces": {
                "down":  { "uv": [ 1, 1, 15, 15 ],  "texture": "#all" },
                "up":    { "uv": [ 1, 1, 15, 15 ],  "texture": "#all" },
                "north": { "uv": [ 1, 1, 15, 15 ],  "texture": "#all" },
                "south": { "uv": [ 1, 1, 15, 15 ],  "texture": "#all" },
                "west":  { "uv": [ 1, 1, 15, 15 ],  "texture": "#all" },
                "east":  { "uv": [ 1, 1, 15, 15 ],  "texture": "#all" }
            }
        },
        {   "__comment": "Upper northern perimeter bar ",
            "from": [ 0, 14, 0 ],
            "to": [ 16, 16, 2 ],
            "faces": {
                "down":  { "uv": [  0, 14, 16, 16 ],  "texture": "#all" },
                "up":    { "uv": [  0,  0, 16,  2 ], "texture": "#all" },
                "north": { "uv": [  0,  0, 16,  3 ], "texture": "#all" },
                "south": { "uv": [  0,  0, 16,  2 ],  "texture": "#all" },
                "west":  { "uv": [  0,  0,  2,  2 ], "texture": "#all" },
                "east":  { "uv": [ 14,  0, 16,  2 ], "texture": "#all" }
            }
        },
        {   "__comment": "Upper southern perimeter bar ",
            "from": [ 0, 14, 13 ],
            "to": [ 16, 16, 16 ],
            "faces": {
                "down":  { "uv": [  0,  0, 16,  3 ],  "texture": "#all" },
                "up":    { "uv": [  0, 13, 16, 16 ], "texture": "#all" },
                "north": { "uv": [  0,  0, 16,  2 ],  "texture": "#all" },
                "south": { "uv": [  0,  0, 16,  2 ], "texture": "#all" },
                "west":  { "uv": [ 13,  0, 16,  2 ], "texture": "#all" },
                "east":  { "uv": [  0,  0,  3,  2 ], "texture": "#all" }
            }
        },
        {   "__comment": "Upper western perimeter bar ",
            "from": [ 0, 14, 2 ],
            "to": [ 2, 16, 13 ],
            "faces": {
                "down":  { "uv": [  0,  3,  2, 14 ],  "texture": "#all" },
                "up":    { "uv": [  0,  2,  2, 13 ], "texture": "#all" },
                "west":  { "uv": [  2,  0, 13,  2 ], "texture": "#all" },
                "east":  { "uv": [  3,  0, 14,  2 ],  "texture": "#all" }
            }
        },
        {   "__comment": "Upper eastern perimeter bar ",
            "from": [ 13, 14, 2 ],
            "to": [ 16, 16, 13 ],
            "faces": {
                "down":  { "uv": [ 13,  3, 16, 14 ],  "texture": "#all" },
                "up":    { "uv": [ 13,  2, 16, 13 ], "texture": "#all" },
                "west":  { "uv": [  3,  0, 14,  2 ],  "texture": "#all" },
                "east":  { "uv": [  2,  0, 13,  2 ], "texture": "#all" }
            }
        },
        {   "__comment": "Lower northern perimeter bar ",
            "from": [ 0, 0, 0 ],
            "to": [ 16, 3, 3 ],
            "faces": {
                "down":  { "uv": [  0, 13, 16, 16 ], "texture": "#all" },
                "up":    { "uv": [  0,  0, 16,  3 ],  "texture": "#all" },
                "north": { "uv": [  0, 13, 16, 16 ], "texture": "#all" },
                "south": { "uv": [  0, 13, 16, 16 ],  "texture": "#all" },
                "west":  { "uv": [  0, 13,  3, 16 ], "texture": "#all" },
                "east":  { "uv": [ 13, 13, 16, 16 ], "texture": "#all" }
            }
        },
        {   "__comment": "Lower southern perimeter bar ",
            "from": [ 0, 0, 14 ],
            "to": [ 16, 3, 16 ],
            "faces": {
                "down":  { "uv": [  0,  0, 16,  2 ], "texture": "#all" },
                "up":    { "uv": [  0, 14, 16, 16 ],  "texture": "#all" },
                "north": { "uv": [  0, 13, 16, 16 ],  "texture": "#all" },
                "south": { "uv": [  0, 13, 16, 16 ], "texture": "#all" },
                "west":  { "uv": [ 14, 13, 16, 16 ], "texture": "#all" },
                "east":  { "uv": [  0, 13,  2, 16 ], "texture": "#all" }
            }
        },
        {   "__comment": "Lower western perimeter bar ",
            "from": [ 0, 0, 3 ],
            "to": [ 2, 3, 14 ],
            "faces": {
                "down": { "uv": [  0,  2,  2, 13 ], "texture": "#all" },
                "up":   { "uv": [  0,  3,  2, 14 ],  "texture": "#all" },
                "west": { "uv": [  3, 13, 14, 16 ], "texture": "#all" },
                "east": { "uv": [  2, 13, 13, 16 ],  "texture": "#all" }
            }
        },
        {   "__comment": "Lower eastern perimeter bar ",
            "from": [ 13, 0, 3 ],
            "to": [ 16, 3, 14 ],
            "faces": {
                "down": { "uv": [ 13,  2, 16, 13 ], "texture": "#all" },
                "up":   { "uv": [ 13,  3, 16, 14 ],  "texture": "#all" },
                "west": { "uv": [  3, 13, 14, 16 ],  "texture": "#all" },
                "east": { "uv": [  2, 13, 13, 16 ], "texture": "#all" }
            }
        },
        {   "__comment": "North-western vertical perimeter bar ",
            "from": [ 0, 3, 0 ],
            "to": [ 3, 14, 2 ],
            "faces": {
                "north": { "uv": [ 13,  2, 16, 13 ], "texture": "#all" },
                "south": { "uv": [  0,  2,  3, 13 ],  "texture": "#all" },
                "west":  { "uv": [  0,  2,  2, 13 ], "texture": "#all" },
                "east":  { "uv": [ 14,  2, 16, 13 ],  "texture": "#all" }
            }
        },
        {   "__comment": "North-eastern vertical perimeter bar ",
            "from": [ 14, 3, 0 ],
            "to": [ 16, 14, 3 ],
            "faces": {
                "north": { "uv": [  0,  2,  2, 13 ], "texture": "#all" },
                "south": { "uv": [ 14,  2, 16, 13 ],  "texture": "#all" },
                "west":  { "uv": [  0,  2,  3, 13 ],  "texture": "#all" },
                "east":  { "uv": [ 13,  2, 16, 13 ], "texture": "#all" }
            }
        },
        {   "__comment": "South-western vertical perimeter bar ",
            "from": [ 0, 3, 13 ],
            "to": [ 2, 14, 16 ],
            "faces": {
                "north": { "uv": [ 14,  2, 16, 13 ],  "texture": "#all" },
                "south": { "uv": [  0,  2,  2, 13 ], "texture": "#all" },
                "west":  { "uv": [ 13,  2, 16, 13 ], "texture": "#all" },
                "east":  { "uv": [  0,  2,  3, 13 ],  "texture": "#all" }
            }
        },
        {   "__comment": "South-eastern vertical perimeter bar ",
            "from": [ 13, 3, 14 ],
            "to": [ 16, 14, 16 ],
            "faces": {
                "north": { "uv": [ 13,  2, 16, 13 ],  "texture": "#all" },
                "south": { "uv": [  0,  2,  3, 13 ], "texture": "#all" },
                "west":  { "uv": [ 14,  2, 16, 13 ],  "texture": "#all" },
                "east":  { "uv": [  0,  2,  2, 13 ], "texture": "#all" }
            }
        },
        {   "__comment": "Northern upper center bar ",
            "from": [ 4, 10, 0 ],
            "to": [ 13, 13, 1 ],
            "faces": {
                "down":  { "uv": [  4, 15, 13, 16 ],  "texture": "#all" },
                "up":    { "uv": [  3,  0, 12,  1 ],  "texture": "#all" },
                "north": { "uv": [  3,  3, 12,  6 ], "texture": "#all" },
                "west":  { "uv": [  0,  3,  1,  6 ],  "texture": "#all" },
                "east":  { "uv": [ 15,  3, 16,  6 ],  "texture": "#all" }
            }
        },
        {   "__comment": "Northern lower center bar ",
            "from": [ 4, 4, 0 ],
            "to": [ 13, 7, 1 ],
            "faces": {
                "down":  { "uv": [  4, 15, 13, 16 ],  "texture": "#all" },
                "up":    { "uv": [  3,  0, 12,  1 ],  "texture": "#all" },
                "north": { "uv": [  3,  9, 12, 12 ], "texture": "#all" },
                "west":  { "uv": [  0,  9,  1, 12 ],  "texture": "#all" },
                "east":  { "uv": [ 15,  9, 16, 12 ],  "texture": "#all" }
            }
        },
        {   "__comment": "Northern east center bar ",
            "from": [ 4, 7, 0 ],
            "to": [ 7, 10, 1 ],
            "faces": {
                "north": { "uv": [  3,  6,  6,  9 ], "texture": "#all" },
                "west":  { "uv": [  0,  6,  1,  9 ],  "texture": "#all" },
                "east":  { "uv": [ 15,  6, 16,  9 ],  "texture": "#all" }
            }
        },
        {   "__comment": "Northern west center bar ",
            "from": [ 10, 7, 0 ],
            "to": [ 13, 10, 1 ],
            "faces": {
                "north": { "uv": [  9,  6, 12,  9 ], "texture": "#all" },
                "west":  { "uv": [  0,  6,  1,  9 ],  "texture": "#all" },
                "east":  { "uv": [ 15,  6, 16,  9 ],  "texture": "#all" }
            }
        },
        {   "__comment": "Southern upper center bar ",
            "from": [ 3, 10, 15 ],
            "to": [ 12, 13, 16 ],
            "faces": {
                "down":  { "uv": [  4, 15, 13, 16 ],  "texture": "#all" },
                "up":    { "uv": [  3,  0, 12,  1 ],  "texture": "#all" },
                "south": { "uv": [  3,  3, 12,  6 ], "texture": "#all" },
                "west":  { "uv": [ 15,  3, 16,  6 ],  "texture": "#all" },
                "east":  { "uv": [  0,  3,  1,  6 ],  "texture": "#all" }
            }
        },
        {   "__comment": "Southern lower center bar ",
            "from": [ 3, 4, 15 ],
            "to": [ 12, 7, 16 ],
            "faces": {
                "down":  { "uv": [  4, 15, 13, 16 ],  "texture": "#all" },
                "up":    { "uv": [  3,  0, 12,  1 ],  "texture": "#all" },
                "south": { "uv": [  3,  9, 12, 12 ], "texture": "#all" },
                "west":  { "uv": [ 15,  9, 16, 12 ],  "texture": "#all" },
                "east":  { "uv": [  0,  9,  1, 12 ],  "texture": "#all" }
            }
        },
        {   "__comment": "Southern east center bar ",
            "from": [ 3, 7, 15 ],
            "to": [ 6, 10, 16 ],
            "faces": {
                "south": { "uv": [  3,  6,  6,  9 ], "texture": "#all" },
                "west":  { "uv": [ 15,  6, 16,  9 ],  "texture": "#all" },
                "east":  { "uv": [  0,  6,  1,  9 ],  "texture": "#all" }
            }
        },
        {   "__comment": "Southern west center bar ",
            "from": [ 9, 7, 15 ],
            "to": [ 12, 10, 16 ],
            "faces": {
                "south": { "uv": [  9,  6, 12,  9 ], "texture": "#all" },
                "west":  { "uv": [ 15,  6, 16,  9 ],  "texture": "#all" },
                "east":  { "uv": [  0,  6,  1,  9 ],  "texture": "#all" }
            }
        },
        {   "__comment": "Western upper center bar ",
            "from": [ 0, 10, 3 ],
            "to": [ 1, 13, 12 ],
            "faces": {
                "down":  { "uv": [ 15,  4, 16, 13 ],  "texture": "#all" },
                "up":    { "uv": [  0,  3,  1, 12 ],  "texture": "#all" },
                "north": { "uv": [ 15,  3, 16,  6 ],  "texture": "#all" },
                "south": { "uv": [  0,  3,  1,  6 ],  "texture": "#all" },
                "west":  { "uv": [  3,  3, 12,  6 ], "texture": "#all" }
            }
        },
        {   "__comment": "Western lower center bar ",
            "from": [ 0, 4, 3 ],
            "to": [ 1, 7, 12 ],
            "faces": {
                "down":  { "uv": [ 15,  4, 16, 13 ],  "texture": "#all" },
                "up":    { "uv": [  0,  3,  1, 12 ],  "texture": "#all" },
                "north": { "uv": [ 15,  9, 16, 12 ],  "texture": "#all" },
                "south": { "uv": [  0,  9,  1, 12 ],  "texture": "#all" },
                "west":  { "uv": [  3,  9, 12, 12 ], "texture": "#all" }
            }
        },
        {   "__comment": "Western northern center bar ",
            "from": [ 0, 7, 3 ],
            "to": [ 1, 10, 6 ],
            "faces": {
                "north": { "uv": [ 15,  6, 16, 9 ],  "texture": "#all" },
                "south": { "uv": [  0,  6,  1, 9 ],  "texture": "#all" },
                "west":  { "uv": [  3,  6,  6, 9 ], "texture": "#all" }
            }
        },
        {   "__comment": "Western southern center bar ",
            "from": [ 0, 7, 9 ],
            "to": [ 1, 10, 12 ],
            "faces": {
                "north": { "uv": [ 15,  6, 16, 9 ],  "texture": "#all" },
                "south": { "uv": [  0,  6,  1, 9 ],  "texture": "#all" },
                "west":  { "uv": [  9,  6, 12, 9 ], "texture": "#all" }
            }
        },
        {   "__comment": "Eastern upper center bar ",
            "from": [ 15, 10, 4 ],
            "to": [ 16, 13, 13 ],
            "faces": {
                "down":  { "uv": [  0,  4,  1, 13 ],  "texture": "#all" },
                "up":    { "uv": [ 15,  3, 16, 12 ],  "texture": "#all" },
                "north": { "uv": [  0,  3,  1,  6 ],  "texture": "#all" },
                "south": { "uv": [ 15,  3, 16,  6 ],  "texture": "#all" },
                "east":  { "uv": [  3,  3, 12,  6 ], "texture": "#all" }
            }
        },
        {   "__comment": "Eastern lower center bar ",
            "from": [ 15, 4, 4 ],
            "to": [ 16, 7, 13 ],
            "faces": {
                "down":  { "uv": [  0,  4,  1, 13 ],  "texture": "#all" },
                "up":    { "uv": [ 15,  3, 16, 12 ],  "texture": "#all" },
                "north": { "uv": [  0,  9,  1, 12 ],  "texture": "#all" },
                "south": { "uv": [ 15,  9, 16, 12 ],  "texture": "#all" },
                "east":  { "uv": [  3,  9, 12, 12 ], "texture": "#all" }
            }
        },
        {   "__comment": "Eastern northern center bar ",
            "from": [ 15, 7, 4 ],
            "to": [ 16, 10, 7 ],
            "faces": {
                "north": { "uv": [  0,  6,  1, 9 ],  "texture": "#all" },
                "south": { "uv": [ 15,  6, 16, 9 ],  "texture": "#all" },
                "east":  { "uv": [  3,  6,  6, 9 ], "texture": "#all" }
            }
        },
        {   "__comment": "Eastern southern center bar ",
            "from": [ 15, 7, 10 ],
            "to": [ 16, 10, 13 ],
            "faces": {
                "north": { "uv": [  0,  6,  1, 9 ],  "texture": "#all" },
                "south": { "uv": [ 15,  6, 16, 9 ],  "texture": "#all" },
                "east":  { "uv": [  9,  6, 12, 9 ], "texture": "#all" }
            }
        },
        {   "__comment": "Upper northern center bar ",
            "from": [ 3, 15, 3 ],
            "to": [ 12, 16, 6 ],
            "faces": {
                "up":    { "uv": [  3,  3, 12,  6 ], "texture": "#all" },
                "north": { "uv": [  3,  0, 12,  1 ],  "texture": "#all" },
                "south": { "uv": [  3,  0, 12,  1 ],  "texture": "#all" },
                "west":  { "uv": [  3,  0,  6,  1 ],  "texture": "#all" },
                "east":  { "uv": [ 10,  0, 13,  1 ],  "texture": "#all" }
            }
        },
        {   "__comment": "Upper southern center bar ",
            "from": [ 3, 15, 9 ],
            "to": [ 12, 16, 12 ],
            "faces": {
                "up":    { "uv": [  3,  9, 12, 12 ], "texture": "#all" },
                "north": { "uv": [  3,  0, 12,  1 ],  "texture": "#all" },
                "south": { "uv": [  3,  0, 12,  1 ],  "texture": "#all" },
                "west":  { "uv": [  9,  0, 12,  1 ],  "texture": "#all" },
                "east":  { "uv": [  4,  0,  7,  1 ],  "texture": "#all" }
            }
        },
        {   "__comment": "Upper west center bar ",
            "from": [ 3, 15, 6 ],
            "to": [ 6, 16, 9 ],
            "faces": {
                "up":    { "uv": [  3,  6,  6, 9 ], "texture": "#all" },
                "west":  { "uv": [  6,  0,  9, 1 ],  "texture": "#all" },
                "east":  { "uv": [  7,  0, 10, 1 ],  "texture": "#all" }
            }
        },
        {   "__comment": "Upper east center bar ",
            "from": [ 9, 15, 6 ],
            "to": [ 12, 16, 9 ],
            "faces": {
                "up":    { "uv": [  9,  6, 12, 9 ], "texture": "#all" },
                "west":  { "uv": [  6,  0,  9, 1 ],  "texture": "#all" },
                "east":  { "uv": [  7,  0, 10, 1 ],  "texture": "#all" }
            }
        },
        {   "__comment": "Lower northern center bar ",
            "from": [ 3, 0, 4 ],
            "to": [ 12, 1, 7 ],
            "faces": {
                "down":  { "uv": [  3,  9, 12, 12 ], "texture": "#all" },
                "north": { "uv": [  3,  0, 12,  1 ],  "texture": "#all" },
                "south": { "uv": [  3,  0, 12,  1 ],  "texture": "#all" },
                "west":  { "uv": [  3,  0,  6,  1 ],  "texture": "#all" },
                "east":  { "uv": [ 10,  0, 13,  1 ],  "texture": "#all" }
            }
        },
        {   "__comment": "Lower southern center bar ",
            "from": [ 3, 0, 10 ],
            "to": [ 12, 1, 13 ],
            "faces": {
                "down":  { "uv": [  3,  3, 12,  6 ], "texture": "#all" },
                "north": { "uv": [  3, 15, 12, 16 ],  "texture": "#all" },
                "south": { "uv": [  3, 15, 12, 16 ],  "texture": "#all" },
                "west":  { "uv": [  9, 15, 12, 16 ],  "texture": "#all" },
                "east":  { "uv": [  4, 15,  7, 16 ],  "texture": "#all" }
            }
        },
        {   "__comment": "Lower west center bar ",
            "from": [ 3, 0, 7 ],
            "to": [ 6, 1, 10 ],
            "faces": {
                "down":  { "uv": [  3,  6,  6,  9 ], "texture": "#all" },
                "west":  { "uv": [  6, 15,  9, 16 ],  "texture": "#all" },
                "east":  { "uv": [  7, 15, 10, 16 ],  "texture": "#all" }
            }
        },
        {   "__comment": "Lower east center bar ",
            "from": [ 9, 0, 7 ],
            "to": [ 12, 1, 10 ],
            "faces": {
                "down":  { "uv": [  9,  6, 12,  9 ], "texture": "#all" },
                "west":  { "uv": [  6, 15,  9, 16 ],  "texture": "#all" },
                "east":  { "uv": [  7, 15, 10, 16 ],  "texture": "#all" }
            }
        }
],
"display": {
        "gui": {
            "rotation": [ 30, 225, 0 ],
            "translation": [ 0, 0, 0],
            "scale":[ 0.625, 0.625, 0.625 ]
        },
        "ground": {
            "rotation": [ 0, 0, 0 ],
            "translation": [ 0, 3, 0],
            "scale":[ 0.25, 0.25, 0.25 ]
        },
        "fixed": {
            "rotation": [ 0, 0, 0 ],
            "translation": [ 0, 0, 0],
            "scale":[ 0.5, 0.5, 0.5 ]
        },
        "thirdperson_righthand": {
            "rotation": [ 75, 45, 0 ],
            "translation": [ 0, 2.5, 0],
            "scale": [ 0.375, 0.375, 0.375 ]
        },
        "firstperson_righthand": {
            "rotation": [ 0, 45, 0 ],
            "translation": [ 0, 0, 0 ],
            "scale": [ 0.40, 0.40, 0.40 ]
        },
        "firstperson_lefthand": {
            "rotation": [ 0, 225, 0 ],
            "translation": [ 0, 0, 0 ],
            "scale": [ 0.40, 0.40, 0.40 ]
        }
    }
}
}
