{
	"__comment": "Designed by AndrealVox",
	"ambientocclusion": false,
	"textures": {
		"particle": "blocks/tallgrass4",
		"texture": "blocks/tallgrass4"
	},
	"elements": [
		{
			"__comment": "Cube1",
			"from": [ 2.5, 1, 3.5 ],
			"to": [ 17.5, 2, 4.5 ],
			"rotation": { "origin": [ 4.5, 3.000001, 3.5 ], "axis": "y", "angle": -45 },
			"faces": {
				"down": { "uv": [ 0, 14, 15, 15 ], "texture": "#texture", "tintindex": 0 },
				"up": { "uv": [ 0, 15, 15, 14 ], "texture": "#texture", "tintindex": 0 },
				"north": { "uv": [ 15, 14, 0, 15 ], "texture": "#texture", "tintindex": 0 },
				"south": { "uv": [ 0, 14, 15, 15 ], "texture": "#texture", "tintindex": 0 },
				"west": { "uv": [ 0, 14, 1, 15 ], "texture": "#texture", "tintindex": 0 },
				"east": { "uv": [ 15, 15, 14, 14 ], "texture": "#texture", "rotation": 180, "tintindex": 0 }
			}
		},
		{
			"__comment": "Cube2",
			"from": [ 3.5, 5, 3.5 ],
			"to": [ 4.5, 6, 4.5 ],
			"rotation": { "origin": [ 4.5, 3.000001, 3.5 ], "axis": "y", "angle": -45 },
			"faces": {
				"down": { "uv": [ 1, 10, 2, 11 ], "texture": "#texture", "tintindex": 0 },
				"up": { "uv": [ 1, 11, 2, 10 ], "texture": "#texture", "tintindex": 0 },
				"north": { "uv": [ 2, 10, 1, 11 ], "texture": "#texture", "tintindex": 0 },
				"south": { "uv": [ 1, 10, 2, 11 ], "texture": "#texture", "tintindex": 0 },
				"west": { "uv": [ 1, 10, 2, 11 ], "texture": "#texture", "tintindex": 0 },
				"east": { "uv": [ 2, 11, 1, 10 ], "texture": "#texture", "rotation": 180, "tintindex": 0 }
			}
		},
		{
			"__comment": "Cube3",
			"from": [ 3.5, 0, 3.5 ],
			"to": [ 4.5, 4, 4.5 ],
			"rotation": { "origin": [ 4.5, 3.000001, 3.5 ], "axis": "y", "angle": -45 },
			"faces": {
				"down": { "uv": [ 1, 15, 2, 16 ], "texture": "#texture", "tintindex": 0 },
				"up": { "uv": [ 1, 13, 2, 12 ], "texture": "#texture", "tintindex": 0 },
				"north": { "uv": [ 2, 12, 1, 16 ], "texture": "#texture", "tintindex": 0 },
				"south": { "uv": [ 1, 12, 2, 16 ], "texture": "#texture", "tintindex": 0 },
				"west": { "uv": [ 1, 12, 2, 16 ], "texture": "#texture", "tintindex": 0 },
				"east": { "uv": [ 2, 16, 1, 12 ], "texture": "#texture", "rotation": 180, "tintindex": 0 }
			}
		},
		{
			"__comment": "Cube4",
			"from": [ 4.5, 7, 3.5 ],
			"to": [ 5.5, 8, 4.5 ],
			"rotation": { "origin": [ 4.5, 3.000001, 3.5 ], "axis": "y", "angle": -45 },
			"faces": {
				"down": { "uv": [ 2, 8, 3, 9 ], "texture": "#texture", "tintindex": 0 },
				"up": { "uv": [ 2, 9, 3, 8 ], "texture": "#texture", "tintindex": 0 },
				"north": { "uv": [ 3, 8, 2, 9 ], "texture": "#texture", "tintindex": 0 },
				"south": { "uv": [ 2, 8, 3, 9 ], "texture": "#texture", "tintindex": 0 },
				"west": { "uv": [ 2, 8, 3, 9 ], "texture": "#texture", "tintindex": 0 },
				"east": { "uv": [ 3, 9, 2, 8 ], "texture": "#texture", "rotation": 180, "tintindex": 0 }
			}
		},
		{
			"__comment": "Cube5",
			"from": [ 4.5, 4, 3.5 ],
			"to": [ 5.5, 5, 4.5 ],
			"rotation": { "origin": [ 4.5, 3.000001, 3.5 ], "axis": "y", "angle": -45 },
			"faces": {
				"down": { "uv": [ 2, 11, 3, 12 ], "texture": "#texture", "tintindex": 0 },
				"up": { "uv": [ 2, 12, 3, 11 ], "texture": "#texture", "tintindex": 0 },
				"north": { "uv": [ 3, 11, 2, 12 ], "texture": "#texture", "tintindex": 0 },
				"south": { "uv": [ 2, 11, 3, 12 ], "texture": "#texture", "tintindex": 0 },
				"west": { "uv": [ 2, 11, 3, 12 ], "texture": "#texture", "tintindex": 0 },
				"east": { "uv": [ 3, 12, 2, 11 ], "texture": "#texture", "rotation": 180, "tintindex": 0 }
			}
		},
		{
			"__comment": "Cube6",
			"from": [ 4.5, 0, 3.5 ],
			"to": [ 15.5, 3, 4.5 ],
			"rotation": { "origin": [ 4.5, 3, 3.5 ], "axis": "y", "angle": -45 },
			"faces": {
				"down": { "uv": [ 2, 15, 13, 16 ], "texture": "#texture", "tintindex": 0 },
				"up": { "uv": [ 2, 14, 13, 13 ], "texture": "#texture", "tintindex": 0 },
				"north": { "uv": [ 13, 13, 2, 16 ], "texture": "#texture", "tintindex": 0 },
				"south": { "uv": [ 2, 13, 13, 16 ], "texture": "#texture", "tintindex": 0 },
				"west": { "uv": [ 2, 13, 3, 16 ], "texture": "#texture", "tintindex": 0 },
				"east": { "uv": [ 13, 16, 12, 13 ], "texture": "#texture", "rotation": 180, "tintindex": 0 }
			}
		},
		{
			"__comment": "Cube7",
			"from": [ 5.5, 8, 3.5 ],
			"to": [ 6.5, 10, 4.5 ],
			"rotation": { "origin": [ 4.5, 3.000001, 3.5 ], "axis": "y", "angle": -45 },
			"faces": {
				"down": { "uv": [ 3, 7, 4, 8 ], "texture": "#texture", "tintindex": 0 },
				"up": { "uv": [ 3, 7, 4, 6 ], "texture": "#texture", "tintindex": 0 },
				"north": { "uv": [ 4, 6, 3, 8 ], "texture": "#texture", "tintindex": 0 },
				"south": { "uv": [ 3, 6, 4, 8 ], "texture": "#texture", "tintindex": 0 },
				"west": { "uv": [ 3, 6, 4, 8 ], "texture": "#texture", "tintindex": 0 },
				"east": { "uv": [ 4, 8, 3, 6 ], "texture": "#texture", "rotation": 180, "tintindex": 0 }
			}
		},
		{
			"__comment": "Cube8",
			"from": [ 5.5, 5, 3.5 ],
			"to": [ 15.5, 7, 4.5 ],
			"rotation": { "origin": [ 4.5, 3.000001, 3.5 ], "axis": "y", "angle": -45 },
			"faces": {
				"down": { "uv": [ 3, 10, 13, 11 ], "texture": "#texture", "tintindex": 0 },
				"up": { "uv": [ 3, 10, 13, 9 ], "texture": "#texture", "tintindex": 0 },
				"north": { "uv": [ 13, 9, 3, 11 ], "texture": "#texture", "tintindex": 0 },
				"south": { "uv": [ 3, 9, 13, 11 ], "texture": "#texture", "tintindex": 0 },
				"west": { "uv": [ 3, 9, 4, 11 ], "texture": "#texture", "tintindex": 0 },
				"east": { "uv": [ 13, 11, 12, 9 ], "texture": "#texture", "rotation": 180, "tintindex": 0 }
			}
		},
		{
			"__comment": "Cube9",
			"from": [ 5.5, 3, 3.5 ],
			"to": [ 15.5, 4, 4.5 ],
			"rotation": { "origin": [ 4.5, 3.000001, 3.5 ], "axis": "y", "angle": -45 },
			"faces": {
				"down": { "uv": [ 3, 12, 13, 13 ], "texture": "#texture", "tintindex": 0 },
				"up": { "uv": [ 3, 13, 13, 12 ], "texture": "#texture", "tintindex": 0 },
				"north": { "uv": [ 13, 12, 3, 13 ], "texture": "#texture", "tintindex": 0 },
				"south": { "uv": [ 3, 12, 13, 13 ], "texture": "#texture", "tintindex": 0 },
				"west": { "uv": [ 3, 12, 4, 13 ], "texture": "#texture", "tintindex": 0 },
				"east": { "uv": [ 13, 13, 12, 12 ], "texture": "#texture", "rotation": 180, "tintindex": 0 }
			}
		},
		{
			"__comment": "Cube10",
			"from": [ 6.5, 11, 3.5 ],
			"to": [ 7.5, 12, 4.5 ],
			"rotation": { "origin": [ 4.5, 3.000001, 3.5 ], "axis": "y", "angle": -45 },
			"faces": {
				"down": { "uv": [ 4, 4, 5, 5 ], "texture": "#texture", "tintindex": 0 },
				"up": { "uv": [ 4, 5, 5, 4 ], "texture": "#texture", "tintindex": 0 },
				"north": { "uv": [ 5, 4, 4, 5 ], "texture": "#texture", "tintindex": 0 },
				"south": { "uv": [ 4, 4, 5, 5 ], "texture": "#texture", "tintindex": 0 },
				"west": { "uv": [ 4, 4, 5, 5 ], "texture": "#texture", "tintindex": 0 },
				"east": { "uv": [ 5, 5, 4, 4 ], "texture": "#texture", "rotation": 180, "tintindex": 0 }
			}
		},
		{
			"__comment": "Cube11",
			"from": [ 6.5, 4, 3.5 ],
			"to": [ 12.5, 9, 4.5 ],
			"rotation": { "origin": [ 4.5, 3.000001, 3.5 ], "axis": "y", "angle": -45 },
			"faces": {
				"down": { "uv": [ 4, 11, 10, 12 ], "texture": "#texture", "tintindex": 0 },
				"up": { "uv": [ 4, 8, 10, 7 ], "texture": "#texture", "tintindex": 0 },
				"north": { "uv": [ 10, 7, 4, 12 ], "texture": "#texture", "tintindex": 0 },
				"south": { "uv": [ 4, 7, 10, 12 ], "texture": "#texture", "tintindex": 0 },
				"west": { "uv": [ 4, 7, 5, 12 ], "texture": "#texture", "tintindex": 0 },
				"east": { "uv": [ 10, 12, 9, 7 ], "texture": "#texture", "rotation": 180, "tintindex": 0 }
			}
		},
		{
			"__comment": "Cube12",
			"from": [ 7.5, 9, 3.5 ],
			"to": [ 8.5, 11, 4.5 ],
			"rotation": { "origin": [ 4.5, 3.000001, 3.5 ], "axis": "y", "angle": -45 },
			"faces": {
				"down": { "uv": [ 5, 6, 6, 7 ], "texture": "#texture", "tintindex": 0 },
				"up": { "uv": [ 5, 6, 6, 5 ], "texture": "#texture", "tintindex": 0 },
				"north": { "uv": [ 6, 5, 5, 7 ], "texture": "#texture", "tintindex": 0 },
				"south": { "uv": [ 5, 5, 6, 7 ], "texture": "#texture", "tintindex": 0 },
				"west": { "uv": [ 5, 5, 6, 7 ], "texture": "#texture", "tintindex": 0 },
				"east": { "uv": [ 6, 7, 5, 5 ], "texture": "#texture", "rotation": 180, "tintindex": 0 }
			}
		},
		{
			"__comment": "Cube13",
			"from": [ 8.5, 12, 3.5 ],
			"to": [ 9.5, 13, 4.5 ],
			"rotation": { "origin": [ 4.5, 3.000001, 3.5 ], "axis": "y", "angle": -45 },
			"faces": {
				"down": { "uv": [ 6, 3, 7, 4 ], "texture": "#texture", "tintindex": 0 },
				"up": { "uv": [ 6, 4, 7, 3 ], "texture": "#texture", "tintindex": 0 },
				"north": { "uv": [ 7, 3, 6, 4 ], "texture": "#texture", "tintindex": 0 },
				"south": { "uv": [ 6, 3, 7, 4 ], "texture": "#texture", "tintindex": 0 },
				"west": { "uv": [ 6, 3, 7, 4 ], "texture": "#texture", "tintindex": 0 },
				"east": { "uv": [ 7, 4, 6, 3 ], "texture": "#texture", "rotation": 180, "tintindex": 0 }
			}
		},
		{
			"__comment": "Cube14",
			"from": [ 8.5, 9, 3.5 ],
			"to": [ 12.5, 10, 4.5 ],
			"rotation": { "origin": [ 4.5, 3.000001, 3.5 ], "axis": "y", "angle": -45 },
			"faces": {
				"down": { "uv": [ 6, 6, 10, 7 ], "texture": "#texture", "tintindex": 0 },
				"up": { "uv": [ 6, 7, 10, 6 ], "texture": "#texture", "tintindex": 0 },
				"north": { "uv": [ 10, 6, 6, 7 ], "texture": "#texture", "tintindex": 0 },
				"south": { "uv": [ 6, 6, 10, 7 ], "texture": "#texture", "tintindex": 0 },
				"west": { "uv": [ 6, 6, 7, 7 ], "texture": "#texture", "tintindex": 0 },
				"east": { "uv": [ 10, 7, 9, 6 ], "texture": "#texture", "rotation": 180, "tintindex": 0 }
			}
		},
		{
			"__comment": "Cube15",
			"from": [ 9.5, 10, 3.5 ],
			"to": [ 10.5, 12, 4.5 ],
			"rotation": { "origin": [ 4.5, 3.000001, 3.5 ], "axis": "y", "angle": -45 },
			"faces": {
				"down": { "uv": [ 7, 5, 8, 6 ], "texture": "#texture", "tintindex": 0 },
				"up": { "uv": [ 7, 5, 8, 4 ], "texture": "#texture", "tintindex": 0 },
				"north": { "uv": [ 8, 4, 7, 6 ], "texture": "#texture", "tintindex": 0 },
				"south": { "uv": [ 7, 4, 8, 6 ], "texture": "#texture", "tintindex": 0 },
				"west": { "uv": [ 7, 4, 8, 6 ], "texture": "#texture", "tintindex": 0 },
				"east": { "uv": [ 8, 6, 7, 4 ], "texture": "#texture", "rotation": 180, "tintindex": 0 }
			}
		},
		{
			"__comment": "Cube16",
			"from": [ 10.5, 10, 3.5 ],
			"to": [ 11.5, 11, 4.5 ],
			"rotation": { "origin": [ 4.5, 3.000001, 3.5 ], "axis": "y", "angle": -45 },
			"faces": {
				"down": { "uv": [ 8, 5, 9, 6 ], "texture": "#texture", "tintindex": 0 },
				"up": { "uv": [ 8, 6, 9, 5 ], "texture": "#texture", "tintindex": 0 },
				"north": { "uv": [ 9, 5, 8, 6 ], "texture": "#texture", "tintindex": 0 },
				"south": { "uv": [ 8, 5, 9, 6 ], "texture": "#texture", "tintindex": 0 },
				"west": { "uv": [ 8, 5, 9, 6 ], "texture": "#texture", "tintindex": 0 },
				"east": { "uv": [ 9, 6, 8, 5 ], "texture": "#texture", "rotation": 180, "tintindex": 0 }
			}
		},
		{
			"__comment": "Cube17",
			"from": [ 12.5, 10, 3.5 ],
			"to": [ 13.5, 11, 4.5 ],
			"rotation": { "origin": [ 4.5, 3.000001, 3.5 ], "axis": "y", "angle": -45 },
			"faces": {
				"down": { "uv": [ 10, 5, 11, 6 ], "texture": "#texture", "tintindex": 0 },
				"up": { "uv": [ 10, 6, 11, 5 ], "texture": "#texture", "tintindex": 0 },
				"north": { "uv": [ 11, 5, 10, 6 ], "texture": "#texture", "tintindex": 0 },
				"south": { "uv": [ 10, 5, 11, 6 ], "texture": "#texture", "tintindex": 0 },
				"west": { "uv": [ 10, 5, 11, 6 ], "texture": "#texture", "tintindex": 0 },
				"east": { "uv": [ 11, 6, 10, 5 ], "texture": "#texture", "rotation": 180, "tintindex": 0 }
			}
		},
		{
			"__comment": "Cube18",
			"from": [ 12.5, 4, 3.5 ],
			"to": [ 14.5, 8, 4.5 ],
			"rotation": { "origin": [ 4.5, 3.000001, 3.5 ], "axis": "y", "angle": -45 },
			"faces": {
				"down": { "uv": [ 10, 11, 12, 12 ], "texture": "#texture", "tintindex": 0 },
				"up": { "uv": [ 10, 9, 12, 8 ], "texture": "#texture", "tintindex": 0 },
				"north": { "uv": [ 12, 8, 10, 12 ], "texture": "#texture", "tintindex": 0 },
				"south": { "uv": [ 10, 8, 12, 12 ], "texture": "#texture", "tintindex": 0 },
				"west": { "uv": [ 10, 8, 11, 12 ], "texture": "#texture", "tintindex": 0 },
				"east": { "uv": [ 12, 12, 11, 8 ], "texture": "#texture", "rotation": 180, "tintindex": 0 }
			}
		},
		{
			"__comment": "Cube19",
			"from": [ 13.5, 9, 3.5 ],
			"to": [ 15.5, 10, 4.5 ],
			"rotation": { "origin": [ 4.5, 3.000001, 3.5 ], "axis": "y", "angle": -45 },
			"faces": {
				"down": { "uv": [ 11, 6, 13, 7 ], "texture": "#texture", "tintindex": 0 },
				"up": { "uv": [ 11, 7, 13, 6 ], "texture": "#texture", "tintindex": 0 },
				"north": { "uv": [ 13, 6, 11, 7 ], "texture": "#texture", "tintindex": 0 },
				"south": { "uv": [ 11, 6, 13, 7 ], "texture": "#texture", "tintindex": 0 },
				"west": { "uv": [ 11, 6, 12, 7 ], "texture": "#texture", "tintindex": 0 },
				"east": { "uv": [ 13, 7, 12, 6 ], "texture": "#texture", "rotation": 180, "tintindex": 0 }
			}
		},
		{
			"__comment": "Cube20",
			"from": [ 13.5, 8, 3.5 ],
			"to": [ 14.5, 9, 4.5 ],
			"rotation": { "origin": [ 4.5, 3.000001, 3.5 ], "axis": "y", "angle": -45 },
			"faces": {
				"down": { "uv": [ 11, 7, 12, 8 ], "texture": "#texture", "tintindex": 0 },
				"up": { "uv": [ 11, 8, 12, 7 ], "texture": "#texture", "tintindex": 0 },
				"north": { "uv": [ 12, 7, 11, 8 ], "texture": "#texture", "tintindex": 0 },
				"south": { "uv": [ 11, 7, 12, 8 ], "texture": "#texture", "tintindex": 0 },
				"west": { "uv": [ 11, 7, 12, 8 ], "texture": "#texture", "tintindex": 0 },
				"east": { "uv": [ 12, 8, 11, 7 ], "texture": "#texture", "rotation": 180, "tintindex": 0 }
			}
		},
		{
			"__comment": "Cube21",
			"from": [ 14.5, 10, 3.5 ],
			"to": [ 16.5, 11, 4.5 ],
			"rotation": { "origin": [ 4.5, 3.000001, 3.5 ], "axis": "y", "angle": -45 },
			"faces": {
				"down": { "uv": [ 12, 5, 14, 6 ], "texture": "#texture", "tintindex": 0 },
				"up": { "uv": [ 12, 6, 14, 5 ], "texture": "#texture", "tintindex": 0 },
				"north": { "uv": [ 14, 5, 12, 6 ], "texture": "#texture", "tintindex": 0 },
				"south": { "uv": [ 12, 5, 14, 6 ], "texture": "#texture", "tintindex": 0 },
				"west": { "uv": [ 12, 5, 13, 6 ], "texture": "#texture", "tintindex": 0 },
				"east": { "uv": [ 14, 6, 13, 5 ], "texture": "#texture", "rotation": 180, "tintindex": 0 }
			}
		},
		{
			"__comment": "Cube22",
			"from": [ 15.5, 7, 3.5 ],
			"to": [ 17.5, 8, 4.5 ],
			"rotation": { "origin": [ 4.5, 3.000001, 3.5 ], "axis": "y", "angle": -45 },
			"faces": {
				"down": { "uv": [ 13, 8, 15, 9 ], "texture": "#texture", "tintindex": 0 },
				"up": { "uv": [ 13, 9, 15, 8 ], "texture": "#texture", "tintindex": 0 },
				"north": { "uv": [ 15, 8, 13, 9 ], "texture": "#texture", "tintindex": 0 },
				"south": { "uv": [ 13, 8, 15, 9 ], "texture": "#texture", "tintindex": 0 },
				"west": { "uv": [ 13, 8, 14, 9 ], "texture": "#texture", "tintindex": 0 },
				"east": { "uv": [ 15, 9, 14, 8 ], "texture": "#texture", "rotation": 180, "tintindex": 0 }
			}
		},
		{
			"__comment": "Cube23",
			"from": [ 15.5, 4, 3.5 ],
			"to": [ 16.5, 5, 4.5 ],
			"rotation": { "origin": [ 4.5, 3.000001, 3.5 ], "axis": "y", "angle": -45 },
			"faces": {
				"down": { "uv": [ 13, 11, 14, 12 ], "texture": "#texture", "tintindex": 0 },
				"up": { "uv": [ 13, 12, 14, 11 ], "texture": "#texture", "tintindex": 0 },
				"north": { "uv": [ 14, 11, 13, 12 ], "texture": "#texture", "tintindex": 0 },
				"south": { "uv": [ 13, 11, 14, 12 ], "texture": "#texture", "tintindex": 0 },
				"west": { "uv": [ 13, 11, 14, 12 ], "texture": "#texture", "tintindex": 0 },
				"east": { "uv": [ 14, 12, 13, 11 ], "texture": "#texture", "rotation": 180, "tintindex": 0 }
			}
		},
		{
			"__comment": "Cube24",
			"from": [ 15.5, 0, 3.5 ],
			"to": [ 16.5, 1, 4.5 ],
			"rotation": { "origin": [ 4.5, 3.000001, 3.5 ], "axis": "y", "angle": -45 },
			"faces": {
				"down": { "uv": [ 13, 15, 14, 16 ], "texture": "#texture", "tintindex": 0 },
				"up": { "uv": [ 13, 16, 14, 15 ], "texture": "#texture", "tintindex": 0 },
				"north": { "uv": [ 14, 15, 13, 16 ], "texture": "#texture", "tintindex": 0 },
				"south": { "uv": [ 13, 15, 14, 16 ], "texture": "#texture", "tintindex": 0 },
				"west": { "uv": [ 13, 15, 14, 16 ], "texture": "#texture", "tintindex": 0 },
				"east": { "uv": [ 14, 16, 13, 15 ], "texture": "#texture", "rotation": 180, "tintindex": 0 }
			}
		},
		{
			"__comment": "Cube25",
			"from": [ 16.5, 2, 3.5 ],
			"to": [ 17.5, 3, 4.5 ],
			"rotation": { "origin": [ 4.5, 3.000001, 3.5 ], "axis": "y", "angle": -45 },
			"faces": {
				"down": { "uv": [ 14, 13, 15, 14 ], "texture": "#texture", "tintindex": 0 },
				"up": { "uv": [ 14, 14, 15, 13 ], "texture": "#texture", "tintindex": 0 },
				"north": { "uv": [ 15, 13, 14, 14 ], "texture": "#texture", "tintindex": 0 },
				"south": { "uv": [ 14, 13, 15, 14 ], "texture": "#texture", "tintindex": 0 },
				"west": { "uv": [ 14, 13, 15, 14 ], "texture": "#texture", "tintindex": 0 },
				"east": { "uv": [ 15, 14, 14, 13 ], "texture": "#texture", "rotation": 180, "tintindex": 0 }
			}
		},
		{
			"__comment": "Cube1",
			"from": [ 9.5, 1, -4.5 ],
			"to": [ 10.5, 2, 10.5 ],
			"rotation": { "origin": [ 4.5, 3.000001, 3.5 ], "axis": "y", "angle": -45 },
			"faces": {
				"down": { "uv": [ 0, 14, 15, 15 ], "texture": "#texture", "rotation": 270, "tintindex": 0 },
				"up": { "uv": [ 0, 15, 15, 14 ], "texture": "#texture", "rotation": 90, "tintindex": 0 },
				"north": { "uv": [ 0, 14, 1, 15 ], "texture": "#texture", "tintindex": 0 },
				"south": { "uv": [ 15, 15, 14, 14 ], "texture": "#texture", "rotation": 180, "tintindex": 0 },
				"west": { "uv": [ 0, 14, 15, 15 ], "texture": "#texture", "tintindex": 0 },
				"east": { "uv": [ 15, 14, 0, 15 ], "texture": "#texture", "tintindex": 0 }
			}
		},
		{
			"__comment": "Cube2",
			"from": [ 9.5, 5, -3.5 ],
			"to": [ 10.5, 6, -2.5 ],
			"rotation": { "origin": [ 4.5, 3.000001, 3.5 ], "axis": "y", "angle": -45 },
			"faces": {
				"down": { "uv": [ 1, 10, 2, 11 ], "texture": "#texture", "rotation": 270, "tintindex": 0 },
				"up": { "uv": [ 1, 11, 2, 10 ], "texture": "#texture", "rotation": 90, "tintindex": 0 },
				"north": { "uv": [ 1, 10, 2, 11 ], "texture": "#texture", "tintindex": 0 },
				"south": { "uv": [ 2, 11, 1, 10 ], "texture": "#texture", "rotation": 180, "tintindex": 0 },
				"west": { "uv": [ 1, 10, 2, 11 ], "texture": "#texture", "tintindex": 0 },
				"east": { "uv": [ 2, 10, 1, 11 ], "texture": "#texture", "tintindex": 0 }
			}
		},
		{
			"__comment": "Cube3",
			"from": [ 9.5, 0, -3.5 ],
			"to": [ 10.5, 4, -2.5 ],
			"rotation": { "origin": [ 4.5, 3.000001, 3.5 ], "axis": "y", "angle": -45 },
			"faces": {
				"down": { "uv": [ 1, 15, 2, 16 ], "texture": "#texture", "rotation": 270, "tintindex": 0 },
				"up": { "uv": [ 1, 13, 2, 12 ], "texture": "#texture", "rotation": 90, "tintindex": 0 },
				"north": { "uv": [ 1, 12, 2, 16 ], "texture": "#texture", "tintindex": 0 },
				"south": { "uv": [ 2, 16, 1, 12 ], "texture": "#texture", "rotation": 180, "tintindex": 0 },
				"west": { "uv": [ 1, 12, 2, 16 ], "texture": "#texture", "tintindex": 0 },
				"east": { "uv": [ 2, 12, 1, 16 ], "texture": "#texture", "tintindex": 0 }
			}
		},
		{
			"__comment": "Cube4",
			"from": [ 9.5, 7, -2.5 ],
			"to": [ 10.5, 8, -1.5 ],
			"rotation": { "origin": [ 4.5, 3.000001, 3.5 ], "axis": "y", "angle": -45 },
			"faces": {
				"down": { "uv": [ 2, 8, 3, 9 ], "texture": "#texture", "rotation": 270, "tintindex": 0 },
				"up": { "uv": [ 2, 9, 3, 8 ], "texture": "#texture", "rotation": 90, "tintindex": 0 },
				"north": { "uv": [ 2, 8, 3, 9 ], "texture": "#texture", "tintindex": 0 },
				"south": { "uv": [ 3, 9, 2, 8 ], "texture": "#texture", "rotation": 180, "tintindex": 0 },
				"west": { "uv": [ 2, 8, 3, 9 ], "texture": "#texture", "tintindex": 0 },
				"east": { "uv": [ 3, 8, 2, 9 ], "texture": "#texture", "tintindex": 0 }
			}
		},
		{
			"__comment": "Cube5",
			"from": [ 9.5, 4, -2.5 ],
			"to": [ 10.5, 5, -1.5 ],
			"rotation": { "origin": [ 4.5, 3.000001, 3.5 ], "axis": "y", "angle": -45 },
			"faces": {
				"down": { "uv": [ 2, 11, 3, 12 ], "texture": "#texture", "rotation": 270, "tintindex": 0 },
				"up": { "uv": [ 2, 12, 3, 11 ], "texture": "#texture", "rotation": 90, "tintindex": 0 },
				"north": { "uv": [ 2, 11, 3, 12 ], "texture": "#texture", "tintindex": 0 },
				"south": { "uv": [ 3, 12, 2, 11 ], "texture": "#texture", "rotation": 180, "tintindex": 0 },
				"west": { "uv": [ 2, 11, 3, 12 ], "texture": "#texture", "tintindex": 0 },
				"east": { "uv": [ 3, 11, 2, 12 ], "texture": "#texture", "tintindex": 0 }
			}
		},
		{
			"__comment": "Cube6",
			"from": [ 9.5, 0, -2.5 ],
			"to": [ 10.5, 3, 8.5 ],
			"rotation": { "origin": [ 4.5, 3.000001, 3.5 ], "axis": "y", "angle": -45 },
			"faces": {
				"down": { "uv": [ 2, 15, 13, 16 ], "texture": "#texture", "rotation": 270, "tintindex": 0 },
				"up": { "uv": [ 2, 14, 13, 13 ], "texture": "#texture", "rotation": 90, "tintindex": 0 },
				"north": { "uv": [ 2, 13, 3, 16 ], "texture": "#texture", "tintindex": 0 },
				"south": { "uv": [ 13, 16, 12, 13 ], "texture": "#texture", "rotation": 180, "tintindex": 0 },
				"west": { "uv": [ 2, 13, 13, 16 ], "texture": "#texture", "tintindex": 0 },
				"east": { "uv": [ 13, 13, 2, 16 ], "texture": "#texture", "tintindex": 0 }
			}
		},
		{
			"__comment": "Cube7",
			"from": [ 9.5, 8, -1.5 ],
			"to": [ 10.5, 10, -0.5 ],
			"rotation": { "origin": [ 4.5, 3.000001, 3.5 ], "axis": "y", "angle": -45 },
			"faces": {
				"down": { "uv": [ 3, 7, 4, 8 ], "texture": "#texture", "rotation": 270, "tintindex": 0 },
				"up": { "uv": [ 3, 7, 4, 6 ], "texture": "#texture", "rotation": 90, "tintindex": 0 },
				"north": { "uv": [ 3, 6, 4, 8 ], "texture": "#texture", "tintindex": 0 },
				"south": { "uv": [ 4, 8, 3, 6 ], "texture": "#texture", "rotation": 180, "tintindex": 0 },
				"west": { "uv": [ 3, 6, 4, 8 ], "texture": "#texture", "tintindex": 0 },
				"east": { "uv": [ 4, 6, 3, 8 ], "texture": "#texture", "tintindex": 0 }
			}
		},
		{
			"__comment": "Cube8",
			"from": [ 9.5, 5, -1.5 ],
			"to": [ 10.5, 7, 8.5 ],
			"rotation": { "origin": [ 4.5, 3.000001, 3.5 ], "axis": "y", "angle": -45 },
			"faces": {
				"down": { "uv": [ 3, 10, 13, 11 ], "texture": "#texture", "rotation": 270, "tintindex": 0 },
				"up": { "uv": [ 3, 10, 13, 9 ], "texture": "#texture", "rotation": 90, "tintindex": 0 },
				"north": { "uv": [ 3, 9, 4, 11 ], "texture": "#texture", "tintindex": 0 },
				"south": { "uv": [ 13, 11, 12, 9 ], "texture": "#texture", "rotation": 180, "tintindex": 0 },
				"west": { "uv": [ 3, 9, 13, 11 ], "texture": "#texture", "tintindex": 0 },
				"east": { "uv": [ 13, 9, 3, 11 ], "texture": "#texture", "tintindex": 0 }
			}
		},
		{
			"__comment": "Cube9",
			"from": [ 9.5, 3, -1.5 ],
			"to": [ 10.5, 4, 8.5 ],
			"rotation": { "origin": [ 4.5, 3.000001, 3.5 ], "axis": "y", "angle": -45 },
			"faces": {
				"down": { "uv": [ 3, 12, 13, 13 ], "texture": "#texture", "rotation": 270, "tintindex": 0 },
				"up": { "uv": [ 3, 13, 13, 12 ], "texture": "#texture", "rotation": 90, "tintindex": 0 },
				"north": { "uv": [ 3, 12, 4, 13 ], "texture": "#texture", "tintindex": 0 },
				"south": { "uv": [ 13, 13, 12, 12 ], "texture": "#texture", "rotation": 180, "tintindex": 0 },
				"west": { "uv": [ 3, 12, 13, 13 ], "texture": "#texture", "tintindex": 0 },
				"east": { "uv": [ 13, 12, 3, 13 ], "texture": "#texture", "tintindex": 0 }
			}
		},
		{
			"__comment": "Cube10",
			"from": [ 9.5, 11, -0.5 ],
			"to": [ 10.5, 12, 0.5 ],
			"rotation": { "origin": [ 4.5, 3.000001, 3.5 ], "axis": "y", "angle": -45 },
			"faces": {
				"down": { "uv": [ 4, 4, 5, 5 ], "texture": "#texture", "rotation": 270, "tintindex": 0 },
				"up": { "uv": [ 4, 5, 5, 4 ], "texture": "#texture", "rotation": 90, "tintindex": 0 },
				"north": { "uv": [ 4, 4, 5, 5 ], "texture": "#texture", "tintindex": 0 },
				"south": { "uv": [ 5, 5, 4, 4 ], "texture": "#texture", "rotation": 180, "tintindex": 0 },
				"west": { "uv": [ 4, 4, 5, 5 ], "texture": "#texture", "tintindex": 0 },
				"east": { "uv": [ 5, 4, 4, 5 ], "texture": "#texture", "tintindex": 0 }
			}
		},
		{
			"__comment": "Cube11",
			"from": [ 9.5, 4, -0.5 ],
			"to": [ 10.5, 9, 5.5 ],
			"rotation": { "origin": [ 4.5, 3.000001, 3.5 ], "axis": "y", "angle": -45 },
			"faces": {
				"down": { "uv": [ 4, 11, 10, 12 ], "texture": "#texture", "rotation": 270, "tintindex": 0 },
				"up": { "uv": [ 4, 8, 10, 7 ], "texture": "#texture", "rotation": 90, "tintindex": 0 },
				"north": { "uv": [ 4, 7, 5, 12 ], "texture": "#texture", "tintindex": 0 },
				"south": { "uv": [ 10, 12, 9, 7 ], "texture": "#texture", "rotation": 180, "tintindex": 0 },
				"west": { "uv": [ 4, 7, 10, 12 ], "texture": "#texture", "tintindex": 0 },
				"east": { "uv": [ 10, 7, 4, 12 ], "texture": "#texture", "tintindex": 0 }
			}
		},
		{
			"__comment": "Cube12",
			"from": [ 9.5, 9, 0.5 ],
			"to": [ 10.5, 11, 1.5 ],
			"rotation": { "origin": [ 4.5, 3.000001, 3.5 ], "axis": "y", "angle": -45 },
			"faces": {
				"down": { "uv": [ 5, 6, 6, 7 ], "texture": "#texture", "rotation": 270, "tintindex": 0 },
				"up": { "uv": [ 5, 6, 6, 5 ], "texture": "#texture", "rotation": 90, "tintindex": 0 },
				"north": { "uv": [ 5, 5, 6, 7 ], "texture": "#texture", "tintindex": 0 },
				"south": { "uv": [ 6, 7, 5, 5 ], "texture": "#texture", "rotation": 180, "tintindex": 0 },
				"west": { "uv": [ 5, 5, 6, 7 ], "texture": "#texture", "tintindex": 0 },
				"east": { "uv": [ 6, 5, 5, 7 ], "texture": "#texture", "tintindex": 0 }
			}
		},
		{
			"__comment": "Cube13",
			"from": [ 9.5, 12, 1.5 ],
			"to": [ 10.5, 13, 2.5 ],
			"rotation": { "origin": [ 4.5, 3.000001, 3.5 ], "axis": "y", "angle": -45 },
			"faces": {
				"down": { "uv": [ 6, 3, 7, 4 ], "texture": "#texture", "rotation": 270, "tintindex": 0 },
				"up": { "uv": [ 6, 4, 7, 3 ], "texture": "#texture", "rotation": 90, "tintindex": 0 },
				"north": { "uv": [ 6, 3, 7, 4 ], "texture": "#texture", "tintindex": 0 },
				"south": { "uv": [ 7, 4, 6, 3 ], "texture": "#texture", "rotation": 180, "tintindex": 0 },
				"west": { "uv": [ 6, 3, 7, 4 ], "texture": "#texture", "tintindex": 0 },
				"east": { "uv": [ 7, 3, 6, 4 ], "texture": "#texture", "tintindex": 0 }
			}
		},
		{
			"__comment": "Cube14",
			"from": [ 9.5, 9, 1.5 ],
			"to": [ 10.5, 10, 5.5 ],
			"rotation": { "origin": [ 4.5, 3.000001, 3.5 ], "axis": "y", "angle": -45 },
			"faces": {
				"down": { "uv": [ 6, 6, 10, 7 ], "texture": "#texture", "rotation": 270, "tintindex": 0 },
				"up": { "uv": [ 6, 7, 10, 6 ], "texture": "#texture", "rotation": 90, "tintindex": 0 },
				"north": { "uv": [ 6, 6, 7, 7 ], "texture": "#texture", "tintindex": 0 },
				"south": { "uv": [ 10, 7, 9, 6 ], "texture": "#texture", "rotation": 180, "tintindex": 0 },
				"west": { "uv": [ 6, 6, 10, 7 ], "texture": "#texture", "tintindex": 0 },
				"east": { "uv": [ 10, 6, 6, 7 ], "texture": "#texture", "tintindex": 0 }
			}
		},
		{
			"__comment": "Cube15",
			"from": [ 9.5, 10, 2.5 ],
			"to": [ 10.5, 12, 3.5 ],
			"rotation": { "origin": [ 4.5, 3.000001, 3.5 ], "axis": "y", "angle": -45 },
			"faces": {
				"down": { "uv": [ 7, 5, 8, 6 ], "texture": "#texture", "rotation": 270, "tintindex": 0 },
				"up": { "uv": [ 7, 5, 8, 4 ], "texture": "#texture", "rotation": 90, "tintindex": 0 },
				"north": { "uv": [ 7, 4, 8, 6 ], "texture": "#texture", "tintindex": 0 },
				"south": { "uv": [ 8, 6, 7, 4 ], "texture": "#texture", "rotation": 180, "tintindex": 0 },
				"west": { "uv": [ 7, 4, 8, 6 ], "texture": "#texture", "tintindex": 0 },
				"east": { "uv": [ 8, 4, 7, 6 ], "texture": "#texture", "tintindex": 0 }
			}
		},
		{
			"__comment": "Cube16",
			"from": [ 9.5, 10, 3.5 ],
			"to": [ 10.5, 11, 4.5 ],
			"rotation": { "origin": [ 4.5, 3.000001, 3.5 ], "axis": "y", "angle": -45 },
			"faces": {
				"down": { "uv": [ 8, 5, 9, 6 ], "texture": "#texture", "rotation": 270, "tintindex": 0 },
				"up": { "uv": [ 8, 6, 9, 5 ], "texture": "#texture", "rotation": 90, "tintindex": 0 },
				"north": { "uv": [ 8, 5, 9, 6 ], "texture": "#texture", "tintindex": 0 },
				"south": { "uv": [ 9, 6, 8, 5 ], "texture": "#texture", "rotation": 180, "tintindex": 0 },
				"west": { "uv": [ 8, 5, 9, 6 ], "texture": "#texture", "tintindex": 0 },
				"east": { "uv": [ 9, 5, 8, 6 ], "texture": "#texture", "tintindex": 0 }
			}
		},
		{
			"__comment": "Cube17",
			"from": [ 9.5, 10, 5.5 ],
			"to": [ 10.5, 11, 6.5 ],
			"rotation": { "origin": [ 4.5, 3.000001, 3.5 ], "axis": "y", "angle": -45 },
			"faces": {
				"down": { "uv": [ 10, 5, 11, 6 ], "texture": "#texture", "rotation": 270, "tintindex": 0 },
				"up": { "uv": [ 10, 6, 11, 5 ], "texture": "#texture", "rotation": 90, "tintindex": 0 },
				"north": { "uv": [ 10, 5, 11, 6 ], "texture": "#texture", "tintindex": 0 },
				"south": { "uv": [ 11, 6, 10, 5 ], "texture": "#texture", "rotation": 180, "tintindex": 0 },
				"west": { "uv": [ 10, 5, 11, 6 ], "texture": "#texture", "tintindex": 0 },
				"east": { "uv": [ 11, 5, 10, 6 ], "texture": "#texture", "tintindex": 0 }
			}
		},
		{
			"__comment": "Cube18",
			"from": [ 9.5, 4, 5.5 ],
			"to": [ 10.5, 8, 7.5 ],
			"rotation": { "origin": [ 4.5, 3.000001, 3.5 ], "axis": "y", "angle": -45 },
			"faces": {
				"down": { "uv": [ 10, 11, 12, 12 ], "texture": "#texture", "rotation": 270, "tintindex": 0 },
				"up": { "uv": [ 10, 9, 12, 8 ], "texture": "#texture", "rotation": 90, "tintindex": 0 },
				"north": { "uv": [ 10, 8, 11, 12 ], "texture": "#texture", "tintindex": 0 },
				"south": { "uv": [ 12, 12, 11, 8 ], "texture": "#texture", "rotation": 180, "tintindex": 0 },
				"west": { "uv": [ 10, 8, 12, 12 ], "texture": "#texture", "tintindex": 0 },
				"east": { "uv": [ 12, 8, 10, 12 ], "texture": "#texture", "tintindex": 0 }
			}
		},
		{
			"__comment": "Cube19",
			"from": [ 9.5, 9, 6.5 ],
			"to": [ 10.5, 10, 8.5 ],
			"rotation": { "origin": [ 4.5, 3.000001, 3.5 ], "axis": "y", "angle": -45 },
			"faces": {
				"down": { "uv": [ 11, 6, 13, 7 ], "texture": "#texture", "rotation": 270, "tintindex": 0 },
				"up": { "uv": [ 11, 7, 13, 6 ], "texture": "#texture", "rotation": 90, "tintindex": 0 },
				"north": { "uv": [ 11, 6, 12, 7 ], "texture": "#texture", "tintindex": 0 },
				"south": { "uv": [ 13, 7, 12, 6 ], "texture": "#texture", "rotation": 180, "tintindex": 0 },
				"west": { "uv": [ 11, 6, 13, 7 ], "texture": "#texture", "tintindex": 0 },
				"east": { "uv": [ 13, 6, 11, 7 ], "texture": "#texture", "tintindex": 0 }
			}
		},
		{
			"__comment": "Cube20",
			"from": [ 9.5, 8, 6.5 ],
			"to": [ 10.5, 9, 7.5 ],
			"rotation": { "origin": [ 4.5, 3.000001, 3.5 ], "axis": "y", "angle": -45 },
			"faces": {
				"down": { "uv": [ 11, 7, 12, 8 ], "texture": "#texture", "rotation": 270, "tintindex": 0 },
				"up": { "uv": [ 11, 8, 12, 7 ], "texture": "#texture", "rotation": 90, "tintindex": 0 },
				"north": { "uv": [ 11, 7, 12, 8 ], "texture": "#texture", "tintindex": 0 },
				"south": { "uv": [ 12, 8, 11, 7 ], "texture": "#texture", "rotation": 180, "tintindex": 0 },
				"west": { "uv": [ 11, 7, 12, 8 ], "texture": "#texture", "tintindex": 0 },
				"east": { "uv": [ 12, 7, 11, 8 ], "texture": "#texture", "tintindex": 0 }
			}
		},
		{
			"__comment": "Cube21",
			"from": [ 9.5, 10, 7.5 ],
			"to": [ 10.5, 11, 9.5 ],
			"rotation": { "origin": [ 4.5, 3.000001, 3.5 ], "axis": "y", "angle": -45 },
			"faces": {
				"down": { "uv": [ 12, 5, 14, 6 ], "texture": "#texture", "rotation": 270, "tintindex": 0 },
				"up": { "uv": [ 12, 6, 14, 5 ], "texture": "#texture", "rotation": 90, "tintindex": 0 },
				"north": { "uv": [ 12, 5, 13, 6 ], "texture": "#texture", "tintindex": 0 },
				"south": { "uv": [ 14, 6, 13, 5 ], "texture": "#texture", "rotation": 180, "tintindex": 0 },
				"west": { "uv": [ 12, 5, 14, 6 ], "texture": "#texture", "tintindex": 0 },
				"east": { "uv": [ 14, 5, 12, 6 ], "texture": "#texture", "tintindex": 0 }
			}
		},
		{
			"__comment": "Cube22",
			"from": [ 9.5, 7, 8.5 ],
			"to": [ 10.5, 8, 10.5 ],
			"rotation": { "origin": [ 4.5, 3.000001, 3.5 ], "axis": "y", "angle": -45 },
			"faces": {
				"down": { "uv": [ 13, 8, 15, 9 ], "texture": "#texture", "rotation": 270, "tintindex": 0 },
				"up": { "uv": [ 13, 9, 15, 8 ], "texture": "#texture", "rotation": 90, "tintindex": 0 },
				"north": { "uv": [ 13, 8, 14, 9 ], "texture": "#texture", "tintindex": 0 },
				"south": { "uv": [ 15, 9, 14, 8 ], "texture": "#texture", "rotation": 180, "tintindex": 0 },
				"west": { "uv": [ 13, 8, 15, 9 ], "texture": "#texture", "tintindex": 0 },
				"east": { "uv": [ 15, 8, 13, 9 ], "texture": "#texture", "tintindex": 0 }
			}
		},
		{
			"__comment": "Cube23",
			"from": [ 9.5, 4, 8.5 ],
			"to": [ 10.5, 5, 9.5 ],
			"rotation": { "origin": [ 4.5, 3.000001, 3.5 ], "axis": "y", "angle": -45 },
			"faces": {
				"down": { "uv": [ 13, 11, 14, 12 ], "texture": "#texture", "rotation": 270, "tintindex": 0 },
				"up": { "uv": [ 13, 12, 14, 11 ], "texture": "#texture", "rotation": 90, "tintindex": 0 },
				"north": { "uv": [ 13, 11, 14, 12 ], "texture": "#texture", "tintindex": 0 },
				"south": { "uv": [ 14, 12, 13, 11 ], "texture": "#texture", "rotation": 180, "tintindex": 0 },
				"west": { "uv": [ 13, 11, 14, 12 ], "texture": "#texture", "tintindex": 0 },
				"east": { "uv": [ 14, 11, 13, 12 ], "texture": "#texture", "tintindex": 0 }
			}
		},
		{
			"__comment": "Cube24",
			"from": [ 9.5, 0, 8.5 ],
			"to": [ 10.5, 1, 9.5 ],
			"rotation": { "origin": [ 4.5, 3.000001, 3.5 ], "axis": "y", "angle": -45 },
			"faces": {
				"down": { "uv": [ 13, 15, 14, 16 ], "texture": "#texture", "rotation": 270, "tintindex": 0 },
				"up": { "uv": [ 13, 16, 14, 15 ], "texture": "#texture", "rotation": 90, "tintindex": 0 },
				"north": { "uv": [ 13, 15, 14, 16 ], "texture": "#texture", "tintindex": 0 },
				"south": { "uv": [ 14, 16, 13, 15 ], "texture": "#texture", "rotation": 180, "tintindex": 0 },
				"west": { "uv": [ 13, 15, 14, 16 ], "texture": "#texture", "tintindex": 0 },
				"east": { "uv": [ 14, 15, 13, 16 ], "texture": "#texture", "tintindex": 0 }
			}
		},
		{
			"__comment": "Cube25",
			"from": [ 9.5, 2, 9.5 ],
			"to": [ 10.5, 3, 10.5 ],
			"rotation": { "origin": [ 4.5, 3.000001, 3.5 ], "axis": "y", "angle": -45 },
			"faces": {
				"down": { "uv": [ 14, 13, 15, 14 ], "texture": "#texture", "rotation": 270, "tintindex": 0 },
				"up": { "uv": [ 14, 14, 15, 13 ], "texture": "#texture", "rotation": 90, "tintindex": 0 },
				"north": { "uv": [ 14, 13, 15, 14 ], "texture": "#texture", "tintindex": 0 },
				"south": { "uv": [ 15, 14, 14, 13 ], "texture": "#texture", "rotation": 180, "tintindex": 0 },
				"west": { "uv": [ 14, 13, 15, 14 ], "texture": "#texture", "tintindex": 0 },
				"east": { "uv": [ 15, 13, 14, 14 ], "texture": "#texture", "tintindex": 0 }
			}
		}
	]
}