{
"ambientocclusion": false,
"textures": {
    "particle": "blocks/tallgrass",
    "texture": "blocks/tallgrass"
},
"elements": [ 
{
    "from": [ 7, 0, 1 ],
    "to": [ 8, 3, 15 ],
    "rotation": { "origin": [ 8.0, 8.0, 8.0 ], "axis": "y", "angle": 45.0 },
    "faces": {
        "down":  { "uv": [ 9, 16, 8, 2 ], "texture": "#texture", "tintindex": 0 },
        "up":    { "uv": [ 8, 2, 9, 16 ], "texture": "#texture", "tintindex": 0 },
        "north": { "uv": [ 1, 13, 2, 16 ], "texture": "#texture", "tintindex": 0 },
        "south": { "uv": [ 14, 13, 15, 16 ], "texture": "#texture", "tintindex": 0 },
        "west":  { "uv": [ 1, 13, 15, 16 ], "texture": "#texture", "tintindex": 0 },
        "east":  { "uv": [ 1, 13, 15, 16 ], "texture": "#texture", "tintindex": 0 }
    }
},
{
    "from": [ 7, 0, 0 ],
    "to": [ 8, 1, 1 ],
    "rotation": { "origin": [ 8.0, 8.0, 8.0 ], "axis": "y", "angle": 45.0 },
    "faces": {
        "down":  { "uv": [ 0, 15, 1, 16 ], "texture": "#texture", "tintindex": 0 },
        "up":    { "uv": [ 0, 15, 1, 16 ], "texture": "#texture", "tintindex": 0 },
        "north": { "uv": [ 0, 15, 1, 16 ], "texture": "#texture", "tintindex": 0 },
        "west":  { "uv": [ 0, 15, 1, 16 ], "texture": "#texture", "tintindex": 0 },
        "east":  { "uv": [ 0, 15, 1, 16 ], "texture": "#texture", "tintindex": 0 }
    }
},
{
    "from": [ 7, 3, 1 ],
    "to": [ 8, 4, 14 ],
    "rotation": { "origin": [ 8.0, 8.0, 8.0 ], "axis": "y", "angle": 45.0 },
    "faces": {
        "up":    { "uv": [ 6, 3, 7, 16 ], "texture": "#texture", "tintindex": 0 },
        "north": { "uv": [ 1, 12, 2, 13 ], "texture": "#texture", "tintindex": 0 },
        "south": { "uv": [ 13, 12, 14, 13 ], "texture": "#texture", "tintindex": 0 },
        "west":  { "uv": [ 1, 12, 14, 13 ], "texture": "#texture", "tintindex": 0 },
        "east":  { "uv": [ 1, 12, 14, 13 ], "texture": "#texture", "tintindex": 0 }
    }
},
{
    "from": [ 7, 4, 1 ],
    "to": [ 8, 9, 3 ],
    "rotation": { "origin": [ 8.0, 8.0, 8.0 ], "axis": "y", "angle": 45.0 },
    "faces": {
        "up":    { "uv": [ 1, 7, 2, 9 ], "texture": "#texture", "tintindex": 0 },
        "north": { "uv": [ 1, 7, 2, 12 ], "texture": "#texture", "tintindex": 0 },
        "south": { "uv": [ 2, 7, 3, 12 ], "texture": "#texture", "tintindex": 0 },
        "west":  { "uv": [ 1, 7, 3, 12 ], "texture": "#texture", "tintindex": 0 },
        "east":  { "uv": [ 1, 7, 3, 12 ], "texture": "#texture", "tintindex": 0 }
    }
},
{
    "from": [ 7, 4, 4 ],
    "to": [ 8, 9, 5 ],
    "rotation": { "origin": [ 8.0, 8.0, 8.0 ], "axis": "y", "angle": 45.0 },
    "faces": {
        "up":    { "uv": [ 4, 7, 5, 8 ], "texture": "#texture", "tintindex": 0 },
        "north": { "uv": [ 4, 7, 5, 12 ], "texture": "#texture", "tintindex": 0 },
        "south": { "uv": [ 4, 7, 5, 12 ], "texture": "#texture", "tintindex": 0 },
        "west":  { "uv": [ 4, 7, 5, 12 ], "texture": "#texture", "tintindex": 0 },
        "east":  { "uv": [ 4, 7, 5, 12 ], "texture": "#texture", "tintindex": 0 }
    }
},
{
    "from": [ 7, 6, 5 ],
    "to": [ 8, 16, 6 ],
    "rotation": { "origin": [ 8.0, 8.0, 8.0 ], "axis": "y", "angle": 45.0 },
    "faces": {
        "down":  { "uv": [ 5, 9, 6, 10 ], "texture": "#texture", "tintindex": 0 },
        "up":    { "uv": [ 5, 0, 6, 1 ], "texture": "#texture", "tintindex": 0 },
        "north": { "uv": [ 5, 0, 6, 10 ], "texture": "#texture", "tintindex": 0 },
        "south": { "uv": [ 5, 0, 6, 10 ], "texture": "#texture", "tintindex": 0 },
        "west":  { "uv": [ 5, 0, 6, 10 ], "texture": "#texture", "tintindex": 0 },
        "east":  { "uv": [ 5, 0, 6, 10 ], "texture": "#texture", "tintindex": 0 }
    }
},
{
    "from": [ 7, 7, 3 ],
    "to": [ 8, 13, 4 ],
    "rotation": { "origin": [ 8.0, 8.0, 8.0 ], "axis": "y", "angle": 45.0 },
    "faces": {
        "down":  { "uv": [ 3, 8, 4, 9 ], "texture": "#texture", "tintindex": 0 },
        "up":    { "uv": [ 3, 3, 4, 4 ], "texture": "#texture", "tintindex": 0 },
        "north": { "uv": [ 3, 3, 4, 9 ], "texture": "#texture", "tintindex": 0 },
        "south": { "uv": [ 3, 3, 4, 9 ], "texture": "#texture", "tintindex": 0 },
        "west":  { "uv": [ 3, 3, 4, 9 ], "texture": "#texture", "tintindex": 0 },
        "east":  { "uv": [ 3, 3, 4, 9 ], "texture": "#texture", "tintindex": 0 }
    }
},
{
    "from": [ 7, 8, 0 ],
    "to": [ 8, 12, 1 ],
    "rotation": { "origin": [ 8.0, 8.0, 8.0 ], "axis": "y", "angle": 45.0 },
    "faces": {
        "down":  { "uv": [ 1, 8, 0, 7 ], "texture": "#texture", "tintindex": 0 },
        "up":    { "uv": [ 0, 4, 1, 5 ], "texture": "#texture", "tintindex": 0 },
        "north": { "uv": [ 0, 4, 1, 8 ], "texture": "#texture", "tintindex": 0 },
        "south": { "uv": [ 0, 4, 1, 8 ], "texture": "#texture", "tintindex": 0 },
        "west":  { "uv": [ 0, 4, 1, 8 ], "texture": "#texture", "tintindex": 0 },
        "east":  { "uv": [ 0, 4, 1, 8 ], "texture": "#texture", "tintindex": 0 }
    }
},
{
    "from": [ 7, 9, 1 ],
    "to": [ 8, 11, 2 ],
    "rotation": { "origin": [ 8.0, 8.0, 8.0 ], "axis": "y", "angle": 45.0 },
    "faces": {
        "up":    { "uv": [ 1, 5, 2, 6 ], "texture": "#texture", "tintindex": 0 },
        "south": { "uv": [ 1, 5, 2, 7 ], "texture": "#texture", "tintindex": 0 },
        "west":  { "uv": [ 1, 5, 2, 7 ], "texture": "#texture", "tintindex": 0 },
        "east":  { "uv": [ 1, 5, 2, 7 ], "texture": "#texture", "tintindex": 0 }
    }
},
{
    "from": [ 7, 11, 2 ],
    "to": [ 8, 14, 3 ],
    "rotation": { "origin": [ 8.0, 8.0, 8.0 ], "axis": "y", "angle": 45.0 },
    "faces": {
        "down":  { "uv": [ 2, 4, 3, 5 ], "texture": "#texture", "tintindex": 0 },
        "up":    { "uv": [ 2, 2, 3, 3 ], "texture": "#texture", "tintindex": 0 },
        "north": { "uv": [ 2, 2, 3, 5 ], "texture": "#texture", "tintindex": 0 },
        "south": { "uv": [ 2, 2, 3, 5 ], "texture": "#texture", "tintindex": 0 },
        "west":  { "uv": [ 2, 2, 3, 5 ], "texture": "#texture", "tintindex": 0 },
        "east":  { "uv": [ 2, 2, 3, 5 ], "texture": "#texture", "tintindex": 0 }
    }
},
{
    "from": [ 7, 4, 6 ],
    "to": [ 8, 13, 7 ],
    "rotation": { "origin": [ 8.0, 8.0, 8.0 ], "axis": "y", "angle": 45.0 },
    "faces": {
        "up":    { "uv": [ 6, 11, 7, 12 ], "texture": "#texture", "tintindex": 0 },
        "north": { "uv": [ 6, 3, 7, 12 ], "texture": "#texture", "tintindex": 0 },
        "south": { "uv": [ 6, 3, 7, 12 ], "texture": "#texture", "tintindex": 0 },
        "west":  { "uv": [ 6, 3, 7, 12 ], "texture": "#texture", "tintindex": 0 },
        "east":  { "uv": [ 6, 3, 7, 12 ], "texture": "#texture", "tintindex": 0 }
    }
},
{
    "from": [ 7, 8, 7 ],
    "to": [ 8, 9, 8 ],
    "rotation": { "origin": [ 8.0, 8.0, 8.0 ], "axis": "y", "angle": 45.0 },
    "faces": {
        "down":  { "uv": [ 7, 7, 8, 8 ], "texture": "#texture", "tintindex": 0 },
        "up":    { "uv": [ 7, 7, 8, 8 ], "texture": "#texture", "tintindex": 0 },
        "west":  { "uv": [ 7, 7, 8, 8 ], "texture": "#texture", "tintindex": 0 },
        "east":  { "uv": [ 7, 7, 8, 8 ], "texture": "#texture", "tintindex": 0 }
    }
},
{
    "from": [ 7, 4, 7 ],
    "to": [ 8, 7, 8 ],
    "rotation": { "origin": [ 8.0, 8.0, 8.0 ], "axis": "y", "angle": 45.0 },
    "faces": {
        "up":    { "uv": [ 7, 9, 8, 10 ], "texture": "#texture", "tintindex": 0 },
        "west":  { "uv": [ 7, 9, 8, 12 ], "texture": "#texture", "tintindex": 0 },
        "east":  { "uv": [ 7, 9, 8, 12 ], "texture": "#texture", "tintindex": 0 }
    }
},
{
    "from": [ 7, 4, 8 ],
    "to": [ 8, 14, 9 ],
    "rotation": { "origin": [ 8.0, 8.0, 8.0 ], "axis": "y", "angle": 45.0 },
    "faces": {
        "up":    { "uv": [ 8, 2, 9, 3 ], "texture": "#texture", "tintindex": 0 },
        "north": { "uv": [ 8, 2, 9, 12 ], "texture": "#texture", "tintindex": 0 },
        "south": { "uv": [ 8, 2, 9, 12 ], "texture": "#texture", "tintindex": 0 },
        "west":  { "uv": [ 8, 2, 9, 12 ], "texture": "#texture", "tintindex": 0 },
        "east":  { "uv": [ 8, 2, 9, 12 ], "texture": "#texture", "tintindex": 0 }
    }
},
{
    "from": [ 7, 7, 9 ],
    "to": [ 8, 11, 10 ],
    "rotation": { "origin": [ 8.0, 8.0, 8.0 ], "axis": "y", "angle": 45.0 },
    "faces": {
        "down":  { "uv": [ 9, 8, 10, 9 ], "texture": "#texture", "tintindex": 0 },
        "up":    { "uv": [ 9, 5, 10, 6 ], "texture": "#texture", "tintindex": 0 },
        "west":  { "uv": [ 9, 5, 10, 9 ], "texture": "#texture", "tintindex": 0 },
        "east":  { "uv": [ 9, 5, 10, 9 ], "texture": "#texture", "tintindex": 0 }
    }
},
{
    "from": [ 7, 4, 10 ],
    "to": [ 8, 14, 11 ],
    "rotation": { "origin": [ 8.0, 8.0, 8.0 ], "axis": "y", "angle": 45.0 },
    "faces": {
        "up":    { "uv": [ 8, 2, 9, 3 ], "texture": "#texture", "tintindex": 0 },
        "north": { "uv": [ 8, 2, 9, 12 ], "texture": "#texture", "tintindex": 0 },
        "south": { "uv": [ 8, 2, 9, 12 ], "texture": "#texture", "tintindex": 0 },
        "west":  { "uv": [ 10, 2, 11, 12 ], "texture": "#texture", "tintindex": 0 },
        "east":  { "uv": [ 10, 2, 11, 12 ], "texture": "#texture", "tintindex": 0 }
    }
},
{
    "from": [ 7, 14, 11 ],
    "to": [ 8, 15, 12 ],
    "rotation": { "origin": [ 8.0, 8.0, 8.0 ], "axis": "y", "angle": 45.0 },
    "faces": {
        "down":  { "uv": [ 11, 1, 12, 2 ], "texture": "#texture", "tintindex": 0 },
        "up":    { "uv": [ 11, 1, 12, 2 ], "texture": "#texture", "tintindex": 0 },
        "north": { "uv": [ 11, 1, 12, 2 ], "texture": "#texture", "tintindex": 0 },
        "south": { "uv": [ 11, 1, 12, 2 ], "texture": "#texture", "tintindex": 0 },
        "west":  { "uv": [ 11, 1, 12, 2 ], "texture": "#texture", "tintindex": 0 },
        "east":  { "uv": [ 11, 1, 12, 2 ], "texture": "#texture", "tintindex": 0 }
    }
},
{
    "from": [ 7, 10, 11 ],
    "to": [ 8, 12, 12 ],
    "rotation": { "origin": [ 8.0, 8.0, 8.0 ], "axis": "y", "angle": 45.0 },
    "faces": {
        "down":  { "uv": [ 11, 5, 12, 6 ], "texture": "#texture", "tintindex": 0 },
        "up":    { "uv": [ 11, 4, 12, 5 ], "texture": "#texture", "tintindex": 0 },
        "south": { "uv": [ 11, 4, 12, 6 ], "texture": "#texture", "tintindex": 0 },
        "west":  { "uv": [ 11, 4, 12, 6 ], "texture": "#texture", "tintindex": 0 },
        "east":  { "uv": [ 11, 4, 12, 6 ], "texture": "#texture", "tintindex": 0 }
    }
},
{
    "from": [ 7, 4, 11 ],
    "to": [ 8, 8, 12 ],
    "rotation": { "origin": [ 8.0, 8.0, 8.0 ], "axis": "y", "angle": 45.0 },
    "faces": {
        "up":    { "uv": [ 11, 8, 12, 9 ], "texture": "#texture", "tintindex": 0 },
        "west":  { "uv": [ 11, 8, 12, 12 ], "texture": "#texture", "tintindex": 0 },
        "east":  { "uv": [ 11, 8, 12, 12 ], "texture": "#texture", "tintindex": 0 }
    }
},
{
    "from": [ 7, 12, 12 ],
    "to": [ 8, 13, 13 ],
    "rotation": { "origin": [ 8.0, 8.0, 8.0 ], "axis": "y", "angle": 45.0 },
    "faces": {
        "down":  { "uv": [ 12, 3, 13, 4 ], "texture": "#texture", "tintindex": 0 },
        "up":    { "uv": [ 12, 3, 13, 4 ], "texture": "#texture", "tintindex": 0 },
        "north": { "uv": [ 12, 3, 13, 4 ], "texture": "#texture", "tintindex": 0 },
        "south": { "uv": [ 12, 3, 13, 4 ], "texture": "#texture", "tintindex": 0 },
        "west":  { "uv": [ 12, 3, 13, 4 ], "texture": "#texture", "tintindex": 0 },
        "east":  { "uv": [ 12, 3, 13, 4 ], "texture": "#texture", "tintindex": 0 }
    }
},
{
    "from": [ 7, 4, 12 ],
    "to": [ 8, 11, 13 ],
    "rotation": { "origin": [ 8.0, 8.0, 8.0 ], "axis": "y", "angle": 45.0 },
    "faces": {
        "up":    { "uv": [ 12, 5, 13, 6 ], "texture": "#texture", "tintindex": 0 },
        "north": { "uv": [ 12, 5, 13, 12 ], "texture": "#texture", "tintindex": 0 },
        "south": { "uv": [ 12, 5, 13, 12 ], "texture": "#texture", "tintindex": 0 },
        "west":  { "uv": [ 12, 5, 13, 12 ], "texture": "#texture", "tintindex": 0 },
        "east":  { "uv": [ 12, 5, 13, 12 ], "texture": "#texture", "tintindex": 0 }
    }
},
{
    "from": [ 7, 4, 13 ],
    "to": [ 8, 8, 14 ],
    "rotation": { "origin": [ 8.0, 8.0, 8.0 ], "axis": "y", "angle": 45.0 },
    "faces": {
        "up":    { "uv": [ 13, 8, 14, 9 ], "texture": "#texture", "tintindex": 0 },
        "south": { "uv": [ 13, 8, 14, 12 ], "texture": "#texture", "tintindex": 0 },
        "west":  { "uv": [ 13, 8, 14, 12 ], "texture": "#texture", "tintindex": 0 },
        "east":  { "uv": [ 13, 8, 14, 12 ], "texture": "#texture", "tintindex": 0 }
    }
},
{
    "from": [ 7, 5, 14 ],
    "to": [ 8, 13, 15 ],
    "rotation": { "origin": [ 8.0, 8.0, 8.0 ], "axis": "y", "angle": 45.0 },
    "faces": {
        "down":  { "uv": [ 14, 10, 15, 11 ], "texture": "#texture", "tintindex": 0 },
        "up":    { "uv": [ 14, 3, 15, 4 ], "texture": "#texture", "tintindex": 0 },
        "north": { "uv": [ 14, 3, 15, 11 ], "texture": "#texture", "tintindex": 0 },
        "south": { "uv": [ 14, 3, 15, 11 ], "texture": "#texture", "tintindex": 0 },
        "west":  { "uv": [ 14, 3, 15, 11 ], "texture": "#texture", "tintindex": 0 },
        "east":  { "uv": [ 14, 3, 15, 11 ], "texture": "#texture", "tintindex": 0 }
    }
},
{
    "from": [ 7, 11, 15 ],
    "to": [ 8, 14, 16 ],
    "rotation": { "origin": [ 8.0, 8.0, 8.0 ], "axis": "y", "angle": 45.0 },
    "faces": {
        "down":  { "uv": [ 15, 4, 16, 5 ], "texture": "#texture", "tintindex": 0 },
        "up":    { "uv": [ 15, 2, 16, 3 ], "texture": "#texture", "tintindex": 0 },
        "north": { "uv": [ 15, 2, 16, 5 ], "texture": "#texture", "tintindex": 0 },
        "south": { "uv": [ 15, 2, 16, 5 ], "texture": "#texture", "tintindex": 0 },
        "west":  { "uv": [ 15, 2, 16, 5 ], "texture": "#texture", "tintindex": 0 },
        "east":  { "uv": [ 15, 2, 16, 5 ], "texture": "#texture", "tintindex": 0 }
    }
},
{
    "from": [ 1, 0, 8 ],
    "to": [ 15, 3, 9 ],
    "rotation": { "origin": [ 8.0, 8.0, 8.0 ], "axis": "y", "angle": 45.0 },
    "faces": {
        "down":  { "uv": [ 9, 16, 8, 2 ], "rotation": 270, "texture": "#texture", "tintindex": 0 },
        "up":    { "uv": [ 8, 2, 9, 16 ], "rotation": 90, "texture": "#texture", "tintindex": 0 },
        "north": { "uv": [ 1, 13, 15, 16 ], "texture": "#texture", "tintindex": 0 },
        "south": { "uv": [ 1, 13, 15, 16 ], "texture": "#texture", "tintindex": 0 },
        "west":  { "uv": [ 14, 13, 15, 16 ], "texture": "#texture", "tintindex": 0 },
        "east":  { "uv": [ 1, 13, 2, 16 ], "texture": "#texture", "tintindex": 0 }
    }
},
{
    "from": [ 15, 0, 8 ],
    "to": [ 16, 1, 9 ],
    "rotation": { "origin": [ 8.0, 8.0, 8.0 ], "axis": "y", "angle": 45.0 },
    "faces": {
        "down":  { "uv": [ 0, 15, 1, 16 ], "rotation": 270, "texture": "#texture", "tintindex": 0 },
        "up":    { "uv": [ 0, 15, 1, 16 ], "rotation": 90, "texture": "#texture", "tintindex": 0 },
        "north": { "uv": [ 0, 15, 1, 16 ], "texture": "#texture", "tintindex": 0 },
        "south": { "uv": [ 0, 15, 1, 16 ], "texture": "#texture", "tintindex": 0 },
        "east":  { "uv": [ 0, 15, 1, 16 ], "texture": "#texture", "tintindex": 0 }
    }
},
{
    "from": [ 2, 3, 8 ],
    "to": [ 15, 4, 9 ],
    "rotation": { "origin": [ 8.0, 8.0, 8.0 ], "axis": "y", "angle": 45.0 },
    "faces": {
        "up":    { "uv": [ 6, 3, 7, 16 ], "rotation": 90, "texture": "#texture", "tintindex": 0 },
        "north": { "uv": [ 1, 12, 14, 13 ], "texture": "#texture", "tintindex": 0 },
        "south": { "uv": [ 1, 12, 14, 13 ], "texture": "#texture", "tintindex": 0 },
        "west":  { "uv": [ 13, 12, 14, 13 ], "texture": "#texture", "tintindex": 0 },
        "east":  { "uv": [ 1, 12, 2, 13 ], "texture": "#texture", "tintindex": 0 }
    }
},
{
    "from": [ 13, 4, 8 ],
    "to": [ 15, 9, 9 ],
    "rotation": { "origin": [ 8.0, 8.0, 8.0 ], "axis": "y", "angle": 45.0 },
    "faces": {
        "up":    { "uv": [ 1, 7, 2, 9 ], "rotation": 90, "texture": "#texture", "tintindex": 0 },
        "north": { "uv": [ 1, 7, 3, 12 ], "texture": "#texture", "tintindex": 0 },
        "south": { "uv": [ 1, 7, 3, 12 ], "texture": "#texture", "tintindex": 0 },
        "west":  { "uv": [ 2, 7, 3, 12 ], "texture": "#texture", "tintindex": 0 },
        "east":  { "uv": [ 1, 7, 2, 12 ], "texture": "#texture", "tintindex": 0 }
    }
},
{
    "from": [ 11, 4, 8 ],
    "to": [ 12, 9, 9 ],
    "rotation": { "origin": [ 8.0, 8.0, 8.0 ], "axis": "y", "angle": 45.0 },
    "faces": {
        "up":    { "uv": [ 4, 7, 5, 8 ], "rotation": 90, "texture": "#texture", "tintindex": 0 },
        "north": { "uv": [ 4, 7, 5, 12 ], "texture": "#texture", "tintindex": 0 },
        "south": { "uv": [ 4, 7, 5, 12 ], "texture": "#texture", "tintindex": 0 },
        "west":  { "uv": [ 4, 7, 5, 12 ], "texture": "#texture", "tintindex": 0 },
        "east":  { "uv": [ 4, 7, 5, 12 ], "texture": "#texture", "tintindex": 0 }
    }
},
{
    "from": [ 10, 6, 8 ],
    "to": [ 11, 16, 9 ],
    "rotation": { "origin": [ 8.0, 8.0, 8.0 ], "axis": "y", "angle": 45.0 },
    "faces": {
        "down":  { "uv": [ 5, 9, 6, 10 ], "rotation": 270, "texture": "#texture", "tintindex": 0 },
        "up":    { "uv": [ 5, 0, 6, 1 ], "rotation": 90, "texture": "#texture", "tintindex": 0 },
        "north": { "uv": [ 5, 0, 6, 10 ], "texture": "#texture", "tintindex": 0 },
        "south": { "uv": [ 5, 0, 6, 10 ], "texture": "#texture", "tintindex": 0 },
        "west":  { "uv": [ 5, 0, 6, 10 ], "texture": "#texture", "tintindex": 0 },
        "east":  { "uv": [ 5, 0, 6, 10 ], "texture": "#texture", "tintindex": 0 }
    }
},
{
    "from": [ 12, 7, 8 ],
    "to": [ 13, 13, 9 ],
    "rotation": { "origin": [ 8.0, 8.0, 8.0 ], "axis": "y", "angle": 45.0 },
    "faces": {
        "down":  { "uv": [ 3, 8, 4, 9 ], "rotation": 270, "texture": "#texture", "tintindex": 0 },
        "up":    { "uv": [ 3, 3, 4, 4 ], "rotation": 90, "texture": "#texture", "tintindex": 0 },
        "north": { "uv": [ 3, 3, 4, 9 ], "texture": "#texture", "tintindex": 0 },
        "south": { "uv": [ 3, 3, 4, 9 ], "texture": "#texture", "tintindex": 0 },
        "west":  { "uv": [ 3, 3, 4, 9 ], "texture": "#texture", "tintindex": 0 },
        "east":  { "uv": [ 3, 3, 4, 9 ], "texture": "#texture", "tintindex": 0 }
    }
},
{
    "from": [ 15, 8, 8 ],
    "to": [ 16, 12, 9 ],
    "rotation": { "origin": [ 8.0, 8.0, 8.0 ], "axis": "y", "angle": 45.0 },
    "faces": {
        "down":  { "uv": [ 1, 8, 0, 7 ], "rotation": 270, "texture": "#texture", "tintindex": 0 },
        "up":    { "uv": [ 0, 4, 1, 5 ], "rotation": 90, "texture": "#texture", "tintindex": 0 },
        "north": { "uv": [ 0, 4, 1, 8 ], "texture": "#texture", "tintindex": 0 },
        "south": { "uv": [ 0, 4, 1, 8 ], "texture": "#texture", "tintindex": 0 },
        "west":  { "uv": [ 0, 4, 1, 8 ], "texture": "#texture", "tintindex": 0 },
        "east":  { "uv": [ 0, 4, 1, 8 ], "texture": "#texture", "tintindex": 0 }
    }
},
{
    "from": [ 14, 9, 8 ],
    "to": [ 15, 11, 9 ],
    "rotation": { "origin": [ 8.0, 8.0, 8.0 ], "axis": "y", "angle": 45.0 },
    "faces": {
        "up":    { "uv": [ 1, 5, 2, 6 ], "rotation": 90, "texture": "#texture", "tintindex": 0 },
        "north": { "uv": [ 1, 5, 2, 7 ], "texture": "#texture", "tintindex": 0 },
        "south": { "uv": [ 1, 5, 2, 7 ], "texture": "#texture", "tintindex": 0 },
        "west":  { "uv": [ 1, 5, 2, 7 ], "texture": "#texture", "tintindex": 0 }
    }
},
{
    "from": [ 13, 11, 8 ],
    "to": [ 14, 14, 9 ],
    "rotation": { "origin": [ 8.0, 8.0, 8.0 ], "axis": "y", "angle": 45.0 },
    "faces": {
        "down":  { "uv": [ 2, 4, 3, 5 ], "rotation": 270, "texture": "#texture", "tintindex": 0 },
        "up":    { "uv": [ 2, 2, 3, 3 ], "rotation": 90, "texture": "#texture", "tintindex": 0 },
        "north": { "uv": [ 2, 2, 3, 5 ], "texture": "#texture", "tintindex": 0 },
        "south": { "uv": [ 2, 2, 3, 5 ], "texture": "#texture", "tintindex": 0 },
        "west":  { "uv": [ 2, 2, 3, 5 ], "texture": "#texture", "tintindex": 0 },
        "east":  { "uv": [ 2, 2, 3, 5 ], "texture": "#texture", "tintindex": 0 }
    }
},
{
    "from": [ 9, 4, 8 ],
    "to": [ 10, 13, 9 ],
    "rotation": { "origin": [ 8.0, 8.0, 8.0 ], "axis": "y", "angle": 45.0 },
    "faces": {
        "up":    { "uv": [ 6, 11, 7, 12 ], "rotation": 90, "texture": "#texture", "tintindex": 0 },
        "north": { "uv": [ 6, 3, 7, 12 ], "texture": "#texture", "tintindex": 0 },
        "south": { "uv": [ 6, 3, 7, 12 ], "texture": "#texture", "tintindex": 0 },
        "west":  { "uv": [ 6, 3, 7, 12 ], "texture": "#texture", "tintindex": 0 },
        "east":  { "uv": [ 6, 3, 7, 12 ], "texture": "#texture", "tintindex": 0 }
    }
},
{
    "from": [ 8, 8, 8 ],
    "to": [ 9, 9, 9 ],
    "rotation": { "origin": [ 8.0, 8.0, 8.0 ], "axis": "y", "angle": 45.0 },
    "faces": {
        "down":  { "uv": [ 7, 7, 8, 8 ], "rotation": 270, "texture": "#texture", "tintindex": 0 },
        "up":    { "uv": [ 7, 7, 8, 8 ], "rotation": 90, "texture": "#texture", "tintindex": 0 },
        "north": { "uv": [ 7, 7, 8, 8 ], "texture": "#texture", "tintindex": 0 },
        "south": { "uv": [ 7, 7, 8, 8 ], "texture": "#texture", "tintindex": 0 }
    }
},
{
    "from": [ 8, 4, 8 ],
    "to": [ 9, 7, 9 ],
    "rotation": { "origin": [ 8.0, 8.0, 8.0 ], "axis": "y", "angle": 45.0 },
    "faces": {
        "up":    { "uv": [ 7, 9, 8, 10 ], "rotation": 90, "texture": "#texture", "tintindex": 0 },
        "north": { "uv": [ 7, 9, 8, 12 ], "texture": "#texture", "tintindex": 0 },
        "south": { "uv": [ 7, 9, 8, 12 ], "texture": "#texture", "tintindex": 0 }
    }
},
{
    "from": [ 7, 4, 8 ],
    "to": [ 8, 14, 9 ],
    "rotation": { "origin": [ 8.0, 8.0, 8.0 ], "axis": "y", "angle": 45.0 },
    "faces": {
        "up":    { "uv": [ 8, 2, 9, 3 ], "rotation": 90, "texture": "#texture", "tintindex": 0 },
        "north": { "uv": [ 8, 2, 9, 12 ], "texture": "#texture", "tintindex": 0 },
        "south": { "uv": [ 8, 2, 9, 12 ], "texture": "#texture", "tintindex": 0 },
        "west":  { "uv": [ 8, 2, 9, 12 ], "texture": "#texture", "tintindex": 0 },
        "east":  { "uv": [ 8, 2, 9, 12 ], "texture": "#texture", "tintindex": 0 }
    }
},
{
    "from": [ 6, 7, 8 ],
    "to": [ 7, 11, 9 ],
    "rotation": { "origin": [ 8.0, 8.0, 8.0 ], "axis": "y", "angle": 45.0 },
    "faces": {
        "down":  { "uv": [ 9, 8, 10, 9 ], "rotation": 270, "texture": "#texture", "tintindex": 0 },
        "up":    { "uv": [ 9, 5, 10, 6 ], "rotation": 90, "texture": "#texture", "tintindex": 0 },
        "north": { "uv": [ 9, 5, 10, 9 ], "texture": "#texture", "tintindex": 0 },
        "south": { "uv": [ 9, 5, 10, 9 ], "texture": "#texture", "tintindex": 0 }
    }
},
{
    "from": [ 5, 4, 8 ],
    "to": [ 6, 14, 9 ],
    "rotation": { "origin": [ 8.0, 8.0, 8.0 ], "axis": "y", "angle": 45.0 },
    "faces": {
        "up":    { "uv": [ 8, 2, 9, 3 ], "rotation": 90, "texture": "#texture", "tintindex": 0 },
        "north": { "uv": [ 10, 2, 11, 12 ], "texture": "#texture", "tintindex": 0 },
        "south": { "uv": [ 10, 2, 11, 12 ], "texture": "#texture", "tintindex": 0 },
        "west":  { "uv": [ 8, 2, 9, 12 ], "texture": "#texture", "tintindex": 0 },
        "east":  { "uv": [ 8, 2, 9, 12 ], "texture": "#texture", "tintindex": 0 }
    }
},
{
    "from": [ 4, 14, 8 ],
    "to": [ 5, 15, 9 ],
    "rotation": { "origin": [ 8.0, 8.0, 8.0 ], "axis": "y", "angle": 45.0 },
    "faces": {
        "down":  { "uv": [ 11, 1, 12, 2 ], "rotation": 270, "texture": "#texture", "tintindex": 0 },
        "up":    { "uv": [ 11, 1, 12, 2 ], "rotation": 90, "texture": "#texture", "tintindex": 0 },
        "north": { "uv": [ 11, 1, 12, 2 ], "texture": "#texture", "tintindex": 0 },
        "south": { "uv": [ 11, 1, 12, 2 ], "texture": "#texture", "tintindex": 0 },
        "west":  { "uv": [ 11, 1, 12, 2 ], "texture": "#texture", "tintindex": 0 },
        "east":  { "uv": [ 11, 1, 12, 2 ], "texture": "#texture", "tintindex": 0 }
    }
},
{
    "from": [ 4, 10, 8 ],
    "to": [ 5, 12, 9 ],
    "rotation": { "origin": [ 8.0, 8.0, 8.0 ], "axis": "y", "angle": 45.0 },
    "faces": {
        "down":  { "uv": [ 11, 5, 12, 6 ], "rotation": 270, "texture": "#texture", "tintindex": 0 },
        "up":    { "uv": [ 11, 4, 12, 5 ], "rotation": 90, "texture": "#texture", "tintindex": 0 },
        "north": { "uv": [ 11, 4, 12, 6 ], "texture": "#texture", "tintindex": 0 },
        "south": { "uv": [ 11, 4, 12, 6 ], "texture": "#texture", "tintindex": 0 },
        "west":  { "uv": [ 11, 4, 12, 6 ], "texture": "#texture", "tintindex": 0 }
    }
},
{
    "from": [ 4, 4, 8 ],
    "to": [ 5, 8, 9 ],
    "rotation": { "origin": [ 8.0, 8.0, 8.0 ], "axis": "y", "angle": 45.0 },
    "faces": {
        "up":    { "uv": [ 11, 8, 12, 9 ], "rotation": 90, "texture": "#texture", "tintindex": 0 },
        "north": { "uv": [ 11, 8, 12, 12 ], "texture": "#texture", "tintindex": 0 },
        "south": { "uv": [ 11, 8, 12, 12 ], "texture": "#texture", "tintindex": 0 }
    }
},
{
    "from": [ 3, 12, 8 ],
    "to": [ 4, 13, 9 ],
    "rotation": { "origin": [ 8.0, 8.0, 8.0 ], "axis": "y", "angle": 45.0 },
    "faces": {
        "down":  { "uv": [ 12, 3, 13, 4 ], "rotation": 270, "texture": "#texture", "tintindex": 0 },
        "up":    { "uv": [ 12, 3, 13, 4 ], "rotation": 90, "texture": "#texture", "tintindex": 0 },
        "north": { "uv": [ 12, 3, 13, 4 ], "texture": "#texture", "tintindex": 0 },
        "south": { "uv": [ 12, 3, 13, 4 ], "texture": "#texture", "tintindex": 0 },
        "west":  { "uv": [ 12, 3, 13, 4 ], "texture": "#texture", "tintindex": 0 },
        "east":  { "uv": [ 12, 3, 13, 4 ], "texture": "#texture", "tintindex": 0 }
    }
},
{
    "from": [ 3, 4, 8 ],
    "to": [ 4, 11, 9 ],
    "rotation": { "origin": [ 8.0, 8.0, 8.0 ], "axis": "y", "angle": 45.0 },
    "faces": {
        "up":    { "uv": [ 12, 5, 13, 6 ], "rotation": 90, "texture": "#texture", "tintindex": 0 },
        "north": { "uv": [ 12, 5, 13, 12 ], "texture": "#texture", "tintindex": 0 },
        "south": { "uv": [ 12, 5, 13, 12 ], "texture": "#texture", "tintindex": 0 },
        "west":  { "uv": [ 12, 5, 13, 12 ], "texture": "#texture", "tintindex": 0 },
        "east":  { "uv": [ 12, 5, 13, 12 ], "texture": "#texture", "tintindex": 0 }
    }
},
{
    "from": [ 2, 4, 8 ],
    "to": [ 3, 8, 9 ],
    "rotation": { "origin": [ 8.0, 8.0, 8.0 ], "axis": "y", "angle": 45.0 },
    "faces": {
        "up":    { "uv": [ 13, 8, 14, 9 ], "rotation": 90, "texture": "#texture", "tintindex": 0 },
        "north": { "uv": [ 13, 8, 14, 12 ], "texture": "#texture", "tintindex": 0 },
        "south": { "uv": [ 13, 8, 14, 12 ], "texture": "#texture", "tintindex": 0 },
        "west":  { "uv": [ 13, 8, 14, 12 ], "texture": "#texture", "tintindex": 0 }
    }
},
{
    "from": [ 1, 5, 8 ],
    "to": [ 2, 13, 9 ],
    "rotation": { "origin": [ 8.0, 8.0, 8.0 ], "axis": "y", "angle": 45.0 },
    "faces": {
        "down":  { "uv": [ 14, 10, 15, 11 ], "rotation": 270, "texture": "#texture", "tintindex": 0 },
        "up":    { "uv": [ 14, 3, 15, 4 ], "rotation": 90, "texture": "#texture", "tintindex": 0 },
        "north": { "uv": [ 14, 3, 15, 11 ], "texture": "#texture", "tintindex": 0 },
        "south": { "uv": [ 14, 3, 15, 11 ], "texture": "#texture", "tintindex": 0 },
        "west":  { "uv": [ 14, 3, 15, 11 ], "texture": "#texture", "tintindex": 0 },
        "east":  { "uv": [ 14, 3, 15, 11 ], "texture": "#texture", "tintindex": 0 }
    }
},
{
    "from": [ 0, 11, 8 ],
    "to": [ 1, 14, 9 ],
    "rotation": { "origin": [ 8.0, 8.0, 8.0 ], "axis": "y", "angle": 45.0 },
    "faces": {
        "down":  { "uv": [ 15, 4, 16, 5 ], "rotation": 270, "texture": "#texture", "tintindex": 0 },
        "up":    { "uv": [ 15, 2, 16, 3 ], "rotation": 90, "texture": "#texture", "tintindex": 0 },
        "north": { "uv": [ 15, 2, 16, 5 ], "texture": "#texture", "tintindex": 0 },
        "south": { "uv": [ 15, 2, 16, 5 ], "texture": "#texture", "tintindex": 0 },
        "west":  { "uv": [ 15, 2, 16, 5 ], "texture": "#texture", "tintindex": 0 },
        "east":  { "uv": [ 15, 2, 16, 5 ], "texture": "#texture", "tintindex": 0 }
    }
}
],
"display": {
    "thirdperson_righthand": {
        "rotation": [ 0, -90, 0 ],
        "translation": [ 0, 4, 2 ],
        "scale": [ 0.85, 0.85, 0.85 ]
    },
    "thirdperson_lefthand": {
        "rotation": [ 0, 90, 0 ],
        "translation": [ 0, 4, 2 ],
        "scale": [ 0.85, 0.85, 0.85 ]
    },
    "ground": {
        "rotation": [ 0, 0, 0 ],
        "translation": [ 0, 2, 0 ],
        "scale": [ 0.5, 0.5, 0.5 ]
    },
    "fixed": {
        "rotation": [ 0, 0, 0 ],
        "translation": [ 0, 0, 0 ],
        "scale": [ 0.5, 0.5, 0.5 ]
    },
    "firstperson_righthand": {
        "rotation": [ 0, -90, 25 ],
        "translation": [ 1.2, 3.2, 1.13 ],
        "scale": [ 0.68, 0.68, 0.68 ]
    },
    "firstperson_lefthand": {
        "rotation": [ 0, 90, -25 ],
        "translation": [ 0.2, 3.2, 1.12 ],
        "scale": [ 0.68, 0.68, 0.68 ]
    },
    "gui": {
        "rotation": [ 30, 225, 0 ],
        "translation": [ 0, 0, 0 ],
        "scale": [ 0.75, 0.75, 0.75 ]
    }
}
}