{
"ambientocclusion": false,
"textures": {
    "particle": "blocks/tallgrass2",
    "texture": "blocks/tallgrass2"
},
"elements": [ 
{
    "from": [ 0, 0, 7 ],
    "to": [ 15, 3, 8 ],
    "rotation": { "origin": [ 8.0, 8.0, 8.0 ], "axis": "y", "angle": 45.0 },
    "faces": {
        "down":  { "uv": [ 0, 15, 15, 16 ], "texture": "#texture", "tintindex": 0 },
        "up":    { "uv": [ 0, 13, 15, 14 ], "texture": "#texture", "tintindex": 0 },
        "north": { "uv": [ 0, 13, 15, 16 ], "texture": "#texture", "tintindex": 0 },
        "south": { "uv": [ 0, 13, 15, 16 ], "texture": "#texture", "tintindex": 0 },
        "west":  { "uv": [ 0, 13, 1, 16 ], "texture": "#texture", "tintindex": 0 },
        "east":  { "uv": [ 14, 13, 15, 16 ], "texture": "#texture", "tintindex": 0 }
    }
},
{
    "from": [ 15, 0, 7 ],
    "to": [ 16, 2, 8 ],
    "rotation": { "origin": [ 8.0, 8.0, 8.0 ], "axis": "y", "angle": 45.0 },
    "faces": {
        "down":  { "uv": [ 15, 15, 16, 16 ], "texture": "#texture", "tintindex": 0 },
        "up":    { "uv": [ 15, 14, 16, 15 ], "texture": "#texture", "tintindex": 0 },
        "north": { "uv": [ 15, 14, 16, 16 ], "texture": "#texture", "tintindex": 0 },
        "south": { "uv": [ 15, 14, 16, 16 ], "texture": "#texture", "tintindex": 0 },
        "east":  { "uv": [ 15, 14, 16, 16 ], "texture": "#texture", "tintindex": 0 }
    }
},
{
    "from": [ 0, 4, 7 ],
    "to": [ 1, 5, 8 ],
    "rotation": { "origin": [ 8.0, 8.0, 8.0 ], "axis": "y", "angle": 45.0 },
    "faces": {
        "down":  { "uv": [ 0, 11, 1, 12 ], "texture": "#texture", "tintindex": 0 },
        "up":    { "uv": [ 0, 11, 1, 12 ], "texture": "#texture", "tintindex": 0 },
        "north": { "uv": [ 0, 11, 1, 12 ], "texture": "#texture", "tintindex": 0 },
        "south": { "uv": [ 0, 11, 1, 12 ], "texture": "#texture", "tintindex": 0 },
        "west":  { "uv": [ 0, 11, 1, 12 ], "texture": "#texture", "tintindex": 0 },
        "east":  { "uv": [ 0, 11, 1, 12 ], "texture": "#texture", "tintindex": 0 }
    }
},
{
    "from": [ 1, 6, 7 ],
    "to": [ 2, 7, 8 ],
    "rotation": { "origin": [ 8.0, 8.0, 8.0 ], "axis": "y", "angle": 45.0 },
    "faces": {
        "down":  { "uv": [ 1, 9, 2, 10 ], "texture": "#texture", "tintindex": 0 },
        "up":    { "uv": [ 1, 9, 2, 10 ], "texture": "#texture", "tintindex": 0 },
        "north": { "uv": [ 1, 9, 2, 10 ], "texture": "#texture", "tintindex": 0 },
        "south": { "uv": [ 1, 9, 2, 10 ], "texture": "#texture", "tintindex": 0 },
        "west":  { "uv": [ 1, 9, 2, 10 ], "texture": "#texture", "tintindex": 0 },
        "east":  { "uv": [ 1, 9, 2, 10 ], "texture": "#texture", "tintindex": 0 }
    }
},
{
    "from": [ 1, 3, 7 ],
    "to": [ 2, 4, 8 ],
    "rotation": { "origin": [ 8.0, 8.0, 8.0 ], "axis": "y", "angle": 45.0 },
    "faces": {
        "up":    { "uv": [ 1, 12, 2, 13 ], "texture": "#texture", "tintindex": 0 },
        "north": { "uv": [ 1, 12, 2, 13 ], "texture": "#texture", "tintindex": 0 },
        "south": { "uv": [ 1, 12, 2, 13 ], "texture": "#texture", "tintindex": 0 },
        "west":  { "uv": [ 1, 12, 2, 13 ], "texture": "#texture", "tintindex": 0 },
        "east":  { "uv": [ 1, 12, 2, 13 ], "texture": "#texture", "tintindex": 0 }
    }
},
{
    "from": [ 2, 4, 7 ],
    "to": [ 3, 5, 8 ],
    "rotation": { "origin": [ 8.0, 8.0, 8.0 ], "axis": "y", "angle": 45.0 },
    "faces": {
        "down":  { "uv": [ 2, 11, 3, 12 ], "texture": "#texture", "tintindex": 0 },
        "up":    { "uv": [ 2, 11, 3, 12 ], "texture": "#texture", "tintindex": 0 },
        "north": { "uv": [ 2, 11, 3, 12 ], "texture": "#texture", "tintindex": 0 },
        "south": { "uv": [ 2, 11, 3, 12 ], "texture": "#texture", "tintindex": 0 },
        "west":  { "uv": [ 2, 11, 3, 12 ], "texture": "#texture", "tintindex": 0 },
        "east":  { "uv": [ 2, 11, 3, 12 ], "texture": "#texture", "tintindex": 0 }
    }
},
{
    "from": [ 3, 3, 7 ],
    "to": [ 6, 4, 8 ],
    "rotation": { "origin": [ 8.0, 8.0, 8.0 ], "axis": "y", "angle": 45.0 },
    "faces": {
        "up":    { "uv": [ 3, 12.5, 6, 13.5 ], "texture": "#texture", "tintindex": 0 },
        "north": { "uv": [ 3, 12, 6, 13 ], "texture": "#texture", "tintindex": 0 },
        "south": { "uv": [ 3, 12, 6, 13 ], "texture": "#texture", "tintindex": 0 },
        "west":  { "uv": [ 3, 12, 4, 13 ], "texture": "#texture", "tintindex": 0 },
        "east":  { "uv": [ 5, 12, 6, 13 ], "texture": "#texture", "tintindex": 0 }
    }
},
{
    "from": [ 4, 4, 7 ],
    "to": [ 5, 5, 8 ],
    "rotation": { "origin": [ 8.0, 8.0, 8.0 ], "axis": "y", "angle": 45.0 },
    "faces": {
        "north": { "uv": [ 4, 11, 5, 12 ], "texture": "#texture", "tintindex": 0 },
        "south": { "uv": [ 4, 11, 5, 12 ], "texture": "#texture", "tintindex": 0 },
        "west":  { "uv": [ 4, 11, 5, 12 ], "texture": "#texture", "tintindex": 0 },
        "east":  { "uv": [ 4, 11, 5, 12 ], "texture": "#texture", "tintindex": 0 }
    }
},
{
    "from": [ 4, 5, 7 ],
    "to": [ 7, 6, 8 ],
    "rotation": { "origin": [ 8.0, 8.0, 8.0 ], "axis": "y", "angle": 45.0 },
    "faces": {
        "down":  { "uv": [ 4, 10, 7, 11 ], "texture": "#texture", "tintindex": 0 },
        "up":    { "uv": [ 4, 10, 7, 11 ], "texture": "#texture", "tintindex": 0 },
        "north": { "uv": [ 4, 10, 7, 11 ], "texture": "#texture", "tintindex": 0 },
        "south": { "uv": [ 4, 10, 7, 11 ], "texture": "#texture", "tintindex": 0 },
        "west":  { "uv": [ 4, 10, 5, 11 ], "texture": "#texture", "tintindex": 0 },
        "east":  { "uv": [ 6, 10, 7, 11 ], "texture": "#texture", "tintindex": 0 }
    }
},
{
    "from": [ 5, 6, 7 ],
    "to": [ 6, 7, 8 ],
    "rotation": { "origin": [ 8.0, 8.0, 8.0 ], "axis": "y", "angle": 45.0 },
    "faces": {
        "up":    { "uv": [ 4.5, 9, 5.5, 10 ], "texture": "#texture", "tintindex": 0 },
        "north": { "uv": [ 5, 9, 6, 10 ], "texture": "#texture", "tintindex": 0 },
        "south": { "uv": [ 5, 9, 6, 10 ], "texture": "#texture", "tintindex": 0 },
        "west":  { "uv": [ 5, 9, 6, 10 ], "texture": "#texture", "tintindex": 0 },
        "east":  { "uv": [ 5, 9, 6, 10 ], "texture": "#texture", "tintindex": 0 }
    }
},
{
    "from": [ 7, 3, 7 ],
    "to": [ 14, 4, 8 ],
    "rotation": { "origin": [ 8.0, 8.0, 8.0 ], "axis": "y", "angle": 45.0 },
    "faces": {
        "up":    { "uv": [ 7, 12, 14, 13 ], "texture": "#texture", "tintindex": 0 },
        "north": { "uv": [ 7, 12, 14, 13 ], "texture": "#texture", "tintindex": 0 },
        "south": { "uv": [ 7, 12, 14, 13 ], "texture": "#texture", "tintindex": 0 },
        "west":  { "uv": [ 7, 12, 8, 13 ], "texture": "#texture", "tintindex": 0 },
        "east":  { "uv": [ 13, 12, 14, 13 ], "texture": "#texture", "tintindex": 0 }
    }
},
{
    "from": [ 7, 4, 7 ],
    "to": [ 8, 5, 8 ],
    "rotation": { "origin": [ 8.0, 8.0, 8.0 ], "axis": "y", "angle": 45.0 },
    "faces": {
        "up":    { "uv": [ 7, 11, 8, 12 ], "texture": "#texture", "tintindex": 0 },
        "north": { "uv": [ 7, 11, 8, 12 ], "texture": "#texture", "tintindex": 0 },
        "south": { "uv": [ 7, 11, 8, 12 ], "texture": "#texture", "tintindex": 0 },
        "west":  { "uv": [ 7, 11, 8, 12 ], "texture": "#texture", "tintindex": 0 }
    }
},
{
    "from": [ 7, 6, 7 ],
    "to": [ 8, 7, 8 ],
    "rotation": { "origin": [ 8.0, 8.0, 8.0 ], "axis": "y", "angle": 45.0 },
    "faces": {
        "down":  { "uv": [ 7, 9, 8, 10 ], "texture": "#texture", "tintindex": 0 },
        "up":    { "uv": [ 7, 9, 8, 10 ], "texture": "#texture", "tintindex": 0 },
        "north": { "uv": [ 7, 9, 8, 10 ], "texture": "#texture", "tintindex": 0 },
        "south": { "uv": [ 7, 9, 8, 10 ], "texture": "#texture", "tintindex": 0 },
        "west":  { "uv": [ 7, 9, 8, 10 ], "texture": "#texture", "tintindex": 0 }
    }
},
{
    "from": [ 9, 4, 7 ],
    "to": [ 11, 6, 8 ],
    "rotation": { "origin": [ 8.0, 8.0, 8.0 ], "axis": "y", "angle": 45.0 },
    "faces": {
        "up":    { "uv": [ 9, 10, 11, 11 ], "texture": "#texture", "tintindex": 0 },
        "north": { "uv": [ 9, 10, 11, 12 ], "texture": "#texture", "tintindex": 0 },
        "south": { "uv": [ 9, 10, 11, 12 ], "texture": "#texture", "tintindex": 0 },
        "west":  { "uv": [ 9, 10, 10, 12 ], "texture": "#texture", "tintindex": 0 },
        "east":  { "uv": [ 10, 10, 11, 12 ], "texture": "#texture", "tintindex": 0 }
    }
},
{
    "from": [ 11, 6, 7 ],
    "to": [ 12, 7, 8 ],
    "rotation": { "origin": [ 8.0, 8.0, 8.0 ], "axis": "y", "angle": 45.0 },
    "faces": {
        "down":  { "uv": [ 11, 9, 12, 10 ], "texture": "#texture", "tintindex": 0 },
        "up":    { "uv": [ 11, 9, 12, 10 ], "texture": "#texture", "tintindex": 0 },
        "north": { "uv": [ 11, 9, 12, 10 ], "texture": "#texture", "tintindex": 0 },
        "south": { "uv": [ 11, 9, 12, 10 ], "texture": "#texture", "tintindex": 0 },
        "west":  { "uv": [ 11, 9, 12, 10 ], "texture": "#texture", "tintindex": 0 },
        "east":  { "uv": [ 11, 9, 12, 10 ], "texture": "#texture", "tintindex": 0 }
    }
},
{
    "from": [ 13, 4, 7 ],
    "to": [ 14, 6, 8 ],
    "rotation": { "origin": [ 8.0, 8.0, 8.0 ], "axis": "y", "angle": 45.0 },
    "faces": {
        "up":    { "uv": [ 13, 10, 14, 11 ], "texture": "#texture", "tintindex": 0 },
        "north": { "uv": [ 13, 10, 14, 12 ], "texture": "#texture", "tintindex": 0 },
        "south": { "uv": [ 13, 10, 14, 12 ], "texture": "#texture", "tintindex": 0 },
        "west":  { "uv": [ 13, 10, 14, 12 ], "texture": "#texture", "tintindex": 0 },
        "east":  { "uv": [ 13, 10, 14, 12 ], "texture": "#texture", "tintindex": 0 }
    }
},
{
    "from": [ 15, 3, 7 ],
    "to": [ 16, 4, 8 ],
    "rotation": { "origin": [ 8.0, 8.0, 8.0 ], "axis": "y", "angle": 45.0 },
    "faces": {
        "down":  { "uv": [ 15, 12, 16, 13 ], "texture": "#texture", "tintindex": 0 },
        "up":    { "uv": [ 15, 12, 16, 13 ], "texture": "#texture", "tintindex": 0 },
        "north": { "uv": [ 15, 12, 16, 13 ], "texture": "#texture", "tintindex": 0 },
        "south": { "uv": [ 15, 12, 16, 13 ], "texture": "#texture", "tintindex": 0 },
        "west":  { "uv": [ 15, 12, 16, 13 ], "texture": "#texture", "tintindex": 0 },
        "east":  { "uv": [ 15, 12, 16, 13 ], "texture": "#texture", "tintindex": 0 }
    }
},
{
    "from": [ 8, 0, 0 ],
    "to": [ 9, 3, 15 ],
    "rotation": { "origin": [ 8.0, 8.0, 8.0 ], "axis": "y", "angle": 45.0 },
    "faces": {
        "down":  { "uv": [ 0, 15, 15, 16 ], "rotation": 270, "texture": "#texture", "tintindex": 0 },
        "up":    { "uv": [ 0, 13, 15, 14 ], "rotation": 90, "texture": "#texture", "tintindex": 0 },
        "north": { "uv": [ 0, 13, 1, 16 ], "texture": "#texture", "tintindex": 0 },
        "south": { "uv": [ 14, 13, 15, 16 ], "texture": "#texture", "tintindex": 0 },
        "west":  { "uv": [ 0, 13, 15, 16 ], "texture": "#texture", "tintindex": 0 },
        "east":  { "uv": [ 0, 13, 15, 16 ], "texture": "#texture", "tintindex": 0 }
    }
},
{
    "from": [ 8, 0, 15 ],
    "to": [ 9, 2, 16 ],
    "rotation": { "origin": [ 8.0, 8.0, 8.0 ], "axis": "y", "angle": 45.0 },
    "faces": {
        "down":  { "uv": [ 15, 15, 16, 16 ], "rotation": 270, "texture": "#texture", "tintindex": 0 },
        "up":    { "uv": [ 15, 14, 16, 15 ], "rotation": 90, "texture": "#texture", "tintindex": 0 },
        "south": { "uv": [ 15, 14, 16, 16 ], "texture": "#texture", "tintindex": 0 },
        "west":  { "uv": [ 15, 14, 16, 16 ], "texture": "#texture", "tintindex": 0 },
        "east":  { "uv": [ 15, 14, 16, 16 ], "texture": "#texture", "tintindex": 0 }
    }
},
{
    "from": [ 8, 4, 0 ],
    "to": [ 9, 5, 1 ],
    "rotation": { "origin": [ 8.0, 8.0, 8.0 ], "axis": "y", "angle": 45.0 },
    "faces": {
        "down":  { "uv": [ 0, 11, 1, 12 ], "rotation": 270, "texture": "#texture", "tintindex": 0 },
        "up":    { "uv": [ 0, 11, 1, 12 ], "rotation": 90, "texture": "#texture", "tintindex": 0 },
        "north": { "uv": [ 0, 11, 1, 12 ], "texture": "#texture", "tintindex": 0 },
        "south": { "uv": [ 0, 11, 1, 12 ], "texture": "#texture", "tintindex": 0 },
        "west":  { "uv": [ 0, 11, 1, 12 ], "texture": "#texture", "tintindex": 0 },
        "east":  { "uv": [ 0, 11, 1, 12 ], "texture": "#texture", "tintindex": 0 }
    }
},
{
    "from": [ 8, 6, 1 ],
    "to": [ 9, 7, 2 ],
    "rotation": { "origin": [ 8.0, 8.0, 8.0 ], "axis": "y", "angle": 45.0 },
    "faces": {
        "down":  { "uv": [ 1, 9, 2, 10 ], "rotation": 270, "texture": "#texture", "tintindex": 0 },
        "up":    { "uv": [ 1, 9, 2, 10 ], "rotation": 90, "texture": "#texture", "tintindex": 0 },
        "north": { "uv": [ 1, 9, 2, 10 ], "texture": "#texture", "tintindex": 0 },
        "south": { "uv": [ 1, 9, 2, 10 ], "texture": "#texture", "tintindex": 0 },
        "west":  { "uv": [ 1, 9, 2, 10 ], "texture": "#texture", "tintindex": 0 },
        "east":  { "uv": [ 1, 9, 2, 10 ], "texture": "#texture", "tintindex": 0 }
    }
},
{
    "from": [ 8, 3, 1 ],
    "to": [ 9, 4, 2 ],
    "rotation": { "origin": [ 8.0, 8.0, 8.0 ], "axis": "y", "angle": 45.0 },
    "faces": {
        "up":    { "uv": [ 1, 12, 2, 13 ], "rotation": 90, "texture": "#texture", "tintindex": 0 },
        "north": { "uv": [ 1, 12, 2, 13 ], "texture": "#texture", "tintindex": 0 },
        "south": { "uv": [ 1, 12, 2, 13 ], "texture": "#texture", "tintindex": 0 },
        "west":  { "uv": [ 1, 12, 2, 13 ], "texture": "#texture", "tintindex": 0 },
        "east":  { "uv": [ 1, 12, 2, 13 ], "texture": "#texture", "tintindex": 0 }
    }
},
{
    "from": [ 8, 4, 2 ],
    "to": [ 9, 5, 3 ],
    "rotation": { "origin": [ 8.0, 8.0, 8.0 ], "axis": "y", "angle": 45.0 },
    "faces": {
        "down":  { "uv": [ 2, 11, 3, 12 ], "rotation": 270, "texture": "#texture", "tintindex": 0 },
        "up":    { "uv": [ 2, 11, 3, 12 ], "rotation": 90, "texture": "#texture", "tintindex": 0 },
        "north": { "uv": [ 2, 11, 3, 12 ], "texture": "#texture", "tintindex": 0 },
        "south": { "uv": [ 2, 11, 3, 12 ], "texture": "#texture", "tintindex": 0 },
        "west":  { "uv": [ 2, 11, 3, 12 ], "texture": "#texture", "tintindex": 0 },
        "east":  { "uv": [ 2, 11, 3, 12 ], "texture": "#texture", "tintindex": 0 }
    }
},
{
    "from": [ 8, 3, 3 ],
    "to": [ 9, 4, 6 ],
    "rotation": { "origin": [ 8.0, 8.0, 8.0 ], "axis": "y", "angle": 45.0 },
    "faces": {
        "up":    { "uv": [ 3, 12.5, 6, 13.5 ], "rotation": 90, "texture": "#texture", "tintindex": 0 },
        "north": { "uv": [ 3, 12, 4, 13 ], "texture": "#texture", "tintindex": 0 },
        "south": { "uv": [ 5, 12, 6, 13 ], "texture": "#texture", "tintindex": 0 },
        "west":  { "uv": [ 3, 12, 6, 13 ], "texture": "#texture", "tintindex": 0 },
        "east":  { "uv": [ 3, 12, 6, 13 ], "texture": "#texture", "tintindex": 0 }
    }
},
{
    "from": [ 8, 4, 4 ],
    "to": [ 9, 5, 5 ],
    "rotation": { "origin": [ 8.0, 8.0, 8.0 ], "axis": "y", "angle": 45.0 },
    "faces": {
        "north": { "uv": [ 4, 11, 5, 12 ], "texture": "#texture", "tintindex": 0 },
        "south": { "uv": [ 4, 11, 5, 12 ], "texture": "#texture", "tintindex": 0 },
        "west":  { "uv": [ 4, 11, 5, 12 ], "texture": "#texture", "tintindex": 0 },
        "east":  { "uv": [ 4, 11, 5, 12 ], "texture": "#texture", "tintindex": 0 }
    }
},
{
    "from": [ 8, 5, 4 ],
    "to": [ 9, 6, 7 ],
    "rotation": { "origin": [ 8.0, 8.0, 8.0 ], "axis": "y", "angle": 45.0 },
    "faces": {
        "down":  { "uv": [ 4, 10, 7, 11 ], "rotation": 270, "texture": "#texture", "tintindex": 0 },
        "up":    { "uv": [ 4, 10, 7, 11 ], "rotation": 90, "texture": "#texture", "tintindex": 0 },
        "north": { "uv": [ 4, 10, 5, 11 ], "texture": "#texture", "tintindex": 0 },
        "south": { "uv": [ 6, 10, 7, 11 ], "texture": "#texture", "tintindex": 0 },
        "west":  { "uv": [ 4, 10, 7, 11 ], "texture": "#texture", "tintindex": 0 },
        "east":  { "uv": [ 4, 10, 7, 11 ], "texture": "#texture", "tintindex": 0 }
    }
},
{
    "from": [ 8, 6, 5 ],
    "to": [ 9, 7, 6 ],
    "rotation": { "origin": [ 8.0, 8.0, 8.0 ], "axis": "y", "angle": 45.0 },
    "faces": {
        "up":    { "uv": [ 4.5, 9, 5.5, 10 ], "rotation": 90, "texture": "#texture", "tintindex": 0 },
        "north": { "uv": [ 5, 9, 6, 10 ], "texture": "#texture", "tintindex": 0 },
        "south": { "uv": [ 5, 9, 6, 10 ], "texture": "#texture", "tintindex": 0 },
        "west":  { "uv": [ 5, 9, 6, 10 ], "texture": "#texture", "tintindex": 0 },
        "east":  { "uv": [ 5, 9, 6, 10 ], "texture": "#texture", "tintindex": 0 }
    }
},
{
    "from": [ 8, 3, 7 ],
    "to": [ 9, 4, 14 ],
    "rotation": { "origin": [ 8.0, 8.0, 8.0 ], "axis": "y", "angle": 45.0 },
    "faces": {
        "up":    { "uv": [ 7, 12, 14, 13 ], "rotation": 90, "texture": "#texture", "tintindex": 0 },
        "north": { "uv": [ 7, 12, 8, 13 ], "texture": "#texture", "tintindex": 0 },
        "south": { "uv": [ 13, 12, 14, 13 ], "texture": "#texture", "tintindex": 0 },
        "west":  { "uv": [ 7, 12, 14, 13 ], "texture": "#texture", "tintindex": 0 },
        "east":  { "uv": [ 7, 12, 14, 13 ], "texture": "#texture", "tintindex": 0 }
    }
},
{
    "from": [ 8, 4, 7 ],
    "to": [ 9, 5, 8 ],
    "rotation": { "origin": [ 8.0, 8.0, 8.0 ], "axis": "y", "angle": 45.0 },
    "faces": {
        "up":    { "uv": [ 7, 11, 8, 12 ], "rotation": 90, "texture": "#texture", "tintindex": 0 },
        "north": { "uv": [ 7, 11, 8, 12 ], "texture": "#texture", "tintindex": 0 },
        "south": { "uv": [ 7, 11, 8, 12 ], "texture": "#texture", "tintindex": 0 }
    }
},
{
    "from": [ 8, 6, 7 ],
    "to": [ 9, 7, 8 ],
    "rotation": { "origin": [ 8.0, 8.0, 8.0 ], "axis": "y", "angle": 45.0 },
    "faces": {
        "down":  { "uv": [ 7, 9, 8, 10 ], "rotation": 270, "texture": "#texture", "tintindex": 0 },
        "up":    { "uv": [ 7, 9, 8, 10 ], "rotation": 90, "texture": "#texture", "tintindex": 0 },
        "north": { "uv": [ 7, 9, 8, 10 ], "texture": "#texture", "tintindex": 0 },
        "south": { "uv": [ 7, 9, 8, 10 ], "texture": "#texture", "tintindex": 0 },
        "east":  { "uv": [ 7, 9, 8, 10 ], "texture": "#texture", "tintindex": 0 }
    }
},
{
    "from": [ 8, 4, 9 ],
    "to": [ 9, 6, 11 ],
    "rotation": { "origin": [ 8.0, 8.0, 8.0 ], "axis": "y", "angle": 45.0 },
    "faces": {
        "up":    { "uv": [ 9, 10, 11, 11 ], "rotation": 90, "texture": "#texture", "tintindex": 0 },
        "north": { "uv": [ 9, 10, 10, 12 ], "texture": "#texture", "tintindex": 0 },
        "south": { "uv": [ 10, 10, 11, 12 ], "texture": "#texture", "tintindex": 0 },
        "west":  { "uv": [ 9, 10, 11, 12 ], "texture": "#texture", "tintindex": 0 },
        "east":  { "uv": [ 9, 10, 11, 12 ], "texture": "#texture", "tintindex": 0 }
    }
},
{
    "from": [ 8, 6, 11 ],
    "to": [ 9, 7, 12 ],
    "rotation": { "origin": [ 8.0, 8.0, 8.0 ], "axis": "y", "angle": 45.0 },
    "faces": {
        "down":  { "uv": [ 11, 9, 12, 10 ], "rotation": 270, "texture": "#texture", "tintindex": 0 },
        "up":    { "uv": [ 11, 9, 12, 10 ], "rotation": 90, "texture": "#texture", "tintindex": 0 },
        "north": { "uv": [ 11, 9, 12, 10 ], "texture": "#texture", "tintindex": 0 },
        "south": { "uv": [ 11, 9, 12, 10 ], "texture": "#texture", "tintindex": 0 },
        "west":  { "uv": [ 11, 9, 12, 10 ], "texture": "#texture", "tintindex": 0 },
        "east":  { "uv": [ 11, 9, 12, 10 ], "texture": "#texture", "tintindex": 0 }
    }
},
{
    "from": [ 8, 4, 13 ],
    "to": [ 9, 6, 14 ],
    "rotation": { "origin": [ 8.0, 8.0, 8.0 ], "axis": "y", "angle": 45.0 },
    "faces": {
        "up":    { "uv": [ 13, 10, 14, 11 ], "rotation": 90, "texture": "#texture", "tintindex": 0 },
        "north": { "uv": [ 13, 10, 14, 12 ], "texture": "#texture", "tintindex": 0 },
        "south": { "uv": [ 13, 10, 14, 12 ], "texture": "#texture", "tintindex": 0 },
        "west":  { "uv": [ 13, 10, 14, 12 ], "texture": "#texture", "tintindex": 0 },
        "east":  { "uv": [ 13, 10, 14, 12 ], "texture": "#texture", "tintindex": 0 }
    }
},
{
    "from": [ 8, 3, 15 ],
    "to": [ 9, 4, 16 ],
    "rotation": { "origin": [ 8.0, 8.0, 8.0 ], "axis": "y", "angle": 45.0 },
    "faces": {
        "down":  { "uv": [ 15, 12, 16, 13 ], "rotation": 270, "texture": "#texture", "tintindex": 0 },
        "up":    { "uv": [ 15, 12, 16, 13 ], "rotation": 90, "texture": "#texture", "tintindex": 0 },
        "north": { "uv": [ 15, 12, 16, 13 ], "texture": "#texture", "tintindex": 0 },
        "south": { "uv": [ 15, 12, 16, 13 ], "texture": "#texture", "tintindex": 0 },
        "west":  { "uv": [ 15, 12, 16, 13 ], "texture": "#texture", "tintindex": 0 },
        "east":  { "uv": [ 15, 12, 16, 13 ], "texture": "#texture", "tintindex": 0 }
    }
}
]
}