{
"ambientocclusion": false,
"textures": {
    "particle": "blocks/tallgrass1",
    "texture": "blocks/tallgrass1"
},
"elements": [ 
{
    "from": [ 0, 1, 7 ],
    "to": [ 1, 3, 8 ],
    "rotation": { "origin": [ 8.0, 8.0, 8.0 ], "axis": "y", "angle": 45.0 },
    "faces": {
        "down":  { "uv": [ 0, 14, 1, 15 ], "texture": "#texture", "tintindex": 0 },
        "up":    { "uv": [ 0, 13, 1, 14 ], "texture": "#texture", "tintindex": 0 },
        "north": { "uv": [ 0, 13, 1, 15 ], "texture": "#texture", "tintindex": 0 },
        "south": { "uv": [ 0, 13, 1, 15 ], "texture": "#texture", "tintindex": 0 },
        "west":  { "uv": [ 0, 13, 1, 15 ], "texture": "#texture", "tintindex": 0 },
        "east":  { "uv": [ 0, 13, 1, 15 ], "texture": "#texture", "tintindex": 0 }
    }
},
{
    "from": [ 2, 1, 7 ],
    "to": [ 8, 4, 8 ],
    "rotation": { "origin": [ 8.0, 8.0, 8.0 ], "axis": "y", "angle": 45.0 },
    "faces": {
        "up":    { "uv": [ 2, 14, 8, 15 ], "texture": "#texture", "tintindex": 0 },
        "north": { "uv": [ 2, 12, 8, 15 ], "texture": "#texture", "tintindex": 0 },
        "south": { "uv": [ 2, 12, 8, 15 ], "texture": "#texture", "tintindex": 0 },
        "west":  { "uv": [ 2, 12, 3, 15 ], "texture": "#texture", "tintindex": 0 }
    }
},
{
    "from": [ 1, 0, 7 ],
    "to": [ 15, 1, 8 ],
    "rotation": { "origin": [ 8.0, 8.0, 8.0 ], "axis": "y", "angle": 45.0 },
    "faces": {
        "down":  { "uv": [ 1, 15, 15, 16 ], "texture": "#texture", "tintindex": 0 },
        "up":    { "uv": [ 1, 15, 15, 16 ], "texture": "#texture", "tintindex": 0 },
        "north": { "uv": [ 1, 15, 15, 16 ], "texture": "#texture", "tintindex": 0 },
        "south": { "uv": [ 1, 15, 15, 16 ], "texture": "#texture", "tintindex": 0 },
        "west":  { "uv": [ 1, 15, 2, 16 ], "texture": "#texture", "tintindex": 0 },
        "east":  { "uv": [ 14, 15, 15, 16 ], "texture": "#texture", "tintindex": 0 }
    }
},
{
    "from": [ 9, 1, 7 ],
    "to": [ 16, 3, 8 ],
    "rotation": { "origin": [ 8.0, 8.0, 8.0 ], "axis": "y", "angle": 45.0 },
    "faces": {
        "down":  { "uv": [ 9, 14, 16, 15 ], "texture": "#texture", "tintindex": 0 },
        "up":    { "uv": [ 9, 13, 16, 14 ], "texture": "#texture", "tintindex": 0 },
        "north": { "uv": [ 9, 13, 16, 15 ], "texture": "#texture", "tintindex": 0 },
        "south": { "uv": [ 9, 13, 16, 15 ], "texture": "#texture", "tintindex": 0 },
        "east":  { "uv": [ 15, 13, 16, 15 ], "texture": "#texture", "tintindex": 0 }
    }
},
{
    "from": [ 8, 1, 7 ],
    "to": [ 9, 2, 8 ],
    "rotation": { "origin": [ 8.0, 8.0, 8.0 ], "axis": "y", "angle": 45.0 },
    "faces": {
        "up":    { "uv": [ 8, 14, 9, 15 ], "texture": "#texture", "tintindex": 0 },
        "north": { "uv": [ 8, 14, 9, 15 ], "texture": "#texture", "tintindex": 0 }
    }
},
{
    "from": [ 4, 4, 7 ],
    "to": [ 5, 5, 8 ],
    "rotation": { "origin": [ 8.0, 8.0, 8.0 ], "axis": "y", "angle": 45.0 },
    "faces": {
        "up":    { "uv": [ 4, 11, 5, 12 ], "texture": "#texture", "tintindex": 0 },
        "north": { "uv": [ 4, 11, 5, 12 ], "texture": "#texture", "tintindex": 0 },
        "south": { "uv": [ 4, 11, 5, 12 ], "texture": "#texture", "tintindex": 0 },
        "west":  { "uv": [ 4, 11, 5, 12 ], "texture": "#texture", "tintindex": 0 },
        "east":  { "uv": [ 4, 11, 5, 12 ], "texture": "#texture", "tintindex": 0 }
    }
},
{
    "from": [ 5, 5, 7 ],
    "to": [ 6, 6, 8 ],
    "rotation": { "origin": [ 8.0, 8.0, 8.0 ], "axis": "y", "angle": 45.0 },
    "faces": {
        "down":  { "uv": [ 5, 10, 6, 11 ], "texture": "#texture", "tintindex": 0 },
        "up":    { "uv": [ 5, 10, 6, 11 ], "texture": "#texture", "tintindex": 0 },
        "north": { "uv": [ 5, 10, 6, 11 ], "texture": "#texture", "tintindex": 0 },
        "south": { "uv": [ 5, 10, 6, 11 ], "texture": "#texture", "tintindex": 0 },
        "west":  { "uv": [ 5, 10, 6, 11 ], "texture": "#texture", "tintindex": 0 },
        "east":  { "uv": [ 5, 10, 6, 11 ], "texture": "#texture", "tintindex": 0 }
    }
},
{
    "from": [ 6, 4, 7 ],
    "to": [ 7, 5, 8 ],
    "rotation": { "origin": [ 8.0, 8.0, 8.0 ], "axis": "y", "angle": 45.0 },
    "faces": {
        "up":    { "uv": [ 6, 11, 7, 12 ], "texture": "#texture", "tintindex": 0 },
        "north": { "uv": [ 6, 11, 7, 12 ], "texture": "#texture", "tintindex": 0 },
        "south": { "uv": [ 6, 11, 7, 12 ], "texture": "#texture", "tintindex": 0 },
        "west":  { "uv": [ 6, 11, 7, 12 ], "texture": "#texture", "tintindex": 0 },
        "east":  { "uv": [ 6, 11, 7, 12 ], "texture": "#texture", "tintindex": 0 }
    }
},
{
    "from": [ 8, 4, 7 ],
    "to": [ 9, 5, 8 ],
    "rotation": { "origin": [ 8.0, 8.0, 8.0 ], "axis": "y", "angle": 45.0 },
    "faces": {
        "up":    { "uv": [ 8, 11, 9, 12 ], "texture": "#texture", "tintindex": 0 },
        "west":  { "uv": [ 8, 11, 9, 12 ], "texture": "#texture", "tintindex": 0 },
        "east":  { "uv": [ 8, 11, 9, 12 ], "texture": "#texture", "tintindex": 0 }
    }
},
{
    "from": [ 9, 3, 7 ],
    "to": [ 10, 4, 8 ],
    "rotation": { "origin": [ 8.0, 8.0, 8.0 ], "axis": "y", "angle": 45.0 },
    "faces": {
        "up":    { "uv": [ 9, 12, 10, 13 ], "texture": "#texture", "tintindex": 0 },
        "north": { "uv": [ 9, 12, 10, 13 ], "texture": "#texture", "tintindex": 0 },
        "south": { "uv": [ 9, 12, 10, 13 ], "texture": "#texture", "tintindex": 0 },
        "east":  { "uv": [ 9, 12, 10, 13 ], "texture": "#texture", "tintindex": 0 }
    }
},
{
    "from": [ 10, 4, 7 ],
    "to": [ 11, 5, 8 ],
    "rotation": { "origin": [ 8.0, 8.0, 8.0 ], "axis": "y", "angle": 45.0 },
    "faces": {
        "down":  { "uv": [ 10, 11, 11, 12 ], "texture": "#texture", "tintindex": 0 },
        "up":    { "uv": [ 10, 11, 11, 12 ], "texture": "#texture", "tintindex": 0 },
        "north": { "uv": [ 10, 11, 11, 12 ], "texture": "#texture", "tintindex": 0 },
        "south": { "uv": [ 10, 11, 11, 12 ], "texture": "#texture", "tintindex": 0 },
        "west":  { "uv": [ 10, 11, 11, 12 ], "texture": "#texture", "tintindex": 0 },
        "east":  { "uv": [ 10, 11, 11, 12 ], "texture": "#texture", "tintindex": 0 }
    }
},
{
    "from": [ 11, 3, 7 ],
    "to": [ 15, 4, 8 ],
    "rotation": { "origin": [ 8.0, 8.0, 8.0 ], "axis": "y", "angle": 45.0 },
    "faces": {
        "up":    { "uv": [ 11, 12, 15, 13 ], "texture": "#texture", "tintindex": 0 },
        "north": { "uv": [ 11, 12, 15, 13 ], "texture": "#texture", "tintindex": 0 },
        "south": { "uv": [ 11, 12, 15, 13 ], "texture": "#texture", "tintindex": 0 },
        "west":  { "uv": [ 11, 12, 12, 13 ], "texture": "#texture", "tintindex": 0 },
        "east":  { "uv": [ 14, 12, 15, 13 ], "texture": "#texture", "tintindex": 0 }
    }
},
{
    "from": [ 13, 4, 7 ],
    "to": [ 14, 5, 8 ],
    "rotation": { "origin": [ 8.0, 8.0, 8.0 ], "axis": "y", "angle": 45.0 },
    "faces": {
        "up":    { "uv": [ 13, 11, 14, 12 ], "texture": "#texture", "tintindex": 0 },
        "north": { "uv": [ 13, 11, 14, 12 ], "texture": "#texture", "tintindex": 0 },
        "south": { "uv": [ 13, 11, 14, 12 ], "texture": "#texture", "tintindex": 0 },
        "west":  { "uv": [ 13, 11, 14, 12 ], "texture": "#texture", "tintindex": 0 },
        "east":  { "uv": [ 13, 11, 14, 12 ], "texture": "#texture", "tintindex": 0 }
    }
},
{
    "from": [ 15, 4, 7 ],
    "to": [ 16, 5, 8 ],
    "rotation": { "origin": [ 8.0, 8.0, 8.0 ], "axis": "y", "angle": 45.0 },
    "faces": {
        "down":  { "uv": [ 15, 11, 16, 12 ], "texture": "#texture", "tintindex": 0 },
        "up":    { "uv": [ 15, 11, 16, 12 ], "texture": "#texture", "tintindex": 0 },
        "north": { "uv": [ 15, 11, 16, 12 ], "texture": "#texture", "tintindex": 0 },
        "south": { "uv": [ 15, 11, 16, 12 ], "texture": "#texture", "tintindex": 0 },
        "west":  { "uv": [ 15, 11, 16, 12 ], "texture": "#texture", "tintindex": 0 },
        "east":  { "uv": [ 15, 11, 16, 12 ], "texture": "#texture", "tintindex": 0 }
    }
},
{
    "from": [ 8, 1, 0 ],
    "to": [ 9, 3, 1 ],
    "rotation": { "origin": [ 8.0, 8.0, 8.0 ], "axis": "y", "angle": 45.0 },
    "faces": {
        "down":  { "uv": [ 0, 14, 1, 15 ], "rotation": 270, "texture": "#texture", "tintindex": 0 },
        "up":    { "uv": [ 0, 13, 1, 14 ], "rotation": 90, "texture": "#texture", "tintindex": 0 },
        "north": { "uv": [ 0, 13, 1, 15 ], "texture": "#texture", "tintindex": 0 },
        "south": { "uv": [ 0, 13, 1, 15 ], "texture": "#texture", "tintindex": 0 },
        "west":  { "uv": [ 0, 13, 1, 15 ], "texture": "#texture", "tintindex": 0 },
        "east":  { "uv": [ 0, 13, 1, 15 ], "texture": "#texture", "tintindex": 0 }
    }
},
{
    "from": [ 8, 1, 2 ],
    "to": [ 9, 4, 8 ],
    "rotation": { "origin": [ 8.0, 8.0, 8.0 ], "axis": "y", "angle": 45.0 },
    "faces": {
        "up":    { "uv": [ 2, 14, 8, 15 ], "rotation": 90, "texture": "#texture", "tintindex": 0 },
        "north": { "uv": [ 2, 12, 3, 15 ], "texture": "#texture", "tintindex": 0 },
        "south": { "uv": [ 7, 12, 8, 15 ], "texture": "#texture", "tintindex": 0 },
        "west":  { "uv": [ 2, 12, 8, 15 ], "texture": "#texture", "tintindex": 0 },
        "east":  { "uv": [ 2, 12, 8, 15 ], "texture": "#texture", "tintindex": 0 }
    }
},
{
    "from": [ 8, 0, 1 ],
    "to": [ 9, 1, 15 ],
    "rotation": { "origin": [ 8.0, 8.0, 8.0 ], "axis": "y", "angle": 45.0 },
    "faces": {
        "down":  { "uv": [ 1, 15, 15, 16 ], "rotation": 270, "texture": "#texture", "tintindex": 0 },
        "up":    { "uv": [ 1, 15, 15, 16 ], "rotation": 90, "texture": "#texture", "tintindex": 0 },
        "north": { "uv": [ 1, 15, 2, 16 ], "texture": "#texture", "tintindex": 0 },
        "south": { "uv": [ 14, 15, 15, 16 ], "texture": "#texture", "tintindex": 0 },
        "west":  { "uv": [ 1, 15, 15, 16 ], "texture": "#texture", "tintindex": 0 },
        "east":  { "uv": [ 1, 15, 15, 16 ], "texture": "#texture", "tintindex": 0 }
    }
},
{
    "from": [ 8, 1, 9 ],
    "to": [ 9, 3, 16 ],
    "rotation": { "origin": [ 8.0, 8.0, 8.0 ], "axis": "y", "angle": 45.0 },
    "faces": {
        "down":  { "uv": [ 9, 14, 16, 15 ], "rotation": 270, "texture": "#texture", "tintindex": 0 },
        "up":    { "uv": [ 9, 13, 16, 14 ], "rotation": 90, "texture": "#texture", "tintindex": 0 },
        "north": { "uv": [ 9, 13, 10, 15 ], "texture": "#texture", "tintindex": 0 },
        "south": { "uv": [ 15, 13, 16, 15 ], "texture": "#texture", "tintindex": 0 },
        "west":  { "uv": [ 9, 13, 16, 15 ], "texture": "#texture", "tintindex": 0 },
        "east":  { "uv": [ 9, 13, 16, 15 ], "texture": "#texture", "tintindex": 0 }
    }
},
{
    "from": [ 8, 1, 8 ],
    "to": [ 9, 2, 9 ],
    "rotation": { "origin": [ 8.0, 8.0, 8.0 ], "axis": "y", "angle": 45.0 },
    "faces": {
        "up":    { "uv": [ 8, 14, 9, 15 ], "rotation": 90, "texture": "#texture", "tintindex": 0 },
        "west":  { "uv": [ 8, 14, 9, 15 ], "texture": "#texture", "tintindex": 0 },
        "east":  { "uv": [ 8, 14, 9, 15 ], "texture": "#texture", "tintindex": 0 }
    }
},
{
    "from": [ 8, 4, 4 ],
    "to": [ 9, 5, 5 ],
    "rotation": { "origin": [ 8.0, 8.0, 8.0 ], "axis": "y", "angle": 45.0 },
    "faces": {
        "up":    { "uv": [ 4, 11, 5, 12 ], "rotation": 90, "texture": "#texture", "tintindex": 0 },
        "north": { "uv": [ 4, 11, 5, 12 ], "texture": "#texture", "tintindex": 0 },
        "south": { "uv": [ 4, 11, 5, 12 ], "texture": "#texture", "tintindex": 0 },
        "west":  { "uv": [ 4, 11, 5, 12 ], "texture": "#texture", "tintindex": 0 },
        "east":  { "uv": [ 4, 11, 5, 12 ], "texture": "#texture", "tintindex": 0 }
    }
},
{
    "from": [ 8, 5, 5 ],
    "to": [ 9, 6, 6 ],
    "rotation": { "origin": [ 8.0, 8.0, 8.0 ], "axis": "y", "angle": 45.0 },
    "faces": {
        "down":  { "uv": [ 5, 10, 6, 11 ], "rotation": 270, "texture": "#texture", "tintindex": 0 },
        "up":    { "uv": [ 5, 10, 6, 11 ], "rotation": 90, "texture": "#texture", "tintindex": 0 },
        "north": { "uv": [ 5, 10, 6, 11 ], "texture": "#texture", "tintindex": 0 },
        "south": { "uv": [ 5, 10, 6, 11 ], "texture": "#texture", "tintindex": 0 },
        "west":  { "uv": [ 5, 10, 6, 11 ], "texture": "#texture", "tintindex": 0 },
        "east":  { "uv": [ 5, 10, 6, 11 ], "texture": "#texture", "tintindex": 0 }
    }
},
{
    "from": [ 8, 4, 6 ],
    "to": [ 9, 5, 7 ],
    "rotation": { "origin": [ 8.0, 8.0, 8.0 ], "axis": "y", "angle": 45.0 },
    "faces": {
        "up":    { "uv": [ 6, 11, 7, 12 ], "rotation": 90, "texture": "#texture", "tintindex": 0 },
        "north": { "uv": [ 6, 11, 7, 12 ], "texture": "#texture", "tintindex": 0 },
        "west":  { "uv": [ 6, 11, 7, 12 ], "texture": "#texture", "tintindex": 0 },
        "east":  { "uv": [ 6, 11, 7, 12 ], "texture": "#texture", "tintindex": 0 }
    }
},
{
    "from": [ 8, 4, 8 ],
    "to": [ 9, 5, 9 ],
    "rotation": { "origin": [ 8.0, 8.0, 8.0 ], "axis": "y", "angle": 45.0 },
    "faces": {
        "down":  { "uv": [ 8, 11, 9, 12 ], "rotation": 270, "texture": "#texture", "tintindex": 0 },
        "up":    { "uv": [ 8, 11, 9, 12 ], "rotation": 90, "texture": "#texture", "tintindex": 0 },
        "south": { "uv": [ 8, 11, 9, 12 ], "texture": "#texture", "tintindex": 0 },
        "west":  { "uv": [ 8, 11, 9, 12 ], "texture": "#texture", "tintindex": 0 },
        "east":  { "uv": [ 8, 11, 9, 12 ], "texture": "#texture", "tintindex": 0 }
    }
},
{
    "from": [ 8, 3, 9 ],
    "to": [ 9, 4, 10 ],
    "rotation": { "origin": [ 8.0, 8.0, 8.0 ], "axis": "y", "angle": 45.0 },
    "faces": {
        "up":    { "uv": [ 9, 12, 10, 13 ], "rotation": 90, "texture": "#texture", "tintindex": 0 },
        "north": { "uv": [ 9, 12, 10, 13 ], "texture": "#texture", "tintindex": 0 },
        "south": { "uv": [ 9, 12, 10, 13 ], "texture": "#texture", "tintindex": 0 },
        "west":  { "uv": [ 9, 12, 10, 13 ], "texture": "#texture", "tintindex": 0 },
        "east":  { "uv": [ 9, 12, 10, 13 ], "texture": "#texture", "tintindex": 0 }
    }
},
{
    "from": [ 8, 4, 10 ],
    "to": [ 9, 5, 11 ],
    "rotation": { "origin": [ 8.0, 8.0, 8.0 ], "axis": "y", "angle": 45.0 },
    "faces": {
        "down":  { "uv": [ 10, 11, 11, 12 ], "rotation": 270, "texture": "#texture", "tintindex": 0 },
        "up":    { "uv": [ 10, 11, 11, 12 ], "rotation": 90, "texture": "#texture", "tintindex": 0 },
        "north": { "uv": [ 10, 11, 11, 12 ], "texture": "#texture", "tintindex": 0 },
        "south": { "uv": [ 10, 11, 11, 12 ], "texture": "#texture", "tintindex": 0 },
        "west":  { "uv": [ 10, 11, 11, 12 ], "texture": "#texture", "tintindex": 0 },
        "east":  { "uv": [ 10, 11, 11, 12 ], "texture": "#texture", "tintindex": 0 }
    }
},
{
    "from": [ 8, 3, 11 ],
    "to": [ 9, 4, 15 ],
    "rotation": { "origin": [ 8.0, 8.0, 8.0 ], "axis": "y", "angle": 45.0 },
    "faces": {
        "up":    { "uv": [ 11, 12, 15, 13 ], "rotation": 90, "texture": "#texture", "tintindex": 0 },
        "north": { "uv": [ 11, 12, 12, 13 ], "texture": "#texture", "tintindex": 0 },
        "south": { "uv": [ 14, 12, 15, 13 ], "texture": "#texture", "tintindex": 0 },
        "west":  { "uv": [ 11, 12, 15, 13 ], "texture": "#texture", "tintindex": 0 },
        "east":  { "uv": [ 11, 12, 15, 13 ], "texture": "#texture", "tintindex": 0 }
    }
},
{
    "from": [ 8, 4, 13 ],
    "to": [ 9, 5, 14 ],
    "rotation": { "origin": [ 8.0, 8.0, 8.0 ], "axis": "y", "angle": 45.0 },
    "faces": {
        "up":    { "uv": [ 13, 11, 14, 12 ], "rotation": 90, "texture": "#texture", "tintindex": 0 },
        "north": { "uv": [ 13, 11, 14, 12 ], "texture": "#texture", "tintindex": 0 },
        "south": { "uv": [ 13, 11, 14, 12 ], "texture": "#texture", "tintindex": 0 },
        "west":  { "uv": [ 13, 11, 14, 12 ], "texture": "#texture", "tintindex": 0 },
        "east":  { "uv": [ 13, 11, 14, 12 ], "texture": "#texture", "tintindex": 0 }
    }
},
{
    "from": [ 8, 4, 15 ],
    "to": [ 9, 5, 16 ],
    "rotation": { "origin": [ 8.0, 8.0, 8.0 ], "axis": "y", "angle": 45.0 },
    "faces": {
        "down":  { "uv": [ 15, 11, 16, 12 ], "rotation": 270, "texture": "#texture", "tintindex": 0 },
        "up":    { "uv": [ 15, 11, 16, 12 ], "rotation": 90, "texture": "#texture", "tintindex": 0 },
        "north": { "uv": [ 15, 11, 16, 12 ], "texture": "#texture", "tintindex": 0 },
        "south": { "uv": [ 15, 11, 16, 12 ], "texture": "#texture", "tintindex": 0 },
        "west":  { "uv": [ 15, 11, 16, 12 ], "texture": "#texture", "tintindex": 0 },
        "east":  { "uv": [ 15, 11, 16, 12 ], "texture": "#texture", "tintindex": 0 }
    }
}
]
}