{
	"__comment": "Designed by AndrealVox",
	"ambientocclusion": false,
	"textures": {
		"particle": "blocks/tallgrass5",
		"texture": "blocks/tallgrass5"
	},
	"elements": [
		{
			"__comment": "Cube1",
			"from": [ 3, 1, 2.5 ],
			"to": [ 19, 3, 3.5 ],
			"rotation": { "origin": [ 3, 3, 2.5 ], "axis": "y", "angle": -45 },
			"faces": {
				"down": { "uv": [ 0, 14, 16, 15 ], "texture": "#texture", "tintindex": 0 },
				"up": { "uv": [ 0, 14, 16, 13 ], "texture": "#texture", "tintindex": 0 },
				"north": { "uv": [ 16, 13, 0, 15 ], "texture": "#texture", "tintindex": 0 },
				"south": { "uv": [ 0, 13, 16, 15 ], "texture": "#texture", "tintindex": 0 },
				"west": { "uv": [ 0, 13, 1, 15 ], "texture": "#texture", "tintindex": 0 },
				"east": { "uv": [ 16, 15, 15, 13 ], "texture": "#texture", "rotation": 180, "tintindex": 0 }
			}
		},
		{
			"__comment": "Cube2",
			"from": [ 3, 0, 2.5 ],
			"to": [ 5, 1, 3.5 ],
			"rotation": { "origin": [ 3, 3.000001, 2.5 ], "axis": "y", "angle": -45 },
			"faces": {
				"down": { "uv": [ 0, 15, 2, 16 ], "texture": "#texture", "tintindex": 0 },
				"up": { "uv": [ 0, 16, 2, 15 ], "texture": "#texture", "tintindex": 0 },
				"north": { "uv": [ 2, 15, 0, 16 ], "texture": "#texture", "tintindex": 0 },
				"south": { "uv": [ 0, 15, 2, 16 ], "texture": "#texture", "tintindex": 0 },
				"west": { "uv": [ 0, 15, 1, 16 ], "texture": "#texture", "tintindex": 0 },
				"east": { "uv": [ 2, 16, 1, 15 ], "texture": "#texture", "rotation": 180, "tintindex": 0 }
			}
		},
		{
			"__comment": "Cube3",
			"from": [ 5, 5, 2.5 ],
			"to": [ 15, 6, 3.5 ],
			"rotation": { "origin": [ 3, 3.000001, 2.5 ], "axis": "y", "angle": -45 },
			"faces": {
				"down": { "uv": [ 2, 10, 12, 11 ], "texture": "#texture", "tintindex": 0 },
				"up": { "uv": [ 2, 11, 12, 10 ], "texture": "#texture", "tintindex": 0 },
				"north": { "uv": [ 12, 10, 2, 11 ], "texture": "#texture", "tintindex": 0 },
				"south": { "uv": [ 2, 10, 12, 11 ], "texture": "#texture", "tintindex": 0 },
				"west": { "uv": [ 2, 10, 3, 11 ], "texture": "#texture", "tintindex": 0 },
				"east": { "uv": [ 12, 11, 11, 10 ], "texture": "#texture", "rotation": 180, "tintindex": 0 }
			}
		},
		{
			"__comment": "Cube4",
			"from": [ 5, 3, 2.5 ],
			"to": [ 18, 4, 3.5 ],
			"rotation": { "origin": [ 3, 3.000001, 2.5 ], "axis": "y", "angle": -45 },
			"faces": {
				"down": { "uv": [ 2, 12, 15, 13 ], "texture": "#texture", "tintindex": 0 },
				"up": { "uv": [ 2, 13, 15, 12 ], "texture": "#texture", "tintindex": 0 },
				"north": { "uv": [ 15, 12, 2, 13 ], "texture": "#texture", "tintindex": 0 },
				"south": { "uv": [ 2, 12, 15, 13 ], "texture": "#texture", "tintindex": 0 },
				"west": { "uv": [ 2, 12, 3, 13 ], "texture": "#texture", "tintindex": 0 },
				"east": { "uv": [ 15, 13, 14, 12 ], "texture": "#texture", "rotation": 180, "tintindex": 0 }
			}
		},
		{
			"__comment": "Cube5",
			"from": [ 6, 4, 2.5 ],
			"to": [ 17, 5, 3.5 ],
			"rotation": { "origin": [ 3, 3.000001, 2.5 ], "axis": "y", "angle": -45 },
			"faces": {
				"down": { "uv": [ 3, 11, 14, 12 ], "texture": "#texture", "tintindex": 0 },
				"up": { "uv": [ 3, 12, 14, 11 ], "texture": "#texture", "tintindex": 0 },
				"north": { "uv": [ 14, 11, 3, 12 ], "texture": "#texture", "tintindex": 0 },
				"south": { "uv": [ 3, 11, 14, 12 ], "texture": "#texture", "tintindex": 0 },
				"west": { "uv": [ 3, 11, 4, 12 ], "texture": "#texture", "tintindex": 0 },
				"east": { "uv": [ 14, 12, 13, 11 ], "texture": "#texture", "rotation": 180, "tintindex": 0 }
			}
		},
		{
			"__comment": "Cube6",
			"from": [ 6, 0, 2.5 ],
			"to": [ 7, 1, 3.5 ],
			"rotation": { "origin": [ 3, 3.000001, 2.5 ], "axis": "y", "angle": -45 },
			"faces": {
				"down": { "uv": [ 3, 15, 4, 16 ], "texture": "#texture", "tintindex": 0 },
				"up": { "uv": [ 3, 16, 4, 15 ], "texture": "#texture", "tintindex": 0 },
				"north": { "uv": [ 4, 15, 3, 16 ], "texture": "#texture", "tintindex": 0 },
				"south": { "uv": [ 3, 15, 4, 16 ], "texture": "#texture", "tintindex": 0 },
				"west": { "uv": [ 3, 15, 4, 16 ], "texture": "#texture", "tintindex": 0 },
				"east": { "uv": [ 4, 16, 3, 15 ], "texture": "#texture", "rotation": 180, "tintindex": 0 }
			}
		},
		{
			"__comment": "Cube7",
			"from": [ 7, 6, 2.5 ],
			"to": [ 8, 7, 3.5 ],
			"rotation": { "origin": [ 3, 3.000001, 2.5 ], "axis": "y", "angle": -45 },
			"faces": {
				"down": { "uv": [ 4, 9, 5, 10 ], "texture": "#texture", "tintindex": 0 },
				"up": { "uv": [ 4, 10, 5, 9 ], "texture": "#texture", "tintindex": 0 },
				"north": { "uv": [ 5, 9, 4, 10 ], "texture": "#texture", "tintindex": 0 },
				"south": { "uv": [ 4, 9, 5, 10 ], "texture": "#texture", "tintindex": 0 },
				"west": { "uv": [ 4, 9, 5, 10 ], "texture": "#texture", "tintindex": 0 },
				"east": { "uv": [ 5, 10, 4, 9 ], "texture": "#texture", "rotation": 180, "tintindex": 0 }
			}
		},
		{
			"__comment": "Cube8",
			"from": [ 8, 0, 2.5 ],
			"to": [ 10, 1, 3.5 ],
			"rotation": { "origin": [ 3, 3.000001, 2.5 ], "axis": "y", "angle": -45 },
			"faces": {
				"down": { "uv": [ 5, 15, 7, 16 ], "texture": "#texture", "tintindex": 0 },
				"up": { "uv": [ 5, 16, 7, 15 ], "texture": "#texture", "tintindex": 0 },
				"north": { "uv": [ 7, 15, 5, 16 ], "texture": "#texture", "tintindex": 0 },
				"south": { "uv": [ 5, 15, 7, 16 ], "texture": "#texture", "tintindex": 0 },
				"west": { "uv": [ 5, 15, 6, 16 ], "texture": "#texture", "tintindex": 0 },
				"east": { "uv": [ 7, 16, 6, 15 ], "texture": "#texture", "rotation": 180, "tintindex": 0 }
			}
		},
		{
			"__comment": "Cube9",
			"from": [ 9, 6, 2.5 ],
			"to": [ 10, 7, 3.5 ],
			"rotation": { "origin": [ 3, 3.000001, 2.5 ], "axis": "y", "angle": -45 },
			"faces": {
				"down": { "uv": [ 6, 9, 7, 10 ], "texture": "#texture", "tintindex": 0 },
				"up": { "uv": [ 6, 10, 7, 9 ], "texture": "#texture", "tintindex": 0 },
				"north": { "uv": [ 7, 9, 6, 10 ], "texture": "#texture", "tintindex": 0 },
				"south": { "uv": [ 6, 9, 7, 10 ], "texture": "#texture", "tintindex": 0 },
				"west": { "uv": [ 6, 9, 7, 10 ], "texture": "#texture", "tintindex": 0 },
				"east": { "uv": [ 7, 10, 6, 9 ], "texture": "#texture", "rotation": 180, "tintindex": 0 }
			}
		},
		{
			"__comment": "Cube10",
			"from": [ 11, 0, 2.5 ],
			"to": [ 12, 7, 3.5 ],
			"rotation": { "origin": [ 3, 3.000001, 2.5 ], "axis": "y", "angle": -45 },
			"faces": {
				"down": { "uv": [ 8, 15, 9, 16 ], "texture": "#texture", "tintindex": 0 },
				"up": { "uv": [ 8, 10, 9, 9 ], "texture": "#texture", "tintindex": 0 },
				"north": { "uv": [ 9, 9, 8, 16 ], "texture": "#texture", "tintindex": 0 },
				"south": { "uv": [ 8, 9, 9, 16 ], "texture": "#texture", "tintindex": 0 },
				"west": { "uv": [ 8, 9, 9, 16 ], "texture": "#texture", "tintindex": 0 },
				"east": { "uv": [ 9, 16, 8, 9 ], "texture": "#texture", "rotation": 180, "tintindex": 0 }
			}
		},
		{
			"__comment": "Cube11",
			"from": [ 12, 7, 2.5 ],
			"to": [ 13, 8, 3.5 ],
			"rotation": { "origin": [ 3, 3.000001, 2.5 ], "axis": "y", "angle": -45 },
			"faces": {
				"down": { "uv": [ 9, 8, 10, 9 ], "texture": "#texture", "tintindex": 0 },
				"up": { "uv": [ 9, 9, 10, 8 ], "texture": "#texture", "tintindex": 0 },
				"north": { "uv": [ 10, 8, 9, 9 ], "texture": "#texture", "tintindex": 0 },
				"south": { "uv": [ 9, 8, 10, 9 ], "texture": "#texture", "tintindex": 0 },
				"west": { "uv": [ 9, 8, 10, 9 ], "texture": "#texture", "tintindex": 0 },
				"east": { "uv": [ 10, 9, 9, 8 ], "texture": "#texture", "rotation": 180, "tintindex": 0 }
			}
		},
		{
			"__comment": "Cube12",
			"from": [ 12, 0, 2.5 ],
			"to": [ 19, 1, 3.5 ],
			"rotation": { "origin": [ 3, 3.000001, 2.5 ], "axis": "y", "angle": -45 },
			"faces": {
				"down": { "uv": [ 9, 15, 16, 16 ], "texture": "#texture", "tintindex": 0 },
				"up": { "uv": [ 9, 16, 16, 15 ], "texture": "#texture", "tintindex": 0 },
				"north": { "uv": [ 16, 15, 9, 16 ], "texture": "#texture", "tintindex": 0 },
				"south": { "uv": [ 9, 15, 16, 16 ], "texture": "#texture", "tintindex": 0 },
				"west": { "uv": [ 9, 15, 10, 16 ], "texture": "#texture", "tintindex": 0 },
				"east": { "uv": [ 16, 16, 15, 15 ], "texture": "#texture", "rotation": 180, "tintindex": 0 }
			}
		},
		{
			"__comment": "Cube13",
			"from": [ 13, 6, 2.5 ],
			"to": [ 14, 7, 3.5 ],
			"rotation": { "origin": [ 3, 3.000001, 2.5 ], "axis": "y", "angle": -45 },
			"faces": {
				"down": { "uv": [ 10, 9, 11, 10 ], "texture": "#texture", "tintindex": 0 },
				"up": { "uv": [ 10, 10, 11, 9 ], "texture": "#texture", "tintindex": 0 },
				"north": { "uv": [ 11, 9, 10, 10 ], "texture": "#texture", "tintindex": 0 },
				"south": { "uv": [ 10, 9, 11, 10 ], "texture": "#texture", "tintindex": 0 },
				"west": { "uv": [ 10, 9, 11, 10 ], "texture": "#texture", "tintindex": 0 },
				"east": { "uv": [ 11, 10, 10, 9 ], "texture": "#texture", "rotation": 180, "tintindex": 0 }
			}
		},
		{
			"__comment": "Cube1",
			"from": [ 10, 1, -5.5 ],
			"to": [ 11, 3, 10.5 ],
			"rotation": { "origin": [ 3, 3.000001, 2.5 ], "axis": "y", "angle": -45 },
			"faces": {
				"down": { "uv": [ 0, 14, 16, 15 ], "texture": "#texture", "rotation": 270, "tintindex": 0 },
				"up": { "uv": [ 0, 14, 16, 13 ], "texture": "#texture", "rotation": 90, "tintindex": 0 },
				"north": { "uv": [ 0, 13, 1, 15 ], "texture": "#texture", "tintindex": 0 },
				"south": { "uv": [ 16, 15, 15, 13 ], "texture": "#texture", "rotation": 180, "tintindex": 0 },
				"west": { "uv": [ 0, 13, 16, 15 ], "texture": "#texture", "tintindex": 0 },
				"east": { "uv": [ 16, 13, 0, 15 ], "texture": "#texture", "tintindex": 0 }
			}
		},
		{
			"__comment": "Cube2",
			"from": [ 10, 0, -5.5 ],
			"to": [ 11, 1, -3.5 ],
			"rotation": { "origin": [ 3, 3.000001, 2.5 ], "axis": "y", "angle": -45 },
			"faces": {
				"down": { "uv": [ 0, 15, 2, 16 ], "texture": "#texture", "rotation": 270, "tintindex": 0 },
				"up": { "uv": [ 0, 16, 2, 15 ], "texture": "#texture", "rotation": 90, "tintindex": 0 },
				"north": { "uv": [ 0, 15, 1, 16 ], "texture": "#texture", "tintindex": 0 },
				"south": { "uv": [ 2, 16, 1, 15 ], "texture": "#texture", "rotation": 180, "tintindex": 0 },
				"west": { "uv": [ 0, 15, 2, 16 ], "texture": "#texture", "tintindex": 0 },
				"east": { "uv": [ 2, 15, 0, 16 ], "texture": "#texture", "tintindex": 0 }
			}
		},
		{
			"__comment": "Cube3",
			"from": [ 10, 5, -3.5 ],
			"to": [ 11, 6, 6.5 ],
			"rotation": { "origin": [ 3, 3.000001, 2.5 ], "axis": "y", "angle": -45 },
			"faces": {
				"down": { "uv": [ 2, 10, 12, 11 ], "texture": "#texture", "rotation": 270, "tintindex": 0 },
				"up": { "uv": [ 2, 11, 12, 10 ], "texture": "#texture", "rotation": 90, "tintindex": 0 },
				"north": { "uv": [ 2, 10, 3, 11 ], "texture": "#texture", "tintindex": 0 },
				"south": { "uv": [ 12, 11, 11, 10 ], "texture": "#texture", "rotation": 180, "tintindex": 0 },
				"west": { "uv": [ 2, 10, 12, 11 ], "texture": "#texture", "tintindex": 0 },
				"east": { "uv": [ 12, 10, 2, 11 ], "texture": "#texture", "tintindex": 0 }
			}
		},
		{
			"__comment": "Cube4",
			"from": [ 10, 3, -3.5 ],
			"to": [ 11, 4, 9.5 ],
			"rotation": { "origin": [ 3, 3.000001, 2.5 ], "axis": "y", "angle": -45 },
			"faces": {
				"down": { "uv": [ 2, 12, 15, 13 ], "texture": "#texture", "rotation": 270, "tintindex": 0 },
				"up": { "uv": [ 2, 13, 15, 12 ], "texture": "#texture", "rotation": 90, "tintindex": 0 },
				"north": { "uv": [ 2, 12, 3, 13 ], "texture": "#texture", "tintindex": 0 },
				"south": { "uv": [ 15, 13, 14, 12 ], "texture": "#texture", "rotation": 180, "tintindex": 0 },
				"west": { "uv": [ 2, 12, 15, 13 ], "texture": "#texture", "tintindex": 0 },
				"east": { "uv": [ 15, 12, 2, 13 ], "texture": "#texture", "tintindex": 0 }
			}
		},
		{
			"__comment": "Cube5",
			"from": [ 10, 4, -2.5 ],
			"to": [ 11, 5, 8.5 ],
			"rotation": { "origin": [ 3, 3.000001, 2.5 ], "axis": "y", "angle": -45 },
			"faces": {
				"down": { "uv": [ 3, 11, 14, 12 ], "texture": "#texture", "rotation": 270, "tintindex": 0 },
				"up": { "uv": [ 3, 12, 14, 11 ], "texture": "#texture", "rotation": 90, "tintindex": 0 },
				"north": { "uv": [ 3, 11, 4, 12 ], "texture": "#texture", "tintindex": 0 },
				"south": { "uv": [ 14, 12, 13, 11 ], "texture": "#texture", "rotation": 180, "tintindex": 0 },
				"west": { "uv": [ 3, 11, 14, 12 ], "texture": "#texture", "tintindex": 0 },
				"east": { "uv": [ 14, 11, 3, 12 ], "texture": "#texture", "tintindex": 0 }
			}
		},
		{
			"__comment": "Cube6",
			"from": [ 10, 0, -2.5 ],
			"to": [ 11, 1, -1.5 ],
			"rotation": { "origin": [ 3, 3.000001, 2.5 ], "axis": "y", "angle": -45 },
			"faces": {
				"down": { "uv": [ 3, 15, 4, 16 ], "texture": "#texture", "rotation": 270, "tintindex": 0 },
				"up": { "uv": [ 3, 16, 4, 15 ], "texture": "#texture", "rotation": 90, "tintindex": 0 },
				"north": { "uv": [ 3, 15, 4, 16 ], "texture": "#texture", "tintindex": 0 },
				"south": { "uv": [ 4, 16, 3, 15 ], "texture": "#texture", "rotation": 180, "tintindex": 0 },
				"west": { "uv": [ 3, 15, 4, 16 ], "texture": "#texture", "tintindex": 0 },
				"east": { "uv": [ 4, 15, 3, 16 ], "texture": "#texture", "tintindex": 0 }
			}
		},
		{
			"__comment": "Cube7",
			"from": [ 10, 6, -1.5 ],
			"to": [ 11, 7, -0.5 ],
			"rotation": { "origin": [ 3, 3.000001, 2.5 ], "axis": "y", "angle": -45 },
			"faces": {
				"down": { "uv": [ 4, 9, 5, 10 ], "texture": "#texture", "rotation": 270, "tintindex": 0 },
				"up": { "uv": [ 4, 10, 5, 9 ], "texture": "#texture", "rotation": 90, "tintindex": 0 },
				"north": { "uv": [ 4, 9, 5, 10 ], "texture": "#texture", "tintindex": 0 },
				"south": { "uv": [ 5, 10, 4, 9 ], "texture": "#texture", "rotation": 180, "tintindex": 0 },
				"west": { "uv": [ 4, 9, 5, 10 ], "texture": "#texture", "tintindex": 0 },
				"east": { "uv": [ 5, 9, 4, 10 ], "texture": "#texture", "tintindex": 0 }
			}
		},
		{
			"__comment": "Cube8",
			"from": [ 10, 0, -0.5 ],
			"to": [ 11, 1, 1.5 ],
			"rotation": { "origin": [ 3, 3.000001, 2.5 ], "axis": "y", "angle": -45 },
			"faces": {
				"down": { "uv": [ 5, 15, 7, 16 ], "texture": "#texture", "rotation": 270, "tintindex": 0 },
				"up": { "uv": [ 5, 16, 7, 15 ], "texture": "#texture", "rotation": 90, "tintindex": 0 },
				"north": { "uv": [ 5, 15, 6, 16 ], "texture": "#texture", "tintindex": 0 },
				"south": { "uv": [ 7, 16, 6, 15 ], "texture": "#texture", "rotation": 180, "tintindex": 0 },
				"west": { "uv": [ 5, 15, 7, 16 ], "texture": "#texture", "tintindex": 0 },
				"east": { "uv": [ 7, 15, 5, 16 ], "texture": "#texture", "tintindex": 0 }
			}
		},
		{
			"__comment": "Cube9",
			"from": [ 10, 6, 0.5 ],
			"to": [ 11, 7, 1.5 ],
			"rotation": { "origin": [ 3, 3.000001, 2.5 ], "axis": "y", "angle": -45 },
			"faces": {
				"down": { "uv": [ 6, 9, 7, 10 ], "texture": "#texture", "rotation": 270, "tintindex": 0 },
				"up": { "uv": [ 6, 10, 7, 9 ], "texture": "#texture", "rotation": 90, "tintindex": 0 },
				"north": { "uv": [ 6, 9, 7, 10 ], "texture": "#texture", "tintindex": 0 },
				"south": { "uv": [ 7, 10, 6, 9 ], "texture": "#texture", "rotation": 180, "tintindex": 0 },
				"west": { "uv": [ 6, 9, 7, 10 ], "texture": "#texture", "tintindex": 0 },
				"east": { "uv": [ 7, 9, 6, 10 ], "texture": "#texture", "tintindex": 0 }
			}
		},
		{
			"__comment": "Cube10",
			"from": [ 10, 0, 2.5 ],
			"to": [ 11, 7, 3.5 ],
			"rotation": { "origin": [ 3, 3.000001, 2.5 ], "axis": "y", "angle": -45 },
			"faces": {
				"down": { "uv": [ 8, 15, 9, 16 ], "texture": "#texture", "rotation": 270, "tintindex": 0 },
				"up": { "uv": [ 8, 10, 9, 9 ], "texture": "#texture", "rotation": 90, "tintindex": 0 },
				"north": { "uv": [ 8, 9, 9, 16 ], "texture": "#texture", "tintindex": 0 },
				"south": { "uv": [ 9, 16, 8, 9 ], "texture": "#texture", "rotation": 180, "tintindex": 0 },
				"west": { "uv": [ 8, 9, 9, 16 ], "texture": "#texture", "tintindex": 0 },
				"east": { "uv": [ 9, 9, 8, 16 ], "texture": "#texture", "tintindex": 0 }
			}
		},
		{
			"__comment": "Cube11",
			"from": [ 10, 7, 3.5 ],
			"to": [ 11, 8, 4.5 ],
			"rotation": { "origin": [ 3, 3.000001, 2.5 ], "axis": "y", "angle": -45 },
			"faces": {
				"down": { "uv": [ 9, 8, 10, 9 ], "texture": "#texture", "rotation": 270, "tintindex": 0 },
				"up": { "uv": [ 9, 9, 10, 8 ], "texture": "#texture", "rotation": 90, "tintindex": 0 },
				"north": { "uv": [ 9, 8, 10, 9 ], "texture": "#texture", "tintindex": 0 },
				"south": { "uv": [ 10, 9, 9, 8 ], "texture": "#texture", "rotation": 180, "tintindex": 0 },
				"west": { "uv": [ 9, 8, 10, 9 ], "texture": "#texture", "tintindex": 0 },
				"east": { "uv": [ 10, 8, 9, 9 ], "texture": "#texture", "tintindex": 0 }
			}
		},
		{
			"__comment": "Cube12",
			"from": [ 10, 0, 3.5 ],
			"to": [ 11, 1, 10.5 ],
			"rotation": { "origin": [ 3, 3.000001, 2.5 ], "axis": "y", "angle": -45 },
			"faces": {
				"down": { "uv": [ 9, 15, 16, 16 ], "texture": "#texture", "rotation": 270, "tintindex": 0 },
				"up": { "uv": [ 9, 16, 16, 15 ], "texture": "#texture", "rotation": 90, "tintindex": 0 },
				"north": { "uv": [ 9, 15, 10, 16 ], "texture": "#texture", "tintindex": 0 },
				"south": { "uv": [ 16, 16, 15, 15 ], "texture": "#texture", "rotation": 180, "tintindex": 0 },
				"west": { "uv": [ 9, 15, 16, 16 ], "texture": "#texture", "tintindex": 0 },
				"east": { "uv": [ 16, 15, 9, 16 ], "texture": "#texture", "tintindex": 0 }
			}
		},
		{
			"__comment": "Cube13",
			"from": [ 10, 6, 4.5 ],
			"to": [ 11, 7, 5.5 ],
			"rotation": { "origin": [ 3, 3.000001, 2.5 ], "axis": "y", "angle": -45 },
			"faces": {
				"down": { "uv": [ 10, 9, 11, 10 ], "texture": "#texture", "rotation": 270, "tintindex": 0 },
				"up": { "uv": [ 10, 10, 11, 9 ], "texture": "#texture", "rotation": 90, "tintindex": 0 },
				"north": { "uv": [ 10, 9, 11, 10 ], "texture": "#texture", "tintindex": 0 },
				"south": { "uv": [ 11, 10, 10, 9 ], "texture": "#texture", "rotation": 180, "tintindex": 0 },
				"west": { "uv": [ 10, 9, 11, 10 ], "texture": "#texture", "tintindex": 0 },
				"east": { "uv": [ 11, 9, 10, 10 ], "texture": "#texture", "tintindex": 0 }
			}
		}
	]
}