{
"ambientocclusion": false,
"textures": {
    "particle": "blocks/redstone_lamp_off",
    "texture": "blocks/redstone_lamp_off"
},
"elements": [ 
{
    "__comment": "Frame",
    "from": [ 0, 0, 15 ],
    "to": [ 1, 16, 16 ],
    "faces": {
        "down":  { "uv": [ 16, 16, 15, 15 ], "texture": "#texture" },
        "up":    { "uv": [ 0, 15, 1, 16 ], "texture": "#texture" },
        "north": { "uv": [ 15, 0, 16, 16 ], "texture": "#texture" },
        "south": { "uv": [ 0, 0, 1, 16 ], "texture": "#texture" },
        "west":  { "uv": [ 15, 0, 16, 16 ], "texture": "#texture" },
        "east":  { "uv": [ 0, 0, 1, 16 ], "texture": "#texture" }
    }
},
{
    "__comment": "Frame",
    "from": [ 15, 0, 15 ],
    "to": [ 16, 16, 16 ],
    "faces": {
        "down":  { "uv": [ 1, 16, 0, 15 ], "texture": "#texture" },
        "up":    { "uv": [ 15, 15, 16, 16 ], "texture": "#texture" },
        "north": { "uv": [ 0, 0, 1, 16 ], "texture": "#texture" },
        "south": { "uv": [ 15, 0, 16, 16 ], "texture": "#texture" },
        "west":  { "uv": [ 15, 0, 16, 16 ], "texture": "#texture" },
        "east":  { "uv": [ 0, 0, 1, 16 ], "texture": "#texture" }
    }
},
{
    "__comment": "Frame",
    "from": [ 1, 0, 15 ],
    "to": [ 15, 1, 16 ],
    "faces": {
        "down":  { "uv": [ 15, 16, 1, 15 ], "texture": "#texture" },
        "up":    { "uv": [ 1, 15, 15, 16 ], "texture": "#texture" },
        "north": { "uv": [ 1, 15, 15, 16 ], "texture": "#texture" },
        "south": { "uv": [ 1, 15, 15, 16 ], "texture": "#texture" }
    }
},
{
    "__comment": "Frame",
    "from": [ 1, 15, 15 ],
    "to": [ 15, 16, 16 ],
    "faces": {
        "down":  { "uv": [ 15, 16, 1, 15 ], "texture": "#texture" },
        "up":    { "uv": [ 1, 15, 15, 16 ], "texture": "#texture" },
        "north": { "uv": [ 1, 0, 15, 1 ], "texture": "#texture" },
        "south": { "uv": [ 1, 0, 15, 1 ], "texture": "#texture" }
    }
},
{
    "__comment": "Frame",
    "from": [ 1, 14, 15 ],
    "to": [ 3, 15, 16 ],
    "faces": {
        "down":  { "uv": [ 15, 16, 13, 15 ], "texture": "#texture" },
        "south": { "uv": [ 1, 1, 3, 2 ], "texture": "#texture" },
        "east":  { "uv": [ 0, 1, 1, 2 ], "texture": "#texture" }
    }
},
{
    "__comment": "Frame",
    "from": [ 13, 14, 15 ],
    "to": [ 15, 15, 16 ],
    "faces": {
        "down":  { "uv": [ 3, 16, 1, 15 ], "texture": "#texture" },
        "south": { "uv": [ 13, 1, 15, 2 ], "texture": "#texture" },
        "west":  { "uv": [ 15, 1, 16, 2 ], "texture": "#texture" }
    }
},
{
    "__comment": "Frame",
    "from": [ 1, 1, 15 ],
    "to": [ 3, 2, 16 ],
    "faces": {
        "up":    { "uv": [ 1, 15, 3, 16 ], "texture": "#texture" },
        "south": { "uv": [ 1, 14, 3, 15 ], "texture": "#texture" },
        "east":  { "uv": [ 0, 14, 1, 15 ], "texture": "#texture" }
    }
},
{
    "__comment": "Frame",
    "from": [ 13, 1, 15 ],
    "to": [ 15, 2, 16 ],
    "faces": {
        "up":    { "uv": [ 13, 15, 15, 16 ], "texture": "#texture" },
        "south": { "uv": [ 13, 14, 15, 15 ], "texture": "#texture" },
        "west":  { "uv": [ 15, 14, 16, 15 ], "texture": "#texture" }
    }
},
{
    "__comment": "Frame",
    "from": [ 1, 13, 15 ],
    "to": [ 2, 14, 16 ],
    "faces": {
        "down":  { "uv": [ 15, 16, 14, 15 ], "texture": "#texture" },
        "south": { "uv": [ 1, 2, 2, 3 ], "texture": "#texture" },
        "east":  { "uv": [ 0, 2, 1, 3 ], "texture": "#texture" }
    }
},
{
    "__comment": "Frame",
    "from": [ 14, 13, 15 ],
    "to": [ 15, 14, 16 ],
    "faces": {
        "down":  { "uv": [ 2, 16, 1, 15 ], "texture": "#texture" },
        "south": { "uv": [ 14, 2, 15, 3 ], "texture": "#texture" },
        "west":  { "uv": [ 15, 2, 16, 3 ], "texture": "#texture" }
    }
},
{
    "__comment": "Frame",
    "from": [ 1, 2, 15 ],
    "to": [ 2, 3, 16 ],
    "faces": {
        "up":    { "uv": [ 1, 15, 2, 16 ], "texture": "#texture" },
        "south": { "uv": [ 1, 13, 2, 14 ], "texture": "#texture" },
        "east":  { "uv": [ 0, 13, 1, 14 ], "texture": "#texture" }
    }
},
{
    "__comment": "Frame",
    "from": [ 14, 2, 15 ],
    "to": [ 15, 3, 16 ],
    "faces": {
        "up":    { "uv": [ 14, 15, 15, 16 ], "texture": "#texture" },
        "south": { "uv": [ 14, 13, 15, 14 ], "texture": "#texture" },
        "west":  { "uv": [ 15, 13, 16, 14 ], "texture": "#texture" }
    }
},
{
    "__comment": "Frame",
    "from": [ 7, 12, 15 ],
    "to": [ 9, 15, 16 ],
    "faces": {
        "down":  { "uv": [ 9, 16, 7, 15 ], "texture": "#texture" },
        "south": { "uv": [ 7, 1, 9, 4 ], "texture": "#texture" },
        "west":  { "uv": [ 15, 1, 16, 4 ], "texture": "#texture" },
        "east":  { "uv": [ 0, 1, 1, 4 ], "texture": "#texture" }
    }
},
{
    "__comment": "Frame",
    "from": [ 1, 7, 15 ],
    "to": [ 4, 9, 16 ],
    "faces": {
        "down":  { "uv": [ 15, 16, 12, 15 ], "texture": "#texture" },
        "up":    { "uv": [ 1, 15, 4, 16 ], "texture": "#texture" },
        "south": { "uv": [ 1, 7, 4, 9 ], "texture": "#texture" },
        "east":  { "uv": [ 0, 7, 1, 9 ], "texture": "#texture" }
    }
},
{
    "__comment": "Frame",
    "from": [ 12, 7, 15 ],
    "to": [ 15, 9, 16 ],
    "faces": {
        "down":  { "uv": [ 4, 16, 1, 15 ], "texture": "#texture" },
        "up":    { "uv": [ 12, 15, 15, 16 ], "texture": "#texture" },
        "south": { "uv": [ 12, 7, 15, 9 ], "texture": "#texture" },
        "west":  { "uv": [ 15, 7, 16, 9 ], "texture": "#texture" }
    }
},
{
    "__comment": "Frame",
    "from": [ 7, 1, 15 ],
    "to": [ 9, 4, 16 ],
    "faces": {
        "up":    { "uv": [ 7, 15, 9, 16 ], "texture": "#texture" },
        "south": { "uv": [ 7, 12, 9, 15 ], "texture": "#texture" },
        "west":  { "uv": [ 15, 12, 16, 15 ], "texture": "#texture" },
        "east":  { "uv": [ 0, 12, 1, 15 ], "texture": "#texture" }
    }
},
{
    "__comment": "Frame",
    "from": [ 4, 9, 15 ],
    "to": [ 5, 10, 16 ],
    "faces": {
        "down":  { "uv": [ 12, 16, 11, 15 ], "texture": "#texture" },
        "up":    { "uv": [ 4, 15, 5, 16 ], "texture": "#texture" },
        "south": { "uv": [ 4, 6, 5, 7 ], "texture": "#texture" },
        "west":  { "uv": [ 15, 6, 16, 7 ], "texture": "#texture" },
        "east":  { "uv": [ 0, 6, 1, 7 ], "texture": "#texture" }
    }
},
{
    "__comment": "Frame",
    "from": [ 5, 10, 15 ],
    "to": [ 6, 11, 16 ],
    "faces": {
        "down":  { "uv": [ 11, 16, 10, 15 ], "texture": "#texture" },
        "up":    { "uv": [ 5, 15, 6, 16 ], "texture": "#texture" },
        "south": { "uv": [ 5, 5, 6, 6 ], "texture": "#texture" },
        "west":  { "uv": [ 15, 5, 16, 6 ], "texture": "#texture" },
        "east":  { "uv": [ 0, 5, 1, 6 ], "texture": "#texture" }
    }
},
{
    "__comment": "Frame",
    "from": [ 6, 11, 15 ],
    "to": [ 7, 12, 16 ],
    "faces": {
        "down":  { "uv": [ 10, 16, 9, 15 ], "texture": "#texture" },
        "up":    { "uv": [ 6, 15, 7, 16 ], "texture": "#texture" },
        "south": { "uv": [ 6, 4, 7, 5 ], "texture": "#texture" },
        "west":  { "uv": [ 15, 4, 16, 5 ], "texture": "#texture" },
        "east":  { "uv": [ 0, 4, 1, 5 ], "texture": "#texture" }
    }
},
{
    "__comment": "Frame",
    "from": [ 9, 11, 15 ],
    "to": [ 10, 12, 16 ],
    "faces": {
        "down":  { "uv": [ 7, 16, 6, 15 ], "texture": "#texture" },
        "up":    { "uv": [ 9, 15, 10, 16 ], "texture": "#texture" },
        "south": { "uv": [ 9, 4, 10, 5 ], "texture": "#texture" },
        "west":  { "uv": [ 15, 4, 16, 5 ], "texture": "#texture" },
        "east":  { "uv": [ 0, 4, 1, 5 ], "texture": "#texture" }
    }
},
{
    "__comment": "Frame",
    "from": [ 10, 10, 15 ],
    "to": [ 11, 11, 16 ],
    "faces": {
        "down":  { "uv": [ 6, 16, 5, 15 ], "texture": "#texture" },
        "up":    { "uv": [ 10, 15, 11, 16 ], "texture": "#texture" },
        "south": { "uv": [ 10, 5, 11, 6 ], "texture": "#texture" },
        "west":  { "uv": [ 15, 5, 16, 6 ], "texture": "#texture" },
        "east":  { "uv": [ 0, 5, 1, 6 ], "texture": "#texture" }
    }
},
{
    "__comment": "Frame",
    "from": [ 11, 9, 15 ],
    "to": [ 12, 10, 16 ],
    "faces": {
        "down":  { "uv": [ 5, 16, 4, 15 ], "texture": "#texture" },
        "up":    { "uv": [ 11, 15, 12, 16 ], "texture": "#texture" },
        "south": { "uv": [ 11, 6, 12, 7 ], "texture": "#texture" },
        "west":  { "uv": [ 15, 6, 16, 7 ], "texture": "#texture" },
        "east":  { "uv": [ 0, 6, 1, 7 ], "texture": "#texture" }
    }
},
{
    "__comment": "Frame",
    "from": [ 11, 6, 15 ],
    "to": [ 12, 7, 16 ],
    "faces": {
        "down":  { "uv": [ 5, 16, 4, 15 ], "texture": "#texture" },
        "up":    { "uv": [ 11, 15, 12, 16 ], "texture": "#texture" },
        "south": { "uv": [ 11, 9, 12, 10 ], "texture": "#texture" },
        "west":  { "uv": [ 15, 9, 16, 10 ], "texture": "#texture" },
        "east":  { "uv": [ 0, 9, 1, 10 ], "texture": "#texture" }
    }
},
{
    "__comment": "Frame",
    "from": [ 10, 5, 15 ],
    "to": [ 11, 6, 16 ],
    "faces": {
        "down":  { "uv": [ 6, 16, 5, 15 ], "texture": "#texture" },
        "up":    { "uv": [ 10, 15, 11, 16 ], "texture": "#texture" },
        "south": { "uv": [ 10, 10, 11, 11 ], "texture": "#texture" },
        "west":  { "uv": [ 15, 10, 16, 11 ], "texture": "#texture" },
        "east":  { "uv": [ 0, 10, 1, 11 ], "texture": "#texture" }
    }
},
{
    "__comment": "Frame",
    "from": [ 9, 4, 15 ],
    "to": [ 10, 5, 16 ],
    "faces": {
        "down":  { "uv": [ 7, 16, 6, 15 ], "texture": "#texture" },
        "up":    { "uv": [ 9, 15, 10, 16 ], "texture": "#texture" },
        "south": { "uv": [ 9, 11, 10, 12 ], "texture": "#texture" },
        "west":  { "uv": [ 15, 11, 16, 12 ], "texture": "#texture" },
        "east":  { "uv": [ 0, 11, 1, 12 ], "texture": "#texture" }
    }
},
{
    "__comment": "Frame",
    "from": [ 6, 4, 15 ],
    "to": [ 7, 5, 16 ],
    "faces": {
        "down":  { "uv": [ 10, 16, 9, 15 ], "texture": "#texture" },
        "up":    { "uv": [ 6, 15, 7, 16 ], "texture": "#texture" },
        "south": { "uv": [ 6, 11, 7, 12 ], "texture": "#texture" },
        "west":  { "uv": [ 15, 11, 16, 12 ], "texture": "#texture" },
        "east":  { "uv": [ 0, 11, 1, 12 ], "texture": "#texture" }
    }
},
{
    "__comment": "Frame",
    "from": [ 5, 5, 15 ],
    "to": [ 6, 6, 16 ],
    "faces": {
        "down":  { "uv": [ 11, 16, 10, 15 ], "texture": "#texture" },
        "up":    { "uv": [ 5, 15, 6, 16 ], "texture": "#texture" },
        "south": { "uv": [ 5, 10, 6, 11 ], "texture": "#texture" },
        "west":  { "uv": [ 15, 10, 16, 11 ], "texture": "#texture" },
        "east":  { "uv": [ 0, 10, 1, 11 ], "texture": "#texture" }
    }
},
{
    "__comment": "Frame",
    "from": [ 4, 6, 15 ],
    "to": [ 5, 7, 16 ],
    "faces": {
        "down":  { "uv": [ 12, 16, 11, 15 ], "texture": "#texture" },
        "up":    { "uv": [ 4, 15, 5, 16 ], "texture": "#texture" },
        "south": { "uv": [ 4, 9, 5, 10 ], "texture": "#texture" },
        "west":  { "uv": [ 15, 9, 16, 10 ], "texture": "#texture" },
        "east":  { "uv": [ 0, 9, 1, 10 ], "texture": "#texture" }
    }
},
{
    "__comment": "Frame",
    "from": [ 0, 9.99201e-016, 0 ],
    "to": [ 1, 1, 16 ],
    "faces": {
        "down":  { "uv": [ 0, 0, 1, 16 ], "texture": "#texture" },
        "up":    { "uv": [ 15, 0, 16, 16 ], "rotation": 180, "texture": "#texture" },
        "north": { "uv": [ 16, 16, 15, 15 ], "rotation": 180, "texture": "#texture" },
        "south": { "uv": [ 0, 15, 1, 16 ], "texture": "#texture" },
        "west":  { "uv": [ 15, 0, 16, 16 ], "rotation": 90, "texture": "#texture" },
        "east":  { "uv": [ 0, 0, 1, 16 ], "rotation": 270, "texture": "#texture" }
    }
},
{
    "__comment": "Frame",
    "from": [ 15, 9.99201e-016, 0 ],
    "to": [ 16, 1, 16 ],
    "faces": {
        "down":  { "uv": [ 15, 0, 16, 16 ], "texture": "#texture" },
        "up":    { "uv": [ 0, 0, 1, 16 ], "rotation": 180, "texture": "#texture" },
        "north": { "uv": [ 1, 16, 0, 15 ], "rotation": 180, "texture": "#texture" },
        "south": { "uv": [ 15, 15, 16, 16 ], "texture": "#texture" },
        "west":  { "uv": [ 15, 0, 16, 16 ], "rotation": 90, "texture": "#texture" },
        "east":  { "uv": [ 0, 0, 1, 16 ], "rotation": 270, "texture": "#texture" }
    }
},
{
    "__comment": "Frame",
    "from": [ 1, 1.11022e-016, 0 ],
    "to": [ 15, 1, 1 ],
    "faces": {
        "down":  { "uv": [ 1, 15, 15, 16 ], "texture": "#texture" },
        "up":    { "uv": [ 1, 15, 15, 16 ], "rotation": 180, "texture": "#texture" },
        "north": { "uv": [ 15, 16, 1, 15 ], "rotation": 180, "texture": "#texture" },
        "south": { "uv": [ 1, 15, 15, 16 ], "texture": "#texture" }
    }
},
{
    "__comment": "Frame",
    "from": [ 1, 1.11022e-016, 15 ],
    "to": [ 15, 1, 16 ],
    "faces": {
        "down":  { "uv": [ 1, 0, 15, 1 ], "texture": "#texture" },
        "up":    { "uv": [ 1, 0, 15, 1 ], "rotation": 180, "texture": "#texture" },
        "north": { "uv": [ 15, 16, 1, 15 ], "rotation": 180, "texture": "#texture" },
        "south": { "uv": [ 1, 15, 15, 16 ], "texture": "#texture" }
    }
},
{
    "__comment": "Frame",
    "from": [ 1, 1.11022e-016, 14 ],
    "to": [ 3, 1, 15 ],
    "faces": {
        "down":  { "uv": [ 1, 1, 3, 2 ], "texture": "#texture" },
        "north": { "uv": [ 15, 16, 13, 15 ], "rotation": 180, "texture": "#texture" },
        "east":  { "uv": [ 0, 1, 1, 2 ], "rotation": 270, "texture": "#texture" }
    }
},
{
    "__comment": "Frame",
    "from": [ 13, 1.11022e-016, 14 ],
    "to": [ 15, 1, 15 ],
    "faces": {
        "down":  { "uv": [ 13, 1, 15, 2 ], "texture": "#texture" },
        "north": { "uv": [ 3, 16, 1, 15 ], "rotation": 180, "texture": "#texture" },
        "west":  { "uv": [ 15, 1, 16, 2 ], "rotation": 90, "texture": "#texture" }
    }
},
{
    "__comment": "Frame",
    "from": [ 1, 1.11022e-016, 1 ],
    "to": [ 3, 1, 2 ],
    "faces": {
        "down":  { "uv": [ 1, 14, 3, 15 ], "texture": "#texture" },
        "south": { "uv": [ 1, 15, 3, 16 ], "texture": "#texture" },
        "east":  { "uv": [ 0, 14, 1, 15 ], "rotation": 270, "texture": "#texture" }
    }
},
{
    "__comment": "Frame",
    "from": [ 13, 1.11022e-016, 1 ],
    "to": [ 15, 1, 2 ],
    "faces": {
        "down":  { "uv": [ 13, 14, 15, 15 ], "texture": "#texture" },
        "south": { "uv": [ 13, 15, 15, 16 ], "texture": "#texture" },
        "west":  { "uv": [ 15, 14, 16, 15 ], "rotation": 90, "texture": "#texture" }
    }
},
{
    "__comment": "Frame",
    "from": [ 1, 1.11022e-016, 13 ],
    "to": [ 2, 1, 14 ],
    "faces": {
        "down":  { "uv": [ 1, 2, 2, 3 ], "texture": "#texture" },
        "north": { "uv": [ 15, 16, 14, 15 ], "rotation": 180, "texture": "#texture" },
        "east":  { "uv": [ 0, 2, 1, 3 ], "rotation": 270, "texture": "#texture" }
    }
},
{
    "__comment": "Frame",
    "from": [ 14, 1.11022e-016, 13 ],
    "to": [ 15, 1, 14 ],
    "faces": {
        "down":  { "uv": [ 14, 2, 15, 3 ], "texture": "#texture" },
        "north": { "uv": [ 2, 16, 1, 15 ], "rotation": 180, "texture": "#texture" },
        "west":  { "uv": [ 15, 2, 16, 3 ], "rotation": 90, "texture": "#texture" }
    }
},
{
    "__comment": "Frame",
    "from": [ 1, 1.11022e-016, 2 ],
    "to": [ 2, 1, 3 ],
    "faces": {
        "down":  { "uv": [ 1, 13, 2, 14 ], "texture": "#texture" },
        "south": { "uv": [ 1, 15, 2, 16 ], "texture": "#texture" },
        "east":  { "uv": [ 0, 13, 1, 14 ], "rotation": 270, "texture": "#texture" }
    }
},
{
    "__comment": "Frame",
    "from": [ 14, 1.11022e-016, 2 ],
    "to": [ 15, 1, 3 ],
    "faces": {
        "down":  { "uv": [ 14, 13, 15, 14 ], "texture": "#texture" },
        "south": { "uv": [ 14, 15, 15, 16 ], "texture": "#texture" },
        "west":  { "uv": [ 15, 13, 16, 14 ], "rotation": 90, "texture": "#texture" }
    }
},
{
    "__comment": "Frame",
    "from": [ 7, 2.22045e-016, 12 ],
    "to": [ 9, 1, 15 ],
    "faces": {
        "down":  { "uv": [ 7, 1, 9, 4 ], "texture": "#texture" },
        "north": { "uv": [ 9, 16, 7, 15 ], "rotation": 180, "texture": "#texture" },
        "west":  { "uv": [ 15, 1, 16, 4 ], "rotation": 90, "texture": "#texture" },
        "east":  { "uv": [ 0, 1, 1, 4 ], "rotation": 270, "texture": "#texture" }
    }
},
{
    "__comment": "Frame",
    "from": [ 1, 1.11022e-016, 7 ],
    "to": [ 4, 1, 9 ],
    "faces": {
        "down":  { "uv": [ 1, 7, 4, 9 ], "texture": "#texture" },
        "north": { "uv": [ 15, 16, 12, 15 ], "rotation": 180, "texture": "#texture" },
        "south": { "uv": [ 1, 15, 4, 16 ], "texture": "#texture" },
        "east":  { "uv": [ 0, 7, 1, 9 ], "rotation": 270, "texture": "#texture" }
    }
},
{
    "__comment": "Frame",
    "from": [ 12, 1.11022e-016, 7 ],
    "to": [ 15, 1, 9 ],
    "faces": {
        "down":  { "uv": [ 12, 7, 15, 9 ], "texture": "#texture" },
        "north": { "uv": [ 4, 16, 1, 15 ], "rotation": 180, "texture": "#texture" },
        "south": { "uv": [ 12, 15, 15, 16 ], "texture": "#texture" },
        "west":  { "uv": [ 15, 7, 16, 9 ], "rotation": 90, "texture": "#texture" }
    }
},
{
    "__comment": "Frame",
    "from": [ 7, 2.22045e-016, 1 ],
    "to": [ 9, 1, 4 ],
    "faces": {
        "down":  { "uv": [ 7, 12, 9, 15 ], "texture": "#texture" },
        "south": { "uv": [ 7, 15, 9, 16 ], "texture": "#texture" },
        "west":  { "uv": [ 15, 12, 16, 15 ], "rotation": 90, "texture": "#texture" },
        "east":  { "uv": [ 0, 12, 1, 15 ], "rotation": 270, "texture": "#texture" }
    }
},
{
    "__comment": "Frame",
    "from": [ 4, 1.11022e-016, 9 ],
    "to": [ 5, 1, 10 ],
    "faces": {
        "down":  { "uv": [ 4, 6, 5, 7 ], "texture": "#texture" },
        "north": { "uv": [ 12, 16, 11, 15 ], "rotation": 180, "texture": "#texture" },
        "south": { "uv": [ 4, 15, 5, 16 ], "texture": "#texture" },
        "west":  { "uv": [ 15, 6, 16, 7 ], "rotation": 90, "texture": "#texture" },
        "east":  { "uv": [ 0, 6, 1, 7 ], "rotation": 270, "texture": "#texture" }
    }
},
{
    "__comment": "Frame",
    "from": [ 5, 1.11022e-016, 10 ],
    "to": [ 6, 1, 11 ],
    "faces": {
        "down":  { "uv": [ 5, 5, 6, 6 ], "texture": "#texture" },
        "north": { "uv": [ 11, 16, 10, 15 ], "rotation": 180, "texture": "#texture" },
        "south": { "uv": [ 5, 15, 6, 16 ], "texture": "#texture" },
        "west":  { "uv": [ 15, 5, 16, 6 ], "rotation": 90, "texture": "#texture" },
        "east":  { "uv": [ 0, 5, 1, 6 ], "rotation": 270, "texture": "#texture" }
    }
},
{
    "__comment": "Frame",
    "from": [ 6, 1.11022e-016, 11 ],
    "to": [ 7, 1, 12 ],
    "faces": {
        "down":  { "uv": [ 6, 4, 7, 5 ], "texture": "#texture" },
        "north": { "uv": [ 10, 16, 9, 15 ], "rotation": 180, "texture": "#texture" },
        "south": { "uv": [ 6, 15, 7, 16 ], "texture": "#texture" },
        "west":  { "uv": [ 15, 4, 16, 5 ], "rotation": 90, "texture": "#texture" },
        "east":  { "uv": [ 0, 4, 1, 5 ], "rotation": 270, "texture": "#texture" }
    }
},
{
    "__comment": "Frame",
    "from": [ 9, 1.11022e-016, 11 ],
    "to": [ 10, 1, 12 ],
    "faces": {
        "down":  { "uv": [ 9, 4, 10, 5 ], "texture": "#texture" },
        "north": { "uv": [ 7, 16, 6, 15 ], "rotation": 180, "texture": "#texture" },
        "south": { "uv": [ 9, 15, 10, 16 ], "texture": "#texture" },
        "west":  { "uv": [ 15, 4, 16, 5 ], "rotation": 90, "texture": "#texture" },
        "east":  { "uv": [ 0, 4, 1, 5 ], "rotation": 270, "texture": "#texture" }
    }
},
{
    "__comment": "Frame",
    "from": [ 10, 1.11022e-016, 10 ],
    "to": [ 11, 1, 11 ],
    "faces": {
        "down":  { "uv": [ 10, 5, 11, 6 ], "texture": "#texture" },
        "north": { "uv": [ 6, 16, 5, 15 ], "rotation": 180, "texture": "#texture" },
        "south": { "uv": [ 10, 15, 11, 16 ], "texture": "#texture" },
        "west":  { "uv": [ 15, 5, 16, 6 ], "rotation": 90, "texture": "#texture" },
        "east":  { "uv": [ 0, 5, 1, 6 ], "rotation": 270, "texture": "#texture" }
    }
},
{
    "__comment": "Frame",
    "from": [ 11, 1.11022e-016, 9 ],
    "to": [ 12, 1, 10 ],
    "faces": {
        "down":  { "uv": [ 11, 6, 12, 7 ], "texture": "#texture" },
        "north": { "uv": [ 5, 16, 4, 15 ], "rotation": 180, "texture": "#texture" },
        "south": { "uv": [ 11, 15, 12, 16 ], "texture": "#texture" },
        "west":  { "uv": [ 15, 6, 16, 7 ], "rotation": 90, "texture": "#texture" },
        "east":  { "uv": [ 0, 6, 1, 7 ], "rotation": 270, "texture": "#texture" }
    }
},
{
    "__comment": "Frame",
    "from": [ 11, 1.11022e-016, 6 ],
    "to": [ 12, 1, 7 ],
    "faces": {
        "down":  { "uv": [ 11, 9, 12, 10 ], "texture": "#texture" },
        "north": { "uv": [ 5, 16, 4, 15 ], "rotation": 180, "texture": "#texture" },
        "south": { "uv": [ 11, 15, 12, 16 ], "texture": "#texture" },
        "west":  { "uv": [ 15, 9, 16, 10 ], "rotation": 90, "texture": "#texture" },
        "east":  { "uv": [ 0, 9, 1, 10 ], "rotation": 270, "texture": "#texture" }
    }
},
{
    "__comment": "Frame",
    "from": [ 10, 1.11022e-016, 5 ],
    "to": [ 11, 1, 6 ],
    "faces": {
        "down":  { "uv": [ 10, 10, 11, 11 ], "texture": "#texture" },
        "north": { "uv": [ 6, 16, 5, 15 ], "rotation": 180, "texture": "#texture" },
        "south": { "uv": [ 10, 15, 11, 16 ], "texture": "#texture" },
        "west":  { "uv": [ 15, 10, 16, 11 ], "rotation": 90, "texture": "#texture" },
        "east":  { "uv": [ 0, 10, 1, 11 ], "rotation": 270, "texture": "#texture" }
    }
},
{
    "__comment": "Frame",
    "from": [ 9, 1.11022e-016, 4 ],
    "to": [ 10, 1, 5 ],
    "faces": {
        "down":  { "uv": [ 9, 11, 10, 12 ], "texture": "#texture" },
        "north": { "uv": [ 7, 16, 6, 15 ], "rotation": 180, "texture": "#texture" },
        "south": { "uv": [ 9, 15, 10, 16 ], "texture": "#texture" },
        "west":  { "uv": [ 15, 11, 16, 12 ], "rotation": 90, "texture": "#texture" },
        "east":  { "uv": [ 0, 11, 1, 12 ], "rotation": 270, "texture": "#texture" }
    }
},
{
    "__comment": "Frame",
    "from": [ 6, 1.11022e-016, 4 ],
    "to": [ 7, 1, 5 ],
    "faces": {
        "down":  { "uv": [ 6, 11, 7, 12 ], "texture": "#texture" },
        "north": { "uv": [ 10, 16, 9, 15 ], "rotation": 180, "texture": "#texture" },
        "south": { "uv": [ 6, 15, 7, 16 ], "texture": "#texture" },
        "west":  { "uv": [ 15, 11, 16, 12 ], "rotation": 90, "texture": "#texture" },
        "east":  { "uv": [ 0, 11, 1, 12 ], "rotation": 270, "texture": "#texture" }
    }
},
{
    "__comment": "Frame",
    "from": [ 5, 1.11022e-016, 5 ],
    "to": [ 6, 1, 6 ],
    "faces": {
        "down":  { "uv": [ 5, 10, 6, 11 ], "texture": "#texture" },
        "north": { "uv": [ 11, 16, 10, 15 ], "rotation": 180, "texture": "#texture" },
        "south": { "uv": [ 5, 15, 6, 16 ], "texture": "#texture" },
        "west":  { "uv": [ 15, 10, 16, 11 ], "rotation": 90, "texture": "#texture" },
        "east":  { "uv": [ 0, 10, 1, 11 ], "rotation": 270, "texture": "#texture" }
    }
},
{
    "__comment": "Frame",
    "from": [ 4, 1.11022e-016, 6 ],
    "to": [ 5, 1, 7 ],
    "faces": {
        "down":  { "uv": [ 4, 9, 5, 10 ], "texture": "#texture" },
        "north": { "uv": [ 12, 16, 11, 15 ], "rotation": 180, "texture": "#texture" },
        "south": { "uv": [ 4, 15, 5, 16 ], "texture": "#texture" },
        "west":  { "uv": [ 15, 9, 16, 10 ], "rotation": 90, "texture": "#texture" },
        "east":  { "uv": [ 0, 9, 1, 10 ], "rotation": 270, "texture": "#texture" }
    }
},
{
    "__comment": "Frame",
    "from": [ 0, 15, 0 ],
    "to": [ 1, 16, 16 ],
    "faces": {
        "down":  { "uv": [ 15, 0, 16, 16 ], "rotation": 180, "texture": "#texture" },
        "up":    { "uv": [ 0, 0, 1, 16 ], "texture": "#texture" },
        "north": { "uv": [ 0, 15, 1, 16 ], "rotation": 180, "texture": "#texture" },
        "south": { "uv": [ 16, 16, 15, 15 ], "texture": "#texture" },
        "west":  { "uv": [ 15, 0, 16, 16 ], "rotation": 270, "texture": "#texture" },
        "east":  { "uv": [ 0, 0, 1, 16 ], "rotation": 90, "texture": "#texture" }
    }
},
{
    "__comment": "Frame",
    "from": [ 15, 15, 0 ],
    "to": [ 16, 16, 16 ],
    "faces": {
        "down":  { "uv": [ 0, 0, 1, 16 ], "rotation": 180, "texture": "#texture" },
        "up":    { "uv": [ 15, 0, 16, 16 ], "texture": "#texture" },
        "north": { "uv": [ 15, 15, 16, 16 ], "rotation": 180, "texture": "#texture" },
        "south": { "uv": [ 1, 16, 0, 15 ], "texture": "#texture" },
        "west":  { "uv": [ 15, 0, 16, 16 ], "rotation": 270, "texture": "#texture" },
        "east":  { "uv": [ 0, 0, 1, 16 ], "rotation": 90, "texture": "#texture" }
    }
},
{
    "__comment": "Frame",
    "from": [ 1, 15, 15 ],
    "to": [ 15, 16, 16 ],
    "faces": {
        "down":  { "uv": [ 1, 15, 15, 16 ], "rotation": 180, "texture": "#texture" },
        "up":    { "uv": [ 1, 15, 15, 16 ], "texture": "#texture" },
        "north": { "uv": [ 1, 15, 15, 16 ], "rotation": 180, "texture": "#texture" },
        "south": { "uv": [ 15, 16, 1, 15 ], "texture": "#texture" }
    }
},
{
    "__comment": "Frame",
    "from": [ 1, 15, 0 ],
    "to": [ 15, 16, 1 ],
    "faces": {
        "down":  { "uv": [ 1, 0, 15, 1 ], "rotation": 180, "texture": "#texture" },
        "up":    { "uv": [ 1, 0, 15, 1 ], "texture": "#texture" },
        "north": { "uv": [ 1, 15, 15, 16 ], "rotation": 180, "texture": "#texture" },
        "south": { "uv": [ 15, 16, 1, 15 ], "texture": "#texture" }
    }
},
{
    "__comment": "Frame",
    "from": [ 1, 15, 1 ],
    "to": [ 3, 16, 2 ],
    "faces": {
        "up":    { "uv": [ 1, 1, 3, 2 ], "texture": "#texture" },
        "south": { "uv": [ 15, 16, 13, 15 ], "texture": "#texture" },
        "east":  { "uv": [ 0, 1, 1, 2 ], "rotation": 90, "texture": "#texture" }
    }
},
{
    "__comment": "Frame",
    "from": [ 13, 15, 1 ],
    "to": [ 15, 16, 2 ],
    "faces": {
        "up":    { "uv": [ 13, 1, 15, 2 ], "texture": "#texture" },
        "south": { "uv": [ 3, 16, 1, 15 ], "texture": "#texture" },
        "west":  { "uv": [ 15, 1, 16, 2 ], "rotation": 270, "texture": "#texture" }
    }
},
{
    "__comment": "Frame",
    "from": [ 1, 15, 14 ],
    "to": [ 3, 16, 15 ],
    "faces": {
        "up":    { "uv": [ 1, 14, 3, 15 ], "texture": "#texture" },
        "north": { "uv": [ 1, 15, 3, 16 ], "rotation": 180, "texture": "#texture" },
        "east":  { "uv": [ 0, 14, 1, 15 ], "rotation": 90, "texture": "#texture" }
    }
},
{
    "__comment": "Frame",
    "from": [ 13, 15, 14 ],
    "to": [ 15, 16, 15 ],
    "faces": {
        "up":    { "uv": [ 13, 14, 15, 15 ], "texture": "#texture" },
        "north": { "uv": [ 13, 15, 15, 16 ], "rotation": 180, "texture": "#texture" },
        "west":  { "uv": [ 15, 14, 16, 15 ], "rotation": 270, "texture": "#texture" }
    }
},
{
    "__comment": "Frame",
    "from": [ 1, 15, 2 ],
    "to": [ 2, 16, 3 ],
    "faces": {
        "up":    { "uv": [ 1, 2, 2, 3 ], "texture": "#texture" },
        "south": { "uv": [ 15, 16, 14, 15 ], "texture": "#texture" },
        "east":  { "uv": [ 0, 2, 1, 3 ], "rotation": 90, "texture": "#texture" }
    }
},
{
    "__comment": "Frame",
    "from": [ 14, 15, 2 ],
    "to": [ 15, 16, 3 ],
    "faces": {
        "up":    { "uv": [ 14, 2, 15, 3 ], "texture": "#texture" },
        "south": { "uv": [ 2, 16, 1, 15 ], "texture": "#texture" },
        "west":  { "uv": [ 15, 2, 16, 3 ], "rotation": 270, "texture": "#texture" }
    }
},
{
    "__comment": "Frame",
    "from": [ 1, 15, 13 ],
    "to": [ 2, 16, 14 ],
    "faces": {
        "up":    { "uv": [ 1, 13, 2, 14 ], "texture": "#texture" },
        "north": { "uv": [ 1, 15, 2, 16 ], "rotation": 180, "texture": "#texture" },
        "east":  { "uv": [ 0, 13, 1, 14 ], "rotation": 90, "texture": "#texture" }
    }
},
{
    "__comment": "Frame",
    "from": [ 14, 15, 13 ],
    "to": [ 15, 16, 14 ],
    "faces": {
        "up":    { "uv": [ 14, 13, 15, 14 ], "texture": "#texture" },
        "north": { "uv": [ 14, 15, 15, 16 ], "rotation": 180, "texture": "#texture" },
        "west":  { "uv": [ 15, 13, 16, 14 ], "rotation": 270, "texture": "#texture" }
    }
},
{
    "__comment": "Frame",
    "from": [ 7, 15, 1 ],
    "to": [ 9, 16, 4 ],
    "faces": {
        "up":    { "uv": [ 7, 1, 9, 4 ], "texture": "#texture" },
        "south": { "uv": [ 9, 16, 7, 15 ], "texture": "#texture" },
        "west":  { "uv": [ 15, 1, 16, 4 ], "rotation": 270, "texture": "#texture" },
        "east":  { "uv": [ 0, 1, 1, 4 ], "rotation": 90, "texture": "#texture" }
    }
},
{
    "__comment": "Frame",
    "from": [ 1, 15, 7 ],
    "to": [ 4, 16, 9 ],
    "faces": {
        "up":    { "uv": [ 1, 7, 4, 9 ], "texture": "#texture" },
        "north": { "uv": [ 1, 15, 4, 16 ], "rotation": 180, "texture": "#texture" },
        "south": { "uv": [ 15, 16, 12, 15 ], "texture": "#texture" },
        "east":  { "uv": [ 0, 7, 1, 9 ], "rotation": 90, "texture": "#texture" }
    }
},
{
    "__comment": "Frame",
    "from": [ 12, 15, 7 ],
    "to": [ 15, 16, 9 ],
    "faces": {
        "up":    { "uv": [ 12, 7, 15, 9 ], "texture": "#texture" },
        "north": { "uv": [ 12, 15, 15, 16 ], "rotation": 180, "texture": "#texture" },
        "south": { "uv": [ 4, 16, 1, 15 ], "texture": "#texture" },
        "west":  { "uv": [ 15, 7, 16, 9 ], "rotation": 270, "texture": "#texture" }
    }
},
{
    "__comment": "Frame",
    "from": [ 7, 15, 12 ],
    "to": [ 9, 16, 15 ],
    "faces": {
        "up":    { "uv": [ 7, 12, 9, 15 ], "texture": "#texture" },
        "north": { "uv": [ 7, 15, 9, 16 ], "rotation": 180, "texture": "#texture" },
        "west":  { "uv": [ 15, 12, 16, 15 ], "rotation": 270, "texture": "#texture" },
        "east":  { "uv": [ 0, 12, 1, 15 ], "rotation": 90, "texture": "#texture" }
    }
},
{
    "__comment": "Frame",
    "from": [ 4, 15, 6 ],
    "to": [ 5, 16, 7 ],
    "faces": {
        "up":    { "uv": [ 4, 6, 5, 7 ], "texture": "#texture" },
        "north": { "uv": [ 4, 15, 5, 16 ], "rotation": 180, "texture": "#texture" },
        "south": { "uv": [ 12, 16, 11, 15 ], "texture": "#texture" },
        "west":  { "uv": [ 15, 6, 16, 7 ], "rotation": 270, "texture": "#texture" },
        "east":  { "uv": [ 0, 6, 1, 7 ], "rotation": 90, "texture": "#texture" }
    }
},
{
    "__comment": "Frame",
    "from": [ 5, 15, 5 ],
    "to": [ 6, 16, 6 ],
    "faces": {
        "up":    { "uv": [ 5, 5, 6, 6 ], "texture": "#texture" },
        "north": { "uv": [ 5, 15, 6, 16 ], "rotation": 180, "texture": "#texture" },
        "south": { "uv": [ 11, 16, 10, 15 ], "texture": "#texture" },
        "west":  { "uv": [ 15, 5, 16, 6 ], "rotation": 270, "texture": "#texture" },
        "east":  { "uv": [ 0, 5, 1, 6 ], "rotation": 90, "texture": "#texture" }
    }
},
{
    "__comment": "Frame",
    "from": [ 6, 15, 4 ],
    "to": [ 7, 16, 5 ],
    "faces": {
        "up":    { "uv": [ 6, 4, 7, 5 ], "texture": "#texture" },
        "north": { "uv": [ 6, 15, 7, 16 ], "rotation": 180, "texture": "#texture" },
        "south": { "uv": [ 10, 16, 9, 15 ], "texture": "#texture" },
        "west":  { "uv": [ 15, 4, 16, 5 ], "rotation": 270, "texture": "#texture" },
        "east":  { "uv": [ 0, 4, 1, 5 ], "rotation": 90, "texture": "#texture" }
    }
},
{
    "__comment": "Frame",
    "from": [ 9, 15, 4 ],
    "to": [ 10, 16, 5 ],
    "faces": {
        "up":    { "uv": [ 9, 4, 10, 5 ], "texture": "#texture" },
        "north": { "uv": [ 9, 15, 10, 16 ], "rotation": 180, "texture": "#texture" },
        "south": { "uv": [ 7, 16, 6, 15 ], "texture": "#texture" },
        "west":  { "uv": [ 15, 4, 16, 5 ], "rotation": 270, "texture": "#texture" },
        "east":  { "uv": [ 0, 4, 1, 5 ], "rotation": 90, "texture": "#texture" }
    }
},
{
    "__comment": "Frame",
    "from": [ 10, 15, 5 ],
    "to": [ 11, 16, 6 ],
    "faces": {
        "up":    { "uv": [ 10, 5, 11, 6 ], "texture": "#texture" },
        "north": { "uv": [ 10, 15, 11, 16 ], "rotation": 180, "texture": "#texture" },
        "south": { "uv": [ 6, 16, 5, 15 ], "texture": "#texture" },
        "west":  { "uv": [ 15, 5, 16, 6 ], "rotation": 270, "texture": "#texture" },
        "east":  { "uv": [ 0, 5, 1, 6 ], "rotation": 90, "texture": "#texture" }
    }
},
{
    "__comment": "Frame",
    "from": [ 11, 15, 6 ],
    "to": [ 12, 16, 7 ],
    "faces": {
        "up":    { "uv": [ 11, 6, 12, 7 ], "texture": "#texture" },
        "north": { "uv": [ 11, 15, 12, 16 ], "rotation": 180, "texture": "#texture" },
        "south": { "uv": [ 5, 16, 4, 15 ], "texture": "#texture" },
        "west":  { "uv": [ 15, 6, 16, 7 ], "rotation": 270, "texture": "#texture" },
        "east":  { "uv": [ 0, 6, 1, 7 ], "rotation": 90, "texture": "#texture" }
    }
},
{
    "__comment": "Frame",
    "from": [ 11, 15, 9 ],
    "to": [ 12, 16, 10 ],
    "faces": {
        "up":    { "uv": [ 11, 9, 12, 10 ], "texture": "#texture" },
        "north": { "uv": [ 11, 15, 12, 16 ], "rotation": 180, "texture": "#texture" },
        "south": { "uv": [ 5, 16, 4, 15 ], "texture": "#texture" },
        "west":  { "uv": [ 15, 9, 16, 10 ], "rotation": 270, "texture": "#texture" },
        "east":  { "uv": [ 0, 9, 1, 10 ], "rotation": 90, "texture": "#texture" }
    }
},
{
    "__comment": "Frame",
    "from": [ 10, 15, 10 ],
    "to": [ 11, 16, 11 ],
    "faces": {
        "up":    { "uv": [ 10, 10, 11, 11 ], "texture": "#texture" },
        "north": { "uv": [ 10, 15, 11, 16 ], "rotation": 180, "texture": "#texture" },
        "south": { "uv": [ 6, 16, 5, 15 ], "texture": "#texture" },
        "west":  { "uv": [ 15, 10, 16, 11 ], "rotation": 270, "texture": "#texture" },
        "east":  { "uv": [ 0, 10, 1, 11 ], "rotation": 90, "texture": "#texture" }
    }
},
{
    "__comment": "Frame",
    "from": [ 9, 15, 11 ],
    "to": [ 10, 16, 12 ],
    "faces": {
        "up":    { "uv": [ 9, 11, 10, 12 ], "texture": "#texture" },
        "north": { "uv": [ 9, 15, 10, 16 ], "rotation": 180, "texture": "#texture" },
        "south": { "uv": [ 7, 16, 6, 15 ], "texture": "#texture" },
        "west":  { "uv": [ 15, 11, 16, 12 ], "rotation": 270, "texture": "#texture" },
        "east":  { "uv": [ 0, 11, 1, 12 ], "rotation": 90, "texture": "#texture" }
    }
},
{
    "__comment": "Frame",
    "from": [ 6, 15, 11 ],
    "to": [ 7, 16, 12 ],
    "faces": {
        "up":    { "uv": [ 6, 11, 7, 12 ], "texture": "#texture" },
        "north": { "uv": [ 6, 15, 7, 16 ], "rotation": 180, "texture": "#texture" },
        "south": { "uv": [ 10, 16, 9, 15 ], "texture": "#texture" },
        "west":  { "uv": [ 15, 11, 16, 12 ], "rotation": 270, "texture": "#texture" },
        "east":  { "uv": [ 0, 11, 1, 12 ], "rotation": 90, "texture": "#texture" }
    }
},
{
    "__comment": "Frame",
    "from": [ 5, 15, 10 ],
    "to": [ 6, 16, 11 ],
    "faces": {
        "up":    { "uv": [ 5, 10, 6, 11 ], "texture": "#texture" },
        "north": { "uv": [ 5, 15, 6, 16 ], "rotation": 180, "texture": "#texture" },
        "south": { "uv": [ 11, 16, 10, 15 ], "texture": "#texture" },
        "west":  { "uv": [ 15, 10, 16, 11 ], "rotation": 270, "texture": "#texture" },
        "east":  { "uv": [ 0, 10, 1, 11 ], "rotation": 90, "texture": "#texture" }
    }
},
{
    "__comment": "Frame",
    "from": [ 4, 15, 9 ],
    "to": [ 5, 16, 10 ],
    "faces": {
        "up":    { "uv": [ 4, 9, 5, 10 ], "texture": "#texture" },
        "north": { "uv": [ 4, 15, 5, 16 ], "rotation": 180, "texture": "#texture" },
        "south": { "uv": [ 12, 16, 11, 15 ], "texture": "#texture" },
        "west":  { "uv": [ 15, 9, 16, 10 ], "rotation": 270, "texture": "#texture" },
        "east":  { "uv": [ 0, 9, 1, 10 ], "rotation": 90, "texture": "#texture" }
    }
},
{
    "__comment": "Frame",
    "from": [ 15, 0, 15 ],
    "to": [ 16, 16, 16 ],
    "faces": {
        "down":  { "uv": [ 16, 16, 15, 15 ], "rotation": 90, "texture": "#texture" },
        "up":    { "uv": [ 0, 15, 1, 16 ], "rotation": 270, "texture": "#texture" },
        "north": { "uv": [ 0, 0, 1, 16 ], "texture": "#texture" },
        "south": { "uv": [ 15, 0, 16, 16 ], "texture": "#texture" },
        "west":  { "uv": [ 15, 0, 16, 16 ], "texture": "#texture" },
        "east":  { "uv": [ 0, 0, 1, 16 ], "texture": "#texture" }
    }
},
{
    "__comment": "Frame",
    "from": [ 15, 0, 0 ],
    "to": [ 16, 16, 1 ],
    "faces": {
        "down":  { "uv": [ 1, 16, 0, 15 ], "rotation": 90, "texture": "#texture" },
        "up":    { "uv": [ 15, 15, 16, 16 ], "rotation": 270, "texture": "#texture" },
        "north": { "uv": [ 0, 0, 1, 16 ], "texture": "#texture" },
        "south": { "uv": [ 15, 0, 16, 16 ], "texture": "#texture" },
        "west":  { "uv": [ 0, 0, 1, 16 ], "texture": "#texture" },
        "east":  { "uv": [ 15, 0, 16, 16 ], "texture": "#texture" }
    }
},
{
    "__comment": "Frame",
    "from": [ 15, 0, 1 ],
    "to": [ 16, 1, 15 ],
    "faces": {
        "down":  { "uv": [ 15, 16, 1, 15 ], "rotation": 90, "texture": "#texture" },
        "up":    { "uv": [ 1, 15, 15, 16 ], "rotation": 270, "texture": "#texture" },
        "west":  { "uv": [ 1, 15, 15, 16 ], "texture": "#texture" },
        "east":  { "uv": [ 1, 15, 15, 16 ], "texture": "#texture" }
    }
},
{
    "__comment": "Frame",
    "from": [ 15, 15, 1 ],
    "to": [ 16, 16, 15 ],
    "faces": {
        "down":  { "uv": [ 15, 16, 1, 15 ], "rotation": 90, "texture": "#texture" },
        "up":    { "uv": [ 1, 15, 15, 16 ], "rotation": 270, "texture": "#texture" },
        "west":  { "uv": [ 1, 0, 15, 1 ], "texture": "#texture" },
        "east":  { "uv": [ 1, 0, 15, 1 ], "texture": "#texture" }
    }
},
{
    "__comment": "Frame",
    "from": [ 15, 14, 13 ],
    "to": [ 16, 15, 15 ],
    "faces": {
        "down":  { "uv": [ 15, 16, 13, 15 ], "rotation": 90, "texture": "#texture" },
        "north": { "uv": [ 0, 1, 1, 2 ], "texture": "#texture" },
        "east":  { "uv": [ 1, 1, 3, 2 ], "texture": "#texture" }
    }
},
{
    "__comment": "Frame",
    "from": [ 15, 14, 1 ],
    "to": [ 16, 15, 3 ],
    "faces": {
        "down":  { "uv": [ 3, 16, 1, 15 ], "rotation": 90, "texture": "#texture" },
        "south": { "uv": [ 15, 1, 16, 2 ], "texture": "#texture" },
        "east":  { "uv": [ 13, 1, 15, 2 ], "texture": "#texture" }
    }
},
{
    "__comment": "Frame",
    "from": [ 15, 1, 13 ],
    "to": [ 16, 2, 15 ],
    "faces": {
        "up":    { "uv": [ 1, 15, 3, 16 ], "rotation": 270, "texture": "#texture" },
        "north": { "uv": [ 0, 14, 1, 15 ], "texture": "#texture" },
        "east":  { "uv": [ 1, 14, 3, 15 ], "texture": "#texture" }
    }
},
{
    "__comment": "Frame",
    "from": [ 15, 1, 1 ],
    "to": [ 16, 2, 3 ],
    "faces": {
        "up":    { "uv": [ 13, 15, 15, 16 ], "rotation": 270, "texture": "#texture" },
        "south": { "uv": [ 15, 14, 16, 15 ], "texture": "#texture" },
        "east":  { "uv": [ 13, 14, 15, 15 ], "texture": "#texture" }
    }
},
{
    "__comment": "Frame",
    "from": [ 15, 13, 14 ],
    "to": [ 16, 14, 15 ],
    "faces": {
        "down":  { "uv": [ 15, 16, 14, 15 ], "rotation": 90, "texture": "#texture" },
        "north": { "uv": [ 0, 2, 1, 3 ], "texture": "#texture" },
        "east":  { "uv": [ 1, 2, 2, 3 ], "texture": "#texture" }
    }
},
{
    "__comment": "Frame",
    "from": [ 15, 13, 1 ],
    "to": [ 16, 14, 2 ],
    "faces": {
        "down":  { "uv": [ 2, 16, 1, 15 ], "rotation": 90, "texture": "#texture" },
        "south": { "uv": [ 15, 2, 16, 3 ], "texture": "#texture" },
        "east":  { "uv": [ 14, 2, 15, 3 ], "texture": "#texture" }
    }
},
{
    "__comment": "Frame",
    "from": [ 15, 2, 14 ],
    "to": [ 16, 3, 15 ],
    "faces": {
        "up":    { "uv": [ 1, 15, 2, 16 ], "rotation": 270, "texture": "#texture" },
        "north": { "uv": [ 0, 13, 1, 14 ], "texture": "#texture" },
        "east":  { "uv": [ 1, 13, 2, 14 ], "texture": "#texture" }
    }
},
{
    "__comment": "Frame",
    "from": [ 15, 2, 1 ],
    "to": [ 16, 3, 2 ],
    "faces": {
        "up":    { "uv": [ 14, 15, 15, 16 ], "rotation": 270, "texture": "#texture" },
        "south": { "uv": [ 15, 13, 16, 14 ], "texture": "#texture" },
        "east":  { "uv": [ 14, 13, 15, 14 ], "texture": "#texture" }
    }
},
{
    "__comment": "Frame",
    "from": [ 15, 12, 7 ],
    "to": [ 16, 15, 9 ],
    "faces": {
        "down":  { "uv": [ 9, 16, 7, 15 ], "rotation": 90, "texture": "#texture" },
        "north": { "uv": [ 0, 1, 1, 4 ], "texture": "#texture" },
        "south": { "uv": [ 15, 1, 16, 4 ], "texture": "#texture" },
        "east":  { "uv": [ 7, 1, 9, 4 ], "texture": "#texture" }
    }
},
{
    "__comment": "Frame",
    "from": [ 15, 7, 12 ],
    "to": [ 16, 9, 15 ],
    "faces": {
        "down":  { "uv": [ 15, 16, 12, 15 ], "rotation": 90, "texture": "#texture" },
        "up":    { "uv": [ 1, 15, 4, 16 ], "rotation": 270, "texture": "#texture" },
        "north": { "uv": [ 0, 7, 1, 9 ], "texture": "#texture" },
        "east":  { "uv": [ 1, 7, 4, 9 ], "texture": "#texture" }
    }
},
{
    "__comment": "Frame",
    "from": [ 15, 7, 1 ],
    "to": [ 16, 9, 4 ],
    "faces": {
        "down":  { "uv": [ 4, 16, 1, 15 ], "rotation": 90, "texture": "#texture" },
        "up":    { "uv": [ 12, 15, 15, 16 ], "rotation": 270, "texture": "#texture" },
        "south": { "uv": [ 15, 7, 16, 9 ], "texture": "#texture" },
        "east":  { "uv": [ 12, 7, 15, 9 ], "texture": "#texture" }
    }
},
{
    "__comment": "Frame",
    "from": [ 15, 1, 7 ],
    "to": [ 16, 4, 9 ],
    "faces": {
        "up":    { "uv": [ 7, 15, 9, 16 ], "rotation": 270, "texture": "#texture" },
        "north": { "uv": [ 0, 12, 1, 15 ], "texture": "#texture" },
        "south": { "uv": [ 15, 12, 16, 15 ], "texture": "#texture" },
        "east":  { "uv": [ 7, 12, 9, 15 ], "texture": "#texture" }
    }
},
{
    "__comment": "Frame",
    "from": [ 15, 9, 11 ],
    "to": [ 16, 10, 12 ],
    "faces": {
        "down":  { "uv": [ 12, 16, 11, 15 ], "rotation": 90, "texture": "#texture" },
        "up":    { "uv": [ 4, 15, 5, 16 ], "rotation": 270, "texture": "#texture" },
        "north": { "uv": [ 0, 6, 1, 7 ], "texture": "#texture" },
        "south": { "uv": [ 15, 6, 16, 7 ], "texture": "#texture" },
        "east":  { "uv": [ 4, 6, 5, 7 ], "texture": "#texture" }
    }
},
{
    "__comment": "Frame",
    "from": [ 15, 10, 10 ],
    "to": [ 16, 11, 11 ],
    "faces": {
        "down":  { "uv": [ 11, 16, 10, 15 ], "rotation": 90, "texture": "#texture" },
        "up":    { "uv": [ 5, 15, 6, 16 ], "rotation": 270, "texture": "#texture" },
        "north": { "uv": [ 0, 5, 1, 6 ], "texture": "#texture" },
        "south": { "uv": [ 15, 5, 16, 6 ], "texture": "#texture" },
        "east":  { "uv": [ 5, 5, 6, 6 ], "texture": "#texture" }
    }
},
{
    "__comment": "Frame",
    "from": [ 15, 11, 9 ],
    "to": [ 16, 12, 10 ],
    "faces": {
        "down":  { "uv": [ 10, 16, 9, 15 ], "rotation": 90, "texture": "#texture" },
        "up":    { "uv": [ 6, 15, 7, 16 ], "rotation": 270, "texture": "#texture" },
        "north": { "uv": [ 0, 4, 1, 5 ], "texture": "#texture" },
        "south": { "uv": [ 15, 4, 16, 5 ], "texture": "#texture" },
        "east":  { "uv": [ 6, 4, 7, 5 ], "texture": "#texture" }
    }
},
{
    "__comment": "Frame",
    "from": [ 15, 11, 6 ],
    "to": [ 16, 12, 7 ],
    "faces": {
        "down":  { "uv": [ 7, 16, 6, 15 ], "rotation": 90, "texture": "#texture" },
        "up":    { "uv": [ 9, 15, 10, 16 ], "rotation": 270, "texture": "#texture" },
        "north": { "uv": [ 0, 4, 1, 5 ], "texture": "#texture" },
        "south": { "uv": [ 15, 4, 16, 5 ], "texture": "#texture" },
        "east":  { "uv": [ 9, 4, 10, 5 ], "texture": "#texture" }
    }
},
{
    "__comment": "Frame",
    "from": [ 15, 10, 5 ],
    "to": [ 16, 11, 6 ],
    "faces": {
        "down":  { "uv": [ 6, 16, 5, 15 ], "rotation": 90, "texture": "#texture" },
        "up":    { "uv": [ 10, 15, 11, 16 ], "rotation": 270, "texture": "#texture" },
        "north": { "uv": [ 0, 5, 1, 6 ], "texture": "#texture" },
        "south": { "uv": [ 15, 5, 16, 6 ], "texture": "#texture" },
        "east":  { "uv": [ 10, 5, 11, 6 ], "texture": "#texture" }
    }
},
{
    "__comment": "Frame",
    "from": [ 15, 9, 4 ],
    "to": [ 16, 10, 5 ],
    "faces": {
        "down":  { "uv": [ 5, 16, 4, 15 ], "rotation": 90, "texture": "#texture" },
        "up":    { "uv": [ 11, 15, 12, 16 ], "rotation": 270, "texture": "#texture" },
        "north": { "uv": [ 0, 6, 1, 7 ], "texture": "#texture" },
        "south": { "uv": [ 15, 6, 16, 7 ], "texture": "#texture" },
        "east":  { "uv": [ 11, 6, 12, 7 ], "texture": "#texture" }
    }
},
{
    "__comment": "Frame",
    "from": [ 15, 6, 4 ],
    "to": [ 16, 7, 5 ],
    "faces": {
        "down":  { "uv": [ 5, 16, 4, 15 ], "rotation": 90, "texture": "#texture" },
        "up":    { "uv": [ 11, 15, 12, 16 ], "rotation": 270, "texture": "#texture" },
        "north": { "uv": [ 0, 9, 1, 10 ], "texture": "#texture" },
        "south": { "uv": [ 15, 9, 16, 10 ], "texture": "#texture" },
        "east":  { "uv": [ 11, 9, 12, 10 ], "texture": "#texture" }
    }
},
{
    "__comment": "Frame",
    "from": [ 15, 5, 5 ],
    "to": [ 16, 6, 6 ],
    "faces": {
        "down":  { "uv": [ 6, 16, 5, 15 ], "rotation": 90, "texture": "#texture" },
        "up":    { "uv": [ 10, 15, 11, 16 ], "rotation": 270, "texture": "#texture" },
        "north": { "uv": [ 0, 10, 1, 11 ], "texture": "#texture" },
        "south": { "uv": [ 15, 10, 16, 11 ], "texture": "#texture" },
        "east":  { "uv": [ 10, 10, 11, 11 ], "texture": "#texture" }
    }
},
{
    "__comment": "Frame",
    "from": [ 15, 4, 6 ],
    "to": [ 16, 5, 7 ],
    "faces": {
        "down":  { "uv": [ 7, 16, 6, 15 ], "rotation": 90, "texture": "#texture" },
        "up":    { "uv": [ 9, 15, 10, 16 ], "rotation": 270, "texture": "#texture" },
        "north": { "uv": [ 0, 11, 1, 12 ], "texture": "#texture" },
        "south": { "uv": [ 15, 11, 16, 12 ], "texture": "#texture" },
        "east":  { "uv": [ 9, 11, 10, 12 ], "texture": "#texture" }
    }
},
{
    "__comment": "Frame",
    "from": [ 15, 4, 9 ],
    "to": [ 16, 5, 10 ],
    "faces": {
        "down":  { "uv": [ 10, 16, 9, 15 ], "rotation": 90, "texture": "#texture" },
        "up":    { "uv": [ 6, 15, 7, 16 ], "rotation": 270, "texture": "#texture" },
        "north": { "uv": [ 0, 11, 1, 12 ], "texture": "#texture" },
        "south": { "uv": [ 15, 11, 16, 12 ], "texture": "#texture" },
        "east":  { "uv": [ 6, 11, 7, 12 ], "texture": "#texture" }
    }
},
{
    "__comment": "Frame",
    "from": [ 15, 5, 10 ],
    "to": [ 16, 6, 11 ],
    "faces": {
        "down":  { "uv": [ 11, 16, 10, 15 ], "rotation": 90, "texture": "#texture" },
        "up":    { "uv": [ 5, 15, 6, 16 ], "rotation": 270, "texture": "#texture" },
        "north": { "uv": [ 0, 10, 1, 11 ], "texture": "#texture" },
        "south": { "uv": [ 15, 10, 16, 11 ], "texture": "#texture" },
        "east":  { "uv": [ 5, 10, 6, 11 ], "texture": "#texture" }
    }
},
{
    "__comment": "Frame",
    "from": [ 15, 6, 11 ],
    "to": [ 16, 7, 12 ],
    "faces": {
        "down":  { "uv": [ 12, 16, 11, 15 ], "rotation": 90, "texture": "#texture" },
        "up":    { "uv": [ 4, 15, 5, 16 ], "rotation": 270, "texture": "#texture" },
        "north": { "uv": [ 0, 9, 1, 10 ], "texture": "#texture" },
        "south": { "uv": [ 15, 9, 16, 10 ], "texture": "#texture" },
        "east":  { "uv": [ 4, 9, 5, 10 ], "texture": "#texture" }
    }
},
{
    "__comment": "Frame",
    "from": [ 15, 0, 0 ],
    "to": [ 16, 16, 1 ],
    "faces": {
        "down":  { "uv": [ 16, 16, 15, 15 ], "rotation": 180, "texture": "#texture" },
        "up":    { "uv": [ 0, 15, 1, 16 ], "rotation": 180, "texture": "#texture" },
        "north": { "uv": [ 0, 0, 1, 16 ], "texture": "#texture" },
        "south": { "uv": [ 15, 0, 16, 16 ], "texture": "#texture" },
        "west":  { "uv": [ 0, 0, 1, 16 ], "texture": "#texture" },
        "east":  { "uv": [ 15, 0, 16, 16 ], "texture": "#texture" }
    }
},
{
    "__comment": "Frame",
    "from": [ 0, 0, 0 ],
    "to": [ 1, 16, 1 ],
    "faces": {
        "down":  { "uv": [ 1, 16, 0, 15 ], "rotation": 180, "texture": "#texture" },
        "up":    { "uv": [ 15, 15, 16, 16 ], "rotation": 180, "texture": "#texture" },
        "north": { "uv": [ 15, 0, 16, 16 ], "texture": "#texture" },
        "south": { "uv": [ 0, 0, 1, 16 ], "texture": "#texture" },
        "west":  { "uv": [ 0, 0, 1, 16 ], "texture": "#texture" },
        "east":  { "uv": [ 15, 0, 16, 16 ], "texture": "#texture" }
    }
},
{
    "__comment": "Frame",
    "from": [ 1, 0, 0 ],
    "to": [ 15, 1, 1 ],
    "faces": {
        "down":  { "uv": [ 15, 16, 1, 15 ], "rotation": 180, "texture": "#texture" },
        "up":    { "uv": [ 1, 15, 15, 16 ], "rotation": 180, "texture": "#texture" },
        "north": { "uv": [ 1, 15, 15, 16 ], "texture": "#texture" },
        "south": { "uv": [ 1, 15, 15, 16 ], "texture": "#texture" }
    }
},
{
    "__comment": "Frame",
    "from": [ 1, 15, 0 ],
    "to": [ 15, 16, 1 ],
    "faces": {
        "down":  { "uv": [ 15, 16, 1, 15 ], "rotation": 180, "texture": "#texture" },
        "up":    { "uv": [ 1, 15, 15, 16 ], "rotation": 180, "texture": "#texture" },
        "north": { "uv": [ 1, 0, 15, 1 ], "texture": "#texture" },
        "south": { "uv": [ 1, 0, 15, 1 ], "texture": "#texture" }
    }
},
{
    "__comment": "Frame",
    "from": [ 13, 14, 0 ],
    "to": [ 15, 15, 1 ],
    "faces": {
        "down":  { "uv": [ 15, 16, 13, 15 ], "rotation": 180, "texture": "#texture" },
        "north": { "uv": [ 1, 1, 3, 2 ], "texture": "#texture" },
        "west":  { "uv": [ 0, 1, 1, 2 ], "texture": "#texture" }
    }
},
{
    "__comment": "Frame",
    "from": [ 1, 14, 0 ],
    "to": [ 3, 15, 1 ],
    "faces": {
        "down":  { "uv": [ 3, 16, 1, 15 ], "rotation": 180, "texture": "#texture" },
        "north": { "uv": [ 13, 1, 15, 2 ], "texture": "#texture" },
        "east":  { "uv": [ 15, 1, 16, 2 ], "texture": "#texture" }
    }
},
{
    "__comment": "Frame",
    "from": [ 13, 1, 0 ],
    "to": [ 15, 2, 1 ],
    "faces": {
        "up":    { "uv": [ 1, 15, 3, 16 ], "rotation": 180, "texture": "#texture" },
        "north": { "uv": [ 1, 14, 3, 15 ], "texture": "#texture" },
        "west":  { "uv": [ 0, 14, 1, 15 ], "texture": "#texture" }
    }
},
{
    "__comment": "Frame",
    "from": [ 1, 1, 0 ],
    "to": [ 3, 2, 1 ],
    "faces": {
        "up":    { "uv": [ 13, 15, 15, 16 ], "rotation": 180, "texture": "#texture" },
        "north": { "uv": [ 13, 14, 15, 15 ], "texture": "#texture" },
        "east":  { "uv": [ 15, 14, 16, 15 ], "texture": "#texture" }
    }
},
{
    "__comment": "Frame",
    "from": [ 14, 13, 0 ],
    "to": [ 15, 14, 1 ],
    "faces": {
        "down":  { "uv": [ 15, 16, 14, 15 ], "rotation": 180, "texture": "#texture" },
        "north": { "uv": [ 1, 2, 2, 3 ], "texture": "#texture" },
        "west":  { "uv": [ 0, 2, 1, 3 ], "texture": "#texture" }
    }
},
{
    "__comment": "Frame",
    "from": [ 1, 13, 0 ],
    "to": [ 2, 14, 1 ],
    "faces": {
        "down":  { "uv": [ 2, 16, 1, 15 ], "rotation": 180, "texture": "#texture" },
        "north": { "uv": [ 14, 2, 15, 3 ], "texture": "#texture" },
        "east":  { "uv": [ 15, 2, 16, 3 ], "texture": "#texture" }
    }
},
{
    "__comment": "Frame",
    "from": [ 14, 2, 0 ],
    "to": [ 15, 3, 1 ],
    "faces": {
        "up":    { "uv": [ 1, 15, 2, 16 ], "rotation": 180, "texture": "#texture" },
        "north": { "uv": [ 1, 13, 2, 14 ], "texture": "#texture" },
        "west":  { "uv": [ 0, 13, 1, 14 ], "texture": "#texture" }
    }
},
{
    "__comment": "Frame",
    "from": [ 1, 2, 0 ],
    "to": [ 2, 3, 1 ],
    "faces": {
        "up":    { "uv": [ 14, 15, 15, 16 ], "rotation": 180, "texture": "#texture" },
        "north": { "uv": [ 14, 13, 15, 14 ], "texture": "#texture" },
        "east":  { "uv": [ 15, 13, 16, 14 ], "texture": "#texture" }
    }
},
{
    "__comment": "Frame",
    "from": [ 7, 12, 0 ],
    "to": [ 9, 15, 1 ],
    "faces": {
        "down":  { "uv": [ 9, 16, 7, 15 ], "rotation": 180, "texture": "#texture" },
        "north": { "uv": [ 7, 1, 9, 4 ], "texture": "#texture" },
        "west":  { "uv": [ 0, 1, 1, 4 ], "texture": "#texture" },
        "east":  { "uv": [ 15, 1, 16, 4 ], "texture": "#texture" }
    }
},
{
    "__comment": "Frame",
    "from": [ 12, 7, 0 ],
    "to": [ 15, 9, 1 ],
    "faces": {
        "down":  { "uv": [ 15, 16, 12, 15 ], "rotation": 180, "texture": "#texture" },
        "up":    { "uv": [ 1, 15, 4, 16 ], "rotation": 180, "texture": "#texture" },
        "north": { "uv": [ 1, 7, 4, 9 ], "texture": "#texture" },
        "west":  { "uv": [ 0, 7, 1, 9 ], "texture": "#texture" }
    }
},
{
    "__comment": "Frame",
    "from": [ 1, 7, 0 ],
    "to": [ 4, 9, 1 ],
    "faces": {
        "down":  { "uv": [ 4, 16, 1, 15 ], "rotation": 180, "texture": "#texture" },
        "up":    { "uv": [ 12, 15, 15, 16 ], "rotation": 180, "texture": "#texture" },
        "north": { "uv": [ 12, 7, 15, 9 ], "texture": "#texture" },
        "east":  { "uv": [ 15, 7, 16, 9 ], "texture": "#texture" }
    }
},
{
    "__comment": "Frame",
    "from": [ 7, 1, 0 ],
    "to": [ 9, 4, 1 ],
    "faces": {
        "up":    { "uv": [ 7, 15, 9, 16 ], "rotation": 180, "texture": "#texture" },
        "north": { "uv": [ 7, 12, 9, 15 ], "texture": "#texture" },
        "west":  { "uv": [ 0, 12, 1, 15 ], "texture": "#texture" },
        "east":  { "uv": [ 15, 12, 16, 15 ], "texture": "#texture" }
    }
},
{
    "__comment": "Frame",
    "from": [ 11, 9, 0 ],
    "to": [ 12, 10, 1 ],
    "faces": {
        "down":  { "uv": [ 12, 16, 11, 15 ], "rotation": 180, "texture": "#texture" },
        "up":    { "uv": [ 4, 15, 5, 16 ], "rotation": 180, "texture": "#texture" },
        "north": { "uv": [ 4, 6, 5, 7 ], "texture": "#texture" },
        "west":  { "uv": [ 0, 6, 1, 7 ], "texture": "#texture" },
        "east":  { "uv": [ 15, 6, 16, 7 ], "texture": "#texture" }
    }
},
{
    "__comment": "Frame",
    "from": [ 10, 10, 0 ],
    "to": [ 11, 11, 1 ],
    "faces": {
        "down":  { "uv": [ 11, 16, 10, 15 ], "rotation": 180, "texture": "#texture" },
        "up":    { "uv": [ 5, 15, 6, 16 ], "rotation": 180, "texture": "#texture" },
        "north": { "uv": [ 5, 5, 6, 6 ], "texture": "#texture" },
        "west":  { "uv": [ 0, 5, 1, 6 ], "texture": "#texture" },
        "east":  { "uv": [ 15, 5, 16, 6 ], "texture": "#texture" }
    }
},
{
    "__comment": "Frame",
    "from": [ 9, 11, 0 ],
    "to": [ 10, 12, 1 ],
    "faces": {
        "down":  { "uv": [ 10, 16, 9, 15 ], "rotation": 180, "texture": "#texture" },
        "up":    { "uv": [ 6, 15, 7, 16 ], "rotation": 180, "texture": "#texture" },
        "north": { "uv": [ 6, 4, 7, 5 ], "texture": "#texture" },
        "west":  { "uv": [ 0, 4, 1, 5 ], "texture": "#texture" },
        "east":  { "uv": [ 15, 4, 16, 5 ], "texture": "#texture" }
    }
},
{
    "__comment": "Frame",
    "from": [ 6, 11, 0 ],
    "to": [ 7, 12, 1 ],
    "faces": {
        "down":  { "uv": [ 7, 16, 6, 15 ], "rotation": 180, "texture": "#texture" },
        "up":    { "uv": [ 9, 15, 10, 16 ], "rotation": 180, "texture": "#texture" },
        "north": { "uv": [ 9, 4, 10, 5 ], "texture": "#texture" },
        "west":  { "uv": [ 0, 4, 1, 5 ], "texture": "#texture" },
        "east":  { "uv": [ 15, 4, 16, 5 ], "texture": "#texture" }
    }
},
{
    "__comment": "Frame",
    "from": [ 5, 10, 0 ],
    "to": [ 6, 11, 1 ],
    "faces": {
        "down":  { "uv": [ 6, 16, 5, 15 ], "rotation": 180, "texture": "#texture" },
        "up":    { "uv": [ 10, 15, 11, 16 ], "rotation": 180, "texture": "#texture" },
        "north": { "uv": [ 10, 5, 11, 6 ], "texture": "#texture" },
        "west":  { "uv": [ 0, 5, 1, 6 ], "texture": "#texture" },
        "east":  { "uv": [ 15, 5, 16, 6 ], "texture": "#texture" }
    }
},
{
    "__comment": "Frame",
    "from": [ 4, 9, 0 ],
    "to": [ 5, 10, 1 ],
    "faces": {
        "down":  { "uv": [ 5, 16, 4, 15 ], "rotation": 180, "texture": "#texture" },
        "up":    { "uv": [ 11, 15, 12, 16 ], "rotation": 180, "texture": "#texture" },
        "north": { "uv": [ 11, 6, 12, 7 ], "texture": "#texture" },
        "west":  { "uv": [ 0, 6, 1, 7 ], "texture": "#texture" },
        "east":  { "uv": [ 15, 6, 16, 7 ], "texture": "#texture" }
    }
},
{
    "__comment": "Frame",
    "from": [ 4, 6, 0 ],
    "to": [ 5, 7, 1 ],
    "faces": {
        "down":  { "uv": [ 5, 16, 4, 15 ], "rotation": 180, "texture": "#texture" },
        "up":    { "uv": [ 11, 15, 12, 16 ], "rotation": 180, "texture": "#texture" },
        "north": { "uv": [ 11, 9, 12, 10 ], "texture": "#texture" },
        "west":  { "uv": [ 0, 9, 1, 10 ], "texture": "#texture" },
        "east":  { "uv": [ 15, 9, 16, 10 ], "texture": "#texture" }
    }
},
{
    "__comment": "Frame",
    "from": [ 5, 5, 0 ],
    "to": [ 6, 6, 1 ],
    "faces": {
        "down":  { "uv": [ 6, 16, 5, 15 ], "rotation": 180, "texture": "#texture" },
        "up":    { "uv": [ 10, 15, 11, 16 ], "rotation": 180, "texture": "#texture" },
        "north": { "uv": [ 10, 10, 11, 11 ], "texture": "#texture" },
        "west":  { "uv": [ 0, 10, 1, 11 ], "texture": "#texture" },
        "east":  { "uv": [ 15, 10, 16, 11 ], "texture": "#texture" }
    }
},
{
    "__comment": "Frame",
    "from": [ 6, 4, 0 ],
    "to": [ 7, 5, 1 ],
    "faces": {
        "down":  { "uv": [ 7, 16, 6, 15 ], "rotation": 180, "texture": "#texture" },
        "up":    { "uv": [ 9, 15, 10, 16 ], "rotation": 180, "texture": "#texture" },
        "north": { "uv": [ 9, 11, 10, 12 ], "texture": "#texture" },
        "west":  { "uv": [ 0, 11, 1, 12 ], "texture": "#texture" },
        "east":  { "uv": [ 15, 11, 16, 12 ], "texture": "#texture" }
    }
},
{
    "__comment": "Frame",
    "from": [ 9, 4, 0 ],
    "to": [ 10, 5, 1 ],
    "faces": {
        "down":  { "uv": [ 10, 16, 9, 15 ], "rotation": 180, "texture": "#texture" },
        "up":    { "uv": [ 6, 15, 7, 16 ], "rotation": 180, "texture": "#texture" },
        "north": { "uv": [ 6, 11, 7, 12 ], "texture": "#texture" },
        "west":  { "uv": [ 0, 11, 1, 12 ], "texture": "#texture" },
        "east":  { "uv": [ 15, 11, 16, 12 ], "texture": "#texture" }
    }
},
{
    "__comment": "Frame",
    "from": [ 10, 5, 0 ],
    "to": [ 11, 6, 1 ],
    "faces": {
        "down":  { "uv": [ 11, 16, 10, 15 ], "rotation": 180, "texture": "#texture" },
        "up":    { "uv": [ 5, 15, 6, 16 ], "rotation": 180, "texture": "#texture" },
        "north": { "uv": [ 5, 10, 6, 11 ], "texture": "#texture" },
        "west":  { "uv": [ 0, 10, 1, 11 ], "texture": "#texture" },
        "east":  { "uv": [ 15, 10, 16, 11 ], "texture": "#texture" }
    }
},
{
    "__comment": "Frame",
    "from": [ 11, 6, 0 ],
    "to": [ 12, 7, 1 ],
    "faces": {
        "down":  { "uv": [ 12, 16, 11, 15 ], "rotation": 180, "texture": "#texture" },
        "up":    { "uv": [ 4, 15, 5, 16 ], "rotation": 180, "texture": "#texture" },
        "north": { "uv": [ 4, 9, 5, 10 ], "texture": "#texture" },
        "west":  { "uv": [ 0, 9, 1, 10 ], "texture": "#texture" },
        "east":  { "uv": [ 15, 9, 16, 10 ], "texture": "#texture" }
    }
},
{
    "__comment": "Frame",
    "from": [ 0, 0, 0 ],
    "to": [ 1, 16, 1 ],
    "faces": {
        "down":  { "uv": [ 16, 16, 15, 15 ], "rotation": 270, "texture": "#texture" },
        "up":    { "uv": [ 0, 15, 1, 16 ], "rotation": 90, "texture": "#texture" },
        "north": { "uv": [ 15, 0, 16, 16 ], "texture": "#texture" },
        "south": { "uv": [ 0, 0, 1, 16 ], "texture": "#texture" },
        "west":  { "uv": [ 0, 0, 1, 16 ], "texture": "#texture" },
        "east":  { "uv": [ 15, 0, 16, 16 ], "texture": "#texture" }
    }
},
{
    "__comment": "Frame",
    "from": [ 0, 0, 15 ],
    "to": [ 1, 16, 16 ],
    "faces": {
        "down":  { "uv": [ 1, 16, 0, 15 ], "rotation": 270, "texture": "#texture" },
        "up":    { "uv": [ 15, 15, 16, 16 ], "rotation": 90, "texture": "#texture" },
        "north": { "uv": [ 15, 0, 16, 16 ], "texture": "#texture" },
        "south": { "uv": [ 0, 0, 1, 16 ], "texture": "#texture" },
        "west":  { "uv": [ 15, 0, 16, 16 ], "texture": "#texture" },
        "east":  { "uv": [ 0, 0, 1, 16 ], "texture": "#texture" }
    }
},
{
    "__comment": "Frame",
    "from": [ 0, 0, 1 ],
    "to": [ 1, 1, 15 ],
    "faces": {
        "down":  { "uv": [ 15, 16, 1, 15 ], "rotation": 270, "texture": "#texture" },
        "up":    { "uv": [ 1, 15, 15, 16 ], "rotation": 90, "texture": "#texture" },
        "west":  { "uv": [ 1, 15, 15, 16 ], "texture": "#texture" },
        "east":  { "uv": [ 1, 15, 15, 16 ], "texture": "#texture" }
    }
},
{
    "__comment": "Frame",
    "from": [ 0, 15, 1 ],
    "to": [ 1, 16, 15 ],
    "faces": {
        "down":  { "uv": [ 15, 16, 1, 15 ], "rotation": 270, "texture": "#texture" },
        "up":    { "uv": [ 1, 15, 15, 16 ], "rotation": 90, "texture": "#texture" },
        "west":  { "uv": [ 1, 0, 15, 1 ], "texture": "#texture" },
        "east":  { "uv": [ 1, 0, 15, 1 ], "texture": "#texture" }
    }
},
{
    "__comment": "Frame",
    "from": [ 0, 14, 1 ],
    "to": [ 1, 15, 3 ],
    "faces": {
        "down":  { "uv": [ 15, 16, 13, 15 ], "rotation": 270, "texture": "#texture" },
        "south": { "uv": [ 0, 1, 1, 2 ], "texture": "#texture" },
        "west":  { "uv": [ 1, 1, 3, 2 ], "texture": "#texture" }
    }
},
{
    "__comment": "Frame",
    "from": [ 0, 14, 13 ],
    "to": [ 1, 15, 15 ],
    "faces": {
        "down":  { "uv": [ 3, 16, 1, 15 ], "rotation": 270, "texture": "#texture" },
        "north": { "uv": [ 15, 1, 16, 2 ], "texture": "#texture" },
        "west":  { "uv": [ 13, 1, 15, 2 ], "texture": "#texture" }
    }
},
{
    "__comment": "Frame",
    "from": [ 0, 1, 1 ],
    "to": [ 1, 2, 3 ],
    "faces": {
        "up":    { "uv": [ 1, 15, 3, 16 ], "rotation": 90, "texture": "#texture" },
        "south": { "uv": [ 0, 14, 1, 15 ], "texture": "#texture" },
        "west":  { "uv": [ 1, 14, 3, 15 ], "texture": "#texture" }
    }
},
{
    "__comment": "Frame",
    "from": [ 0, 1, 13 ],
    "to": [ 1, 2, 15 ],
    "faces": {
        "up":    { "uv": [ 13, 15, 15, 16 ], "rotation": 90, "texture": "#texture" },
        "north": { "uv": [ 15, 14, 16, 15 ], "texture": "#texture" },
        "west":  { "uv": [ 13, 14, 15, 15 ], "texture": "#texture" }
    }
},
{
    "__comment": "Frame",
    "from": [ 0, 13, 1 ],
    "to": [ 1, 14, 2 ],
    "faces": {
        "down":  { "uv": [ 15, 16, 14, 15 ], "rotation": 270, "texture": "#texture" },
        "south": { "uv": [ 0, 2, 1, 3 ], "texture": "#texture" },
        "west":  { "uv": [ 1, 2, 2, 3 ], "texture": "#texture" }
    }
},
{
    "__comment": "Frame",
    "from": [ 0, 13, 14 ],
    "to": [ 1, 14, 15 ],
    "faces": {
        "down":  { "uv": [ 2, 16, 1, 15 ], "rotation": 270, "texture": "#texture" },
        "north": { "uv": [ 15, 2, 16, 3 ], "texture": "#texture" },
        "west":  { "uv": [ 14, 2, 15, 3 ], "texture": "#texture" }
    }
},
{
    "__comment": "Frame",
    "from": [ 0, 2, 1 ],
    "to": [ 1, 3, 2 ],
    "faces": {
        "up":    { "uv": [ 1, 15, 2, 16 ], "rotation": 90, "texture": "#texture" },
        "south": { "uv": [ 0, 13, 1, 14 ], "texture": "#texture" },
        "west":  { "uv": [ 1, 13, 2, 14 ], "texture": "#texture" }
    }
},
{
    "__comment": "Frame",
    "from": [ 0, 2, 14 ],
    "to": [ 1, 3, 15 ],
    "faces": {
        "up":    { "uv": [ 14, 15, 15, 16 ], "rotation": 90, "texture": "#texture" },
        "north": { "uv": [ 15, 13, 16, 14 ], "texture": "#texture" },
        "west":  { "uv": [ 14, 13, 15, 14 ], "texture": "#texture" }
    }
},
{
    "__comment": "Frame",
    "from": [ 0, 12, 7 ],
    "to": [ 1, 15, 9 ],
    "faces": {
        "down":  { "uv": [ 9, 16, 7, 15 ], "rotation": 270, "texture": "#texture" },
        "north": { "uv": [ 15, 1, 16, 4 ], "texture": "#texture" },
        "south": { "uv": [ 0, 1, 1, 4 ], "texture": "#texture" },
        "west":  { "uv": [ 7, 1, 9, 4 ], "texture": "#texture" }
    }
},
{
    "__comment": "Frame",
    "from": [ 0, 7, 1 ],
    "to": [ 1, 9, 4 ],
    "faces": {
        "down":  { "uv": [ 15, 16, 12, 15 ], "rotation": 270, "texture": "#texture" },
        "up":    { "uv": [ 1, 15, 4, 16 ], "rotation": 90, "texture": "#texture" },
        "south": { "uv": [ 0, 7, 1, 9 ], "texture": "#texture" },
        "west":  { "uv": [ 1, 7, 4, 9 ], "texture": "#texture" }
    }
},
{
    "__comment": "Frame",
    "from": [ 0, 7, 12 ],
    "to": [ 1, 9, 15 ],
    "faces": {
        "down":  { "uv": [ 4, 16, 1, 15 ], "rotation": 270, "texture": "#texture" },
        "up":    { "uv": [ 12, 15, 15, 16 ], "rotation": 90, "texture": "#texture" },
        "north": { "uv": [ 15, 7, 16, 9 ], "texture": "#texture" },
        "west":  { "uv": [ 12, 7, 15, 9 ], "texture": "#texture" }
    }
},
{
    "__comment": "Frame",
    "from": [ 0, 1, 7 ],
    "to": [ 1, 4, 9 ],
    "faces": {
        "up":    { "uv": [ 7, 15, 9, 16 ], "rotation": 90, "texture": "#texture" },
        "north": { "uv": [ 15, 12, 16, 15 ], "texture": "#texture" },
        "south": { "uv": [ 0, 12, 1, 15 ], "texture": "#texture" },
        "west":  { "uv": [ 7, 12, 9, 15 ], "texture": "#texture" }
    }
},
{
    "__comment": "Frame",
    "from": [ 0, 9, 4 ],
    "to": [ 1, 10, 5 ],
    "faces": {
        "down":  { "uv": [ 12, 16, 11, 15 ], "rotation": 270, "texture": "#texture" },
        "up":    { "uv": [ 4, 15, 5, 16 ], "rotation": 90, "texture": "#texture" },
        "north": { "uv": [ 15, 6, 16, 7 ], "texture": "#texture" },
        "south": { "uv": [ 0, 6, 1, 7 ], "texture": "#texture" },
        "west":  { "uv": [ 4, 6, 5, 7 ], "texture": "#texture" }
    }
},
{
    "__comment": "Frame",
    "from": [ 0, 10, 5 ],
    "to": [ 1, 11, 6 ],
    "faces": {
        "down":  { "uv": [ 11, 16, 10, 15 ], "rotation": 270, "texture": "#texture" },
        "up":    { "uv": [ 5, 15, 6, 16 ], "rotation": 90, "texture": "#texture" },
        "north": { "uv": [ 15, 5, 16, 6 ], "texture": "#texture" },
        "south": { "uv": [ 0, 5, 1, 6 ], "texture": "#texture" },
        "west":  { "uv": [ 5, 5, 6, 6 ], "texture": "#texture" }
    }
},
{
    "__comment": "Frame",
    "from": [ 0, 11, 6 ],
    "to": [ 1, 12, 7 ],
    "faces": {
        "down":  { "uv": [ 10, 16, 9, 15 ], "rotation": 270, "texture": "#texture" },
        "up":    { "uv": [ 6, 15, 7, 16 ], "rotation": 90, "texture": "#texture" },
        "north": { "uv": [ 15, 4, 16, 5 ], "texture": "#texture" },
        "south": { "uv": [ 0, 4, 1, 5 ], "texture": "#texture" },
        "west":  { "uv": [ 6, 4, 7, 5 ], "texture": "#texture" }
    }
},
{
    "__comment": "Frame",
    "from": [ 0, 11, 9 ],
    "to": [ 1, 12, 10 ],
    "faces": {
        "down":  { "uv": [ 7, 16, 6, 15 ], "rotation": 270, "texture": "#texture" },
        "up":    { "uv": [ 9, 15, 10, 16 ], "rotation": 90, "texture": "#texture" },
        "north": { "uv": [ 15, 4, 16, 5 ], "texture": "#texture" },
        "south": { "uv": [ 0, 4, 1, 5 ], "texture": "#texture" },
        "west":  { "uv": [ 9, 4, 10, 5 ], "texture": "#texture" }
    }
},
{
    "__comment": "Frame",
    "from": [ 0, 10, 10 ],
    "to": [ 1, 11, 11 ],
    "faces": {
        "down":  { "uv": [ 6, 16, 5, 15 ], "rotation": 270, "texture": "#texture" },
        "up":    { "uv": [ 10, 15, 11, 16 ], "rotation": 90, "texture": "#texture" },
        "north": { "uv": [ 15, 5, 16, 6 ], "texture": "#texture" },
        "south": { "uv": [ 0, 5, 1, 6 ], "texture": "#texture" },
        "west":  { "uv": [ 10, 5, 11, 6 ], "texture": "#texture" }
    }
},
{
    "__comment": "Frame",
    "from": [ 0, 9, 11 ],
    "to": [ 1, 10, 12 ],
    "faces": {
        "down":  { "uv": [ 5, 16, 4, 15 ], "rotation": 270, "texture": "#texture" },
        "up":    { "uv": [ 11, 15, 12, 16 ], "rotation": 90, "texture": "#texture" },
        "north": { "uv": [ 15, 6, 16, 7 ], "texture": "#texture" },
        "south": { "uv": [ 0, 6, 1, 7 ], "texture": "#texture" },
        "west":  { "uv": [ 11, 6, 12, 7 ], "texture": "#texture" }
    }
},
{
    "__comment": "Frame",
    "from": [ 0, 6, 11 ],
    "to": [ 1, 7, 12 ],
    "faces": {
        "down":  { "uv": [ 5, 16, 4, 15 ], "rotation": 270, "texture": "#texture" },
        "up":    { "uv": [ 11, 15, 12, 16 ], "rotation": 90, "texture": "#texture" },
        "north": { "uv": [ 15, 9, 16, 10 ], "texture": "#texture" },
        "south": { "uv": [ 0, 9, 1, 10 ], "texture": "#texture" },
        "west":  { "uv": [ 11, 9, 12, 10 ], "texture": "#texture" }
    }
},
{
    "__comment": "Frame",
    "from": [ 0, 5, 10 ],
    "to": [ 1, 6, 11 ],
    "faces": {
        "down":  { "uv": [ 6, 16, 5, 15 ], "rotation": 270, "texture": "#texture" },
        "up":    { "uv": [ 10, 15, 11, 16 ], "rotation": 90, "texture": "#texture" },
        "north": { "uv": [ 15, 10, 16, 11 ], "texture": "#texture" },
        "south": { "uv": [ 0, 10, 1, 11 ], "texture": "#texture" },
        "west":  { "uv": [ 10, 10, 11, 11 ], "texture": "#texture" }
    }
},
{
    "__comment": "Frame",
    "from": [ 0, 4, 9 ],
    "to": [ 1, 5, 10 ],
    "faces": {
        "down":  { "uv": [ 7, 16, 6, 15 ], "rotation": 270, "texture": "#texture" },
        "up":    { "uv": [ 9, 15, 10, 16 ], "rotation": 90, "texture": "#texture" },
        "north": { "uv": [ 15, 11, 16, 12 ], "texture": "#texture" },
        "south": { "uv": [ 0, 11, 1, 12 ], "texture": "#texture" },
        "west":  { "uv": [ 9, 11, 10, 12 ], "texture": "#texture" }
    }
},
{
    "__comment": "Frame",
    "from": [ 0, 4, 6 ],
    "to": [ 1, 5, 7 ],
    "faces": {
        "down":  { "uv": [ 10, 16, 9, 15 ], "rotation": 270, "texture": "#texture" },
        "up":    { "uv": [ 6, 15, 7, 16 ], "rotation": 90, "texture": "#texture" },
        "north": { "uv": [ 15, 11, 16, 12 ], "texture": "#texture" },
        "south": { "uv": [ 0, 11, 1, 12 ], "texture": "#texture" },
        "west":  { "uv": [ 6, 11, 7, 12 ], "texture": "#texture" }
    }
},
{
    "__comment": "Frame",
    "from": [ 0, 5, 5 ],
    "to": [ 1, 6, 6 ],
    "faces": {
        "down":  { "uv": [ 11, 16, 10, 15 ], "rotation": 270, "texture": "#texture" },
        "up":    { "uv": [ 5, 15, 6, 16 ], "rotation": 90, "texture": "#texture" },
        "north": { "uv": [ 15, 10, 16, 11 ], "texture": "#texture" },
        "south": { "uv": [ 0, 10, 1, 11 ], "texture": "#texture" },
        "west":  { "uv": [ 5, 10, 6, 11 ], "texture": "#texture" }
    }
},
{
    "__comment": "Frame",
    "from": [ 0, 6, 4 ],
    "to": [ 1, 7, 5 ],
    "faces": {
        "down":  { "uv": [ 12, 16, 11, 15 ], "rotation": 270, "texture": "#texture" },
        "up":    { "uv": [ 4, 15, 5, 16 ], "rotation": 90, "texture": "#texture" },
        "north": { "uv": [ 15, 9, 16, 10 ], "texture": "#texture" },
        "south": { "uv": [ 0, 9, 1, 10 ], "texture": "#texture" },
        "west":  { "uv": [ 4, 9, 5, 10 ], "texture": "#texture" }
    }
},
{
    "from": [ 1, 1, 1 ],
    "to": [ 15, 15, 15 ],
    "faces": {
        "down":  { "uv": [ 15, 15, 1, 1 ], "texture": "#texture" },
        "up":    { "uv": [ 1, 1, 15, 15 ], "texture": "#texture" },
        "north": { "uv": [ 1, 1, 15, 15 ], "texture": "#texture" },
        "south": { "uv": [ 1, 1, 15, 15 ], "texture": "#texture" },
        "west":  { "uv": [ 1, 1, 15, 15 ], "texture": "#texture" },
        "east":  { "uv": [ 1, 1, 15, 15 ], "texture": "#texture" }
    }
}
],
"display": {
    "thirdperson_righthand": {
        "rotation": [ 75, 45, 0 ],
        "translation": [ 0, 2.5, 0 ],
        "scale": [ 0.375, 0.375, 0.375 ]
    },
    "thirdperson_lefthand": {
        "rotation": [ 75, 45, 0 ],
        "translation": [ 0, 2.5, 0 ],
        "scale": [ 0.375, 0.375, 0.375 ]
    },
    "ground": {
        "rotation": [ 0, 0, 0 ],
        "translation": [ 0, 3, 0 ],
        "scale": [ 0.25, 0.25, 0.25 ]
    },
    "fixed": {
        "rotation": [ 0, 0, 0 ],
        "translation": [ 0, 0, 0 ],
        "scale": [ 0.5, 0.5, 0.5 ]
    },
    "firstperson_righthand": {
        "rotation": [ 0, 45, 0 ],
        "translation": [ 0, 0, 0 ],
        "scale": [ 0.4, 0.4, 0.4 ]
    },
    "firstperson_lefthand": {
        "rotation": [ 0, 225, 0 ],
        "translation": [ 0, 0, 0 ],
        "scale": [ 0.4, 0.4, 0.4 ]
    },
    "gui": {
        "rotation": [ 30, 225, 0 ],
        "translation": [ 0, 0, 0 ],
        "scale": [ 0.625, 0.625, 0.625 ]
    }
}
}