{
"ambientocclusion": false,
"textures": {
    "particle": "blocks/redstone_torch_off",
    "texture": "blocks/planks_oak",
    "fire": "blocks/lava_still"
},
"elements": [ 
{
    "__comment": "Wood Holder",
    "from": [ 0, 5, 6 ],
    "to": [ 7, 6, 10 ],
    "faces": {
        "down":  { "uv": [ 0.001, 6.999, 1.999, 0.001 ], "rotation": 90, "texture": "#texture" },
        "up":    { "uv": [ 0.0010000000474974513, 0.0010000000474974513, 1.999000072479248, 6.999000072479248 ], "rotation": 90, "texture": "#texture" },
        "north": { "uv": [ 0.0010000000474974513, 0.0010000000474974513, 0.49900001287460327, 6.999000072479248 ], "rotation": 90, "texture": "#texture" },
        "south": { "uv": [ 0.0010000000474974513, 0.0010000000474974513, 0.49900001287460327, 6.999000072479248 ], "rotation": 90, "texture": "#texture" },
        "west":  { "uv": [ 7.000999927520752, 9.0010004043579102, 8.9989995956420898, 9.4989995956420898 ], "texture": "#texture" },
        "east":  { "uv": [ 7.000999927520752, 9.0010004043579102, 8.9989995956420898, 9.4989995956420898 ], "texture": "#texture" }
    }
},
{
    "__comment": "Wood Holder",
    "from": [ 0, 6, 6 ],
    "to": [ 1, 11, 10 ],
    "faces": {
        "down":  { "uv": [ 0.001, 9.999, 0.499, 8.001 ], "texture": "#texture" },
        "up":    { "uv": [ 0.0010000000474974513, 8.0010004043579102, 0.49900001287460327, 9.9989995956420898 ], "texture": "#texture" },
        "north": { "uv": [ 15.50100040435791, 5.000999927520752, 15.99899959564209, 9.9989995956420898 ], "texture": "#texture" },
        "south": { "uv": [ 0.0010000000474974513, 5.000999927520752, 0.49900001287460327, 9.9989995956420898 ], "texture": "#texture" },
        "west":  { "uv": [ 7.000999927520752, 5.000999927520752, 8.9989995956420898, 9.9989995956420898 ], "texture": "#texture" },
        "east":  { "uv": [ 7.000999927520752, 5.000999927520752, 8.9989995956420898, 9.9989995956420898 ], "texture": "#texture" }
    }
},
{
    "__comment": "Fire",
    "from": [ 3.5, 12.9375, 7.5 ],
    "to": [ 4.5, 13.25, 8.5 ],
    "faces": {
        "down":  { "uv": [ 7, 7.9375, 8.9375, 6 ], "texture": "#particle" },
        "up":    { "uv": [ 7, 6, 8.9375, 7.9375 ], "texture": "#particle" },
        "north": { "uv": [ 7, 6, 8.9375, 6.9375 ], "texture": "#particle" },
        "south": { "uv": [ 7, 6, 8.9375, 6.9375 ], "texture": "#particle" },
        "west":  { "uv": [ 7, 6, 8.9375, 6.9375 ], "texture": "#particle" },
        "east":  { "uv": [ 7, 6, 8.9375, 6.9375 ], "texture": "#particle" }
    }
},
{
    "__comment": "Fire",
    "from": [ 3, 11, 7 ],
    "to": [ 5, 13, 9 ],
    "faces": {
        "down":  { "uv": [ 7, 6, 9, 8 ], "texture": "#particle" },
        "up":    { "uv": [ 7, 6, 9, 8 ], "texture": "#particle" },
        "north": { "uv": [ 7, 6, 9, 8 ], "texture": "#particle" },
        "south": { "uv": [ 7, 6, 9, 8 ], "texture": "#particle" },
        "west":  { "uv": [ 7, 6, 9, 8 ], "texture": "#particle" },
        "east":  { "uv": [ 7, 6, 9, 8 ], "texture": "#particle" }
    }
},
{
    "__comment": "Wood",
    "from": [ 3.5, 3, 7.5 ],
    "to": [ 4.5, 7, 8.5 ],
    "faces": {
        "down":  { "uv": [ 10.001, 7.999, 10.999, 7.001 ], "texture": "#texture" },
        "north": { "uv": [ 7.500999927520752, 12.00100040435791, 8.4989995956420898, 15.99899959564209 ], "texture": "#texture" },
        "south": { "uv": [ 7.500999927520752, 12.00100040435791, 8.4989995956420898, 15.99899959564209 ], "texture": "#texture" },
        "west":  { "uv": [ 7.500999927520752, 12.00100040435791, 8.4989995956420898, 15.99899959564209 ], "texture": "#texture" },
        "east":  { "uv": [ 7.500999927520752, 12.00100040435791, 8.4989995956420898, 15.99899959564209 ], "texture": "#texture" }
    }
},
{
    "__comment": "Wood",
    "from": [ 3, 7, 7.5 ],
    "to": [ 5, 11, 8.5 ],
    "faces": {
        "down":  { "uv": [ 10.001, 7.999, 11.999, 7.001 ], "texture": "#texture" },
        "north": { "uv": [ 7.000999927520752, 8.0010004043579102, 8.9989995956420898, 11.99899959564209 ], "texture": "#texture" },
        "south": { "uv": [ 7.000999927520752, 8.0010004043579102, 8.9989995956420898, 11.99899959564209 ], "texture": "#texture" },
        "west":  { "uv": [ 7.500999927520752, 8.0010004043579102, 8.4989995956420898, 11.99899959564209 ], "texture": "#texture" },
        "east":  { "uv": [ 7.500999927520752, 8.0010004043579102, 8.4989995956420898, 11.99899959564209 ], "texture": "#texture" }
    }
},
{
    "__comment": "Wood",
    "from": [ 3.5, 7, 7 ],
    "to": [ 4.5, 11, 9 ],
    "faces": {
        "down":  { "uv": [ 10.001, 7.999, 10.999, 6.001 ], "texture": "#texture" },
        "north": { "uv": [ 7.500999927520752, 8.0010004043579102, 8.4989995956420898, 11.99899959564209 ], "texture": "#texture" },
        "south": { "uv": [ 7.500999927520752, 8.0010004043579102, 8.4989995956420898, 11.99899959564209 ], "texture": "#texture" },
        "west":  { "uv": [ 7.000999927520752, 8.0010004043579102, 8.9989995956420898, 11.99899959564209 ], "texture": "#texture" },
        "east":  { "uv": [ 7.000999927520752, 8.0010004043579102, 8.9989995956420898, 11.99899959564209 ], "texture": "#texture" }
    }
}
]
}