{
"ambientocclusion": false,
    "textures": {
        "particle": "blocks/vine",
        "0": "blocks/vine"
    },
"elements": [ 
{
    "__comment": "Vine_1u",
    "from": [ 3, 0, 14 ],
    "to": [ 4, 16, 15 ],
    "shade": false,
    "faces": {
        "down":  { "uv": [ 12, 15, 13, 16 ], "texture": "#0", "tintindex": 0 },
        "up":    { "uv": [ 12, 0, 13, 1 ], "texture": "#0", "tintindex": 0 },
        "north": { "uv": [ 12, 0, 13, 16 ], "texture": "#0", "tintindex": 0 },
        "south": { "uv": [ 12, 0, 13, 16 ], "texture": "#0", "tintindex": 0 },
        "west":  { "uv": [ 12, 0, 13, 16 ], "texture": "#0", "tintindex": 0 },
        "east":  { "uv": [ 12, 0, 13, 16 ], "texture": "#0", "tintindex": 0 }
    }
},
{
    "__comment": "Vine_1u",
    "from": [ 11, 0, 14 ],
    "to": [ 12, 16, 15 ],
    "shade": false,
    "faces": {
        "down":  { "uv": [ 4, 15, 5, 16 ], "texture": "#0", "tintindex": 0 },
        "up":    { "uv": [ 4, 0, 5, 1 ], "texture": "#0", "tintindex": 0 },
        "north": { "uv": [ 4, 0, 5, 16 ], "texture": "#0", "tintindex": 0 },
        "south": { "uv": [ 4, 0, 5, 16 ], "texture": "#0", "tintindex": 0 },
        "west":  { "uv": [ 4, 0, 5, 16 ], "texture": "#0", "tintindex": 0 },
        "east":  { "uv": [ 4, 0, 5, 16 ], "texture": "#0", "tintindex": 0 }
    }
},
{
    "__comment": "Vine_1u",
    "from": [ 15, 9, 14 ],
    "to": [ 16, 13, 15 ],
    "shade": false,
    "faces": {
        "down":  { "uv": [ 0, 6, 1, 7 ], "texture": "#0", "tintindex": 0 },
        "up":    { "uv": [ 0, 3, 1, 4 ], "texture": "#0", "tintindex": 0 },
        "north": { "uv": [ 0, 3, 1, 7 ], "texture": "#0", "tintindex": 0 },
        "south": { "uv": [ 0, 3, 1, 7 ], "texture": "#0", "tintindex": 0 },
        "west":  { "uv": [ 0, 3, 1, 7 ], "texture": "#0", "tintindex": 0 },
        "east":  { "uv": [ 0, 3, 1, 7 ], "texture": "#0", "tintindex": 0 }
    }
},
{
    "__comment": "Vine_1u",
    "from": [ 15, 2, 14 ],
    "to": [ 16, 4, 15 ],
    "shade": false,
    "faces": {
        "down":  { "uv": [ 0, 13, 1, 14 ], "texture": "#0", "tintindex": 0 },
        "up":    { "uv": [ 0, 12, 1, 13 ], "texture": "#0", "tintindex": 0 },
        "north": { "uv": [ 0, 12, 1, 14 ], "texture": "#0", "tintindex": 0 },
        "south": { "uv": [ 0, 12, 1, 14 ], "texture": "#0", "tintindex": 0 },
        "west":  { "uv": [ 0, 12, 1, 14 ], "texture": "#0", "tintindex": 0 },
        "east":  { "uv": [ 0, 12, 1, 14 ], "texture": "#0", "tintindex": 0 }
    }
},
{
    "__comment": "Vine_1u",
    "from": [ 14, 3, 15 ],
    "to": [ 15, 5, 16 ],
    "shade": false,
    "faces": {
        "down":  { "uv": [ 1, 12, 2, 13 ], "texture": "#0", "tintindex": 0 },
        "up":    { "uv": [ 1, 11, 2, 12 ], "texture": "#0", "tintindex": 0 },
        "north": { "uv": [ 1, 11, 2, 13 ], "texture": "#0", "tintindex": 0 },
        "south": { "uv": [ 1, 11, 2, 13 ], "texture": "#0", "tintindex": 0 },
        "west":  { "uv": [ 1, 11, 2, 13 ], "texture": "#0", "tintindex": 0 },
        "east":  { "uv": [ 1, 11, 2, 13 ], "texture": "#0", "tintindex": 0 }
    }
},
{
    "__comment": "Vine_1u",
    "from": [ 13, 4, 14 ],
    "to": [ 14, 7, 15 ],
    "shade": false,
    "faces": {
        "down":  { "uv": [ 2, 11, 3, 12 ], "texture": "#0", "tintindex": 0 },
        "up":    { "uv": [ 2, 9, 3, 10 ], "texture": "#0", "tintindex": 0 },
        "north": { "uv": [ 2, 9, 3, 12 ], "texture": "#0", "tintindex": 0 },
        "south": { "uv": [ 2, 9, 3, 12 ], "texture": "#0", "tintindex": 0 },
        "west":  { "uv": [ 2, 9, 3, 12 ], "texture": "#0", "tintindex": 0 },
        "east":  { "uv": [ 2, 9, 3, 12 ], "texture": "#0", "tintindex": 0 }
    }
},
{
    "__comment": "Vine_1u",
    "from": [ 14, 10, 15 ],
    "to": [ 15, 11, 16 ],
    "shade": false,
    "faces": {
        "down":  { "uv": [ 1, 5, 2, 6 ], "texture": "#0", "tintindex": 0 },
        "up":    { "uv": [ 1, 5, 2, 6 ], "texture": "#0", "tintindex": 0 },
        "north": { "uv": [ 1, 5, 2, 6 ], "texture": "#0", "tintindex": 0 },
        "south": { "uv": [ 1, 5, 2, 6 ], "texture": "#0", "tintindex": 0 },
        "west":  { "uv": [ 1, 5, 2, 6 ], "texture": "#0", "tintindex": 0 },
        "east":  { "uv": [ 1, 5, 2, 6 ], "texture": "#0", "tintindex": 0 }
    }
},
{
    "__comment": "Vine_1u",
    "from": [ 13, 8, 15 ],
    "to": [ 14, 10, 16 ],
    "shade": false,
    "faces": {
        "down":  { "uv": [ 2, 7, 3, 8 ], "texture": "#0", "tintindex": 0 },
        "up":    { "uv": [ 2, 6, 3, 7 ], "texture": "#0", "tintindex": 0 },
        "north": { "uv": [ 2, 6, 3, 8 ], "texture": "#0", "tintindex": 0 },
        "south": { "uv": [ 2, 6, 3, 8 ], "texture": "#0", "tintindex": 0 },
        "west":  { "uv": [ 2, 6, 3, 8 ], "texture": "#0", "tintindex": 0 },
        "east":  { "uv": [ 2, 6, 3, 8 ], "texture": "#0", "tintindex": 0 }
    }
},
{
    "__comment": "Vine_1u",
    "from": [ 13, 15, 14 ],
    "to": [ 14, 16, 15 ],
    "shade": false,
    "faces": {
        "down":  { "uv": [ 2, 0, 3, 1 ], "texture": "#0", "tintindex": 0 },
        "up":    { "uv": [ 2, 0, 3, 1 ], "texture": "#0", "tintindex": 0 },
        "north": { "uv": [ 2, 0, 3, 1 ], "texture": "#0", "tintindex": 0 },
        "south": { "uv": [ 2, 0, 3, 1 ], "texture": "#0", "tintindex": 0 },
        "west":  { "uv": [ 2, 0, 3, 1 ], "texture": "#0", "tintindex": 0 },
        "east":  { "uv": [ 2, 0, 3, 1 ], "texture": "#0", "tintindex": 0 }
    }
},
{
    "__comment": "Vine_1u",
    "from": [ 12, 4, 15 ],
    "to": [ 13, 10, 16 ],
    "shade": false,
    "faces": {
        "down":  { "uv": [ 3, 11, 4, 12 ], "texture": "#0", "tintindex": 0 },
        "up":    { "uv": [ 3, 6, 4, 7 ], "texture": "#0", "tintindex": 0 },
        "north": { "uv": [ 3, 6, 4, 12 ], "texture": "#0", "tintindex": 0 },
        "south": { "uv": [ 3, 6, 4, 12 ], "texture": "#0", "tintindex": 0 },
        "west":  { "uv": [ 3, 6, 4, 12 ], "texture": "#0", "tintindex": 0 },
        "east":  { "uv": [ 3, 6, 4, 12 ], "texture": "#0", "tintindex": 0 }
    }
},
{
    "__comment": "Vine_1u",
    "from": [ 12, 12, 15 ],
    "to": [ 13, 16, 16 ],
    "shade": false,
    "faces": {
        "down":  { "uv": [ 3, 3, 4, 4 ], "texture": "#0", "tintindex": 0 },
        "up":    { "uv": [ 3, 0, 4, 1 ], "texture": "#0", "tintindex": 0 },
        "north": { "uv": [ 3, 0, 4, 4 ], "texture": "#0", "tintindex": 0 },
        "south": { "uv": [ 3, 0, 4, 4 ], "texture": "#0", "tintindex": 0 },
        "west":  { "uv": [ 3, 0, 4, 4 ], "texture": "#0", "tintindex": 0 },
        "east":  { "uv": [ 3, 0, 4, 4 ], "texture": "#0", "tintindex": 0 }
    }
},
{
    "__comment": "Vine_1u",
    "from": [ 13, 0, 14 ],
    "to": [ 14, 1, 15 ],
    "shade": false,
    "faces": {
        "down":  { "uv": [ 2, 15, 3, 16 ], "texture": "#0", "tintindex": 0 },
        "up":    { "uv": [ 2, 15, 3, 16 ], "texture": "#0", "tintindex": 0 },
        "north": { "uv": [ 2, 15, 3, 16 ], "texture": "#0", "tintindex": 0 },
        "south": { "uv": [ 2, 15, 3, 16 ], "texture": "#0", "tintindex": 0 },
        "west":  { "uv": [ 2, 15, 3, 16 ], "texture": "#0", "tintindex": 0 },
        "east":  { "uv": [ 2, 15, 3, 16 ], "texture": "#0", "tintindex": 0 }
    }
},
{
    "__comment": "Vine_1u",
    "from": [ 12, 0, 15 ],
    "to": [ 13, 2, 16 ],
    "shade": false,
    "faces": {
        "down":  { "uv": [ 3, 15, 4, 16 ], "texture": "#0", "tintindex": 0 },
        "up":    { "uv": [ 3, 14, 4, 15 ], "texture": "#0", "tintindex": 0 },
        "north": { "uv": [ 3, 14, 4, 16 ], "texture": "#0", "tintindex": 0 },
        "south": { "uv": [ 3, 14, 4, 16 ], "texture": "#0", "tintindex": 0 },
        "west":  { "uv": [ 3, 14, 4, 16 ], "texture": "#0", "tintindex": 0 },
        "east":  { "uv": [ 3, 14, 4, 16 ], "texture": "#0", "tintindex": 0 }
    }
},
{
    "__comment": "Vine_1u",
    "from": [ 9, 2, 15 ],
    "to": [ 11, 5, 16 ],
    "shade": false,
    "faces": {
        "down":  { "uv": [ 5, 13, 7, 14 ], "texture": "#0", "tintindex": 0 },
        "up":    { "uv": [ 5, 11, 7, 12 ], "texture": "#0", "tintindex": 0 },
        "north": { "uv": [ 5, 11, 7, 14 ], "texture": "#0", "tintindex": 0 },
        "south": { "uv": [ 5, 11, 7, 14 ], "texture": "#0", "tintindex": 0 },
        "west":  { "uv": [ 6, 11, 7, 14 ], "texture": "#0", "tintindex": 0 },
        "east":  { "uv": [ 5, 11, 6, 14 ], "texture": "#0", "tintindex": 0 }
    }
},
{
    "__comment": "Vine_1u",
    "from": [ 10, 6, 15 ],
    "to": [ 11, 12, 16 ],
    "shade": false,
    "faces": {
        "down":  { "uv": [ 5, 9, 6, 10 ], "texture": "#0", "tintindex": 0 },
        "up":    { "uv": [ 5, 4, 6, 5 ], "texture": "#0", "tintindex": 0 },
        "north": { "uv": [ 5, 4, 6, 10 ], "texture": "#0", "tintindex": 0 },
        "south": { "uv": [ 5, 4, 6, 10 ], "texture": "#0", "tintindex": 0 },
        "west":  { "uv": [ 5, 4, 6, 10 ], "texture": "#0", "tintindex": 0 },
        "east":  { "uv": [ 5, 4, 6, 10 ], "texture": "#0", "tintindex": 0 }
    }
},
{
    "__comment": "Vine_1u",
    "from": [ 10, 14, 15 ],
    "to": [ 11, 16, 16 ],
    "shade": false,
    "faces": {
        "down":  { "uv": [ 5, 1, 6, 2 ], "texture": "#0", "tintindex": 0 },
        "up":    { "uv": [ 5, 0, 6, 1 ], "texture": "#0", "tintindex": 0 },
        "north": { "uv": [ 5, 0, 6, 2 ], "texture": "#0", "tintindex": 0 },
        "south": { "uv": [ 5, 0, 6, 2 ], "texture": "#0", "tintindex": 0 },
        "west":  { "uv": [ 5, 0, 6, 2 ], "texture": "#0", "tintindex": 0 },
        "east":  { "uv": [ 5, 0, 6, 2 ], "texture": "#0", "tintindex": 0 }
    }
},
{
    "__comment": "Vine_1u",
    "from": [ 9, 6, 14 ],
    "to": [ 10, 9, 15 ],
    "shade": false,
    "faces": {
        "down":  { "uv": [ 6, 9, 7, 10 ], "texture": "#0", "tintindex": 0 },
        "up":    { "uv": [ 6, 7, 7, 8 ], "texture": "#0", "tintindex": 0 },
        "north": { "uv": [ 6, 7, 7, 10 ], "texture": "#0", "tintindex": 0 },
        "south": { "uv": [ 6, 7, 7, 10 ], "texture": "#0", "tintindex": 0 },
        "west":  { "uv": [ 6, 7, 7, 10 ], "texture": "#0", "tintindex": 0 },
        "east":  { "uv": [ 6, 7, 7, 10 ], "texture": "#0", "tintindex": 0 }
    }
},
{
    "__comment": "Vine_1u",
    "from": [ 9, 14, 15 ],
    "to": [ 10, 15, 16 ],
    "shade": false,
    "faces": {
        "down":  { "uv": [ 6, 1, 7, 2 ], "texture": "#0", "tintindex": 0 },
        "up":    { "uv": [ 6, 1, 7, 2 ], "texture": "#0", "tintindex": 0 },
        "north": { "uv": [ 6, 1, 7, 2 ], "texture": "#0", "tintindex": 0 },
        "south": { "uv": [ 6, 1, 7, 2 ], "texture": "#0", "tintindex": 0 },
        "west":  { "uv": [ 6, 1, 7, 2 ], "texture": "#0", "tintindex": 0 },
        "east":  { "uv": [ 6, 1, 7, 2 ], "texture": "#0", "tintindex": 0 }
    }
},
{
    "__comment": "Vine_1u",
    "from": [ 6, 1, 14 ],
    "to": [ 9, 3, 15 ],
    "shade": false,
    "faces": {
        "down":  { "uv": [ 7, 14, 10, 15 ], "texture": "#0", "tintindex": 0 },
        "up":    { "uv": [ 7, 13, 10, 14 ], "texture": "#0", "tintindex": 0 },
        "north": { "uv": [ 7, 13, 10, 15 ], "texture": "#0", "tintindex": 0 },
        "south": { "uv": [ 7, 13, 10, 15 ], "texture": "#0", "tintindex": 0 },
        "west":  { "uv": [ 9, 13, 10, 15 ], "texture": "#0", "tintindex": 0 },
        "east":  { "uv": [ 7, 13, 8, 15 ], "texture": "#0", "tintindex": 0 }
    }
},
{
    "__comment": "Vine_1u",
    "from": [ 8, 5, 15 ],
    "to": [ 9, 6, 16 ],
    "shade": false,
    "faces": {
        "down":  { "uv": [ 7, 10, 8, 11 ], "texture": "#0", "tintindex": 0 },
        "up":    { "uv": [ 7, 10, 8, 11 ], "texture": "#0", "tintindex": 0 },
        "north": { "uv": [ 7, 10, 8, 11 ], "texture": "#0", "tintindex": 0 },
        "south": { "uv": [ 7, 10, 8, 11 ], "texture": "#0", "tintindex": 0 },
        "west":  { "uv": [ 7, 10, 8, 11 ], "texture": "#0", "tintindex": 0 },
        "east":  { "uv": [ 7, 10, 8, 11 ], "texture": "#0", "tintindex": 0 }
    }
},
{
    "__comment": "Vine_1u",
    "from": [ 8, 8, 15 ],
    "to": [ 9, 10, 16 ],
    "shade": false,
    "faces": {
        "down":  { "uv": [ 7, 7, 8, 8 ], "texture": "#0", "tintindex": 0 },
        "up":    { "uv": [ 7, 6, 8, 7 ], "texture": "#0", "tintindex": 0 },
        "north": { "uv": [ 7, 6, 8, 8 ], "texture": "#0", "tintindex": 0 },
        "south": { "uv": [ 7, 6, 8, 8 ], "texture": "#0", "tintindex": 0 },
        "west":  { "uv": [ 7, 6, 8, 8 ], "texture": "#0", "tintindex": 0 },
        "east":  { "uv": [ 7, 6, 8, 8 ], "texture": "#0", "tintindex": 0 }
    }
},
{
    "__comment": "Vine_1u",
    "from": [ 8, 13, 14 ],
    "to": [ 9, 15, 15 ],
    "shade": false,
    "faces": {
        "down":  { "uv": [ 7, 2, 8, 3 ], "texture": "#0", "tintindex": 0 },
        "up":    { "uv": [ 7, 1, 8, 2 ], "texture": "#0", "tintindex": 0 },
        "north": { "uv": [ 7, 1, 8, 3 ], "texture": "#0", "tintindex": 0 },
        "south": { "uv": [ 7, 1, 8, 3 ], "texture": "#0", "tintindex": 0 },
        "west":  { "uv": [ 7, 1, 8, 3 ], "texture": "#0", "tintindex": 0 },
        "east":  { "uv": [ 7, 1, 8, 3 ], "texture": "#0", "tintindex": 0 }
    }
},
{
    "__comment": "Vine_1u",
    "from": [ 6, 9, 14 ],
    "to": [ 8, 11, 15 ],
    "shade": false,
    "faces": {
        "down":  { "uv": [ 8, 6, 10, 7 ], "texture": "#0", "tintindex": 0 },
        "up":    { "uv": [ 8, 5, 10, 6 ], "texture": "#0", "tintindex": 0 },
        "north": { "uv": [ 8, 5, 10, 7 ], "texture": "#0", "tintindex": 0 },
        "south": { "uv": [ 8, 5, 9, 7 ], "texture": "#0", "tintindex": 0 },
        "west":  { "uv": [ 9, 5, 10, 7 ], "texture": "#0", "tintindex": 0 },
        "east":  { "uv": [ 8, 5, 9, 7 ], "texture": "#0", "tintindex": 0 }
    }
},
{
    "__comment": "Vine_1u",
    "from": [ 7, 12, 15 ],
    "to": [ 8, 14, 16 ],
    "shade": false,
    "faces": {
        "down":  { "uv": [ 8, 3, 9, 4 ], "texture": "#0", "tintindex": 0 },
        "up":    { "uv": [ 8, 2, 9, 3 ], "texture": "#0", "tintindex": 0 },
        "north": { "uv": [ 8, 2, 9, 4 ], "texture": "#0", "tintindex": 0 },
        "south": { "uv": [ 8, 2, 9, 4 ], "texture": "#0", "tintindex": 0 },
        "west":  { "uv": [ 8, 2, 9, 4 ], "texture": "#0", "tintindex": 0 },
        "east":  { "uv": [ 8, 2, 9, 4 ], "texture": "#0", "tintindex": 0 }
    }
},
{
    "__comment": "Vine_1u",
    "from": [ 5, 11, 14 ],
    "to": [ 7, 13, 15 ],
    "shade": false,
    "faces": {
        "down":  { "uv": [ 9, 4, 11, 5 ], "texture": "#0", "tintindex": 0 },
        "up":    { "uv": [ 9, 3, 11, 4 ], "texture": "#0", "tintindex": 0 },
        "north": { "uv": [ 9, 3, 11, 5 ], "texture": "#0", "tintindex": 0 },
        "south": { "uv": [ 9, 3, 11, 5 ], "texture": "#0", "tintindex": 0 },
        "west":  { "uv": [ 10, 3, 11, 5 ], "texture": "#0", "tintindex": 0 },
        "east":  { "uv": [ 9, 3, 10, 5 ], "texture": "#0", "tintindex": 0 }
    }
},
{
    "__comment": "Vine_1u",
    "from": [ 4, 10, 15 ],
    "to": [ 5, 16, 16 ],
    "shade": false,
    "faces": {
        "down":  { "uv": [ 11, 5, 12, 6 ], "texture": "#0", "tintindex": 0 },
        "up":    { "uv": [ 11, 0, 12, 1 ], "texture": "#0", "tintindex": 0 },
        "north": { "uv": [ 11, 0, 12, 6 ], "texture": "#0", "tintindex": 0 },
        "south": { "uv": [ 11, 0, 12, 6 ], "texture": "#0", "tintindex": 0 },
        "west":  { "uv": [ 11, 0, 12, 6 ], "texture": "#0", "tintindex": 0 },
        "east":  { "uv": [ 11, 0, 12, 6 ], "texture": "#0", "tintindex": 0 }
    }
},
{
    "__comment": "Vine_1u",
    "from": [ 5, 1, 15 ],
    "to": [ 6, 2, 16 ],
    "shade": false,
    "faces": {
        "down":  { "uv": [ 10, 14, 11, 15 ], "texture": "#0", "tintindex": 0 },
        "up":    { "uv": [ 10, 14, 11, 15 ], "texture": "#0", "tintindex": 0 },
        "north": { "uv": [ 10, 14, 11, 15 ], "texture": "#0", "tintindex": 0 },
        "south": { "uv": [ 10, 14, 11, 15 ], "texture": "#0", "tintindex": 0 },
        "west":  { "uv": [ 10, 14, 11, 15 ], "texture": "#0", "tintindex": 0 },
        "east":  { "uv": [ 10, 14, 11, 15 ], "texture": "#0", "tintindex": 0 }
    }
},
{
    "__comment": "Vine_1u",
    "from": [ 5, 3, 14 ],
    "to": [ 6, 7, 15 ],
    "shade": false,
    "faces": {
        "down":  { "uv": [ 10, 12, 11, 13 ], "texture": "#0", "tintindex": 0 },
        "up":    { "uv": [ 10, 9, 11, 10 ], "texture": "#0", "tintindex": 0 },
        "north": { "uv": [ 10, 9, 11, 13 ], "texture": "#0", "tintindex": 0 },
        "south": { "uv": [ 10, 9, 11, 13 ], "texture": "#0", "tintindex": 0 },
        "west":  { "uv": [ 10, 9, 11, 13 ], "texture": "#0", "tintindex": 0 },
        "east":  { "uv": [ 10, 9, 11, 13 ], "texture": "#0", "tintindex": 0 }
    }
},
{
    "__comment": "Vine_1u",
    "from": [ 4, 2, 15 ],
    "to": [ 5, 4, 16 ],
    "shade": false,
    "faces": {
        "down":  { "uv": [ 11, 13, 12, 14 ], "texture": "#0", "tintindex": 0 },
        "up":    { "uv": [ 11, 12, 12, 13 ], "texture": "#0", "tintindex": 0 },
        "north": { "uv": [ 11, 12, 12, 14 ], "texture": "#0", "tintindex": 0 },
        "south": { "uv": [ 11, 12, 12, 14 ], "texture": "#0", "tintindex": 0 },
        "west":  { "uv": [ 11, 12, 12, 14 ], "texture": "#0", "tintindex": 0 },
        "east":  { "uv": [ 11, 12, 12, 14 ], "texture": "#0", "tintindex": 0 }
    }
},
{
    "__comment": "Vine_1u",
    "from": [ 4, 6, 15 ],
    "to": [ 5, 9, 16 ],
    "shade": false,
    "faces": {
        "down":  { "uv": [ 11, 9, 12, 10 ], "texture": "#0", "tintindex": 0 },
        "up":    { "uv": [ 11, 7, 12, 8 ], "texture": "#0", "tintindex": 0 },
        "north": { "uv": [ 11, 7, 12, 10 ], "texture": "#0", "tintindex": 0 },
        "south": { "uv": [ 11, 7, 12, 10 ], "texture": "#0", "tintindex": 0 },
        "west":  { "uv": [ 11, 7, 12, 10 ], "texture": "#0", "tintindex": 0 },
        "east":  { "uv": [ 11, 7, 12, 10 ], "texture": "#0", "tintindex": 0 }
    }
},
{
    "__comment": "Vine_1u",
    "from": [ 2, 0, 15 ],
    "to": [ 3, 6, 16 ],
    "shade": false,
    "faces": {
        "down":  { "uv": [ 13, 15, 14, 16 ], "texture": "#0", "tintindex": 0 },
        "up":    { "uv": [ 13, 10, 14, 11 ], "texture": "#0", "tintindex": 0 },
        "north": { "uv": [ 13, 10, 14, 16 ], "texture": "#0", "tintindex": 0 },
        "south": { "uv": [ 13, 10, 14, 16 ], "texture": "#0", "tintindex": 0 },
        "west":  { "uv": [ 13, 10, 14, 16 ], "texture": "#0", "tintindex": 0 },
        "east":  { "uv": [ 13, 10, 14, 16 ], "texture": "#0", "tintindex": 0 }
    }
},
{
    "__comment": "Vine_1u",
    "from": [ 2, 8, 15 ],
    "to": [ 3, 10, 16 ],
    "shade": false,
    "faces": {
        "down":  { "uv": [ 13, 7, 14, 8 ], "texture": "#0", "tintindex": 0 },
        "up":    { "uv": [ 13, 6, 14, 7 ], "texture": "#0", "tintindex": 0 },
        "north": { "uv": [ 13, 6, 14, 8 ], "texture": "#0", "tintindex": 0 },
        "south": { "uv": [ 13, 6, 14, 8 ], "texture": "#0", "tintindex": 0 },
        "west":  { "uv": [ 13, 6, 14, 8 ], "texture": "#0", "tintindex": 0 },
        "east":  { "uv": [ 13, 6, 14, 8 ], "texture": "#0", "tintindex": 0 }
    }
},
{
    "__comment": "Vine_1u",
    "from": [ 2, 12, 15 ],
    "to": [ 3, 16, 16 ],
    "shade": false,
    "faces": {
        "down":  { "uv": [ 13, 3, 14, 4 ], "texture": "#0", "tintindex": 0 },
        "up":    { "uv": [ 13, 0, 14, 1 ], "texture": "#0", "tintindex": 0 },
        "north": { "uv": [ 13, 0, 14, 4 ], "texture": "#0", "tintindex": 0 },
        "south": { "uv": [ 13, 0, 14, 4 ], "texture": "#0", "tintindex": 0 },
        "west":  { "uv": [ 13, 0, 14, 4 ], "texture": "#0", "tintindex": 0 },
        "east":  { "uv": [ 13, 0, 14, 4 ], "texture": "#0", "tintindex": 0 }
    }
},
{
    "__comment": "Vine_1u",
    "from": [ 1, 0, 14 ],
    "to": [ 2, 1, 15 ],
    "shade": false,
    "faces": {
        "down":  { "uv": [ 14, 15, 15, 16 ], "texture": "#0", "tintindex": 0 },
        "up":    { "uv": [ 14, 15, 15, 16 ], "texture": "#0", "tintindex": 0 },
        "north": { "uv": [ 14, 15, 15, 16 ], "texture": "#0", "tintindex": 0 },
        "south": { "uv": [ 14, 15, 15, 16 ], "texture": "#0", "tintindex": 0 },
        "west":  { "uv": [ 14, 15, 15, 16 ], "texture": "#0", "tintindex": 0 },
        "east":  { "uv": [ 14, 15, 15, 16 ], "texture": "#0", "tintindex": 0 }
    }
},
{
    "__comment": "Vine_1u",
    "from": [ 1, 2, 15 ],
    "to": [ 2, 4, 16 ],
    "shade": false,
    "faces": {
        "down":  { "uv": [ 14, 13, 15, 14 ], "texture": "#0", "tintindex": 0 },
        "up":    { "uv": [ 14, 12, 15, 13 ], "texture": "#0", "tintindex": 0 },
        "north": { "uv": [ 14, 12, 15, 14 ], "texture": "#0", "tintindex": 0 },
        "south": { "uv": [ 14, 12, 15, 14 ], "texture": "#0", "tintindex": 0 },
        "west":  { "uv": [ 14, 12, 15, 14 ], "texture": "#0", "tintindex": 0 },
        "east":  { "uv": [ 14, 12, 15, 14 ], "texture": "#0", "tintindex": 0 }
    }
},
{
    "__comment": "Vine_1u",
    "from": [ 1, 10, 15 ],
    "to": [ 2, 13, 16 ],
    "shade": false,
    "faces": {
        "down":  { "uv": [ 14, 5, 15, 6 ], "texture": "#0", "tintindex": 0 },
        "up":    { "uv": [ 14, 3, 15, 4 ], "texture": "#0", "tintindex": 0 },
        "north": { "uv": [ 14, 3, 15, 6 ], "texture": "#0", "tintindex": 0 },
        "south": { "uv": [ 14, 3, 15, 6 ], "texture": "#0", "tintindex": 0 },
        "west":  { "uv": [ 14, 3, 15, 6 ], "texture": "#0", "tintindex": 0 },
        "east":  { "uv": [ 14, 3, 15, 6 ], "texture": "#0", "tintindex": 0 }
    }
},
{
    "__comment": "Vine_1u",
    "from": [ 0, 3, 14 ],
    "to": [ 1, 5, 15 ],
    "shade": false,
    "faces": {
        "down":  { "uv": [ 15, 12, 16, 13 ], "texture": "#0", "tintindex": 0 },
        "up":    { "uv": [ 15, 11, 16, 12 ], "texture": "#0", "tintindex": 0 },
        "north": { "uv": [ 15, 11, 16, 13 ], "texture": "#0", "tintindex": 0 },
        "south": { "uv": [ 15, 11, 16, 13 ], "texture": "#0", "tintindex": 0 },
        "west":  { "uv": [ 15, 11, 16, 13 ], "texture": "#0", "tintindex": 0 },
        "east":  { "uv": [ 15, 11, 16, 13 ], "texture": "#0", "tintindex": 0 }
    }
},
{
    "__comment": "Vine_1u",
    "from": [ 0, 9, 14 ],
    "to": [ 1, 13, 15 ],
    "shade": false,
    "faces": {
        "down":  { "uv": [ 15, 6, 16, 7 ], "texture": "#0", "tintindex": 0 },
        "up":    { "uv": [ 15, 3, 16, 4 ], "texture": "#0", "tintindex": 0 },
        "north": { "uv": [ 15, 3, 16, 7 ], "texture": "#0", "tintindex": 0 },
        "south": { "uv": [ 15, 3, 16, 7 ], "texture": "#0", "tintindex": 0 },
        "west":  { "uv": [ 15, 3, 16, 7 ], "texture": "#0", "tintindex": 0 },
        "east":  { "uv": [ 15, 3, 16, 7 ], "texture": "#0", "tintindex": 0 }
    }
},
{
    "__comment": "Vine_1u",
    "from": [ 3, 14, 0 ],
    "to": [ 4, 15, 16 ],
    "faces": {
        "down":  { "uv": [ 12, 0, 13, 16 ], "rotation": 180, "texture": "#0", "tintindex": 0 },
        "up":    { "uv": [ 12, 0, 13, 16 ], "texture": "#0", "tintindex": 0 },
        "north": { "uv": [ 12, 0, 13, 1 ], "rotation": 180, "texture": "#0", "tintindex": 0 },
        "south": { "uv": [ 12, 15, 13, 16 ], "texture": "#0", "tintindex": 0 },
        "west":  { "uv": [ 12, 0, 13, 16 ], "rotation": 270, "texture": "#0", "tintindex": 0 },
        "east":  { "uv": [ 12, 0, 13, 16 ], "rotation": 90, "texture": "#0", "tintindex": 0 }
    }
},
{
    "__comment": "Vine_1u",
    "from": [ 11, 14, 0 ],
    "to": [ 12, 15, 16 ],
    "faces": {
        "down":  { "uv": [ 4, 0, 5, 16 ], "rotation": 180, "texture": "#0", "tintindex": 0 },
        "up":    { "uv": [ 4, 0, 5, 16 ], "texture": "#0", "tintindex": 0 },
        "north": { "uv": [ 4, 0, 5, 1 ], "rotation": 180, "texture": "#0", "tintindex": 0 },
        "south": { "uv": [ 4, 15, 5, 16 ], "texture": "#0", "tintindex": 0 },
        "west":  { "uv": [ 4, 0, 5, 16 ], "rotation": 270, "texture": "#0", "tintindex": 0 },
        "east":  { "uv": [ 4, 0, 5, 16 ], "rotation": 90, "texture": "#0", "tintindex": 0 }
    }
},
{
    "__comment": "Vine_1u",
    "from": [ 15, 14, 3 ],
    "to": [ 16, 15, 7 ],
    "faces": {
        "down":  { "uv": [ 0, 3, 1, 7 ], "rotation": 180, "texture": "#0", "tintindex": 0 },
        "up":    { "uv": [ 0, 3, 1, 7 ], "texture": "#0", "tintindex": 0 },
        "north": { "uv": [ 0, 3, 1, 4 ], "rotation": 180, "texture": "#0", "tintindex": 0 },
        "south": { "uv": [ 0, 6, 1, 7 ], "texture": "#0", "tintindex": 0 },
        "west":  { "uv": [ 0, 3, 1, 7 ], "rotation": 270, "texture": "#0", "tintindex": 0 },
        "east":  { "uv": [ 0, 3, 1, 7 ], "rotation": 90, "texture": "#0", "tintindex": 0 }
    }
},
{
    "__comment": "Vine_1u",
    "from": [ 15, 14, 12 ],
    "to": [ 16, 15, 14 ],
    "faces": {
        "down":  { "uv": [ 0, 12, 1, 14 ], "rotation": 180, "texture": "#0", "tintindex": 0 },
        "up":    { "uv": [ 0, 12, 1, 14 ], "texture": "#0", "tintindex": 0 },
        "north": { "uv": [ 0, 12, 1, 13 ], "rotation": 180, "texture": "#0", "tintindex": 0 },
        "south": { "uv": [ 0, 13, 1, 14 ], "texture": "#0", "tintindex": 0 },
        "west":  { "uv": [ 0, 12, 1, 14 ], "rotation": 270, "texture": "#0", "tintindex": 0 },
        "east":  { "uv": [ 0, 12, 1, 14 ], "rotation": 90, "texture": "#0", "tintindex": 0 }
    }
},
{
    "__comment": "Vine_1u",
    "from": [ 14, 15, 11 ],
    "to": [ 15, 16, 13 ],
    "faces": {
        "down":  { "uv": [ 1, 11, 2, 13 ], "rotation": 180, "texture": "#0", "tintindex": 0 },
        "up":    { "uv": [ 1, 11, 2, 13 ], "texture": "#0", "tintindex": 0 },
        "north": { "uv": [ 1, 11, 2, 12 ], "rotation": 180, "texture": "#0", "tintindex": 0 },
        "south": { "uv": [ 1, 12, 2, 13 ], "texture": "#0", "tintindex": 0 },
        "west":  { "uv": [ 1, 11, 2, 13 ], "rotation": 270, "texture": "#0", "tintindex": 0 },
        "east":  { "uv": [ 1, 11, 2, 13 ], "rotation": 90, "texture": "#0", "tintindex": 0 }
    }
},
{
    "__comment": "Vine_1u",
    "from": [ 13, 14, 9 ],
    "to": [ 14, 15, 12 ],
    "faces": {
        "down":  { "uv": [ 2, 9, 3, 12 ], "rotation": 180, "texture": "#0", "tintindex": 0 },
        "up":    { "uv": [ 2, 9, 3, 12 ], "texture": "#0", "tintindex": 0 },
        "north": { "uv": [ 2, 9, 3, 10 ], "rotation": 180, "texture": "#0", "tintindex": 0 },
        "south": { "uv": [ 2, 11, 3, 12 ], "texture": "#0", "tintindex": 0 },
        "west":  { "uv": [ 2, 9, 3, 12 ], "rotation": 270, "texture": "#0", "tintindex": 0 },
        "east":  { "uv": [ 2, 9, 3, 12 ], "rotation": 90, "texture": "#0", "tintindex": 0 }
    }
},
{
    "__comment": "Vine_1u",
    "from": [ 14, 15, 5 ],
    "to": [ 15, 16, 6 ],
    "faces": {
        "down":  { "uv": [ 1, 5, 2, 6 ], "rotation": 180, "texture": "#0", "tintindex": 0 },
        "up":    { "uv": [ 1, 5, 2, 6 ], "texture": "#0", "tintindex": 0 },
        "north": { "uv": [ 1, 5, 2, 6 ], "rotation": 180, "texture": "#0", "tintindex": 0 },
        "south": { "uv": [ 1, 5, 2, 6 ], "texture": "#0", "tintindex": 0 },
        "west":  { "uv": [ 1, 5, 2, 6 ], "rotation": 270, "texture": "#0", "tintindex": 0 },
        "east":  { "uv": [ 1, 5, 2, 6 ], "rotation": 90, "texture": "#0", "tintindex": 0 }
    }
},
{
    "__comment": "Vine_1u",
    "from": [ 13, 15, 6 ],
    "to": [ 14, 16, 8 ],
    "faces": {
        "down":  { "uv": [ 2, 6, 3, 8 ], "rotation": 180, "texture": "#0", "tintindex": 0 },
        "up":    { "uv": [ 2, 6, 3, 8 ], "texture": "#0", "tintindex": 0 },
        "north": { "uv": [ 2, 6, 3, 7 ], "rotation": 180, "texture": "#0", "tintindex": 0 },
        "south": { "uv": [ 2, 7, 3, 8 ], "texture": "#0", "tintindex": 0 },
        "west":  { "uv": [ 2, 6, 3, 8 ], "rotation": 270, "texture": "#0", "tintindex": 0 },
        "east":  { "uv": [ 2, 6, 3, 8 ], "rotation": 90, "texture": "#0", "tintindex": 0 }
    }
},
{
    "__comment": "Vine_1u",
    "from": [ 13, 14, 0 ],
    "to": [ 14, 15, 1 ],
    "faces": {
        "down":  { "uv": [ 2, 0, 3, 1 ], "rotation": 180, "texture": "#0", "tintindex": 0 },
        "up":    { "uv": [ 2, 0, 3, 1 ], "texture": "#0", "tintindex": 0 },
        "north": { "uv": [ 2, 0, 3, 1 ], "rotation": 180, "texture": "#0", "tintindex": 0 },
        "south": { "uv": [ 2, 0, 3, 1 ], "texture": "#0", "tintindex": 0 },
        "west":  { "uv": [ 2, 0, 3, 1 ], "rotation": 270, "texture": "#0", "tintindex": 0 },
        "east":  { "uv": [ 2, 0, 3, 1 ], "rotation": 90, "texture": "#0", "tintindex": 0 }
    }
},
{
    "__comment": "Vine_1u",
    "from": [ 12, 15, 6 ],
    "to": [ 13, 16, 12 ],
    "faces": {
        "down":  { "uv": [ 3, 6, 4, 12 ], "rotation": 180, "texture": "#0", "tintindex": 0 },
        "up":    { "uv": [ 3, 6, 4, 12 ], "texture": "#0", "tintindex": 0 },
        "north": { "uv": [ 3, 6, 4, 7 ], "rotation": 180, "texture": "#0", "tintindex": 0 },
        "south": { "uv": [ 3, 11, 4, 12 ], "texture": "#0", "tintindex": 0 },
        "west":  { "uv": [ 3, 6, 4, 12 ], "rotation": 270, "texture": "#0", "tintindex": 0 },
        "east":  { "uv": [ 3, 6, 4, 12 ], "rotation": 90, "texture": "#0", "tintindex": 0 }
    }
},
{
    "__comment": "Vine_1u",
    "from": [ 12, 15, 0 ],
    "to": [ 13, 16, 4 ],
    "faces": {
        "down":  { "uv": [ 3, 0, 4, 4 ], "rotation": 180, "texture": "#0", "tintindex": 0 },
        "up":    { "uv": [ 3, 0, 4, 4 ], "texture": "#0", "tintindex": 0 },
        "north": { "uv": [ 3, 0, 4, 1 ], "rotation": 180, "texture": "#0", "tintindex": 0 },
        "south": { "uv": [ 3, 3, 4, 4 ], "texture": "#0", "tintindex": 0 },
        "west":  { "uv": [ 3, 0, 4, 4 ], "rotation": 270, "texture": "#0", "tintindex": 0 },
        "east":  { "uv": [ 3, 0, 4, 4 ], "rotation": 90, "texture": "#0", "tintindex": 0 }
    }
},
{
    "__comment": "Vine_1u",
    "from": [ 13, 14, 15 ],
    "to": [ 14, 15, 16 ],
    "faces": {
        "down":  { "uv": [ 2, 15, 3, 16 ], "rotation": 180, "texture": "#0", "tintindex": 0 },
        "up":    { "uv": [ 2, 15, 3, 16 ], "texture": "#0", "tintindex": 0 },
        "north": { "uv": [ 2, 15, 3, 16 ], "rotation": 180, "texture": "#0", "tintindex": 0 },
        "south": { "uv": [ 2, 15, 3, 16 ], "texture": "#0", "tintindex": 0 },
        "west":  { "uv": [ 2, 15, 3, 16 ], "rotation": 270, "texture": "#0", "tintindex": 0 },
        "east":  { "uv": [ 2, 15, 3, 16 ], "rotation": 90, "texture": "#0", "tintindex": 0 }
    }
},
{
    "__comment": "Vine_1u",
    "from": [ 12, 15, 14 ],
    "to": [ 13, 16, 16 ],
    "faces": {
        "down":  { "uv": [ 3, 14, 4, 16 ], "rotation": 180, "texture": "#0", "tintindex": 0 },
        "up":    { "uv": [ 3, 14, 4, 16 ], "texture": "#0", "tintindex": 0 },
        "north": { "uv": [ 3, 14, 4, 15 ], "rotation": 180, "texture": "#0", "tintindex": 0 },
        "south": { "uv": [ 3, 15, 4, 16 ], "texture": "#0", "tintindex": 0 },
        "west":  { "uv": [ 3, 14, 4, 16 ], "rotation": 270, "texture": "#0", "tintindex": 0 },
        "east":  { "uv": [ 3, 14, 4, 16 ], "rotation": 90, "texture": "#0", "tintindex": 0 }
    }
},
{
    "__comment": "Vine_1u",
    "from": [ 9, 15, 11 ],
    "to": [ 11, 16, 14 ],
    "faces": {
        "down":  { "uv": [ 5, 11, 7, 14 ], "rotation": 180, "texture": "#0", "tintindex": 0 },
        "up":    { "uv": [ 5, 11, 7, 14 ], "texture": "#0", "tintindex": 0 },
        "north": { "uv": [ 5, 11, 7, 12 ], "rotation": 180, "texture": "#0", "tintindex": 0 },
        "south": { "uv": [ 5, 13, 7, 14 ], "texture": "#0", "tintindex": 0 },
        "west":  { "uv": [ 6, 11, 7, 14 ], "rotation": 270, "texture": "#0", "tintindex": 0 },
        "east":  { "uv": [ 5, 11, 6, 14 ], "rotation": 90, "texture": "#0", "tintindex": 0 }
    }
},
{
    "__comment": "Vine_1u",
    "from": [ 10, 15, 4 ],
    "to": [ 11, 16, 10 ],
    "faces": {
        "down":  { "uv": [ 5, 4, 6, 10 ], "rotation": 180, "texture": "#0", "tintindex": 0 },
        "up":    { "uv": [ 5, 4, 6, 10 ], "texture": "#0", "tintindex": 0 },
        "north": { "uv": [ 5, 4, 6, 5 ], "rotation": 180, "texture": "#0", "tintindex": 0 },
        "south": { "uv": [ 5, 9, 6, 10 ], "texture": "#0", "tintindex": 0 },
        "west":  { "uv": [ 5, 4, 6, 10 ], "rotation": 270, "texture": "#0", "tintindex": 0 },
        "east":  { "uv": [ 5, 4, 6, 10 ], "rotation": 90, "texture": "#0", "tintindex": 0 }
    }
},
{
    "__comment": "Vine_1u",
    "from": [ 10, 15, 0 ],
    "to": [ 11, 16, 2 ],
    "faces": {
        "down":  { "uv": [ 5, 0, 6, 2 ], "rotation": 180, "texture": "#0", "tintindex": 0 },
        "up":    { "uv": [ 5, 0, 6, 2 ], "texture": "#0", "tintindex": 0 },
        "north": { "uv": [ 5, 0, 6, 1 ], "rotation": 180, "texture": "#0", "tintindex": 0 },
        "south": { "uv": [ 5, 1, 6, 2 ], "texture": "#0", "tintindex": 0 },
        "west":  { "uv": [ 5, 0, 6, 2 ], "rotation": 270, "texture": "#0", "tintindex": 0 },
        "east":  { "uv": [ 5, 0, 6, 2 ], "rotation": 90, "texture": "#0", "tintindex": 0 }
    }
},
{
    "__comment": "Vine_1u",
    "from": [ 9, 14, 7 ],
    "to": [ 10, 15, 10 ],
    "faces": {
        "down":  { "uv": [ 6, 7, 7, 10 ], "rotation": 180, "texture": "#0", "tintindex": 0 },
        "up":    { "uv": [ 6, 7, 7, 10 ], "texture": "#0", "tintindex": 0 },
        "north": { "uv": [ 6, 7, 7, 8 ], "rotation": 180, "texture": "#0", "tintindex": 0 },
        "south": { "uv": [ 6, 9, 7, 10 ], "texture": "#0", "tintindex": 0 },
        "west":  { "uv": [ 6, 7, 7, 10 ], "rotation": 270, "texture": "#0", "tintindex": 0 },
        "east":  { "uv": [ 6, 7, 7, 10 ], "rotation": 90, "texture": "#0", "tintindex": 0 }
    }
},
{
    "__comment": "Vine_1u",
    "from": [ 9, 15, 1 ],
    "to": [ 10, 16, 2 ],
    "faces": {
        "down":  { "uv": [ 6, 1, 7, 2 ], "rotation": 180, "texture": "#0", "tintindex": 0 },
        "up":    { "uv": [ 6, 1, 7, 2 ], "texture": "#0", "tintindex": 0 },
        "north": { "uv": [ 6, 1, 7, 2 ], "rotation": 180, "texture": "#0", "tintindex": 0 },
        "south": { "uv": [ 6, 1, 7, 2 ], "texture": "#0", "tintindex": 0 },
        "west":  { "uv": [ 6, 1, 7, 2 ], "rotation": 270, "texture": "#0", "tintindex": 0 },
        "east":  { "uv": [ 6, 1, 7, 2 ], "rotation": 90, "texture": "#0", "tintindex": 0 }
    }
},
{
    "__comment": "Vine_1u",
    "from": [ 6, 14, 13 ],
    "to": [ 9, 15, 15 ],
    "faces": {
        "down":  { "uv": [ 7, 13, 10, 15 ], "rotation": 180, "texture": "#0", "tintindex": 0 },
        "up":    { "uv": [ 7, 13, 10, 15 ], "texture": "#0", "tintindex": 0 },
        "north": { "uv": [ 7, 13, 10, 14 ], "rotation": 180, "texture": "#0", "tintindex": 0 },
        "south": { "uv": [ 7, 14, 10, 15 ], "texture": "#0", "tintindex": 0 },
        "west":  { "uv": [ 9, 13, 10, 15 ], "rotation": 270, "texture": "#0", "tintindex": 0 },
        "east":  { "uv": [ 7, 13, 8, 15 ], "rotation": 90, "texture": "#0", "tintindex": 0 }
    }
},
{
    "__comment": "Vine_1u",
    "from": [ 8, 15, 10 ],
    "to": [ 9, 16, 11 ],
    "faces": {
        "down":  { "uv": [ 7, 10, 8, 11 ], "rotation": 180, "texture": "#0", "tintindex": 0 },
        "up":    { "uv": [ 7, 10, 8, 11 ], "texture": "#0", "tintindex": 0 },
        "north": { "uv": [ 7, 10, 8, 11 ], "rotation": 180, "texture": "#0", "tintindex": 0 },
        "south": { "uv": [ 7, 10, 8, 11 ], "texture": "#0", "tintindex": 0 },
        "west":  { "uv": [ 7, 10, 8, 11 ], "rotation": 270, "texture": "#0", "tintindex": 0 },
        "east":  { "uv": [ 7, 10, 8, 11 ], "rotation": 90, "texture": "#0", "tintindex": 0 }
    }
},
{
    "__comment": "Vine_1u",
    "from": [ 8, 15, 6 ],
    "to": [ 9, 16, 8 ],
    "faces": {
        "down":  { "uv": [ 7, 6, 8, 8 ], "rotation": 180, "texture": "#0", "tintindex": 0 },
        "up":    { "uv": [ 7, 6, 8, 8 ], "texture": "#0", "tintindex": 0 },
        "north": { "uv": [ 7, 6, 8, 7 ], "rotation": 180, "texture": "#0", "tintindex": 0 },
        "south": { "uv": [ 7, 7, 8, 8 ], "texture": "#0", "tintindex": 0 },
        "west":  { "uv": [ 7, 6, 8, 8 ], "rotation": 270, "texture": "#0", "tintindex": 0 },
        "east":  { "uv": [ 7, 6, 8, 8 ], "rotation": 90, "texture": "#0", "tintindex": 0 }
    }
},
{
    "__comment": "Vine_1u",
    "from": [ 8, 14, 1 ],
    "to": [ 9, 15, 3 ],
    "faces": {
        "down":  { "uv": [ 7, 1, 8, 3 ], "rotation": 180, "texture": "#0", "tintindex": 0 },
        "up":    { "uv": [ 7, 1, 8, 3 ], "texture": "#0", "tintindex": 0 },
        "north": { "uv": [ 7, 1, 8, 2 ], "rotation": 180, "texture": "#0", "tintindex": 0 },
        "south": { "uv": [ 7, 2, 8, 3 ], "texture": "#0", "tintindex": 0 },
        "west":  { "uv": [ 7, 1, 8, 3 ], "rotation": 270, "texture": "#0", "tintindex": 0 },
        "east":  { "uv": [ 7, 1, 8, 3 ], "rotation": 90, "texture": "#0", "tintindex": 0 }
    }
},
{
    "__comment": "Vine_1u",
    "from": [ 6, 14, 5 ],
    "to": [ 8, 15, 7 ],
    "faces": {
        "down":  { "uv": [ 8, 5, 10, 7 ], "rotation": 180, "texture": "#0", "tintindex": 0 },
        "up":    { "uv": [ 8, 5, 9, 7 ], "texture": "#0", "tintindex": 0 },
        "north": { "uv": [ 8, 5, 10, 6 ], "rotation": 180, "texture": "#0", "tintindex": 0 },
        "south": { "uv": [ 8, 6, 10, 7 ], "texture": "#0", "tintindex": 0 },
        "west":  { "uv": [ 9, 5, 10, 7 ], "rotation": 270, "texture": "#0", "tintindex": 0 },
        "east":  { "uv": [ 8, 5, 9, 7 ], "rotation": 90, "texture": "#0", "tintindex": 0 }
    }
},
{
    "__comment": "Vine_1u",
    "from": [ 7, 15, 2 ],
    "to": [ 8, 16, 4 ],
    "faces": {
        "down":  { "uv": [ 8, 2, 9, 4 ], "rotation": 180, "texture": "#0", "tintindex": 0 },
        "up":    { "uv": [ 8, 2, 9, 4 ], "texture": "#0", "tintindex": 0 },
        "north": { "uv": [ 8, 2, 9, 3 ], "rotation": 180, "texture": "#0", "tintindex": 0 },
        "south": { "uv": [ 8, 3, 9, 4 ], "texture": "#0", "tintindex": 0 },
        "west":  { "uv": [ 8, 2, 9, 4 ], "rotation": 270, "texture": "#0", "tintindex": 0 },
        "east":  { "uv": [ 8, 2, 9, 4 ], "rotation": 90, "texture": "#0", "tintindex": 0 }
    }
},
{
    "__comment": "Vine_1u",
    "from": [ 5, 14, 3 ],
    "to": [ 7, 15, 5 ],
    "faces": {
        "down":  { "uv": [ 9, 3, 11, 5 ], "rotation": 180, "texture": "#0", "tintindex": 0 },
        "up":    { "uv": [ 9, 3, 11, 5 ], "texture": "#0", "tintindex": 0 },
        "north": { "uv": [ 9, 3, 11, 4 ], "rotation": 180, "texture": "#0", "tintindex": 0 },
        "south": { "uv": [ 9, 4, 11, 5 ], "texture": "#0", "tintindex": 0 },
        "west":  { "uv": [ 10, 3, 11, 5 ], "rotation": 270, "texture": "#0", "tintindex": 0 },
        "east":  { "uv": [ 9, 3, 10, 5 ], "rotation": 90, "texture": "#0", "tintindex": 0 }
    }
},
{
    "__comment": "Vine_1u",
    "from": [ 4, 15, 0 ],
    "to": [ 5, 16, 6 ],
    "faces": {
        "down":  { "uv": [ 11, 0, 12, 6 ], "rotation": 180, "texture": "#0", "tintindex": 0 },
        "up":    { "uv": [ 11, 0, 12, 6 ], "texture": "#0", "tintindex": 0 },
        "north": { "uv": [ 11, 0, 12, 1 ], "rotation": 180, "texture": "#0", "tintindex": 0 },
        "south": { "uv": [ 11, 5, 12, 6 ], "texture": "#0", "tintindex": 0 },
        "west":  { "uv": [ 11, 0, 12, 6 ], "rotation": 270, "texture": "#0", "tintindex": 0 },
        "east":  { "uv": [ 11, 0, 12, 6 ], "rotation": 90, "texture": "#0", "tintindex": 0 }
    }
},
{
    "__comment": "Vine_1u",
    "from": [ 5, 15, 14 ],
    "to": [ 6, 16, 15 ],
    "faces": {
        "down":  { "uv": [ 10, 14, 11, 15 ], "rotation": 180, "texture": "#0", "tintindex": 0 },
        "up":    { "uv": [ 10, 14, 11, 15 ], "texture": "#0", "tintindex": 0 },
        "north": { "uv": [ 10, 14, 11, 15 ], "rotation": 180, "texture": "#0", "tintindex": 0 },
        "south": { "uv": [ 10, 14, 11, 15 ], "texture": "#0", "tintindex": 0 },
        "west":  { "uv": [ 10, 14, 11, 15 ], "rotation": 270, "texture": "#0", "tintindex": 0 },
        "east":  { "uv": [ 10, 14, 11, 15 ], "rotation": 90, "texture": "#0", "tintindex": 0 }
    }
},
{
    "__comment": "Vine_1u",
    "from": [ 5, 14, 9 ],
    "to": [ 6, 15, 13 ],
    "faces": {
        "down":  { "uv": [ 10, 9, 11, 13 ], "rotation": 180, "texture": "#0", "tintindex": 0 },
        "up":    { "uv": [ 10, 9, 11, 13 ], "texture": "#0", "tintindex": 0 },
        "north": { "uv": [ 10, 9, 11, 10 ], "rotation": 180, "texture": "#0", "tintindex": 0 },
        "south": { "uv": [ 10, 12, 11, 13 ], "texture": "#0", "tintindex": 0 },
        "west":  { "uv": [ 10, 9, 11, 13 ], "rotation": 270, "texture": "#0", "tintindex": 0 },
        "east":  { "uv": [ 10, 9, 11, 13 ], "rotation": 90, "texture": "#0", "tintindex": 0 }
    }
},
{
    "__comment": "Vine_1u",
    "from": [ 4, 15, 12 ],
    "to": [ 5, 16, 14 ],
    "faces": {
        "down":  { "uv": [ 11, 12, 12, 14 ], "rotation": 180, "texture": "#0", "tintindex": 0 },
        "up":    { "uv": [ 11, 12, 12, 14 ], "texture": "#0", "tintindex": 0 },
        "north": { "uv": [ 11, 12, 12, 13 ], "rotation": 180, "texture": "#0", "tintindex": 0 },
        "south": { "uv": [ 11, 13, 12, 14 ], "texture": "#0", "tintindex": 0 },
        "west":  { "uv": [ 11, 12, 12, 14 ], "rotation": 270, "texture": "#0", "tintindex": 0 },
        "east":  { "uv": [ 11, 12, 12, 14 ], "rotation": 90, "texture": "#0", "tintindex": 0 }
    }
},
{
    "__comment": "Vine_1u",
    "from": [ 4, 15, 7 ],
    "to": [ 5, 16, 10 ],
    "faces": {
        "down":  { "uv": [ 11, 7, 12, 10 ], "rotation": 180, "texture": "#0", "tintindex": 0 },
        "up":    { "uv": [ 11, 7, 12, 10 ], "texture": "#0", "tintindex": 0 },
        "north": { "uv": [ 11, 7, 12, 8 ], "rotation": 180, "texture": "#0", "tintindex": 0 },
        "south": { "uv": [ 11, 9, 12, 10 ], "texture": "#0", "tintindex": 0 },
        "west":  { "uv": [ 11, 7, 12, 10 ], "rotation": 270, "texture": "#0", "tintindex": 0 },
        "east":  { "uv": [ 11, 7, 12, 10 ], "rotation": 90, "texture": "#0", "tintindex": 0 }
    }
},
{
    "__comment": "Vine_1u",
    "from": [ 2, 15, 10 ],
    "to": [ 3, 16, 16 ],
    "faces": {
        "down":  { "uv": [ 13, 10, 14, 16 ], "rotation": 180, "texture": "#0", "tintindex": 0 },
        "up":    { "uv": [ 13, 10, 14, 16 ], "texture": "#0", "tintindex": 0 },
        "north": { "uv": [ 13, 10, 14, 11 ], "rotation": 180, "texture": "#0", "tintindex": 0 },
        "south": { "uv": [ 13, 15, 14, 16 ], "texture": "#0", "tintindex": 0 },
        "west":  { "uv": [ 13, 10, 14, 16 ], "rotation": 270, "texture": "#0", "tintindex": 0 },
        "east":  { "uv": [ 13, 10, 14, 16 ], "rotation": 90, "texture": "#0", "tintindex": 0 }
    }
},
{
    "__comment": "Vine_1u",
    "from": [ 2, 15, 6 ],
    "to": [ 3, 16, 8 ],
    "faces": {
        "down":  { "uv": [ 13, 6, 14, 8 ], "rotation": 180, "texture": "#0", "tintindex": 0 },
        "up":    { "uv": [ 13, 6, 14, 8 ], "texture": "#0", "tintindex": 0 },
        "north": { "uv": [ 13, 6, 14, 7 ], "rotation": 180, "texture": "#0", "tintindex": 0 },
        "south": { "uv": [ 13, 7, 14, 8 ], "texture": "#0", "tintindex": 0 },
        "west":  { "uv": [ 13, 6, 14, 8 ], "rotation": 270, "texture": "#0", "tintindex": 0 },
        "east":  { "uv": [ 13, 6, 14, 8 ], "rotation": 90, "texture": "#0", "tintindex": 0 }
    }
},
{
    "__comment": "Vine_1u",
    "from": [ 2, 15, 0 ],
    "to": [ 3, 16, 4 ],
    "faces": {
        "down":  { "uv": [ 13, 0, 14, 4 ], "rotation": 180, "texture": "#0", "tintindex": 0 },
        "up":    { "uv": [ 13, 0, 14, 4 ], "texture": "#0", "tintindex": 0 },
        "north": { "uv": [ 13, 0, 14, 1 ], "rotation": 180, "texture": "#0", "tintindex": 0 },
        "south": { "uv": [ 13, 3, 14, 4 ], "texture": "#0", "tintindex": 0 },
        "west":  { "uv": [ 13, 0, 14, 4 ], "rotation": 270, "texture": "#0", "tintindex": 0 },
        "east":  { "uv": [ 13, 0, 14, 4 ], "rotation": 90, "texture": "#0", "tintindex": 0 }
    }
},
{
    "__comment": "Vine_1u",
    "from": [ 1, 14, 15 ],
    "to": [ 2, 15, 16 ],
    "faces": {
        "down":  { "uv": [ 14, 15, 15, 16 ], "rotation": 180, "texture": "#0", "tintindex": 0 },
        "up":    { "uv": [ 14, 15, 15, 16 ], "texture": "#0", "tintindex": 0 },
        "north": { "uv": [ 14, 15, 15, 16 ], "rotation": 180, "texture": "#0", "tintindex": 0 },
        "south": { "uv": [ 14, 15, 15, 16 ], "texture": "#0", "tintindex": 0 },
        "west":  { "uv": [ 14, 15, 15, 16 ], "rotation": 270, "texture": "#0", "tintindex": 0 },
        "east":  { "uv": [ 14, 15, 15, 16 ], "rotation": 90, "texture": "#0", "tintindex": 0 }
    }
},
{
    "__comment": "Vine_1u",
    "from": [ 1, 15, 12 ],
    "to": [ 2, 16, 14 ],
    "faces": {
        "down":  { "uv": [ 14, 12, 15, 14 ], "rotation": 180, "texture": "#0", "tintindex": 0 },
        "up":    { "uv": [ 14, 12, 15, 14 ], "texture": "#0", "tintindex": 0 },
        "north": { "uv": [ 14, 12, 15, 13 ], "rotation": 180, "texture": "#0", "tintindex": 0 },
        "south": { "uv": [ 14, 13, 15, 14 ], "texture": "#0", "tintindex": 0 },
        "west":  { "uv": [ 14, 12, 15, 14 ], "rotation": 270, "texture": "#0", "tintindex": 0 },
        "east":  { "uv": [ 14, 12, 15, 14 ], "rotation": 90, "texture": "#0", "tintindex": 0 }
    }
},
{
    "__comment": "Vine_1u",
    "from": [ 1, 15, 3 ],
    "to": [ 2, 16, 6 ],
    "faces": {
        "down":  { "uv": [ 14, 3, 15, 6 ], "rotation": 180, "texture": "#0", "tintindex": 0 },
        "up":    { "uv": [ 14, 3, 15, 6 ], "texture": "#0", "tintindex": 0 },
        "north": { "uv": [ 14, 3, 15, 4 ], "rotation": 180, "texture": "#0", "tintindex": 0 },
        "south": { "uv": [ 14, 5, 15, 6 ], "texture": "#0", "tintindex": 0 },
        "west":  { "uv": [ 14, 3, 15, 6 ], "rotation": 270, "texture": "#0", "tintindex": 0 },
        "east":  { "uv": [ 14, 3, 15, 6 ], "rotation": 90, "texture": "#0", "tintindex": 0 }
    }
},
{
    "__comment": "Vine_1u",
    "from": [ 0, 14, 11 ],
    "to": [ 1, 15, 13 ],
    "faces": {
        "down":  { "uv": [ 15, 11, 16, 13 ], "rotation": 180, "texture": "#0", "tintindex": 0 },
        "up":    { "uv": [ 15, 11, 16, 13 ], "texture": "#0", "tintindex": 0 },
        "north": { "uv": [ 15, 11, 16, 12 ], "rotation": 180, "texture": "#0", "tintindex": 0 },
        "south": { "uv": [ 15, 12, 16, 13 ], "texture": "#0", "tintindex": 0 },
        "west":  { "uv": [ 15, 11, 16, 13 ], "rotation": 270, "texture": "#0", "tintindex": 0 },
        "east":  { "uv": [ 15, 11, 16, 13 ], "rotation": 90, "texture": "#0", "tintindex": 0 }
    }
},
{
    "__comment": "Vine_1u",
    "from": [ 0, 14, 3 ],
    "to": [ 1, 15, 7 ],
    "faces": {
        "down":  { "uv": [ 15, 3, 16, 7 ], "rotation": 180, "texture": "#0", "tintindex": 0 },
        "up":    { "uv": [ 15, 3, 16, 7 ], "texture": "#0", "tintindex": 0 },
        "north": { "uv": [ 15, 3, 16, 4 ], "rotation": 180, "texture": "#0", "tintindex": 0 },
        "south": { "uv": [ 15, 6, 16, 7 ], "texture": "#0", "tintindex": 0 },
        "west":  { "uv": [ 15, 3, 16, 7 ], "rotation": 270, "texture": "#0", "tintindex": 0 },
        "east":  { "uv": [ 15, 3, 16, 7 ], "rotation": 90, "texture": "#0", "tintindex": 0 }
    }
}
]
}