{
"ambientocclusion": false,
"textures": {
    "particle": "blocks/door_wood_upper",
        "top": "blocks/door_wood_upper"
},
"elements": [ 
{
    "from": [ 0, 0, 0 ],
    "to": [ 3, 16, 16 ],
    "faces": {
        "up":    { "uv": [ 13, 0, 16, 16 ], "rotation": 180, "texture": "#top", "cullface": "up" },
        "north": { "uv": [ 0, 0, 3, 16 ], "texture": "#top", "cullface": "north" },
        "south": { "uv": [ 3, 0, 0, 16 ], "texture": "#top", "cullface": "south" },
        "west":  { "uv": [ 16, 0, 0, 16 ], "texture": "#top", "cullface": "west" },
        "east":  { "uv": [ 0, 0, 16, 16 ], "texture": "#top" }
    }
},
{
    "from": [ 0, 4.9, 3 ],
    "to": [ 3, 4.9625, 7 ],
    "faces": {
        "down":  { "uv": [ 13, 14, 9, 11 ], "texture": "#top" },
        "up":    { "uv": [ 9, 11, 13, 14 ], "texture": "#top" }
    }
},
{
    "from": [ 0, 8, 3 ],
    "to": [ 3, 8.0625, 7 ],
    "faces": {
        "down":  { "uv": [ 13, 14, 9, 11 ], "texture": "#top" },
        "up":    { "uv": [ 9, 11, 13, 14 ], "texture": "#top" }
    }
},
{
    "from": [ 0, 4, 2.9 ],
    "to": [ 3, 9, 2.9625 ],
    "faces": {
        "north": { "uv": [ 13, 8, 16, 11 ], "texture": "#top" },
        "south": { "uv": [ 0, 8, 3, 11 ], "texture": "#top" }
    }
},
{
    "from": [ 0, 4, 7 ],
    "to": [ 3, 9, 7.0625 ],
    "faces": {
        "north": { "uv": [ 13, 8, 16, 11 ], "texture": "#top" },
        "south": { "uv": [ 0, 8, 3, 11 ], "texture": "#top" }
    }
},
{
    "from": [ 0, 4.9, 9 ],
    "to": [ 3, 4.9625, 13 ],
    "faces": {
        "down":  { "uv": [ 13, 14, 9, 11 ], "texture": "#top" },
        "up":    { "uv": [ 9, 11, 13, 14 ], "texture": "#top" }
    }
},
{
    "from": [ 0, 8, 9 ],
    "to": [ 3, 8.0625, 13 ],
    "faces": {
        "down":  { "uv": [ 13, 14, 9, 11 ], "texture": "#top" },
        "up":    { "uv": [ 9, 11, 13, 14 ], "texture": "#top" }
    }
},
{
    "from": [ 0, 4, 8.9 ],
    "to": [ 3, 9, 8.9625 ],
    "faces": {
        "north": { "uv": [ 13, 8, 16, 11 ], "texture": "#top" },
        "south": { "uv": [ 0, 8, 3, 11 ], "texture": "#top" }
    }
},
{
    "from": [ 0, 4, 13 ],
    "to": [ 3, 9, 13.0625 ],
    "faces": {
        "north": { "uv": [ 13, 8, 16, 11 ], "texture": "#top" },
        "south": { "uv": [ 0, 8, 3, 11 ], "texture": "#top" }
    }
},
{
    "from": [ 0, 9.9, 3 ],
    "to": [ 3, 9.9625, 7 ],
    "faces": {
        "down":  { "uv": [ 13, 14, 9, 11 ], "texture": "#top" },
        "up":    { "uv": [ 9, 11, 13, 14 ], "texture": "#top" }
    }
},
{
    "from": [ 0, 13, 3 ],
    "to": [ 3, 13.0625, 7 ],
    "faces": {
        "down":  { "uv": [ 13, 14, 9, 11 ], "texture": "#top" },
        "up":    { "uv": [ 9, 11, 13, 14 ], "texture": "#top" }
    }
},
{
    "from": [ 0, 9, 2.9 ],
    "to": [ 3, 14, 2.9625 ],
    "faces": {
        "north": { "uv": [ 13, 8, 16, 11 ], "texture": "#top" },
        "south": { "uv": [ 0, 8, 3, 11 ], "texture": "#top" }
    }
},
{
    "from": [ 0, 9, 7 ],
    "to": [ 3, 14, 7.0625 ],
    "faces": {
        "north": { "uv": [ 13, 8, 16, 11 ], "texture": "#top" },
        "south": { "uv": [ 0, 8, 3, 11 ], "texture": "#top" }
    }
},
{
    "from": [ 0, 9.9, 9 ],
    "to": [ 3, 9.9625, 13 ],
    "faces": {
        "down":  { "uv": [ 13, 14, 9, 11 ], "texture": "#top" },
        "up":    { "uv": [ 9, 11, 13, 14 ], "texture": "#top" }
    }
},
{
    "from": [ 0, 13, 9 ],
    "to": [ 3, 13.0625, 13 ],
    "faces": {
        "down":  { "uv": [ 13, 14, 9, 11 ], "texture": "#top" },
        "up":    { "uv": [ 9, 11, 13, 14 ], "texture": "#top" }
    }
},
{
    "from": [ 0, 9, 8.9 ],
    "to": [ 3, 14, 8.9625 ],
    "faces": {
        "north": { "uv": [ 13, 8, 16, 11 ], "texture": "#top" },
        "south": { "uv": [ 0, 8, 3, 11 ], "texture": "#top" }
    }
},
{
    "from": [ 0, 9, 13 ],
    "to": [ 3, 14, 13.0625 ],
    "faces": {
        "north": { "uv": [ 13, 8, 16, 11 ], "texture": "#top" },
        "south": { "uv": [ 0, 8, 3, 11 ], "texture": "#top" }
    }
}
]
}