{
    "variants": {
        "axis=y": [ { "model": "birch_log" },
					{ "model": "birch_log1" },
					{ "model": "birch_log2" },
					{ "model": "birch_log3" },
					{ "model": "birch_log4" } ],
        "axis=z": [ { "model": "birch_log", "x": 90 },
					{ "model": "birch_log1", "x": 90 },
					{ "model": "birch_log2", "x": 90 },
					{ "model": "birch_log3", "x": 90 },
					{ "model": "birch_log4", "x": 90 } ],
        "axis=x": [ { "model": "birch_log", "x": 90, "y": 90 },
					{ "model": "birch_log1", "x": 90, "y": 90 },
					{ "model": "birch_log2", "x": 90, "y": 90 },
					{ "model": "birch_log3", "x": 90, "y": 90 },
					{ "model": "birch_log4", "x": 90, "y": 90 } ],
        "axis=none": { "model": "birch_bark" }
    }
}
