{
    "variants": {
        "normal": [
            { "model": "dirt" },
            { "model": "dirt", "x": 90 },
            { "model": "dirt", "x": 180 },
            { "model": "dirt", "x": 270 },
            { "model": "dirt", "y": 90 },
            { "model": "dirt", "y": 90, "x": 90 },
            { "model": "dirt", "y": 90, "x": 180 },
            { "model": "dirt", "y": 90, "x": 270 },
            { "model": "dirt", "y": 180 },
            { "model": "dirt", "y": 180, "x": 90 },
            { "model": "dirt", "y": 180, "x": 180 },
            { "model": "dirt", "y": 180, "x": 270 },
            { "model": "dirt", "y": 270 },
            { "model": "dirt", "y": 270, "x": 90 },
            { "model": "dirt", "y": 270, "x": 180 },
            { "model": "dirt", "y": 270, "x": 270 },
            { "model": "dirt1" },
            { "model": "dirt1", "x": 90 },
            { "model": "dirt1", "x": 180 },
            { "model": "dirt1", "x": 270 },
            { "model": "dirt1", "y": 90 },
            { "model": "dirt1", "y": 90, "x": 90 },
            { "model": "dirt1", "y": 90, "x": 180 },
            { "model": "dirt1", "y": 90, "x": 270 },
            { "model": "dirt1", "y": 180 },
            { "model": "dirt1", "y": 180, "x": 90 },
            { "model": "dirt1", "y": 180, "x": 180 },
            { "model": "dirt1", "y": 180, "x": 270 },
            { "model": "dirt1", "y": 270 },
            { "model": "dirt1", "y": 270, "x": 90 },
            { "model": "dirt1", "y": 270, "x": 180 },
            { "model": "dirt1", "y": 270, "x": 270 },
            { "model": "dirt2" },
            { "model": "dirt2", "x": 90 },
            { "model": "dirt2", "x": 180 },
            { "model": "dirt2", "x": 270 },
            { "model": "dirt2", "y": 90 },
            { "model": "dirt2", "y": 90, "x": 90 },
            { "model": "dirt2", "y": 90, "x": 180 },
            { "model": "dirt2", "y": 90, "x": 270 },
            { "model": "dirt2", "y": 180 },
            { "model": "dirt2", "y": 180, "x": 90 },
            { "model": "dirt2", "y": 180, "x": 180 },
            { "model": "dirt2", "y": 180, "x": 270 },
            { "model": "dirt2", "y": 270 },
            { "model": "dirt2", "y": 270, "x": 90 },
            { "model": "dirt2", "y": 270, "x": 180 },
            { "model": "dirt2", "y": 270, "x": 270 },
            { "model": "dirt3" },
            { "model": "dirt3", "x": 90 },
            { "model": "dirt3", "x": 180 },
            { "model": "dirt3", "x": 270 },
            { "model": "dirt3", "y": 90 },
            { "model": "dirt3", "y": 90, "x": 90 },
            { "model": "dirt3", "y": 90, "x": 180 },
            { "model": "dirt3", "y": 90, "x": 270 },
            { "model": "dirt3", "y": 180 },
            { "model": "dirt3", "y": 180, "x": 90 },
            { "model": "dirt3", "y": 180, "x": 180 },
            { "model": "dirt3", "y": 180, "x": 270 },
            { "model": "dirt3", "y": 270 },
            { "model": "dirt3", "y": 270, "x": 90 },
            { "model": "dirt3", "y": 270, "x": 180 },
            { "model": "dirt3", "y": 270, "x": 270 },
            { "model": "dirt4" },
            { "model": "dirt4", "x": 90 },
            { "model": "dirt4", "x": 180 },
            { "model": "dirt4", "x": 270 },
            { "model": "dirt4", "y": 90 },
            { "model": "dirt4", "y": 90, "x": 90 },
            { "model": "dirt4", "y": 90, "x": 180 },
            { "model": "dirt4", "y": 90, "x": 270 },
            { "model": "dirt4", "y": 180 },
            { "model": "dirt4", "y": 180, "x": 90 },
            { "model": "dirt4", "y": 180, "x": 180 },
            { "model": "dirt4", "y": 180, "x": 270 },
            { "model": "dirt4", "y": 270 },
            { "model": "dirt4", "y": 270, "x": 90 },
            { "model": "dirt4", "y": 270, "x": 180 },
            { "model": "dirt4", "y": 270, "x": 270 },
            { "model": "dirt5" },
            { "model": "dirt5", "x": 90 },
            { "model": "dirt5", "x": 180 },
            { "model": "dirt5", "x": 270 },
            { "model": "dirt5", "y": 90 },
            { "model": "dirt5", "y": 90, "x": 90 },
            { "model": "dirt5", "y": 90, "x": 180 },
            { "model": "dirt5", "y": 90, "x": 270 },
            { "model": "dirt5", "y": 180 },
            { "model": "dirt5", "y": 180, "x": 90 },
            { "model": "dirt5", "y": 180, "x": 180 },
            { "model": "dirt5", "y": 180, "x": 270 },
            { "model": "dirt5", "y": 270 },
            { "model": "dirt5", "y": 270, "x": 90 },
            { "model": "dirt5", "y": 270, "x": 180 },
            { "model": "dirt5", "y": 270, "x": 270 }
        ]
    }
}
