{
    "variants": {
        "normal": [
            { "model": "grass_path" },
            { "model": "grass_path", "y": 90 },
            { "model": "grass_path", "y": 180 },
            { "model": "grass_path", "y": 270 },
            { "model": "grass_path1" },
            { "model": "grass_path1", "y": 90 },
            { "model": "grass_path1", "y": 180 },
            { "model": "grass_path1", "y": 270 },
            { "model": "grass_path2" },
            { "model": "grass_path2", "y": 90 },
            { "model": "grass_path2", "y": 180 },
            { "model": "grass_path2", "y": 270 },
            { "model": "grass_path3" },
            { "model": "grass_path3", "y": 90 },
            { "model": "grass_path3", "y": 180 },
            { "model": "grass_path3", "y": 270 },
            { "model": "grass_path4" },
            { "model": "grass_path4", "y": 90 },
            { "model": "grass_path4", "y": 180 },
            { "model": "grass_path4", "y": 270 }
        ]
    }
}
