{
    "variants": {
        "snowy=false": [
            { "model": "grass_normal" },
            { "model": "grass_normal", "x": 90 },
            { "model": "grass_normal", "x": 180 },
            { "model": "grass_normal", "x": 270 },
            { "model": "grass_normal", "y": 90 },
            { "model": "grass_normal", "y": 90, "x": 90 },
            { "model": "grass_normal", "y": 90, "x": 180 },
            { "model": "grass_normal", "y": 90, "x": 270 },
            { "model": "grass_normal", "y": 180 },
            { "model": "grass_normal", "y": 180, "x": 90 },
            { "model": "grass_normal", "y": 180, "x": 180 },
            { "model": "grass_normal", "y": 180, "x": 270 },
            { "model": "grass_normal", "y": 270 },
            { "model": "grass_normal", "y": 270, "x": 90 },
            { "model": "grass_normal", "y": 270, "x": 180 },
            { "model": "grass_normal", "y": 270, "x": 270 },
            { "model": "grass_normal1" },
            { "model": "grass_normal1", "x": 90 },
            { "model": "grass_normal1", "x": 180 },
            { "model": "grass_normal1", "x": 270 },
            { "model": "grass_normal1", "y": 90 },
            { "model": "grass_normal1", "y": 90, "x": 90 },
            { "model": "grass_normal1", "y": 90, "x": 180 },
            { "model": "grass_normal1", "y": 90, "x": 270 },
            { "model": "grass_normal1", "y": 180 },
            { "model": "grass_normal1", "y": 180, "x": 90 },
            { "model": "grass_normal1", "y": 180, "x": 180 },
            { "model": "grass_normal1", "y": 180, "x": 270 },
            { "model": "grass_normal1", "y": 270 },
            { "model": "grass_normal1", "y": 270, "x": 90 },
            { "model": "grass_normal1", "y": 270, "x": 180 },
            { "model": "grass_normal1", "y": 270, "x": 270 },
            { "model": "grass_normal2" },
            { "model": "grass_normal2", "x": 90 },
            { "model": "grass_normal2", "x": 180 },
            { "model": "grass_normal2", "x": 270 },
            { "model": "grass_normal2", "y": 90 },
            { "model": "grass_normal2", "y": 90, "x": 90 },
            { "model": "grass_normal2", "y": 90, "x": 180 },
            { "model": "grass_normal2", "y": 90, "x": 270 },
            { "model": "grass_normal2", "y": 180 },
            { "model": "grass_normal2", "y": 180, "x": 90 },
            { "model": "grass_normal2", "y": 180, "x": 180 },
            { "model": "grass_normal2", "y": 180, "x": 270 },
            { "model": "grass_normal2", "y": 270 },
            { "model": "grass_normal2", "y": 270, "x": 90 },
            { "model": "grass_normal2", "y": 270, "x": 180 },
            { "model": "grass_normal2", "y": 270, "x": 270 },
            { "model": "grass_normal3" },
            { "model": "grass_normal3", "x": 90 },
            { "model": "grass_normal3", "x": 180 },
            { "model": "grass_normal3", "x": 270 },
            { "model": "grass_normal3", "y": 90 },
            { "model": "grass_normal3", "y": 90, "x": 90 },
            { "model": "grass_normal3", "y": 90, "x": 180 },
            { "model": "grass_normal3", "y": 90, "x": 270 },
            { "model": "grass_normal3", "y": 180 },
            { "model": "grass_normal3", "y": 180, "x": 90 },
            { "model": "grass_normal3", "y": 180, "x": 180 },
            { "model": "grass_normal3", "y": 180, "x": 270 },
            { "model": "grass_normal3", "y": 270 },
            { "model": "grass_normal3", "y": 270, "x": 90 },
            { "model": "grass_normal3", "y": 270, "x": 180 },
            { "model": "grass_normal3", "y": 270, "x": 270 }
        ],
        "snowy=true":  { "model": "grass_snowed" }
    }
}
