{
    "variants": {
        "facing=north": [
			{ "model": "ladder" },
			{ "model": "ladder1" },
			{ "model": "ladder2" },
			{ "model": "ladder3" },
			{ "model": "ladder4" }
			],
        "facing=east":  [
			{ "model": "ladder", "y": 90 },
			{ "model": "ladder1", "y": 90 },
			{ "model": "ladder2", "y": 90 },
			{ "model": "ladder3", "y": 90 },
			{ "model": "ladder4", "y": 90 }
			],
        "facing=south": [
			{ "model": "ladder", "y": 180 },
			{ "model": "ladder1", "y": 180 },
			{ "model": "ladder2", "y": 180 },
			{ "model": "ladder3", "y": 180 },
			{ "model": "ladder4", "y": 180 }
			],
        "facing=west":  [
			{ "model": "ladder", "y": 270 },
			{ "model": "ladder1", "y": 270 },
			{ "model": "ladder2", "y": 270 },
			{ "model": "ladder3", "y": 270 },
			{ "model": "ladder4", "y": 270 }
			]
    }
}
