{
    "variants": {
        "normal": [
            { "model": "waterlily_o" },
            { "model": "waterlily_o", "y": 90 },
            { "model": "waterlily_o", "y": 180 },
            { "model": "waterlily_o", "y": 270 },
            { "model": "waterlily_w" },
            { "model": "waterlily_w", "y": 90 },
            { "model": "waterlily_w", "y": 180 },
            { "model": "waterlily_w", "y": 270 },
            { "model": "waterlily_r" },
            { "model": "waterlily_r", "y": 90 },
            { "model": "waterlily_r", "y": 180 },
            { "model": "waterlily_r", "y": 270 },
            { "model": "waterlily_p" },
            { "model": "waterlily_p", "y": 90 },
            { "model": "waterlily_p", "y": 180 },
            { "model": "waterlily_p", "y": 270 }
        ]
    }
}
