{
    "variants": {
        "age=0": { "model": "block/carrots_stage0", "y": 90 },
        "age=1": { "model": "block/carrots_stage0", "y": 90 },
        "age=2": { "model": "block/carrots_stage1", "y": 90 },
        "age=3": { "model": "block/carrots_stage1", "y": 90 },
        "age=4": { "model": "block/carrots_stage2", "y": 90 },
        "age=5": { "model": "block/carrots_stage2", "y": 90 },
        "age=6": { "model": "block/carrots_stage2", "y": 90 },
        "age=7": { "model": "block/carrots_stage3", "y": 90 }
    }
}
