{
    "variants": {
        "": [
            { "model": "block/dirt" },
            { "model": "block/dirt", "x": 90 },
            { "model": "block/dirt", "x": 180 },
            { "model": "block/dirt", "x": 270 },
            { "model": "block/dirt", "y": 90 },
            { "model": "block/dirt", "y": 90, "x": 90 },
            { "model": "block/dirt", "y": 90, "x": 180 },
            { "model": "block/dirt", "y": 90, "x": 270 },
            { "model": "block/dirt", "y": 180 },
            { "model": "block/dirt", "y": 180, "x": 90 },
            { "model": "block/dirt", "y": 180, "x": 180 },
            { "model": "block/dirt", "y": 180, "x": 270 },
            { "model": "block/dirt", "y": 270 },
            { "model": "block/dirt", "y": 270, "x": 90 },
            { "model": "block/dirt", "y": 270, "x": 180 },
            { "model": "block/dirt", "y": 270, "x": 270 },
            { "model": "block/dirt1" },
            { "model": "block/dirt1", "x": 90 },
            { "model": "block/dirt1", "x": 180 },
            { "model": "block/dirt1", "x": 270 },
            { "model": "block/dirt1", "y": 90 },
            { "model": "block/dirt1", "y": 90, "x": 90 },
            { "model": "block/dirt1", "y": 90, "x": 180 },
            { "model": "block/dirt1", "y": 90, "x": 270 },
            { "model": "block/dirt1", "y": 180 },
            { "model": "block/dirt1", "y": 180, "x": 90 },
            { "model": "block/dirt1", "y": 180, "x": 180 },
            { "model": "block/dirt1", "y": 180, "x": 270 },
            { "model": "block/dirt1", "y": 270 },
            { "model": "block/dirt1", "y": 270, "x": 90 },
            { "model": "block/dirt1", "y": 270, "x": 180 },
            { "model": "block/dirt1", "y": 270, "x": 270 },
            { "model": "block/dirt2" },
            { "model": "block/dirt2", "x": 90 },
            { "model": "block/dirt2", "x": 180 },
            { "model": "block/dirt2", "x": 270 },
            { "model": "block/dirt2", "y": 90 },
            { "model": "block/dirt2", "y": 90, "x": 90 },
            { "model": "block/dirt2", "y": 90, "x": 180 },
            { "model": "block/dirt2", "y": 90, "x": 270 },
            { "model": "block/dirt2", "y": 180 },
            { "model": "block/dirt2", "y": 180, "x": 90 },
            { "model": "block/dirt2", "y": 180, "x": 180 },
            { "model": "block/dirt2", "y": 180, "x": 270 },
            { "model": "block/dirt2", "y": 270 },
            { "model": "block/dirt2", "y": 270, "x": 90 },
            { "model": "block/dirt2", "y": 270, "x": 180 },
            { "model": "block/dirt2", "y": 270, "x": 270 },
            { "model": "block/dirt3" },
            { "model": "block/dirt3", "x": 90 },
            { "model": "block/dirt3", "x": 180 },
            { "model": "block/dirt3", "x": 270 },
            { "model": "block/dirt3", "y": 90 },
            { "model": "block/dirt3", "y": 90, "x": 90 },
            { "model": "block/dirt3", "y": 90, "x": 180 },
            { "model": "block/dirt3", "y": 90, "x": 270 },
            { "model": "block/dirt3", "y": 180 },
            { "model": "block/dirt3", "y": 180, "x": 90 },
            { "model": "block/dirt3", "y": 180, "x": 180 },
            { "model": "block/dirt3", "y": 180, "x": 270 },
            { "model": "block/dirt3", "y": 270 },
            { "model": "block/dirt3", "y": 270, "x": 90 },
            { "model": "block/dirt3", "y": 270, "x": 180 },
            { "model": "block/dirt3", "y": 270, "x": 270 },
            { "model": "block/dirt4" },
            { "model": "block/dirt4", "x": 90 },
            { "model": "block/dirt4", "x": 180 },
            { "model": "block/dirt4", "x": 270 },
            { "model": "block/dirt4", "y": 90 },
            { "model": "block/dirt4", "y": 90, "x": 90 },
            { "model": "block/dirt4", "y": 90, "x": 180 },
            { "model": "block/dirt4", "y": 90, "x": 270 },
            { "model": "block/dirt4", "y": 180 },
            { "model": "block/dirt4", "y": 180, "x": 90 },
            { "model": "block/dirt4", "y": 180, "x": 180 },
            { "model": "block/dirt4", "y": 180, "x": 270 },
            { "model": "block/dirt4", "y": 270 },
            { "model": "block/dirt4", "y": 270, "x": 90 },
            { "model": "block/dirt4", "y": 270, "x": 180 },
            { "model": "block/dirt4", "y": 270, "x": 270 },
            { "model": "block/dirt5" },
            { "model": "block/dirt5", "x": 90 },
            { "model": "block/dirt5", "x": 180 },
            { "model": "block/dirt5", "x": 270 },
            { "model": "block/dirt5", "y": 90 },
            { "model": "block/dirt5", "y": 90, "x": 90 },
            { "model": "block/dirt5", "y": 90, "x": 180 },
            { "model": "block/dirt5", "y": 90, "x": 270 },
            { "model": "block/dirt5", "y": 180 },
            { "model": "block/dirt5", "y": 180, "x": 90 },
            { "model": "block/dirt5", "y": 180, "x": 180 },
            { "model": "block/dirt5", "y": 180, "x": 270 },
            { "model": "block/dirt5", "y": 270 },
            { "model": "block/dirt5", "y": 270, "x": 90 },
            { "model": "block/dirt5", "y": 270, "x": 180 },
            { "model": "block/dirt5", "y": 270, "x": 270 }
        ]
    }
}
