{
    "variants": {
        "facing=north": [
			{ "model": "block/ladder" },
			{ "model": "block/ladder1" },
			{ "model": "block/ladder2" },
			{ "model": "block/ladder3" },
			{ "model": "block/ladder4" }
			],
        "facing=east":  [
			{ "model": "block/ladder", "y": 90 },
			{ "model": "block/ladder1", "y": 90 },
			{ "model": "block/ladder2", "y": 90 },
			{ "model": "block/ladder3", "y": 90 },
			{ "model": "block/ladder4", "y": 90 }
			],
        "facing=south": [
			{ "model": "block/ladder", "y": 180 },
			{ "model": "block/ladder1", "y": 180 },
			{ "model": "block/ladder2", "y": 180 },
			{ "model": "block/ladder3", "y": 180 },
			{ "model": "block/ladder4", "y": 180 }
			],
        "facing=west":  [
			{ "model": "block/ladder", "y": 270 },
			{ "model": "block/ladder1", "y": 270 },
			{ "model": "block/ladder2", "y": 270 },
			{ "model": "block/ladder3", "y": 270 },
			{ "model": "block/ladder4", "y": 270 }
			]
    }
}
