{
    "variants": {
        "": [
            { "model": "block/waterlily_o" },
            { "model": "block/waterlily_o", "y": 90 },
            { "model": "block/waterlily_o", "y": 180 },
            { "model": "block/waterlily_o", "y": 270 },
            { "model": "block/waterlily_w" },
            { "model": "block/waterlily_w", "y": 90 },
            { "model": "block/waterlily_w", "y": 180 },
            { "model": "block/waterlily_w", "y": 270 },
            { "model": "block/waterlily_r" },
            { "model": "block/waterlily_r", "y": 90 },
            { "model": "block/waterlily_r", "y": 180 },
            { "model": "block/waterlily_r", "y": 270 },
            { "model": "block/waterlily_p" },
            { "model": "block/waterlily_p", "y": 90 },
            { "model": "block/waterlily_p", "y": 180 },
            { "model": "block/waterlily_p", "y": 270 }
        ]
    }
}
