{
    "variants": {
        "": [
            { "model": "block/netherrack" },
            { "model": "block/netherrack", "x": 90 },
            { "model": "block/netherrack", "x": 180 },
            { "model": "block/netherrack", "x": 270 },
            { "model": "block/netherrack", "y": 90 },
            { "model": "block/netherrack", "y": 90, "x": 90 },
            { "model": "block/netherrack", "y": 90, "x": 180 },
            { "model": "block/netherrack", "y": 90, "x": 270 },
            { "model": "block/netherrack", "y": 180 },
            { "model": "block/netherrack", "y": 180, "x": 90 },
            { "model": "block/netherrack", "y": 180, "x": 180 },
            { "model": "block/netherrack", "y": 180, "x": 270 },
            { "model": "block/netherrack", "y": 270 },
            { "model": "block/netherrack", "y": 270, "x": 90 },
            { "model": "block/netherrack", "y": 270, "x": 180 },
            { "model": "block/netherrack", "y": 270, "x": 270 },
			{ "model": "block/netherrack1" },
            { "model": "block/netherrack1", "x": 90 },
            { "model": "block/netherrack1", "x": 180 },
            { "model": "block/netherrack1", "x": 270 },
            { "model": "block/netherrack1", "y": 90 },
            { "model": "block/netherrack1", "y": 90, "x": 90 },
            { "model": "block/netherrack1", "y": 90, "x": 180 },
            { "model": "block/netherrack1", "y": 90, "x": 270 },
            { "model": "block/netherrack1", "y": 180 },
            { "model": "block/netherrack1", "y": 180, "x": 90 },
            { "model": "block/netherrack1", "y": 180, "x": 180 },
            { "model": "block/netherrack1", "y": 180, "x": 270 },
            { "model": "block/netherrack1", "y": 270 },
            { "model": "block/netherrack1", "y": 270, "x": 90 },
            { "model": "block/netherrack1", "y": 270, "x": 180 },
            { "model": "block/netherrack1", "y": 270, "x": 270 },
			{ "model": "block/netherrack2" },
            { "model": "block/netherrack2", "x": 90 },
            { "model": "block/netherrack2", "x": 180 },
            { "model": "block/netherrack2", "x": 270 },
            { "model": "block/netherrack2", "y": 90 },
            { "model": "block/netherrack2", "y": 90, "x": 90 },
            { "model": "block/netherrack2", "y": 90, "x": 180 },
            { "model": "block/netherrack2", "y": 90, "x": 270 },
            { "model": "block/netherrack2", "y": 180 },
            { "model": "block/netherrack2", "y": 180, "x": 90 },
            { "model": "block/netherrack2", "y": 180, "x": 180 },
            { "model": "block/netherrack2", "y": 180, "x": 270 },
            { "model": "block/netherrack2", "y": 270 },
            { "model": "block/netherrack2", "y": 270, "x": 90 },
            { "model": "block/netherrack2", "y": 270, "x": 180 },
            { "model": "block/netherrack2", "y": 270, "x": 270 }
        ]
    }
}
