{
    "variants": {
            "half=lower":[ { "model": "block/double_paeonia_bottom", "weight": 40 },
								{ "model": "block/double_paeonia_bottom", "y": 90, "weight": 40 },
								{ "model": "block/double_paeonia_bottom", "y": 180, "weight": 40 },
								{ "model": "block/double_paeonia_bottom", "y": 270, "weight": 40 }],
			"half=upper":[ { "model": "block/double_paeonia_top", "weight": 40 },
								{ "model": "block/double_paeonia_top", "y": 90, "weight": 40 },
								{ "model": "block/double_paeonia_top", "y": 180, "weight": 40 },
								{ "model": "block/double_paeonia_top", "y": 270, "weight": 40 }]
    }
}
