{
    "variants": {
        "": [
            { "model": "block/stone" },
            { "model": "block/stone", "x": 180 },
            { "model": "block/stone", "y": 180 },
            { "model": "block/stone", "y": 180, "x": 180 },
            { "model": "block/stone1" },
            { "model": "block/stone1", "x": 180 },
            { "model": "block/stone1", "y": 180 },
            { "model": "block/stone1", "y": 180, "x": 180 },
            { "model": "block/stone2" },
            { "model": "block/stone2", "x": 180 },
            { "model": "block/stone2", "y": 180 },
            { "model": "block/stone2", "y": 180, "x": 180 },
            { "model": "block/stone3" },
            { "model": "block/stone3", "x": 180 },
            { "model": "block/stone3", "y": 180 },
            { "model": "block/stone3", "y": 180, "x": 180 },
            { "model": "block/stone4" },
            { "model": "block/stone4", "x": 180 },
            { "model": "block/stone4", "y": 180 },
            { "model": "block/stone4", "y": 180, "x": 180 }
        ]
    }
}
