{
"ambientocclusion": false,
"textures": {
    "particle": "block/door_acacia_lower",
    "top": "block/door_acacia_lower"
},
"elements": [ 
{
    "from": [ 0, 1.77636e-015, 0 ],
    "to": [ 3, 16, 16 ],
    "faces": {
        "down":  { "uv": [ 0, 0, 16, 16 ], "texture": "#top" },
        "up":    { "uv": [ 13, 0, 16, 15 ], "texture": "#top", "cullface": "up" },
        "north": { "uv": [ 3, 0, 0, 16 ], "texture": "#top", "cullface": "north" },
        "south": { "uv": [ 0, 0, 3, 16 ], "texture": "#top", "cullface": "south" },
        "west":  { "uv": [ 0, 0, 16, 16 ], "texture": "#top", "cullface": "west" },
        "east":  { "uv": [ 16, 0, 0, 16 ], "texture": "#top" }
    }
},
{
    "from": [ 0, 3, 5 ],
    "to": [ 3, 15, 6 ],
    "faces": {
        "down":  { "uv": [ 13, 0, 16, 1 ], "texture": "#top" },
        "up":    { "uv": [ 16, 1, 13, 0 ], "texture": "#top" },
        "north": { "uv": [ 13, 3, 16, 15 ], "rotation": 180, "texture": "#top" }
    }
},
{
    "from": [ 0, 3, 2 ],
    "to": [ 3, 15, 3 ],
    "faces": {
        "down":  { "uv": [ 13, 0, 16, 1 ], "texture": "#top" },
        "up":    { "uv": [ 16, 1, 13, 0 ], "texture": "#top" },
        "north": { "uv": [ 13, 3, 16, 15 ], "rotation": 180, "texture": "#top" },
        "south": { "uv": [ 13, 3, 16, 15 ], "rotation": 180, "texture": "#top" }
    }
},
{
    "from": [ 0, 15, 3 ],
    "to": [ 3, 16, 5 ],
    "faces": {
        "down":  { "uv": [ 13, 0, 16, 2 ], "texture": "#top" },
        "up":    { "uv": [ 16, 2, 13, 0 ], "texture": "#top", "cullface": "up" },
        "north": { "uv": [ 13, 0, 16, 1 ], "rotation": 180, "texture": "#top" },
        "south": { "uv": [ 13, 0, 16, 1 ], "rotation": 180, "texture": "#top" }
    }
},
{
    "from": [ 0, 2, 3 ],
    "to": [ 3, 3, 5 ],
    "faces": {
        "down":  { "uv": [ 13, 0, 16, 2 ], "texture": "#top" },
        "up":    { "uv": [ 16, 2, 13, 0 ], "texture": "#top" },
        "north": { "uv": [ 13, 0, 16, 1 ], "rotation": 180, "texture": "#top" },
        "south": { "uv": [ 13, 0, 16, 1 ], "rotation": 180, "texture": "#top" }
    }
},
{
    "from": [ 0, 3, 13 ],
    "to": [ 3, 15, 14 ],
    "faces": {
        "down":  { "uv": [ 13, 0, 16, 1 ], "texture": "#top" },
        "up":    { "uv": [ 16, 1, 13, 0 ], "texture": "#top" },
        "north": { "uv": [ 13, 3, 16, 15 ], "rotation": 180, "texture": "#top" },
        "south": { "uv": [ 13, 3, 16, 15 ], "rotation": 180, "texture": "#top" }
    }
},
{
    "from": [ 0, 3, 10 ],
    "to": [ 3, 15, 11 ],
    "faces": {
        "down":  { "uv": [ 13, 0, 16, 1 ], "texture": "#top" },
        "up":    { "uv": [ 16, 1, 13, 0 ], "texture": "#top" },
        "south": { "uv": [ 13, 3, 16, 15 ], "rotation": 180, "texture": "#top" }
    }
},
{
    "from": [ 0, 15, 11 ],
    "to": [ 3, 16, 13 ],
    "faces": {
        "down":  { "uv": [ 13, 0, 16, 2 ], "texture": "#top" },
        "up":    { "uv": [ 16, 2, 13, 0 ], "texture": "#top", "cullface": "up" },
        "north": { "uv": [ 13, 0, 16, 1 ], "rotation": 180, "texture": "#top" },
        "south": { "uv": [ 13, 0, 16, 1 ], "rotation": 180, "texture": "#top" }
    }
},
{
    "from": [ 0, 2, 11 ],
    "to": [ 3, 3, 13 ],
    "faces": {
        "down":  { "uv": [ 13, 0, 16, 2 ], "texture": "#top" },
        "up":    { "uv": [ 16, 2, 13, 0 ], "texture": "#top" },
        "north": { "uv": [ 13, 0, 16, 1 ], "rotation": 180, "texture": "#top" },
        "south": { "uv": [ 13, 0, 16, 1 ], "rotation": 180, "texture": "#top" }
    }
},
{
    "from": [ 0, 3, 9 ],
    "to": [ 3, 15, 10 ],
    "faces": {
        "down":  { "uv": [ 13, 0, 16, 1 ], "texture": "#top" },
        "up":    { "uv": [ 16, 1, 13, 0 ], "texture": "#top" },
        "north": { "uv": [ 13, 3, 16, 15 ], "rotation": 180, "texture": "#top" }
    }
},
{
    "from": [ 0, 3, 6 ],
    "to": [ 3, 15, 7 ],
    "faces": {
        "down":  { "uv": [ 13, 0, 16, 1 ], "texture": "#top" },
        "up":    { "uv": [ 16, 1, 13, 0 ], "texture": "#top" },
        "south": { "uv": [ 13, 3, 16, 15 ], "rotation": 180, "texture": "#top" }
    }
},
{
    "from": [ 0, 15, 7 ],
    "to": [ 3, 16, 9 ],
    "faces": {
        "down":  { "uv": [ 13, 0, 16, 2 ], "texture": "#top" },
        "up":    { "uv": [ 16, 2, 13, 0 ], "texture": "#top", "cullface": "up" },
        "north": { "uv": [ 13, 0, 16, 1 ], "rotation": 180, "texture": "#top" },
        "south": { "uv": [ 13, 0, 16, 1 ], "rotation": 180, "texture": "#top" }
    }
},
{
    "from": [ 0, 2, 7 ],
    "to": [ 3, 3, 9 ],
    "faces": {
        "down":  { "uv": [ 13, 0, 16, 2 ], "texture": "#top" },
        "up":    { "uv": [ 16, 2, 13, 0 ], "texture": "#top" },
        "north": { "uv": [ 13, 0, 16, 1 ], "rotation": 180, "texture": "#top" },
        "south": { "uv": [ 13, 0, 16, 1 ], "rotation": 180, "texture": "#top" }
    }
}
]
}