{
	"__comment": "Designed by AndrealVox with Cubik Studio - https://cubik.studio",
	"textures": {
		"particle": "block/acacia_trapdoor",
		"texture": "block/acacia_trapdoor"
	},
	"elements": [ 	 
		{
			"__comment": "Trapdoor",
			"from": [ 0, 0, 13 ],
			"to": [ 16, 16, 16 ],
			"faces": {
				"down": { "uv": [ 16, 0, 0, 2 ], "texture": "#texture", "rotation": 180 },
				"up": { "uv": [ 0, 14, 16, 16 ], "texture": "#texture", "rotation": 180 },
				"north": { "uv": [ 0, 0, 16, 16 ], "texture": "#texture", "rotation": 180 },
				"south": { "uv": [ 16, 0, 0, 16 ], "texture": "#texture", "rotation": 180 },
				"west": { "uv": [ 0, 2, 16, 0 ], "texture": "#texture", "rotation": 90 },
				"east": { "uv": [ 0, 2, 16, 0 ], "texture": "#texture", "rotation": 270 }
			}
		},
		{
			"__comment": "Trapdoor1",
			"from": [ 4, 3, 13 ],
			"to": [ 7, 13, 16 ],
			"faces": {
				"down": { "uv": [ 12, 5, 9, 3 ], "texture": "#texture", "rotation": 180 },
				"up": { "uv": [ 9, 3, 12, 5 ], "texture": "#texture", "rotation": 180 },
				"north": { "uv": [ 2, 3, 4, 13 ], "texture": "#texture", "rotation": 180 },
				"south": { "uv": [ 4, 13, 2, 3 ], "texture": "#texture", "rotation": 180 },
				"west": { "uv": [ 7, 3, 4, 13 ], "texture": "#texture" },
				"east": { "uv": [ 7, 3, 4, 13 ], "texture": "#texture", "rotation": 180 }
			}
		},
		{
			"__comment": "Trapdoor2",
			"from": [ 9, 3, 13 ],
			"to": [ 12, 13, 16 ],
			"faces": {
				"down": { "uv": [ 12, 5, 9, 3 ], "texture": "#texture", "rotation": 180 },
				"up": { "uv": [ 9, 3, 12, 5 ], "texture": "#texture", "rotation": 180 },
				"north": { "uv": [ 2, 3, 4, 13 ], "texture": "#texture", "rotation": 180 },
				"south": { "uv": [ 4, 13, 2, 3 ], "texture": "#texture", "rotation": 180 },
				"west": { "uv": [ 7, 3, 4, 13 ], "texture": "#texture" },
				"east": { "uv": [ 7, 3, 4, 13 ], "texture": "#texture", "rotation": 180 }
			}
		},
		{
			"__comment": "Trapdoor3",
			"from": [ 1, 3, 13 ],
			"to": [ 2, 13, 16 ],
			"faces": {
				"down": { "uv": [ 12, 5, 9, 3 ], "texture": "#texture", "rotation": 180 },
				"up": { "uv": [ 9, 3, 12, 5 ], "texture": "#texture", "rotation": 180 },
				"north": { "uv": [ 2, 3, 4, 13 ], "texture": "#texture", "rotation": 180 },
				"south": { "uv": [ 4, 13, 2, 3 ], "texture": "#texture", "rotation": 180 },
				"west": { "uv": [ 7, 3, 4, 13 ], "texture": "#texture" },
				"east": { "uv": [ 7, 3, 4, 13 ], "texture": "#texture", "rotation": 180 }
			}
		},
		{
			"__comment": "Trapdoor4",
			"from": [ 14, 3, 13 ],
			"to": [ 15, 13, 16 ],
			"faces": {
				"down": { "uv": [ 12, 5, 9, 3 ], "texture": "#texture", "rotation": 180 },
				"up": { "uv": [ 9, 3, 12, 5 ], "texture": "#texture", "rotation": 180 },
				"north": { "uv": [ 2, 3, 4, 13 ], "texture": "#texture", "rotation": 180 },
				"south": { "uv": [ 4, 13, 2, 3 ], "texture": "#texture", "rotation": 180 },
				"west": { "uv": [ 7, 3, 4, 13 ], "texture": "#texture" },
				"east": { "uv": [ 7, 3, 4, 13 ], "texture": "#texture", "rotation": 180 }
			}
		},
		{
			"__comment": "Trapdoor5",
			"from": [ 2, 13, 13 ],
			"to": [ 4, 14, 16 ],
			"faces": {
				"down": { "uv": [ 13, 15, 11, 13 ], "texture": "#texture", "rotation": 180 },
				"up": { "uv": [ 11, 13, 13, 15 ], "texture": "#texture", "rotation": 180 },
				"north": { "uv": [ 2, 3, 4, 13 ], "texture": "#texture", "rotation": 180 },
				"south": { "uv": [ 4, 13, 2, 3 ], "texture": "#texture", "rotation": 180 },
				"west": { "uv": [ 7, 3, 4, 13 ], "texture": "#texture" },
				"east": { "uv": [ 7, 3, 4, 13 ], "texture": "#texture", "rotation": 180 }
			}
		},
		{
			"__comment": "Trapdoor6",
			"from": [ 7, 13, 13 ],
			"to": [ 9, 14, 16 ],
			"faces": {
				"down": { "uv": [ 13, 15, 11, 13 ], "texture": "#texture", "rotation": 180 },
				"up": { "uv": [ 11, 13, 13, 15 ], "texture": "#texture", "rotation": 180 },
				"north": { "uv": [ 2, 3, 4, 13 ], "texture": "#texture", "rotation": 180 },
				"south": { "uv": [ 4, 13, 2, 3 ], "texture": "#texture", "rotation": 180 },
				"west": { "uv": [ 7, 3, 4, 13 ], "texture": "#texture" },
				"east": { "uv": [ 7, 3, 4, 13 ], "texture": "#texture", "rotation": 180 }
			}
		},
		{
			"__comment": "Trapdoor7",
			"from": [ 12, 13, 13 ],
			"to": [ 14, 14, 16 ],
			"faces": {
				"down": { "uv": [ 13, 15, 11, 13 ], "texture": "#texture", "rotation": 180 },
				"up": { "uv": [ 11, 13, 13, 15 ], "texture": "#texture", "rotation": 180 },
				"north": { "uv": [ 2, 3, 4, 13 ], "texture": "#texture", "rotation": 180 },
				"south": { "uv": [ 4, 13, 2, 3 ], "texture": "#texture", "rotation": 180 },
				"west": { "uv": [ 7, 3, 4, 13 ], "texture": "#texture" },
				"east": { "uv": [ 7, 3, 4, 13 ], "texture": "#texture", "rotation": 180 }
			}
		},
		{
			"__comment": "Trapdoor8",
			"from": [ 12, 2, 13 ],
			"to": [ 14, 3, 16 ],
			"faces": {
				"down": { "uv": [ 13, 15, 11, 13 ], "texture": "#texture", "rotation": 180 },
				"up": { "uv": [ 11, 13, 13, 15 ], "texture": "#texture", "rotation": 180 },
				"north": { "uv": [ 2, 3, 4, 13 ], "texture": "#texture", "rotation": 180 },
				"south": { "uv": [ 4, 13, 2, 3 ], "texture": "#texture", "rotation": 180 },
				"west": { "uv": [ 7, 3, 4, 13 ], "texture": "#texture" },
				"east": { "uv": [ 7, 3, 4, 13 ], "texture": "#texture", "rotation": 180 }
			}
		},
		{
			"__comment": "Trapdoor9",
			"from": [ 7, 2, 13 ],
			"to": [ 9, 3, 16 ],
			"faces": {
				"down": { "uv": [ 13, 15, 11, 13 ], "texture": "#texture", "rotation": 180 },
				"up": { "uv": [ 11, 13, 13, 15 ], "texture": "#texture", "rotation": 180 },
				"north": { "uv": [ 2, 3, 4, 13 ], "texture": "#texture", "rotation": 180 },
				"south": { "uv": [ 4, 13, 2, 3 ], "texture": "#texture", "rotation": 180 },
				"west": { "uv": [ 7, 3, 4, 13 ], "texture": "#texture" },
				"east": { "uv": [ 7, 3, 4, 13 ], "texture": "#texture", "rotation": 180 }
			}
		},
		{
			"__comment": "Trapdoor10",
			"from": [ 2, 2, 13 ],
			"to": [ 4, 3, 16 ],
			"faces": {
				"down": { "uv": [ 13, 15, 11, 13 ], "texture": "#texture", "rotation": 180 },
				"up": { "uv": [ 11, 13, 13, 15 ], "texture": "#texture", "rotation": 180 },
				"north": { "uv": [ 2, 3, 4, 13 ], "texture": "#texture", "rotation": 180 },
				"south": { "uv": [ 4, 13, 2, 3 ], "texture": "#texture", "rotation": 180 },
				"west": { "uv": [ 7, 3, 4, 13 ], "texture": "#texture" },
				"east": { "uv": [ 7, 3, 4, 13 ], "texture": "#texture", "rotation": 180 }
			}
		}
	],
	"display": {
		"thirdperson_righthand": {
			"rotation":  [ 75, -45, -75 ],
			"translation":  [ 0, 2.5, 0 ],
			"scale":  [ 0.375, 0.375, 0.375 ]
		},
		"thirdperson_lefthand": {
			"rotation":  [ 75, -45, -75 ],
			"translation":  [ 0, 2.5, 0 ],
			"scale":  [ 0.375, 0.375, 0.375 ]
		},
		"firstperson_righthand": {
			"rotation":  [ 0, 90, 135 ],
			"scale":  [ 0.4, 0.4, 0.4 ]
		},
		"firstperson_lefthand": {
			"rotation":  [ 0, 90, 135 ],
			"scale":  [ 0.4, 0.4, 0.4 ]
		},
		"gui": {
			"rotation":  [ -75, 0, 75 ],
			"translation":  [ 0, -7, 0 ],
			"scale":  [ 0.625, 0.625, 0.625 ]
		},
		"ground": {
			"translation":  [ 0, 2, 0 ],
			"scale":  [ 0.5, 0.5, 0.5 ]
		},
		"fixed": {
			"scale":  [ 0.5, 0.5, 0.5 ]
		}
	}
}