{
	"__comment": "Designed by AndrealVox with Cubik Studio - https://cubik.studio",
	"ambientocclusion": false,
	"textures": {
		"particle": "block/flower_blue_orchid",
		"all": "block/flower_blue_orchid"
	},
	"elements": [ 	 
		{
			"__comment": "Element",
			"from": [ 7, 4, 7 ],
			"to": [ 8, 8, 8 ],
			"faces": {
				"down": { "uv": [ 7, 11, 8, 12 ], "texture": "#all" },
				"up": { "uv": [ 7, 8, 8, 9 ], "texture": "#all" },
				"north": { "uv": [ 7, 8, 8, 12 ], "texture": "#all" },
				"south": { "uv": [ 7, 8, 8, 12 ], "texture": "#all" },
				"west": { "uv": [ 7, 8, 8, 12 ], "texture": "#all" },
				"east": { "uv": [ 7, 8, 8, 12 ], "texture": "#all" }
			}
		},
		{
			"__comment": "Element",
			"from": [ 9, 9, 3.5 ],
			"to": [ 10, 10, 4.5 ],
			"faces": {
				"down": { "uv": [ 10, 6, 11, 7 ], "texture": "#all" },
				"up": { "uv": [ 10, 6, 11, 7 ], "texture": "#all" },
				"north": { "uv": [ 10, 6, 11, 7 ], "texture": "#all" },
				"south": { "uv": [ 10, 6, 11, 7 ], "texture": "#all" },
				"west": { "uv": [ 10, 6, 11, 7 ], "texture": "#all" },
				"east": { "uv": [ 10, 6, 11, 7 ], "texture": "#all" }
			}
		},
		{
			"__comment": "Element",
			"from": [ 9, 8, 4 ],
			"to": [ 10, 11, 5 ],
			"faces": {
				"down": { "uv": [ 10, 6, 11, 7 ], "texture": "#all" },
				"up": { "uv": [ 10, 6, 11, 7 ], "texture": "#all" },
				"north": { "uv": [ 10, 5, 11, 8 ], "texture": "#all" },
				"south": { "uv": [ 10, 5, 11, 8 ], "texture": "#all" },
				"west": { "uv": [ 10, 5, 11, 8 ], "texture": "#all" },
				"east": { "uv": [ 10, 5, 11, 8 ], "texture": "#all" }
			}
		},
		{
			"__comment": "Element",
			"from": [ 8, 9, 4 ],
			"to": [ 11, 10, 5 ],
			"faces": {
				"down": { "uv": [ 9, 6, 12, 7 ], "texture": "#all" },
				"up": { "uv": [ 9, 6, 12, 7 ], "texture": "#all" },
				"north": { "uv": [ 9, 6, 12, 7 ], "texture": "#all" },
				"south": { "uv": [ 9, 6, 12, 7 ], "texture": "#all" },
				"west": { "uv": [ 9, 6, 10, 7 ], "texture": "#all" },
				"east": { "uv": [ 11, 6, 12, 7 ], "texture": "#all" }
			}
		},
		{
			"__comment": "Element",
			"from": [ 12.5, 12, 3 ],
			"to": [ 13.5, 13, 4 ],
			"faces": {
				"down": { "uv": [ 13, 3, 14, 4 ], "texture": "#all" },
				"up": { "uv": [ 13, 3, 14, 4 ], "texture": "#all" },
				"north": { "uv": [ 13, 3, 14, 4 ], "texture": "#all" },
				"south": { "uv": [ 13, 3, 14, 4 ], "texture": "#all" },
				"west": { "uv": [ 13, 3, 14, 4 ], "texture": "#all" },
				"east": { "uv": [ 13, 3, 14, 4 ], "texture": "#all" }
			}
		},
		{
			"__comment": "Element",
			"from": [ 12, 11, 3 ],
			"to": [ 13, 14, 4 ],
			"faces": {
				"down": { "uv": [ 12, 3, 13, 4 ], "texture": "#all" },
				"up": { "uv": [ 12, 3, 13, 4 ], "texture": "#all" },
				"north": { "uv": [ 12, 2, 13, 5 ], "texture": "#all" },
				"south": { "uv": [ 12, 2, 13, 5 ], "texture": "#all" },
				"west": { "uv": [ 12, 2, 13, 5 ], "texture": "#all" },
				"east": { "uv": [ 12, 2, 13, 5 ], "texture": "#all" }
			}
		},
		{
			"__comment": "Element",
			"from": [ 12, 12, 2 ],
			"to": [ 13, 13, 5 ],
			"faces": {
				"down": { "uv": [ 12, 2, 13, 5 ], "texture": "#all" },
				"up": { "uv": [ 12, 2, 13, 5 ], "texture": "#all" },
				"north": { "uv": [ 12, 3, 13, 4 ], "texture": "#all" },
				"south": { "uv": [ 12, 3, 13, 4 ], "texture": "#all" },
				"west": { "uv": [ 9, 6, 12, 7 ], "texture": "#all" },
				"east": { "uv": [ 9, 6, 12, 7 ], "texture": "#all" }
			}
		},
		{
			"__comment": "Element",
			"from": [ 6, 8, 11 ],
			"to": [ 7, 9, 12 ],
			"faces": {
				"down": { "uv": [ 6, 7, 7, 8 ], "texture": "#all" },
				"up": { "uv": [ 6, 7, 7, 8 ], "texture": "#all" },
				"north": { "uv": [ 6, 7, 7, 8 ], "texture": "#all" },
				"south": { "uv": [ 6, 7, 7, 8 ], "texture": "#all" },
				"west": { "uv": [ 6, 7, 7, 8 ], "texture": "#all" },
				"east": { "uv": [ 6, 7, 7, 8 ], "texture": "#all" }
			}
		},
		{
			"__comment": "Element",
			"from": [ 6, 9, 9 ],
			"to": [ 7, 10, 11 ],
			"faces": {
				"down": { "uv": [ 7, 10, 8, 12 ], "texture": "#all" },
				"up": { "uv": [ 7, 10, 8, 12 ], "texture": "#all" },
				"north": { "uv": [ 5, 6, 6, 7 ], "texture": "#all" },
				"south": { "uv": [ 5, 6, 6, 7 ], "texture": "#all" },
				"west": { "uv": [ 7, 11, 9, 12 ], "texture": "#all" },
				"east": { "uv": [ 7, 11, 9, 12 ], "texture": "#all" }
			}
		},
		{
			"__comment": "Element",
			"from": [ 6, 8, 8 ],
			"to": [ 7, 9, 9 ],
			"faces": {
				"down": { "uv": [ 6, 7, 7, 8 ], "texture": "#all" },
				"up": { "uv": [ 6, 7, 7, 8 ], "texture": "#all" },
				"north": { "uv": [ 6, 7, 7, 8 ], "texture": "#all" },
				"south": { "uv": [ 6, 7, 7, 8 ], "texture": "#all" },
				"west": { "uv": [ 8, 7, 9, 8 ], "texture": "#all" },
				"east": { "uv": [ 8, 7, 9, 8 ], "texture": "#all" }
			}
		},
		{
			"__comment": "Element",
			"from": [ 3, 8, 7 ],
			"to": [ 4, 10, 8 ],
			"faces": {
				"down": { "uv": [ 3, 7, 4, 8 ], "texture": "#all" },
				"up": { "uv": [ 3, 7, 4, 8 ], "texture": "#all" },
				"north": { "uv": [ 3, 6, 4, 8 ], "texture": "#all" },
				"south": { "uv": [ 3, 6, 4, 8 ], "texture": "#all" },
				"west": { "uv": [ 3, 6, 4, 8 ], "texture": "#all" },
				"east": { "uv": [ 3, 6, 4, 8 ], "texture": "#all" }
			}
		},
		{
			"__comment": "Element",
			"from": [ 4, 9, 6 ],
			"to": [ 6, 10, 7 ],
			"faces": {
				"down": { "uv": [ 4, 6, 6, 7 ], "texture": "#all" },
				"up": { "uv": [ 4, 6, 6, 7 ], "texture": "#all" },
				"north": { "uv": [ 4, 6, 6, 7 ], "texture": "#all" },
				"south": { "uv": [ 4, 6, 6, 7 ], "texture": "#all" },
				"west": { "uv": [ 5, 6, 6, 7 ], "texture": "#all" },
				"east": { "uv": [ 5, 6, 6, 7 ], "texture": "#all" }
			}
		},
		{
			"__comment": "Element",
			"from": [ 6, 8, 7 ],
			"to": [ 7, 9, 8 ],
			"faces": {
				"down": { "uv": [ 6, 7, 7, 8 ], "texture": "#all" },
				"up": { "uv": [ 6, 7, 7, 8 ], "texture": "#all" },
				"north": { "uv": [ 6, 7, 7, 8 ], "texture": "#all" },
				"south": { "uv": [ 6, 7, 7, 8 ], "texture": "#all" },
				"west": { "uv": [ 8, 7, 9, 8 ], "texture": "#all" },
				"east": { "uv": [ 8, 7, 9, 8 ], "texture": "#all" }
			}
		},
		{
			"__comment": "Element",
			"from": [ 11, 12, 3 ],
			"to": [ 12, 13, 4 ],
			"faces": {
				"down": { "uv": [ 11, 3, 12, 4 ], "texture": "#all" },
				"up": { "uv": [ 11, 3, 12, 4 ], "texture": "#all" },
				"north": { "uv": [ 11, 3, 12, 4 ], "texture": "#all" },
				"south": { "uv": [ 11, 3, 12, 4 ], "texture": "#all" },
				"west": { "uv": [ 11, 3, 12, 4 ], "texture": "#all" },
				"east": { "uv": [ 11, 3, 12, 4 ], "texture": "#all" }
			}
		},
		{
			"__comment": "Element",
			"from": [ 10, 11, 4 ],
			"to": [ 11, 12, 5 ],
			"faces": {
				"down": { "uv": [ 10, 4, 11, 5 ], "texture": "#all" },
				"up": { "uv": [ 10, 4, 11, 5 ], "texture": "#all" },
				"north": { "uv": [ 10, 4, 11, 5 ], "texture": "#all" },
				"south": { "uv": [ 10, 4, 11, 5 ], "texture": "#all" },
				"west": { "uv": [ 10, 4, 11, 5 ], "texture": "#all" },
				"east": { "uv": [ 10, 4, 11, 5 ], "texture": "#all" }
			}
		},
		{
			"__comment": "Element",
			"from": [ 9, 10, 5 ],
			"to": [ 10, 11, 6 ],
			"faces": {
				"down": { "uv": [ 9, 5, 10, 6 ], "texture": "#all" },
				"up": { "uv": [ 9, 5, 10, 6 ], "texture": "#all" },
				"north": { "uv": [ 9, 5, 10, 6 ], "texture": "#all" },
				"south": { "uv": [ 9, 5, 10, 6 ], "texture": "#all" },
				"west": { "uv": [ 9, 5, 10, 6 ], "texture": "#all" },
				"east": { "uv": [ 9, 5, 10, 6 ], "texture": "#all" }
			}
		},
		{
			"__comment": "Element",
			"from": [ 8, 8, 6 ],
			"to": [ 9, 10, 7 ],
			"faces": {
				"down": { "uv": [ 8, 6, 9, 7 ], "texture": "#all" },
				"up": { "uv": [ 8, 7, 9, 8 ], "texture": "#all" },
				"north": { "uv": [ 8, 6, 9, 8 ], "texture": "#all" },
				"south": { "uv": [ 8, 6, 9, 8 ], "texture": "#all" },
				"west": { "uv": [ 8, 6, 9, 8 ], "texture": "#all" },
				"east": { "uv": [ 8, 6, 9, 8 ], "texture": "#all" }
			}
		},
		{
			"__comment": "Element",
			"from": [ 8, 0, 8 ],
			"to": [ 9, 5, 9 ],
			"faces": {
				"down": { "uv": [ 8, 15, 9, 16 ], "texture": "#all" },
				"up": { "uv": [ 8, 11, 9, 12 ], "texture": "#all" },
				"north": { "uv": [ 8, 11, 9, 16 ], "texture": "#all" },
				"south": { "uv": [ 8, 11, 9, 16 ], "texture": "#all" },
				"west": { "uv": [ 8, 11, 9, 16 ], "texture": "#all" },
				"east": { "uv": [ 8, 11, 9, 16 ], "texture": "#all" }
			}
		},
		{
			"__comment": "Element",
			"from": [ 7, 0, 7 ],
			"to": [ 8, 1, 8 ],
			"faces": {
				"down": { "uv": [ 7, 15, 8, 16 ], "texture": "#all" },
				"up": { "uv": [ 7, 15, 8, 16 ], "texture": "#all" },
				"north": { "uv": [ 7, 15, 8, 16 ], "texture": "#all" },
				"south": { "uv": [ 7, 15, 8, 16 ], "texture": "#all" },
				"west": { "uv": [ 7, 15, 8, 16 ], "texture": "#all" },
				"east": { "uv": [ 7, 15, 8, 16 ], "texture": "#all" }
			}
		},
		{
			"__comment": "Element",
			"from": [ 2, 7.5, 7 ],
			"to": [ 3, 10.5, 8 ],
			"faces": {
				"down": { "uv": [ 9, 6, 10, 7 ], "texture": "#all" },
				"up": { "uv": [ 10, 6, 11, 7 ], "texture": "#all" },
				"north": { "uv": [ 10, 5, 11, 8 ], "texture": "#all" },
				"south": { "uv": [ 10, 5, 11, 8 ], "texture": "#all" },
				"west": { "uv": [ 10, 5, 11, 8 ], "texture": "#all" },
				"east": { "uv": [ 10, 5, 11, 8 ], "texture": "#all" }
			}
		},
		{
			"__comment": "Element",
			"from": [ 2, 8.5, 6 ],
			"to": [ 3, 9.5, 9 ],
			"faces": {
				"down": { "uv": [ 10, 5, 11, 8 ], "texture": "#all" },
				"up": { "uv": [ 10, 5, 11, 8 ], "texture": "#all" },
				"north": { "uv": [ 9, 6, 10, 7 ], "texture": "#all" },
				"south": { "uv": [ 9, 6, 10, 7 ], "texture": "#all" },
				"west": { "uv": [ 9, 6, 12, 7 ], "texture": "#all" },
				"east": { "uv": [ 9, 6, 12, 7 ], "texture": "#all" }
			}
		},
		{
			"__comment": "Element",
			"from": [ 1.5, 8.5, 7 ],
			"to": [ 2.5, 9.5, 8 ],
			"faces": {
				"down": { "uv": [ 10, 6, 11, 7 ], "texture": "#all" },
				"up": { "uv": [ 10, 6, 11, 7 ], "texture": "#all" },
				"north": { "uv": [ 10, 6, 11, 7 ], "texture": "#all" },
				"south": { "uv": [ 10, 6, 11, 7 ], "texture": "#all" },
				"west": { "uv": [ 10, 6, 11, 7 ], "texture": "#all" },
				"east": { "uv": [ 10, 6, 11, 7 ], "texture": "#all" }
			}
		},
		{
			"__comment": "Element",
			"from": [ 5, 8, 12 ],
			"to": [ 8, 9, 13 ],
			"faces": {
				"down": { "uv": [ 9, 6, 12, 7 ], "texture": "#all" },
				"up": { "uv": [ 9, 6, 12, 7 ], "texture": "#all" },
				"north": { "uv": [ 9, 6, 12, 7 ], "texture": "#all" },
				"south": { "uv": [ 9, 6, 12, 7 ], "texture": "#all" },
				"west": { "uv": [ 10, 6, 11, 7 ], "texture": "#all" },
				"east": { "uv": [ 10, 6, 11, 7 ], "texture": "#all" }
			}
		},
		{
			"__comment": "Element",
			"from": [ 6, 7, 12 ],
			"to": [ 7, 10, 13 ],
			"faces": {
				"down": { "uv": [ 9, 6, 10, 7 ], "texture": "#all" },
				"up": { "uv": [ 11, 6, 12, 7 ], "texture": "#all" },
				"north": { "uv": [ 10, 5, 11, 8 ], "texture": "#all" },
				"south": { "uv": [ 10, 5, 11, 8 ], "texture": "#all" },
				"west": { "uv": [ 10, 5, 11, 8 ], "texture": "#all" },
				"east": { "uv": [ 10, 5, 11, 8 ], "texture": "#all" }
			}
		},
		{
			"__comment": "Element",
			"from": [ 6, 8, 12.5 ],
			"to": [ 7, 9, 13.5 ],
			"faces": {
				"down": { "uv": [ 8, 8, 9, 9 ], "texture": "#all" },
				"up": { "uv": [ 8, 8, 9, 9 ], "texture": "#all" },
				"north": { "uv": [ 8, 8, 9, 9 ], "texture": "#all" },
				"south": { "uv": [ 8, 8, 9, 9 ], "texture": "#all" },
				"west": { "uv": [ 8, 8, 9, 9 ], "texture": "#all" },
				"east": { "uv": [ 8, 8, 9, 9 ], "texture": "#all" }
			}
		}
	],
	"display": {
		"thirdperson_righthand": {
			"rotation":  [ 0, -90, 0 ],
			"translation":  [ 0, 4, 2 ],
			"scale":  [ 0.85, 0.85, 0.85 ]
		},
		"thirdperson_lefthand": {
			"rotation":  [ 0, 90, 0 ],
			"translation":  [ 0, 4, 2 ],
			"scale":  [ 0.85, 0.85, 0.85 ]
		},
		"firstperson_righthand": {
			"rotation":  [ 0, -90, 25 ],
			"translation":  [ 1.2, 3.2, 1.13 ],
			"scale":  [ 0.68, 0.68, 0.68 ]
		},
		"firstperson_lefthand": {
			"rotation":  [ 0, 90, -25 ],
			"translation":  [ 0.2, 3.2, 1.12 ],
			"scale":  [ 0.68, 0.68, 0.68 ]
		},
		"gui": {
			"rotation":  [ 30, 225, 0 ],
			"scale":  [ 0.75, 0.75, 0.75 ]
		},
		"ground": {
			"translation":  [ 0, 2, 0 ],
			"scale":  [ 0.5, 0.5, 0.5 ]
		},
		"fixed": {
			"scale":  [ 0.5, 0.5, 0.5 ]
		}
	}
}