{
	"__comment": "Designed by AndrealVox with Cubik Studio - https://cubik.studio",
	"ambientocclusion": false,
	"textures": {
		"particle": "block/pumpkin_side",
		"texture": "block/pumpkin_side",
		"top": "block/pumpkin_top",
		"bottom": "block/pumpkin_bottom"
	},
	"elements": [ 	 
		{
			"__comment": "Frame",
			"from": [ 0, 1, 0 ],
			"to": [ 1, 15, 16 ],
			"faces": {
				"down": { "uv": [ 0, 0, 1, 16 ], "texture": "#texture" },
				"up": { "uv": [ 0, 0, 1, 16 ], "texture": "#texture" },
				"north": { "uv": [ 15, 1, 16, 15 ], "texture": "#texture" },
				"south": { "uv": [ 0, 1, 1, 15 ], "texture": "#texture" },
				"west": { "uv": [ 0, 1, 16, 15 ], "texture": "#texture" },
				"east": { "uv": [ 0, 1, 16, 15 ], "texture": "#texture" }
			}
		},
		{
			"__comment": "Frame",
			"from": [ 15, 1, 0 ],
			"to": [ 16, 15, 16 ],
			"faces": {
				"down": { "uv": [ 15, 0, 16, 16 ], "texture": "#texture" },
				"up": { "uv": [ 15, 0, 16, 16 ], "texture": "#texture" },
				"north": { "uv": [ 0, 1, 1, 15 ], "texture": "#texture" },
				"south": { "uv": [ 15, 1, 16, 15 ], "texture": "#texture" },
				"west": { "uv": [ 0, 1, 16, 15 ], "texture": "#texture" },
				"east": { "uv": [ 0, 1, 16, 15 ], "texture": "#texture" }
			}
		},
		{
			"__comment": "Frame",
			"from": [ 0, 1, 15 ],
			"to": [ 16, 15, 16 ],
			"faces": {
				"down": { "uv": [ 1, 0, 15, 1 ], "texture": "#texture" },
				"up": { "uv": [ 1, 15, 15, 16 ], "texture": "#texture" },
				"north": { "uv": [ 0, 1, 16, 15 ], "texture": "#texture" },
				"south": { "uv": [ 0, 1, 16, 15 ], "texture": "#texture" },
				"west": { "uv": [ 15, 1, 16, 15 ], "texture": "#texture" },
				"east": { "uv": [ 0, 1, 1, 15 ], "texture": "#texture" }
			}
		},
		{
			"__comment": "Frame",
			"from": [ 0, 15, 0 ],
			"to": [ 16, 16, 16 ],
			"faces": {
				"down": { "uv": [ 0, 16, 16, 0 ], "texture": "#texture" },
				"up": { "uv": [ 0, 0, 16, 16 ], "texture": "#top" },
				"north": { "uv": [ 0, 0, 16, 1 ], "texture": "#texture" },
				"south": { "uv": [ 0, 0, 16, 1 ], "texture": "#texture" },
				"west": { "uv": [ 0, 0, 16, 1 ], "texture": "#texture" },
				"east": { "uv": [ 0, 0, 16, 1 ], "texture": "#texture" }
			}
		},
		{
			"__comment": "Frame",
			"from": [ 0, 0, 0 ],
			"to": [ 16, 1, 16 ],
			"faces": {
				"down": { "uv": [ 0, 16, 16, 0 ], "texture": "#bottom" },
				"up": { "uv": [ 0, 0, 16, 16 ], "texture": "#bottom" },
				"north": { "uv": [ 0, 15, 16, 16 ], "texture": "#texture" },
				"south": { "uv": [ 0, 15, 16, 16 ], "texture": "#texture" },
				"west": { "uv": [ 0, 15, 16, 16 ], "texture": "#texture" },
				"east": { "uv": [ 0, 15, 16, 16 ], "texture": "#texture" }
			}
		},
		{
			"__comment": "Face",
			"from": [ 0, 10, 0 ],
			"to": [ 3, 15, 1 ],
			"faces": {
				"down": { "uv": [ 15, 1, 13, 0 ], "texture": "#texture" },
				"up": { "uv": [ 1, 0, 3, 1 ], "texture": "#texture" },
				"north": { "uv": [ 13, 1, 16, 6 ], "texture": "#texture" },
				"south": { "uv": [ 1, 1, 3, 6 ], "texture": "#texture" },
				"west": { "uv": [ 0, 1, 1, 6 ], "texture": "#texture" },
				"east": { "uv": [ 15, 1, 16, 6 ], "texture": "#texture" }
			}
		},
		{
			"__comment": "Face",
			"from": [ 14, 1, 0 ],
			"to": [ 16, 6, 1 ],
			"faces": {
				"down": { "uv": [ 14, 15, 15, 16 ], "texture": "#texture" },
				"up": { "uv": [ 14, 0, 15, 1 ], "texture": "#texture" },
				"north": { "uv": [ 0, 10, 2, 15 ], "texture": "#texture" },
				"south": { "uv": [ 14, 10, 16, 15 ], "texture": "#texture" },
				"west": { "uv": [ 0, 10, 1, 15 ], "texture": "#texture" },
				"east": { "uv": [ 15, 10, 16, 15 ], "texture": "#texture" }
			}
		},
		{
			"__comment": "Face",
			"from": [ 13, 6, 0 ],
			"to": [ 16, 15, 1 ],
			"faces": {
				"down": { "uv": [ 3, 1, 1, 0 ], "texture": "#texture" },
				"up": { "uv": [ 13, 0, 15, 1 ], "texture": "#texture" },
				"north": { "uv": [ 0, 1, 3, 10 ], "texture": "#texture" },
				"south": { "uv": [ 13, 1, 16, 10 ], "texture": "#texture" },
				"west": { "uv": [ 0, 1, 1, 10 ], "texture": "#texture" },
				"east": { "uv": [ 15, 1, 16, 10 ], "texture": "#texture" }
			}
		},
		{
			"__comment": "Face",
			"from": [ 0, 3, 0 ],
			"to": [ 2, 10, 1 ],
			"faces": {
				"down": { "uv": [ 15, 1, 14, 0 ], "texture": "#texture" },
				"up": { "uv": [ 1, 0, 2, 1 ], "texture": "#texture" },
				"north": { "uv": [ 14, 6, 16, 13 ], "texture": "#texture" },
				"south": { "uv": [ 1, 6, 2, 11 ], "texture": "#texture" },
				"west": { "uv": [ 0, 6, 1, 11 ], "texture": "#texture" },
				"east": { "uv": [ 15, 6, 16, 11 ], "texture": "#texture" }
			}
		},
		{
			"__comment": "Face",
			"from": [ 7, 8, 0 ],
			"to": [ 9, 13, 1 ],
			"faces": {
				"down": { "uv": [ 7, 15, 9, 16 ], "texture": "#texture" },
				"up": { "uv": [ 7, 0, 9, 1 ], "texture": "#texture" },
				"north": { "uv": [ 7, 3, 9, 8 ], "texture": "#texture" },
				"south": { "uv": [ 7, 3, 9, 8 ], "texture": "#texture" },
				"west": { "uv": [ 0, 3, 1, 8 ], "texture": "#texture" },
				"east": { "uv": [ 15, 3, 16, 8 ], "texture": "#texture" }
			}
		},
		{
			"__comment": "Face",
			"from": [ 2, 7, 0 ],
			"to": [ 13, 8, 1 ],
			"faces": {
				"down": { "uv": [ 14, 1, 3, 0 ], "texture": "#texture" },
				"up": { "uv": [ 2, 0, 13, 1 ], "texture": "#texture" },
				"north": { "uv": [ 3, 8, 14, 9 ], "texture": "#texture" },
				"south": { "uv": [ 2, 8, 13, 9 ], "texture": "#texture" },
				"west": { "uv": [ 0, 8, 1, 9 ], "texture": "#texture" },
				"east": { "uv": [ 15, 8, 16, 9 ], "texture": "#texture" }
			}
		},
		{
			"__comment": "Face",
			"from": [ 8, 6, 0 ],
			"to": [ 10, 9, 1 ],
			"faces": {
				"down": { "uv": [ 8, 1, 6, 0 ], "texture": "#texture" },
				"up": { "uv": [ 8, 0, 10, 1 ], "texture": "#texture" },
				"north": { "uv": [ 6, 7, 8, 10 ], "texture": "#texture" },
				"south": { "uv": [ 8, 7, 10, 10 ], "texture": "#texture" },
				"west": { "uv": [ 0, 7, 1, 10 ], "texture": "#texture" },
				"east": { "uv": [ 15, 7, 16, 10 ], "texture": "#texture" }
			}
		},
		{
			"__comment": "Face",
			"from": [ 6, 8, 0 ],
			"to": [ 7, 9, 1 ],
			"faces": {
				"down": { "uv": [ 6, 15, 7, 16 ], "texture": "#texture" },
				"up": { "uv": [ 6, 0, 7, 1 ], "texture": "#texture" },
				"north": { "uv": [ 9, 7, 10, 8 ], "texture": "#texture" },
				"south": { "uv": [ 6, 7, 7, 8 ], "texture": "#texture" },
				"west": { "uv": [ 0, 7, 1, 8 ], "texture": "#texture" },
				"east": { "uv": [ 15, 7, 16, 8 ], "texture": "#texture" }
			}
		},
		{
			"__comment": "Face",
			"from": [ 3, 14, 0 ],
			"to": [ 13, 15, 1 ],
			"faces": {
				"down": { "uv": [ 13, 1, 3, 0 ], "texture": "#texture" },
				"up": { "uv": [ 3, 0, 13, 1 ], "texture": "#texture" },
				"north": { "uv": [ 3, 1, 13, 2 ], "texture": "#texture" },
				"south": { "uv": [ 3, 1, 13, 2 ], "texture": "#texture" },
				"west": { "uv": [ 0, 1, 1, 2 ], "texture": "#texture" },
				"east": { "uv": [ 15, 1, 16, 2 ], "texture": "#texture" }
			}
		},
		{
			"__comment": "Face",
			"from": [ 6, 13, 0 ],
			"to": [ 10, 14, 1 ],
			"faces": {
				"down": { "uv": [ 10, 1, 6, 0 ], "texture": "#texture" },
				"up": { "uv": [ 6, 0, 10, 1 ], "texture": "#texture" },
				"north": { "uv": [ 6, 2, 10, 3 ], "texture": "#texture" },
				"south": { "uv": [ 6, 2, 10, 3 ], "texture": "#texture" },
				"west": { "uv": [ 0, 2, 1, 3 ], "texture": "#texture" },
				"east": { "uv": [ 15, 2, 16, 3 ], "texture": "#texture" }
			}
		},
		{
			"__comment": "Face",
			"from": [ 12, 12, 0 ],
			"to": [ 13, 14, 1 ],
			"faces": {
				"down": { "uv": [ 4, 1, 3, 0 ], "texture": "#texture" },
				"up": { "uv": [ 12, 0, 13, 1 ], "texture": "#texture" },
				"north": { "uv": [ 3, 2, 4, 4 ], "texture": "#texture" },
				"south": { "uv": [ 12, 2, 13, 4 ], "texture": "#texture" },
				"west": { "uv": [ 0, 2, 1, 4 ], "texture": "#texture" },
				"east": { "uv": [ 15, 2, 16, 4 ], "texture": "#texture" }
			}
		},
		{
			"__comment": "Face",
			"from": [ 3, 1, 0 ],
			"to": [ 4, 4, 1 ],
			"faces": {
				"down": { "uv": [ 3, 15, 4, 16 ], "texture": "#texture" },
				"up": { "uv": [ 3, 0, 4, 1 ], "texture": "#texture" },
				"north": { "uv": [ 12, 12, 13, 15 ], "texture": "#texture" },
				"south": { "uv": [ 3, 12, 4, 15 ], "texture": "#texture" },
				"west": { "uv": [ 0, 12, 1, 15 ], "texture": "#texture" },
				"east": { "uv": [ 15, 12, 16, 15 ], "texture": "#texture" }
			}
		},
		{
			"__comment": "Face",
			"from": [ 7, 1, 0 ],
			"to": [ 8, 4, 1 ],
			"faces": {
				"down": { "uv": [ 7, 15, 8, 16 ], "texture": "#texture" },
				"up": { "uv": [ 7, 0, 8, 1 ], "texture": "#texture" },
				"north": { "uv": [ 8, 12, 9, 15 ], "texture": "#texture" },
				"south": { "uv": [ 7, 12, 8, 15 ], "texture": "#texture" },
				"west": { "uv": [ 0, 12, 1, 15 ], "texture": "#texture" },
				"east": { "uv": [ 15, 12, 16, 15 ], "texture": "#texture" }
			}
		},
		{
			"__comment": "Face",
			"from": [ 10, 1, 0 ],
			"to": [ 11, 4, 1 ],
			"faces": {
				"down": { "uv": [ 10, 15, 11, 16 ], "texture": "#texture" },
				"up": { "uv": [ 10, 0, 11, 1 ], "texture": "#texture" },
				"north": { "uv": [ 5, 12, 6, 15 ], "texture": "#texture" },
				"south": { "uv": [ 10, 12, 11, 15 ], "texture": "#texture" },
				"west": { "uv": [ 0, 12, 1, 15 ], "texture": "#texture" },
				"east": { "uv": [ 15, 12, 16, 15 ], "texture": "#texture" }
			}
		},
		{
			"__comment": "Face",
			"from": [ 13, 1, 0 ],
			"to": [ 14, 4, 1 ],
			"faces": {
				"down": { "uv": [ 13, 15, 14, 16 ], "texture": "#texture" },
				"up": { "uv": [ 13, 0, 14, 1 ], "texture": "#texture" },
				"north": { "uv": [ 2, 12, 3, 15 ], "texture": "#texture" },
				"south": { "uv": [ 13, 12, 14, 15 ], "texture": "#texture" },
				"west": { "uv": [ 0, 12, 1, 15 ], "texture": "#texture" },
				"east": { "uv": [ 15, 12, 16, 15 ], "texture": "#texture" }
			}
		},
		{
			"__comment": "Face",
			"from": [ 0, 1, 0 ],
			"to": [ 3, 3, 1 ],
			"faces": {
				"down": { "uv": [ 1, 15, 3, 16 ], "texture": "#texture" },
				"up": { "uv": [ 1, 0, 3, 1 ], "texture": "#texture" },
				"north": { "uv": [ 13, 13, 16, 15 ], "texture": "#texture" },
				"south": { "uv": [ 1, 13, 3, 15 ], "texture": "#texture" },
				"west": { "uv": [ 0, 13, 1, 15 ], "texture": "#texture" },
				"east": { "uv": [ 15, 13, 16, 15 ], "texture": "#texture" }
			}
		},
		{
			"__comment": "Face",
			"from": [ 5, 1, 0 ],
			"to": [ 9, 3, 1 ],
			"faces": {
				"down": { "uv": [ 5, 15, 9, 16 ], "texture": "#texture" },
				"up": { "uv": [ 5, 0, 9, 1 ], "texture": "#texture" },
				"north": { "uv": [ 7, 13, 11, 15 ], "texture": "#texture" },
				"south": { "uv": [ 5, 13, 9, 15 ], "texture": "#texture" },
				"west": { "uv": [ 0, 13, 1, 15 ], "texture": "#texture" },
				"east": { "uv": [ 15, 13, 16, 15 ], "texture": "#texture" }
			}
		},
		{
			"__comment": "Face",
			"from": [ 11, 1, 0 ],
			"to": [ 12, 3, 1 ],
			"faces": {
				"down": { "uv": [ 11, 15, 12, 16 ], "texture": "#texture" },
				"up": { "uv": [ 11, 0, 12, 1 ], "texture": "#texture" },
				"north": { "uv": [ 4, 13, 5, 15 ], "texture": "#texture" },
				"south": { "uv": [ 11, 13, 12, 15 ], "texture": "#texture" },
				"west": { "uv": [ 0, 13, 1, 15 ], "texture": "#texture" },
				"east": { "uv": [ 15, 13, 16, 15 ], "texture": "#texture" }
			}
		},
		{
			"__comment": "Face",
			"from": [ 4, 1, 0 ],
			"to": [ 13, 2, 1 ],
			"faces": {
				"down": { "uv": [ 4, 15, 13, 16 ], "texture": "#texture" },
				"up": { "uv": [ 4, 0, 13, 1 ], "texture": "#texture" },
				"north": { "uv": [ 3, 14, 12, 15 ], "texture": "#texture" },
				"south": { "uv": [ 4, 14, 13, 15 ], "texture": "#texture" },
				"west": { "uv": [ 0, 14, 1, 15 ], "texture": "#texture" },
				"east": { "uv": [ 15, 14, 16, 15 ], "texture": "#texture" }
			}
		},
		{
			"__comment": "Face",
			"from": [ 3, 6, 0 ],
			"to": [ 4, 7, 1 ],
			"faces": {
				"down": { "uv": [ 13, 1, 12, 0 ], "texture": "#texture" },
				"up": { "uv": [ 3, 0, 4, 1 ], "texture": "#texture" },
				"north": { "uv": [ 12, 9, 13, 10 ], "texture": "#texture" },
				"south": { "uv": [ 3, 9, 4, 10 ], "texture": "#texture" },
				"west": { "uv": [ 0, 9, 1, 10 ], "texture": "#texture" },
				"east": { "uv": [ 15, 9, 16, 10 ], "texture": "#texture" }
			}
		},
		{
			"__comment": "Face",
			"from": [ 5, 6, 0 ],
			"to": [ 7, 7, 1 ],
			"faces": {
				"down": { "uv": [ 11, 1, 9, 0 ], "texture": "#texture" },
				"up": { "uv": [ 5, 0, 7, 1 ], "texture": "#texture" },
				"north": { "uv": [ 9, 9, 11, 10 ], "texture": "#texture" },
				"south": { "uv": [ 5, 9, 7, 10 ], "texture": "#texture" },
				"west": { "uv": [ 0, 9, 1, 10 ], "texture": "#texture" },
				"east": { "uv": [ 15, 9, 16, 10 ], "texture": "#texture" }
			}
		},
		{
			"__comment": "Face",
			"from": [ 11, 6, 0 ],
			"to": [ 12, 7, 1 ],
			"faces": {
				"down": { "uv": [ 5, 1, 4, 0 ], "texture": "#texture" },
				"up": { "uv": [ 11, 0, 12, 1 ], "texture": "#texture" },
				"north": { "uv": [ 4, 9, 5, 10 ], "texture": "#texture" },
				"south": { "uv": [ 11, 9, 12, 10 ], "texture": "#texture" },
				"west": { "uv": [ 0, 9, 1, 10 ], "texture": "#texture" },
				"east": { "uv": [ 15, 9, 16, 10 ], "texture": "#texture" }
			}
		},
		{
			"__comment": "Face",
			"from": [ 12, 8, 0 ],
			"to": [ 13, 9, 1 ],
			"faces": {
				"down": { "uv": [ 12, 15, 13, 16 ], "texture": "#texture" },
				"up": { "uv": [ 12, 0, 13, 1 ], "texture": "#texture" },
				"north": { "uv": [ 3, 7, 4, 8 ], "texture": "#texture" },
				"south": { "uv": [ 12, 7, 13, 8 ], "texture": "#texture" },
				"west": { "uv": [ 0, 7, 1, 8 ], "texture": "#texture" },
				"east": { "uv": [ 15, 7, 16, 8 ], "texture": "#texture" }
			}
		},
		{
			"__comment": "Face",
			"from": [ 3, 13, 0 ],
			"to": [ 5, 14, 1 ],
			"faces": {
				"down": { "uv": [ 13, 1, 11, 0 ], "texture": "#texture" },
				"up": { "uv": [ 3, 0, 5, 1 ], "texture": "#texture" },
				"north": { "uv": [ 11, 2, 13, 3 ], "texture": "#texture" },
				"south": { "uv": [ 3, 2, 5, 3 ], "texture": "#texture" },
				"west": { "uv": [ 0, 2, 1, 3 ], "texture": "#texture" },
				"east": { "uv": [ 15, 2, 16, 3 ], "texture": "#texture" }
			}
		},
		{
			"__comment": "Face",
			"from": [ 3, 12, 0 ],
			"to": [ 4, 13, 1 ],
			"faces": {
				"down": { "uv": [ 13, 1, 12, 0 ], "texture": "#texture" },
				"up": { "uv": [ 3, 0, 4, 1 ], "texture": "#texture" },
				"north": { "uv": [ 12, 3, 13, 4 ], "texture": "#texture" },
				"south": { "uv": [ 3, 3, 4, 4 ], "texture": "#texture" },
				"west": { "uv": [ 0, 3, 1, 4 ], "texture": "#texture" },
				"east": { "uv": [ 15, 3, 16, 4 ], "texture": "#texture" }
			}
		},
		{
			"__comment": "Top",
			"from": [ 14, 16, -1 ],
			"to": [ 16, 17, 0 ],
			"faces": {
				"down": { "uv": [ 2, 0, 0, 0 ], "texture": "#top" },
				"up": { "uv": [ 14, 0, 16, 0 ], "texture": "#top" },
				"north": { "uv": [ 0, 0, 2, 0 ], "texture": "#top" },
				"south": { "uv": [ 14, 15, 16, 16 ], "texture": "#texture" },
				"west": { "uv": [ 0, 0, 0, 0 ], "texture": "#top" },
				"east": { "uv": [ 16, 0, 16, 0 ], "texture": "#top" }
			}
		},
		{
			"__comment": "Top",
			"from": [ 6, 16, 6 ],
			"to": [ 9, 19, 9 ],
			"faces": {
				"down": { "uv": [ 6, 7, 9, 10 ], "texture": "#texture" },
				"up": { "uv": [ 6, 6, 9, 9 ], "texture": "#top" },
				"north": { "uv": [ 6, 5.5, 8, 6 ], "texture": "#top" },
				"south": { "uv": [ 6, 5.5, 8, 6 ], "texture": "#top" },
				"west": { "uv": [ 6, 5.5, 8, 6 ], "texture": "#top" },
				"east": { "uv": [ 6, 5.5, 8, 6 ], "texture": "#top" }
			}
		},
		{
			"__comment": "Top",
			"from": [ 6, 16, 5 ],
			"to": [ 8, 19, 6 ],
			"faces": {
				"down": { "uv": [ 6, 10, 8, 11 ], "texture": "#texture" },
				"up": { "uv": [ 6, 5, 8, 6 ], "texture": "#top" },
				"north": { "uv": [ 6, 5, 8, 5.5 ], "texture": "#top" },
				"south": { "uv": [ 6, 13, 8, 16 ], "texture": "#texture" },
				"west": { "uv": [ 5, 7, 6, 7.5 ], "texture": "#top" },
				"east": { "uv": [ 6, 5, 7, 5.5 ], "texture": "#top" }
			}
		},
		{
			"__comment": "Top",
			"from": [ 5, 16, 6 ],
			"to": [ 6, 19, 8 ],
			"faces": {
				"down": { "uv": [ 5, 8, 6, 10 ], "texture": "#texture" },
				"up": { "uv": [ 5, 6, 6, 8 ], "texture": "#top" },
				"north": { "uv": [ 9, 7, 10, 7.5 ], "texture": "#top" },
				"south": { "uv": [ 5, 6, 6, 6.5 ], "texture": "#top" },
				"west": { "uv": [ 6, 5, 8, 5.5 ], "texture": "#top" },
				"east": { "uv": [ 8, 13, 10, 16 ], "texture": "#texture" }
			}
		},
		{
			"__comment": "Top",
			"from": [ 9, 16, 7 ],
			"to": [ 10, 19, 8 ],
			"faces": {
				"down": { "uv": [ 9, 8, 10, 9 ], "texture": "#texture" },
				"up": { "uv": [ 9, 7, 10, 8 ], "texture": "#top" },
				"north": { "uv": [ 5, 7, 6, 7.5 ], "texture": "#top" },
				"south": { "uv": [ 6.5, 5, 7.5, 5.5 ], "texture": "#top" },
				"west": { "uv": [ 7, 13, 8, 16 ], "texture": "#texture" },
				"east": { "uv": [ 6.5, 5, 7.5, 5.5 ], "texture": "#top" }
			}
		},
		{
			"__comment": "Top",
			"from": [ 7, 16, 9 ],
			"to": [ 8, 19, 10 ],
			"faces": {
				"down": { "uv": [ 7, 6, 8, 7 ], "texture": "#texture" },
				"up": { "uv": [ 7, 9, 8, 10 ], "texture": "#top" },
				"north": { "uv": [ 8, 13, 9, 16 ], "texture": "#texture" },
				"south": { "uv": [ 7, 5.5, 8, 6 ], "texture": "#top" },
				"west": { "uv": [ 9, 7, 10, 7.5 ], "texture": "#top" },
				"east": { "uv": [ 6, 5, 7, 5.5 ], "texture": "#top" }
			}
		}
	],
	"display": {
		"thirdperson_righthand": {
			"rotation":  [ 75, 45, 0 ],
			"translation":  [ 0, 2.5, 0 ],
			"scale":  [ 0.375, 0.375, 0.375 ]
		},
		"thirdperson_lefthand": {
			"rotation":  [ 75, 45, 0 ],
			"translation":  [ 0, 2.5, 0 ],
			"scale":  [ 0.375, 0.375, 0.375 ]
		},
		"firstperson_righthand": {
			"rotation":  [ 0, 45, 0 ],
			"scale":  [ 0.4, 0.4, 0.4 ]
		},
		"firstperson_lefthand": {
			"rotation":  [ 0, 225, 0 ],
			"scale":  [ 0.4, 0.4, 0.4 ]
		},
		"gui": {
			"rotation":  [ 30, 225, 0 ],
			"scale":  [ 0.625, 0.625, 0.625 ]
		},
		"ground": {
			"translation":  [ 0, 3, 0 ],
			"scale":  [ 0.25, 0.25, 0.25 ]
		},
		"fixed": {
			"scale":  [ 0.5, 0.5, 0.5 ]
		}
	}
}