{
"textures": {
    "down": "block/web",
    "up": "block/web",
    "north": "block/web",
    "south": "block/web",
    "west": "block/web",
    "east": "block/web",
    "particle": "block/web"
},
"elements": [ 
{
    "from": [ 15, 0, 15 ],
    "to": [ 16, 1, 16 ],
    "__comment": "1",
    "faces": {
        "down":  { "uv": [ 15, 16, 16, 15 ], "texture": "#down" },
        "up":    { "uv": [ 15, 15, 16, 16 ], "texture": "#up" },
        "north": { "uv": [ 15, 15, 16, 16 ], "texture": "#north" },
        "south": { "uv": [ 15, 16, 16, 15 ], "texture": "#south" },
        "west":  { "uv": [ 15, 15, 16, 16 ], "texture": "#west" },
        "east":  { "uv": [ 16, 15, 15, 16 ], "texture": "#east" }
    }
},
{
    "from": [ 15, 6, 15 ],
    "to": [ 16, 9, 16 ],
    "__comment": "1",
    "faces": {
        "down":  { "uv": [ 15, 9, 16, 10 ], "texture": "#down" },
        "up":    { "uv": [ 15, 7, 16, 8 ], "texture": "#up" },
        "north": { "uv": [ 16, 7, 15, 10 ], "texture": "#north" },
        "south": { "uv": [ 15, 7, 16, 10 ], "texture": "#south" },
        "west":  { "uv": [ 15, 7, 16, 10 ], "texture": "#west" },
        "east":  { "uv": [ 16, 7, 15, 10 ], "texture": "#east" }
    }
},
{
    "from": [ 15, 15, 15 ],
    "to": [ 16, 16, 16 ],
    "__comment": "1",
    "faces": {
        "down":  { "uv": [ 15, 1, 16, 0 ], "texture": "#down" },
        "up":    { "uv": [ 15, 0, 16, 1 ], "texture": "#up" },
        "north": { "uv": [ 15, 0, 16, 1 ], "texture": "#north" },
        "south": { "uv": [ 15, 1, 16, 0 ], "texture": "#south" },
        "west":  { "uv": [ 15, 0, 16, 1 ], "texture": "#west" },
        "east":  { "uv": [ 16, 0, 15, 1 ], "texture": "#east" }
    }
},
{
    "from": [ 14, 1, 14 ],
    "to": [ 15, 2, 15 ],
    "__comment": "1",
    "faces": {
        "down":  { "uv": [ 14, 15, 15, 14 ], "texture": "#down" },
        "up":    { "uv": [ 14, 14, 15, 15 ], "texture": "#up" },
        "north": { "uv": [ 14, 14, 15, 15 ], "texture": "#north" },
        "south": { "uv": [ 14, 15, 15, 14 ], "texture": "#south" },
        "west":  { "uv": [ 14, 14, 15, 15 ], "texture": "#west" },
        "east":  { "uv": [ 15, 14, 14, 15 ], "texture": "#east" }
    }
},
{
    "from": [ 14, 4, 14 ],
    "to": [ 15, 6, 15 ],
    "__comment": "1",
    "faces": {
        "down":  { "uv": [ 14, 11, 15, 12 ], "texture": "#down" },
        "up":    { "uv": [ 14, 10, 15, 11 ], "texture": "#up" },
        "north": { "uv": [ 15, 10, 14, 12 ], "texture": "#north" },
        "south": { "uv": [ 14, 10, 15, 12 ], "texture": "#south" },
        "west":  { "uv": [ 14, 10, 15, 12 ], "texture": "#west" },
        "east":  { "uv": [ 15, 10, 14, 12 ], "texture": "#east" }
    }
},
{
    "from": [ 14, 7, 14 ],
    "to": [ 15, 8, 15 ],
    "__comment": "1",
    "faces": {
        "down":  { "uv": [ 14, 9, 15, 8 ], "texture": "#down" },
        "up":    { "uv": [ 14, 8, 15, 9 ], "texture": "#up" },
        "north": { "uv": [ 14, 8, 15, 9 ], "texture": "#north" },
        "south": { "uv": [ 14, 9, 15, 8 ], "texture": "#south" },
        "west":  { "uv": [ 14, 8, 15, 9 ], "texture": "#west" },
        "east":  { "uv": [ 15, 8, 14, 9 ], "texture": "#east" }
    }
},
{
    "from": [ 14, 9, 14 ],
    "to": [ 15, 11, 15 ],
    "__comment": "1",
    "faces": {
        "down":  { "uv": [ 14, 6, 15, 7 ], "texture": "#down" },
        "up":    { "uv": [ 14, 5, 15, 6 ], "texture": "#up" },
        "north": { "uv": [ 15, 5, 14, 7 ], "texture": "#north" },
        "south": { "uv": [ 14, 5, 15, 7 ], "texture": "#south" },
        "west":  { "uv": [ 14, 5, 15, 7 ], "texture": "#west" },
        "east":  { "uv": [ 15, 5, 14, 7 ], "texture": "#east" }
    }
},
{
    "from": [ 14, 14, 14 ],
    "to": [ 15, 15, 15 ],
    "__comment": "1",
    "faces": {
        "down":  { "uv": [ 14, 2, 15, 1 ], "texture": "#down" },
        "up":    { "uv": [ 14, 1, 15, 2 ], "texture": "#up" },
        "north": { "uv": [ 14, 1, 15, 2 ], "texture": "#north" },
        "south": { "uv": [ 14, 2, 15, 1 ], "texture": "#south" },
        "west":  { "uv": [ 14, 1, 15, 2 ], "texture": "#west" },
        "east":  { "uv": [ 15, 1, 14, 2 ], "texture": "#east" }
    }
},
{
    "from": [ 13, 2, 13 ],
    "to": [ 14, 4, 14 ],
    "__comment": "1",
    "faces": {
        "down":  { "uv": [ 13, 13, 14, 14 ], "texture": "#down" },
        "up":    { "uv": [ 13, 12, 14, 13 ], "texture": "#up" },
        "north": { "uv": [ 14, 12, 13, 14 ], "texture": "#north" },
        "south": { "uv": [ 13, 12, 14, 14 ], "texture": "#south" },
        "west":  { "uv": [ 13, 12, 14, 14 ], "texture": "#west" },
        "east":  { "uv": [ 14, 12, 13, 14 ], "texture": "#east" }
    }
},
{
    "from": [ 13, 7, 13 ],
    "to": [ 14, 8, 14 ],
    "__comment": "1",
    "faces": {
        "down":  { "uv": [ 13, 9, 14, 8 ], "texture": "#down" },
        "up":    { "uv": [ 13, 8, 14, 9 ], "texture": "#up" },
        "north": { "uv": [ 13, 8, 14, 9 ], "texture": "#north" },
        "south": { "uv": [ 13, 9, 14, 8 ], "texture": "#south" },
        "west":  { "uv": [ 13, 8, 14, 9 ], "texture": "#west" },
        "east":  { "uv": [ 14, 8, 13, 9 ], "texture": "#east" }
    }
},
{
    "from": [ 13, 11, 13 ],
    "to": [ 14, 12, 14 ],
    "__comment": "1",
    "faces": {
        "down":  { "uv": [ 13, 5, 14, 4 ], "texture": "#down" },
        "up":    { "uv": [ 13, 4, 14, 5 ], "texture": "#up" },
        "north": { "uv": [ 13, 4, 14, 5 ], "texture": "#north" },
        "south": { "uv": [ 13, 5, 14, 4 ], "texture": "#south" },
        "west":  { "uv": [ 13, 4, 14, 5 ], "texture": "#west" },
        "east":  { "uv": [ 14, 4, 13, 5 ], "texture": "#east" }
    }
},
{
    "from": [ 13, 13, 13 ],
    "to": [ 14, 14, 14 ],
    "__comment": "1",
    "faces": {
        "down":  { "uv": [ 13, 3, 14, 2 ], "texture": "#down" },
        "up":    { "uv": [ 13, 2, 14, 3 ], "texture": "#up" },
        "north": { "uv": [ 13, 2, 14, 3 ], "texture": "#north" },
        "south": { "uv": [ 13, 3, 14, 2 ], "texture": "#south" },
        "west":  { "uv": [ 13, 2, 14, 3 ], "texture": "#west" },
        "east":  { "uv": [ 14, 2, 13, 3 ], "texture": "#east" }
    }
},
{
    "from": [ 12, 2, 12 ],
    "to": [ 13, 4, 13 ],
    "__comment": "1",
    "faces": {
        "down":  { "uv": [ 12, 13, 13, 14 ], "texture": "#down" },
        "up":    { "uv": [ 12, 12, 13, 13 ], "texture": "#up" },
        "north": { "uv": [ 13, 12, 12, 14 ], "texture": "#north" },
        "south": { "uv": [ 12, 12, 13, 14 ], "texture": "#south" },
        "west":  { "uv": [ 12, 12, 13, 14 ], "texture": "#west" },
        "east":  { "uv": [ 13, 12, 12, 14 ], "texture": "#east" }
    }
},
{
    "from": [ 12, 5, 12 ],
    "to": [ 13, 9, 13 ],
    "__comment": "1",
    "faces": {
        "down":  { "uv": [ 12, 10, 13, 11 ], "texture": "#down" },
        "up":    { "uv": [ 12, 7, 13, 8 ], "texture": "#up" },
        "north": { "uv": [ 13, 7, 12, 11 ], "texture": "#north" },
        "south": { "uv": [ 12, 7, 13, 11 ], "texture": "#south" },
        "west":  { "uv": [ 12, 7, 13, 11 ], "texture": "#west" },
        "east":  { "uv": [ 13, 7, 12, 11 ], "texture": "#east" }
    }
},
{
    "from": [ 12, 12, 12 ],
    "to": [ 13, 13, 13 ],
    "__comment": "1",
    "faces": {
        "down":  { "uv": [ 12, 4, 13, 3 ], "texture": "#down" },
        "up":    { "uv": [ 12, 3, 13, 4 ], "texture": "#up" },
        "north": { "uv": [ 12, 3, 13, 4 ], "texture": "#north" },
        "south": { "uv": [ 12, 4, 13, 3 ], "texture": "#south" },
        "west":  { "uv": [ 12, 3, 13, 4 ], "texture": "#west" },
        "east":  { "uv": [ 13, 3, 12, 4 ], "texture": "#east" }
    }
},
{
    "from": [ 11, 2, 11 ],
    "to": [ 12, 3, 12 ],
    "__comment": "1",
    "faces": {
        "down":  { "uv": [ 11, 14, 12, 13 ], "texture": "#down" },
        "up":    { "uv": [ 11, 13, 12, 14 ], "texture": "#up" },
        "north": { "uv": [ 11, 13, 12, 14 ], "texture": "#north" },
        "south": { "uv": [ 11, 14, 12, 13 ], "texture": "#south" },
        "west":  { "uv": [ 11, 13, 12, 14 ], "texture": "#west" },
        "east":  { "uv": [ 12, 13, 11, 14 ], "texture": "#east" }
    }
},
{
    "from": [ 11, 4, 11 ],
    "to": [ 12, 5, 12 ],
    "__comment": "1",
    "faces": {
        "down":  { "uv": [ 11, 12, 12, 11 ], "texture": "#down" },
        "up":    { "uv": [ 11, 11, 12, 12 ], "texture": "#up" },
        "north": { "uv": [ 11, 11, 12, 12 ], "texture": "#north" },
        "south": { "uv": [ 11, 12, 12, 11 ], "texture": "#south" },
        "west":  { "uv": [ 11, 11, 12, 12 ], "texture": "#west" },
        "east":  { "uv": [ 12, 11, 11, 12 ], "texture": "#east" }
    }
},
{
    "from": [ 11, 7, 11 ],
    "to": [ 12, 8, 12 ],
    "__comment": "1",
    "faces": {
        "down":  { "uv": [ 11, 11, 12, 12 ], "texture": "#down" },
        "up":    { "uv": [ 11, 11, 12, 12 ], "texture": "#up" },
        "north": { "uv": [ 12, 8, 11, 9 ], "texture": "#north" },
        "south": { "uv": [ 11, 8, 12, 9 ], "texture": "#south" },
        "west":  { "uv": [ 11, 8, 12, 9 ], "texture": "#west" },
        "east":  { "uv": [ 12, 8, 11, 9 ], "texture": "#east" }
    }
},
{
    "from": [ 11, 9, 11 ],
    "to": [ 12, 10, 12 ],
    "__comment": "1",
    "faces": {
        "down":  { "uv": [ 11, 7, 12, 6 ], "texture": "#down" },
        "up":    { "uv": [ 11, 6, 12, 7 ], "texture": "#up" },
        "north": { "uv": [ 11, 6, 12, 7 ], "texture": "#north" },
        "south": { "uv": [ 11, 7, 12, 6 ], "texture": "#south" },
        "west":  { "uv": [ 11, 6, 12, 7 ], "texture": "#west" },
        "east":  { "uv": [ 12, 6, 11, 7 ], "texture": "#east" }
    }
},
{
    "from": [ 11, 11, 11 ],
    "to": [ 12, 12, 12 ],
    "__comment": "1",
    "faces": {
        "down":  { "uv": [ 11, 5, 12, 4 ], "texture": "#down" },
        "up":    { "uv": [ 11, 4, 12, 5 ], "texture": "#up" },
        "north": { "uv": [ 11, 4, 12, 5 ], "texture": "#north" },
        "south": { "uv": [ 11, 5, 12, 4 ], "texture": "#south" },
        "west":  { "uv": [ 11, 4, 12, 5 ], "texture": "#west" },
        "east":  { "uv": [ 12, 4, 11, 5 ], "texture": "#east" }
    }
},
{
    "from": [ 11, 13, 11 ],
    "to": [ 12, 14, 12 ],
    "__comment": "1",
    "faces": {
        "down":  { "uv": [ 11, 3, 12, 2 ], "texture": "#down" },
        "up":    { "uv": [ 11, 2, 12, 3 ], "texture": "#up" },
        "north": { "uv": [ 11, 2, 12, 3 ], "texture": "#north" },
        "south": { "uv": [ 11, 3, 12, 2 ], "texture": "#south" },
        "west":  { "uv": [ 11, 2, 12, 3 ], "texture": "#west" },
        "east":  { "uv": [ 12, 2, 11, 3 ], "texture": "#east" }
    }
},
{
    "from": [ 10, 2, 10 ],
    "to": [ 11, 3, 11 ],
    "__comment": "1",
    "faces": {
        "down":  { "uv": [ 10, 14, 11, 13 ], "texture": "#down" },
        "up":    { "uv": [ 10, 13, 11, 14 ], "texture": "#up" },
        "north": { "uv": [ 10, 13, 11, 14 ], "texture": "#north" },
        "south": { "uv": [ 10, 14, 11, 13 ], "texture": "#south" },
        "west":  { "uv": [ 10, 13, 11, 14 ], "texture": "#west" },
        "east":  { "uv": [ 11, 13, 10, 14 ], "texture": "#east" }
    }
},
{
    "from": [ 10, 4, 10 ],
    "to": [ 11, 6, 11 ],
    "__comment": "1",
    "faces": {
        "down":  { "uv": [ 10, 11, 11, 12 ], "texture": "#down" },
        "up":    { "uv": [ 10, 10, 11, 11 ], "texture": "#up" },
        "north": { "uv": [ 11, 10, 10, 12 ], "texture": "#north" },
        "south": { "uv": [ 10, 10, 11, 12 ], "texture": "#south" },
        "west":  { "uv": [ 10, 10, 11, 12 ], "texture": "#west" },
        "east":  { "uv": [ 11, 10, 10, 12 ], "texture": "#east" }
    }
},
{
    "from": [ 10, 7, 10 ],
    "to": [ 11, 8, 11 ],
    "__comment": "1",
    "faces": {
        "down":  { "uv": [ 10, 9, 11, 8 ], "texture": "#down" },
        "up":    { "uv": [ 10, 8, 11, 9 ], "texture": "#up" },
        "north": { "uv": [ 10, 8, 11, 9 ], "texture": "#north" },
        "south": { "uv": [ 10, 9, 11, 8 ], "texture": "#south" },
        "west":  { "uv": [ 10, 8, 11, 9 ], "texture": "#west" },
        "east":  { "uv": [ 11, 8, 10, 9 ], "texture": "#east" }
    }
},
{
    "from": [ 10, 10, 10 ],
    "to": [ 11, 11, 11 ],
    "__comment": "1",
    "faces": {
        "down":  { "uv": [ 10, 6, 11, 5 ], "texture": "#down" },
        "up":    { "uv": [ 10, 5, 11, 6 ], "texture": "#up" },
        "north": { "uv": [ 10, 5, 11, 6 ], "texture": "#north" },
        "south": { "uv": [ 10, 6, 11, 5 ], "texture": "#south" },
        "west":  { "uv": [ 10, 5, 11, 6 ], "texture": "#west" },
        "east":  { "uv": [ 11, 5, 10, 6 ], "texture": "#east" }
    }
},
{
    "from": [ 10, 14, 10 ],
    "to": [ 11, 15, 11 ],
    "__comment": "1",
    "faces": {
        "down":  { "uv": [ 10, 2, 11, 1 ], "texture": "#down" },
        "up":    { "uv": [ 10, 1, 11, 2 ], "texture": "#up" },
        "north": { "uv": [ 10, 1, 11, 2 ], "texture": "#north" },
        "south": { "uv": [ 10, 2, 11, 1 ], "texture": "#south" },
        "west":  { "uv": [ 10, 1, 11, 2 ], "texture": "#west" },
        "east":  { "uv": [ 11, 1, 10, 2 ], "texture": "#east" }
    }
},
{
    "from": [ 9, 1, 9 ],
    "to": [ 10, 2, 10 ],
    "__comment": "1",
    "faces": {
        "down":  { "uv": [ 9, 15, 10, 14 ], "texture": "#down" },
        "up":    { "uv": [ 9, 14, 10, 15 ], "texture": "#up" },
        "north": { "uv": [ 9, 14, 10, 15 ], "texture": "#north" },
        "south": { "uv": [ 9, 15, 10, 14 ], "texture": "#south" },
        "west":  { "uv": [ 9, 14, 10, 15 ], "texture": "#west" },
        "east":  { "uv": [ 10, 14, 9, 15 ], "texture": "#east" }
    }
},
{
    "from": [ 9, 4, 9 ],
    "to": [ 10, 5, 10 ],
    "__comment": "1",
    "faces": {
        "down":  { "uv": [ 9, 12, 10, 11 ], "texture": "#down" },
        "up":    { "uv": [ 9, 11, 10, 12 ], "texture": "#up" },
        "north": { "uv": [ 9, 11, 10, 12 ], "texture": "#north" },
        "south": { "uv": [ 9, 12, 10, 11 ], "texture": "#south" },
        "west":  { "uv": [ 9, 11, 10, 12 ], "texture": "#west" },
        "east":  { "uv": [ 10, 11, 9, 12 ], "texture": "#east" }
    }
},
{
    "from": [ 9, 6, 9 ],
    "to": [ 10, 8, 10 ],
    "__comment": "1",
    "faces": {
        "down":  { "uv": [ 9, 9, 10, 10 ], "texture": "#down" },
        "up":    { "uv": [ 9, 8, 10, 9 ], "texture": "#up" },
        "north": { "uv": [ 10, 8, 9, 10 ], "texture": "#north" },
        "south": { "uv": [ 9, 8, 10, 10 ], "texture": "#south" },
        "west":  { "uv": [ 9, 8, 10, 10 ], "texture": "#west" },
        "east":  { "uv": [ 10, 8, 9, 10 ], "texture": "#east" }
    }
},
{
    "from": [ 9, 9, 9 ],
    "to": [ 10, 10, 10 ],
    "__comment": "1",
    "faces": {
        "down":  { "uv": [ 9, 7, 10, 6 ], "texture": "#down" },
        "up":    { "uv": [ 9, 6, 10, 7 ], "texture": "#up" },
        "north": { "uv": [ 9, 6, 10, 7 ], "texture": "#north" },
        "south": { "uv": [ 9, 7, 10, 6 ], "texture": "#south" },
        "west":  { "uv": [ 9, 6, 10, 7 ], "texture": "#west" },
        "east":  { "uv": [ 10, 6, 9, 7 ], "texture": "#east" }
    }
},
{
    "from": [ 9, 11, 9 ],
    "to": [ 10, 12, 10 ],
    "__comment": "1",
    "faces": {
        "down":  { "uv": [ 9, 5, 10, 4 ], "texture": "#down" },
        "up":    { "uv": [ 9, 4, 10, 5 ], "texture": "#up" },
        "north": { "uv": [ 9, 4, 10, 5 ], "texture": "#north" },
        "south": { "uv": [ 9, 5, 10, 4 ], "texture": "#south" },
        "west":  { "uv": [ 9, 4, 10, 5 ], "texture": "#west" },
        "east":  { "uv": [ 10, 4, 9, 5 ], "texture": "#east" }
    }
},
{
    "from": [ 9, 14, 9 ],
    "to": [ 10, 15, 10 ],
    "__comment": "1",
    "faces": {
        "down":  { "uv": [ 9, 2, 10, 1 ], "texture": "#down" },
        "up":    { "uv": [ 9, 1, 10, 2 ], "texture": "#up" },
        "north": { "uv": [ 9, 1, 10, 2 ], "texture": "#north" },
        "south": { "uv": [ 9, 2, 10, 1 ], "texture": "#south" },
        "west":  { "uv": [ 9, 1, 10, 2 ], "texture": "#west" },
        "east":  { "uv": [ 10, 1, 9, 2 ], "texture": "#east" }
    }
},
{
    "from": [ 8, 1, 8 ],
    "to": [ 9, 2, 9 ],
    "__comment": "1",
    "faces": {
        "down":  { "uv": [ 8, 15, 9, 14 ], "texture": "#down" },
        "up":    { "uv": [ 8, 14, 9, 15 ], "texture": "#up" },
        "south": { "uv": [ 8, 15, 9, 14 ], "texture": "#south" },
        "east":  { "uv": [ 9, 14, 8, 15 ], "texture": "#east" }
    }
},
{
    "from": [ 8, 3, 8 ],
    "to": [ 9, 4, 9 ],
    "__comment": "1",
    "faces": {
        "down":  { "uv": [ 8, 13, 9, 12 ], "texture": "#down" },
        "up":    { "uv": [ 8, 12, 9, 13 ], "texture": "#up" },
        "south": { "uv": [ 8, 13, 9, 12 ], "texture": "#south" },
        "east":  { "uv": [ 9, 12, 8, 13 ], "texture": "#east" }
    }
},
{
    "from": [ 8, 7, 8 ],
    "to": [ 9, 9, 9 ],
    "__comment": "1",
    "faces": {
        "down":  { "uv": [ 8, 8, 9, 9 ], "texture": "#down" },
        "up":    { "uv": [ 8, 7, 9, 8 ], "texture": "#up" },
        "south": { "uv": [ 8, 7, 9, 9 ], "texture": "#south" },
        "east":  { "uv": [ 9, 7, 8, 9 ], "texture": "#east" }
    }
},
{
    "from": [ 8, 12, 8 ],
    "to": [ 9, 16, 9 ],
    "__comment": "1",
    "faces": {
        "down":  { "uv": [ 8, 3, 9, 4 ], "texture": "#down" },
        "up":    { "uv": [ 8, 0, 9, 1 ], "texture": "#up" },
        "north": { "uv": [ 9, 0, 8, 4 ], "texture": "#north" },
        "south": { "uv": [ 8, 0, 9, 4 ], "texture": "#south" },
        "east":  { "uv": [ 9, 0, 8, 4 ], "texture": "#east" }
    }
},
{
    "from": [ 7, 1, 7 ],
    "to": [ 8, 2, 8 ],
    "__comment": "1",
    "faces": {
        "down":  { "uv": [ 7, 15, 8, 14 ], "texture": "#down" },
        "up":    { "uv": [ 7, 14, 8, 15 ], "texture": "#up" },
        "north": { "uv": [ 7, 14, 8, 15 ], "texture": "#north" },
        "west":  { "uv": [ 7, 14, 8, 15 ], "texture": "#west" }
    }
},
{
    "from": [ 7, 3, 7 ],
    "to": [ 8, 13, 8 ],
    "__comment": "1",
    "faces": {
        "down":  { "uv": [ 7, 12, 8, 13 ], "texture": "#down" },
        "up":    { "uv": [ 7, 3, 8, 4 ], "texture": "#up" },
        "north": { "uv": [ 8, 3, 7, 13 ], "texture": "#north" },
        "south": { "uv": [ 7, 3, 8, 13 ], "texture": "#south" },
        "west":  { "uv": [ 7, 3, 8, 13 ], "texture": "#west" }
    }
},
{
    "from": [ 7, 14, 7 ],
    "to": [ 8, 15, 8 ],
    "__comment": "1",
    "faces": {
        "down":  { "uv": [ 7, 2, 8, 1 ], "texture": "#down" },
        "up":    { "uv": [ 7, 1, 8, 2 ], "texture": "#up" },
        "north": { "uv": [ 7, 1, 8, 2 ], "texture": "#north" },
        "west":  { "uv": [ 7, 1, 8, 2 ], "texture": "#west" }
    }
},
{
    "from": [ 1, 7, 1 ],
    "to": [ 2, 9, 2 ],
    "__comment": "1",
    "faces": {
        "down":  { "uv": [ 1, 8, 2, 9 ], "texture": "#down" },
        "up":    { "uv": [ 1, 7, 2, 8 ], "texture": "#up" },
        "north": { "uv": [ 1, 7, 2, 9 ], "texture": "#north" },
        "south": { "uv": [ 1, 7, 2, 9 ], "texture": "#south" },
        "west":  { "uv": [ 1, 7, 2, 9 ], "texture": "#west" },
        "east":  { "uv": [ 1, 7, 2, 9 ], "texture": "#east" }
    }
},
{
    "from": [ 6, 0, 6 ],
    "to": [ 7, 4, 7 ],
    "__comment": "1",
    "faces": {
        "down":  { "uv": [ 6, 15, 7, 16 ], "texture": "#down" },
        "up":    { "uv": [ 6, 12, 7, 13 ], "texture": "#up" },
        "north": { "uv": [ 7, 12, 6, 16 ], "texture": "#north" },
        "south": { "uv": [ 6, 12, 7, 16 ], "texture": "#south" },
        "west":  { "uv": [ 6, 12, 7, 16 ], "texture": "#west" },
        "east":  { "uv": [ 7, 12, 6, 16 ], "texture": "#east" }
    }
},
{
    "from": [ 6, 6, 6 ],
    "to": [ 7, 7, 7 ],
    "__comment": "1",
    "faces": {
        "down":  { "uv": [ 6, 10, 7, 9 ], "texture": "#down" },
        "up":    { "uv": [ 6, 9, 7, 10 ], "texture": "#up" },
        "north": { "uv": [ 6, 9, 7, 10 ], "texture": "#north" },
        "south": { "uv": [ 6, 10, 7, 9 ], "texture": "#south" },
        "west":  { "uv": [ 6, 9, 7, 10 ], "texture": "#west" },
        "east":  { "uv": [ 7, 9, 6, 10 ], "texture": "#east" }
    }
},
{
    "from": [ 6, 8, 6 ],
    "to": [ 7, 10, 7 ],
    "__comment": "1",
    "faces": {
        "down":  { "uv": [ 6, 7, 7, 8 ], "texture": "#down" },
        "up":    { "uv": [ 6, 6, 7, 7 ], "texture": "#up" },
        "north": { "uv": [ 7, 6, 6, 8 ], "texture": "#north" },
        "south": { "uv": [ 6, 6, 7, 8 ], "texture": "#south" },
        "west":  { "uv": [ 6, 6, 7, 8 ], "texture": "#west" },
        "east":  { "uv": [ 7, 6, 6, 8 ], "texture": "#east" }
    }
},
{
    "from": [ 6, 11, 6 ],
    "to": [ 7, 12, 7 ],
    "__comment": "1",
    "faces": {
        "down":  { "uv": [ 6, 5, 7, 4 ], "texture": "#down" },
        "up":    { "uv": [ 6, 4, 7, 5 ], "texture": "#up" },
        "north": { "uv": [ 6, 4, 7, 5 ], "texture": "#north" },
        "south": { "uv": [ 6, 5, 7, 4 ], "texture": "#south" },
        "west":  { "uv": [ 6, 4, 7, 5 ], "texture": "#west" },
        "east":  { "uv": [ 7, 4, 6, 5 ], "texture": "#east" }
    }
},
{
    "from": [ 6, 14, 6 ],
    "to": [ 7, 15, 7 ],
    "__comment": "1",
    "faces": {
        "down":  { "uv": [ 6, 2, 7, 1 ], "texture": "#down" },
        "up":    { "uv": [ 6, 1, 7, 2 ], "texture": "#up" },
        "north": { "uv": [ 6, 1, 7, 2 ], "texture": "#north" },
        "south": { "uv": [ 6, 2, 7, 1 ], "texture": "#south" },
        "west":  { "uv": [ 6, 1, 7, 2 ], "texture": "#west" },
        "east":  { "uv": [ 7, 1, 6, 2 ], "texture": "#east" }
    }
},
{
    "from": [ 5, 2, 5 ],
    "to": [ 6, 3, 6 ],
    "__comment": "1",
    "faces": {
        "down":  { "uv": [ 5, 14, 6, 13 ], "texture": "#down" },
        "up":    { "uv": [ 5, 13, 6, 14 ], "texture": "#up" },
        "north": { "uv": [ 5, 13, 6, 14 ], "texture": "#north" },
        "south": { "uv": [ 5, 14, 6, 13 ], "texture": "#south" },
        "west":  { "uv": [ 5, 13, 6, 14 ], "texture": "#west" },
        "east":  { "uv": [ 6, 13, 5, 14 ], "texture": "#east" }
    }
},
{
    "from": [ 5, 4, 5 ],
    "to": [ 6, 7, 6 ],
    "__comment": "1",
    "faces": {
        "down":  { "uv": [ 5, 11, 6, 12 ], "texture": "#down" },
        "up":    { "uv": [ 5, 9, 6, 10 ], "texture": "#up" },
        "north": { "uv": [ 6, 9, 5, 12 ], "texture": "#north" },
        "south": { "uv": [ 5, 9, 6, 12 ], "texture": "#south" },
        "west":  { "uv": [ 5, 9, 6, 12 ], "texture": "#west" },
        "east":  { "uv": [ 6, 9, 5, 12 ], "texture": "#east" }
    }
},
{
    "from": [ 5, 8, 5 ],
    "to": [ 6, 9, 6 ],
    "__comment": "1",
    "faces": {
        "down":  { "uv": [ 5, 8, 6, 7 ], "texture": "#down" },
        "up":    { "uv": [ 5, 7, 6, 8 ], "texture": "#up" },
        "north": { "uv": [ 5, 7, 6, 8 ], "texture": "#north" },
        "south": { "uv": [ 5, 8, 6, 7 ], "texture": "#south" },
        "west":  { "uv": [ 5, 7, 6, 8 ], "texture": "#west" },
        "east":  { "uv": [ 6, 7, 5, 8 ], "texture": "#east" }
    }
},
{
    "from": [ 5, 10, 5 ],
    "to": [ 6, 11, 6 ],
    "__comment": "1",
    "faces": {
        "down":  { "uv": [ 5, 6, 6, 5 ], "texture": "#down" },
        "up":    { "uv": [ 5, 5, 6, 6 ], "texture": "#up" },
        "north": { "uv": [ 5, 5, 6, 6 ], "texture": "#north" },
        "south": { "uv": [ 5, 6, 6, 5 ], "texture": "#south" },
        "west":  { "uv": [ 5, 5, 6, 6 ], "texture": "#west" },
        "east":  { "uv": [ 6, 5, 5, 6 ], "texture": "#east" }
    }
},
{
    "from": [ 4, 3, 4 ],
    "to": [ 5, 4, 5 ],
    "__comment": "1",
    "faces": {
        "down":  { "uv": [ 4, 13, 5, 12 ], "texture": "#down" },
        "up":    { "uv": [ 4, 12, 5, 13 ], "texture": "#up" },
        "north": { "uv": [ 4, 12, 5, 13 ], "texture": "#north" },
        "south": { "uv": [ 4, 13, 5, 12 ], "texture": "#south" },
        "west":  { "uv": [ 4, 12, 5, 13 ], "texture": "#west" },
        "east":  { "uv": [ 5, 12, 4, 13 ], "texture": "#east" }
    }
},
{
    "from": [ 5, 13, 5 ],
    "to": [ 6, 14, 6 ],
    "__comment": "1",
    "faces": {
        "down":  { "uv": [ 5, 3, 6, 2 ], "texture": "#down" },
        "up":    { "uv": [ 5, 2, 6, 3 ], "texture": "#up" },
        "north": { "uv": [ 5, 2, 6, 3 ], "texture": "#north" },
        "south": { "uv": [ 5, 3, 6, 2 ], "texture": "#south" },
        "west":  { "uv": [ 5, 2, 6, 3 ], "texture": "#west" },
        "east":  { "uv": [ 6, 2, 5, 3 ], "texture": "#east" }
    }
},
{
    "from": [ 4, 7, 4 ],
    "to": [ 5, 10, 5 ],
    "__comment": "1",
    "faces": {
        "down":  { "uv": [ 4, 8, 5, 9 ], "texture": "#down" },
        "up":    { "uv": [ 4, 6, 5, 7 ], "texture": "#up" },
        "north": { "uv": [ 5, 6, 4, 9 ], "texture": "#north" },
        "south": { "uv": [ 4, 6, 5, 9 ], "texture": "#south" },
        "west":  { "uv": [ 4, 6, 5, 9 ], "texture": "#west" },
        "east":  { "uv": [ 5, 6, 4, 9 ], "texture": "#east" }
    }
},
{
    "from": [ 4, 11, 4 ],
    "to": [ 5, 12, 5 ],
    "__comment": "1",
    "faces": {
        "down":  { "uv": [ 4, 5, 5, 4 ], "texture": "#down" },
        "up":    { "uv": [ 4, 4, 5, 5 ], "texture": "#up" },
        "north": { "uv": [ 4, 4, 5, 5 ], "texture": "#north" },
        "south": { "uv": [ 4, 5, 5, 4 ], "texture": "#south" },
        "west":  { "uv": [ 4, 4, 5, 5 ], "texture": "#west" },
        "east":  { "uv": [ 5, 4, 4, 5 ], "texture": "#east" }
    }
},
{
    "from": [ 4, 13, 4 ],
    "to": [ 5, 14, 5 ],
    "__comment": "1",
    "faces": {
        "down":  { "uv": [ 4, 3, 5, 2 ], "texture": "#down" },
        "up":    { "uv": [ 4, 2, 5, 3 ], "texture": "#up" },
        "north": { "uv": [ 4, 2, 5, 3 ], "texture": "#north" },
        "south": { "uv": [ 4, 3, 5, 2 ], "texture": "#south" },
        "west":  { "uv": [ 4, 2, 5, 3 ], "texture": "#west" },
        "east":  { "uv": [ 5, 2, 4, 3 ], "texture": "#east" }
    }
},
{
    "from": [ 3, 3, 3 ],
    "to": [ 4, 5, 4 ],
    "__comment": "1",
    "faces": {
        "down":  { "uv": [ 3, 12, 4, 13 ], "texture": "#down" },
        "up":    { "uv": [ 3, 11, 4, 12 ], "texture": "#up" },
        "north": { "uv": [ 4, 11, 3, 13 ], "texture": "#north" },
        "south": { "uv": [ 3, 11, 4, 13 ], "texture": "#south" },
        "west":  { "uv": [ 3, 11, 4, 13 ], "texture": "#west" },
        "east":  { "uv": [ 4, 11, 3, 13 ], "texture": "#east" }
    }
},
{
    "from": [ 3, 8, 3 ],
    "to": [ 4, 9, 4 ],
    "__comment": "1",
    "faces": {
        "down":  { "uv": [ 3, 8, 4, 7 ], "texture": "#down" },
        "up":    { "uv": [ 3, 7, 4, 8 ], "texture": "#up" },
        "north": { "uv": [ 3, 7, 4, 8 ], "texture": "#north" },
        "south": { "uv": [ 3, 8, 4, 7 ], "texture": "#south" },
        "west":  { "uv": [ 3, 7, 4, 8 ], "texture": "#west" },
        "east":  { "uv": [ 4, 7, 3, 8 ], "texture": "#east" }
    }
},
{
    "from": [ 3, 11, 3 ],
    "to": [ 4, 14, 4 ],
    "__comment": "1",
    "faces": {
        "down":  { "uv": [ 3, 4, 4, 5 ], "texture": "#down" },
        "up":    { "uv": [ 3, 2, 4, 3 ], "texture": "#up" },
        "north": { "uv": [ 4, 2, 3, 5 ], "texture": "#north" },
        "south": { "uv": [ 3, 2, 4, 5 ], "texture": "#south" },
        "west":  { "uv": [ 3, 2, 4, 5 ], "texture": "#west" },
        "east":  { "uv": [ 4, 2, 3, 5 ], "texture": "#east" }
    }
},
{
    "from": [ 2, 2, 2 ],
    "to": [ 3, 3, 3 ],
    "__comment": "1",
    "faces": {
        "down":  { "uv": [ 2, 14, 3, 13 ], "texture": "#down" },
        "up":    { "uv": [ 2, 13, 3, 14 ], "texture": "#up" },
        "north": { "uv": [ 2, 13, 3, 14 ], "texture": "#north" },
        "south": { "uv": [ 2, 14, 3, 13 ], "texture": "#south" },
        "west":  { "uv": [ 2, 13, 3, 14 ], "texture": "#west" },
        "east":  { "uv": [ 3, 13, 2, 14 ], "texture": "#east" }
    }
},
{
    "from": [ 1, 1, 1 ],
    "to": [ 2, 2, 2 ],
    "__comment": "1",
    "faces": {
        "down":  { "uv": [ 1, 15, 2, 14 ], "texture": "#down" },
        "up":    { "uv": [ 1, 14, 2, 15 ], "texture": "#up" },
        "north": { "uv": [ 1, 14, 2, 15 ], "texture": "#north" },
        "south": { "uv": [ 1, 15, 2, 14 ], "texture": "#south" },
        "west":  { "uv": [ 1, 14, 2, 15 ], "texture": "#west" },
        "east":  { "uv": [ 2, 14, 1, 15 ], "texture": "#east" }
    }
},
{
    "from": [ 2, 5, 2 ],
    "to": [ 3, 7, 3 ],
    "__comment": "1",
    "faces": {
        "down":  { "uv": [ 2, 10, 3, 11 ], "texture": "#down" },
        "up":    { "uv": [ 2, 9, 3, 10 ], "texture": "#up" },
        "north": { "uv": [ 3, 9, 2, 11 ], "texture": "#north" },
        "south": { "uv": [ 2, 9, 3, 11 ], "texture": "#south" },
        "west":  { "uv": [ 2, 9, 3, 11 ], "texture": "#west" },
        "east":  { "uv": [ 3, 9, 2, 11 ], "texture": "#east" }
    }
},
{
    "from": [ 2, 8, 2 ],
    "to": [ 3, 11, 3 ],
    "__comment": "1",
    "faces": {
        "down":  { "uv": [ 2, 7, 3, 8 ], "texture": "#down" },
        "up":    { "uv": [ 2, 5, 3, 6 ], "texture": "#up" },
        "north": { "uv": [ 3, 5, 2, 8 ], "texture": "#north" },
        "south": { "uv": [ 2, 5, 3, 8 ], "texture": "#south" },
        "west":  { "uv": [ 2, 5, 3, 8 ], "texture": "#west" },
        "east":  { "uv": [ 3, 5, 2, 8 ], "texture": "#east" }
    }
},
{
    "from": [ 2, 13, 2 ],
    "to": [ 3, 14, 3 ],
    "__comment": "1",
    "faces": {
        "down":  { "uv": [ 2, 3, 3, 2 ], "texture": "#down" },
        "up":    { "uv": [ 2, 2, 3, 3 ], "texture": "#up" },
        "north": { "uv": [ 2, 2, 3, 3 ], "texture": "#north" },
        "south": { "uv": [ 2, 3, 3, 2 ], "texture": "#south" },
        "west":  { "uv": [ 2, 2, 3, 3 ], "texture": "#west" },
        "east":  { "uv": [ 3, 2, 2, 3 ], "texture": "#east" }
    }
},
{
    "from": [ 0, 0, 0 ],
    "to": [ 1, 1, 1 ],
    "__comment": "1",
    "faces": {
        "down":  { "uv": [ 0, 16, 1, 15 ], "texture": "#down" },
        "up":    { "uv": [ 0, 15, 1, 16 ], "texture": "#up" },
        "north": { "uv": [ 0, 15, 1, 16 ], "texture": "#north" },
        "south": { "uv": [ 0, 16, 1, 15 ], "texture": "#south" },
        "west":  { "uv": [ 0, 15, 1, 16 ], "texture": "#west" },
        "east":  { "uv": [ 1, 15, 0, 16 ], "texture": "#east" }
    }
},
{
    "from": [ 0, 8, 0 ],
    "to": [ 1, 9, 1 ],
    "__comment": "1",
    "faces": {
        "down":  { "uv": [ 0, 0, 1, 1 ], "texture": "#down" },
        "up":    { "uv": [ 0, 7, 1, 8 ], "texture": "#up" },
        "north": { "uv": [ 1, 7, 0, 8 ], "texture": "#north" },
        "south": { "uv": [ 0, 7, 1, 8 ], "texture": "#south" },
        "west":  { "uv": [ 0, 7, 1, 8 ], "texture": "#west" },
        "east":  { "uv": [ 1, 7, 0, 8 ], "texture": "#east" }
    }
},
{
    "from": [ 1, 14, 1 ],
    "to": [ 2, 15, 2 ],
    "__comment": "1",
    "faces": {
        "down":  { "uv": [ 1, 2, 2, 1 ], "texture": "#down" },
        "up":    { "uv": [ 1, 1, 2, 2 ], "texture": "#up" },
        "north": { "uv": [ 1, 1, 2, 2 ], "texture": "#north" },
        "south": { "uv": [ 1, 2, 2, 1 ], "texture": "#south" },
        "west":  { "uv": [ 1, 1, 2, 2 ], "texture": "#west" },
        "east":  { "uv": [ 2, 1, 1, 2 ], "texture": "#east" }
    }
},
{
    "from": [ 0, 15, 0 ],
    "to": [ 1, 16, 1 ],
    "__comment": "1",
    "faces": {
        "down":  { "uv": [ 0, 1, 1, 0 ], "texture": "#down" },
        "up":    { "uv": [ 0, 0, 1, 1 ], "texture": "#up" },
        "north": { "uv": [ 0, 0, 1, 1 ], "texture": "#north" },
        "south": { "uv": [ 0, 1, 1, 0 ], "texture": "#south" },
        "west":  { "uv": [ 0, 0, 1, 1 ], "texture": "#west" },
        "east":  { "uv": [ 1, 0, 0, 1 ], "texture": "#east" }
    }
},
{
    "from": [ 0, 0, 15 ],
    "to": [ 1, 1, 16 ],
    "__comment": "1",
    "faces": {
        "down":  { "uv": [ 15, 16, 16, 15 ], "texture": "#down" },
        "up":    { "uv": [ 15, 15, 16, 16 ], "texture": "#up" },
        "north": { "uv": [ 15, 15, 16, 16 ], "texture": "#north" },
        "south": { "uv": [ 15, 16, 16, 15 ], "texture": "#south" },
        "west":  { "uv": [ 15, 15, 16, 16 ], "texture": "#west" },
        "east":  { "uv": [ 16, 15, 15, 16 ], "texture": "#east" }
    }
},
{
    "from": [ 0, 6, 15 ],
    "to": [ 1, 9, 16 ],
    "__comment": "1",
    "faces": {
        "down":  { "uv": [ 15, 9, 16, 10 ], "texture": "#down" },
        "up":    { "uv": [ 15, 7, 16, 8 ], "texture": "#up" },
        "north": { "uv": [ 16, 7, 15, 10 ], "texture": "#north" },
        "south": { "uv": [ 15, 7, 16, 10 ], "texture": "#south" },
        "west":  { "uv": [ 15, 7, 16, 10 ], "texture": "#west" },
        "east":  { "uv": [ 16, 7, 15, 10 ], "texture": "#east" }
    }
},
{
    "from": [ 0, 15, 15 ],
    "to": [ 1, 16, 16 ],
    "__comment": "1",
    "faces": {
        "down":  { "uv": [ 15, 1, 16, 0 ], "texture": "#down" },
        "up":    { "uv": [ 15, 0, 16, 1 ], "texture": "#up" },
        "north": { "uv": [ 15, 0, 16, 1 ], "texture": "#north" },
        "south": { "uv": [ 15, 1, 16, 0 ], "texture": "#south" },
        "west":  { "uv": [ 15, 0, 16, 1 ], "texture": "#west" },
        "east":  { "uv": [ 16, 0, 15, 1 ], "texture": "#east" }
    }
},
{
    "from": [ 1, 1, 14 ],
    "to": [ 2, 2, 15 ],
    "__comment": "1",
    "faces": {
        "down":  { "uv": [ 14, 15, 15, 14 ], "texture": "#down" },
        "up":    { "uv": [ 14, 14, 15, 15 ], "texture": "#up" },
        "north": { "uv": [ 14, 14, 15, 15 ], "texture": "#north" },
        "south": { "uv": [ 14, 15, 15, 14 ], "texture": "#south" },
        "west":  { "uv": [ 14, 14, 15, 15 ], "texture": "#west" },
        "east":  { "uv": [ 15, 14, 14, 15 ], "texture": "#east" }
    }
},
{
    "from": [ 1, 4, 14 ],
    "to": [ 2, 6, 15 ],
    "__comment": "1",
    "faces": {
        "down":  { "uv": [ 14, 11, 15, 12 ], "texture": "#down" },
        "up":    { "uv": [ 14, 10, 15, 11 ], "texture": "#up" },
        "north": { "uv": [ 15, 10, 14, 12 ], "texture": "#north" },
        "south": { "uv": [ 14, 10, 15, 12 ], "texture": "#south" },
        "west":  { "uv": [ 14, 10, 15, 12 ], "texture": "#west" },
        "east":  { "uv": [ 15, 10, 14, 12 ], "texture": "#east" }
    }
},
{
    "from": [ 1, 7, 14 ],
    "to": [ 2, 8, 15 ],
    "__comment": "1",
    "faces": {
        "down":  { "uv": [ 14, 9, 15, 8 ], "texture": "#down" },
        "up":    { "uv": [ 14, 8, 15, 9 ], "texture": "#up" },
        "north": { "uv": [ 14, 8, 15, 9 ], "texture": "#north" },
        "south": { "uv": [ 14, 9, 15, 8 ], "texture": "#south" },
        "west":  { "uv": [ 14, 8, 15, 9 ], "texture": "#west" },
        "east":  { "uv": [ 15, 8, 14, 9 ], "texture": "#east" }
    }
},
{
    "from": [ 1, 9, 14 ],
    "to": [ 2, 11, 15 ],
    "__comment": "1",
    "faces": {
        "down":  { "uv": [ 14, 6, 15, 7 ], "texture": "#down" },
        "up":    { "uv": [ 14, 5, 15, 6 ], "texture": "#up" },
        "north": { "uv": [ 15, 5, 14, 7 ], "texture": "#north" },
        "south": { "uv": [ 14, 5, 15, 7 ], "texture": "#south" },
        "west":  { "uv": [ 14, 5, 15, 7 ], "texture": "#west" },
        "east":  { "uv": [ 15, 5, 14, 7 ], "texture": "#east" }
    }
},
{
    "from": [ 1, 14, 14 ],
    "to": [ 2, 15, 15 ],
    "__comment": "1",
    "faces": {
        "down":  { "uv": [ 14, 2, 15, 1 ], "texture": "#down" },
        "up":    { "uv": [ 14, 1, 15, 2 ], "texture": "#up" },
        "north": { "uv": [ 14, 1, 15, 2 ], "texture": "#north" },
        "south": { "uv": [ 14, 2, 15, 1 ], "texture": "#south" },
        "west":  { "uv": [ 14, 1, 15, 2 ], "texture": "#west" },
        "east":  { "uv": [ 15, 1, 14, 2 ], "texture": "#east" }
    }
},
{
    "from": [ 2, 2, 13 ],
    "to": [ 3, 4, 14 ],
    "__comment": "1",
    "faces": {
        "down":  { "uv": [ 13, 13, 14, 14 ], "texture": "#down" },
        "up":    { "uv": [ 13, 12, 14, 13 ], "texture": "#up" },
        "north": { "uv": [ 14, 12, 13, 14 ], "texture": "#north" },
        "south": { "uv": [ 13, 12, 14, 14 ], "texture": "#south" },
        "west":  { "uv": [ 13, 12, 14, 14 ], "texture": "#west" },
        "east":  { "uv": [ 14, 12, 13, 14 ], "texture": "#east" }
    }
},
{
    "from": [ 2, 7, 13 ],
    "to": [ 3, 8, 14 ],
    "__comment": "1",
    "faces": {
        "down":  { "uv": [ 13, 9, 14, 8 ], "texture": "#down" },
        "up":    { "uv": [ 13, 8, 14, 9 ], "texture": "#up" },
        "north": { "uv": [ 13, 8, 14, 9 ], "texture": "#north" },
        "south": { "uv": [ 13, 9, 14, 8 ], "texture": "#south" },
        "west":  { "uv": [ 13, 8, 14, 9 ], "texture": "#west" },
        "east":  { "uv": [ 14, 8, 13, 9 ], "texture": "#east" }
    }
},
{
    "from": [ 2, 11, 13 ],
    "to": [ 3, 12, 14 ],
    "__comment": "1",
    "faces": {
        "down":  { "uv": [ 13, 5, 14, 4 ], "texture": "#down" },
        "up":    { "uv": [ 13, 4, 14, 5 ], "texture": "#up" },
        "north": { "uv": [ 13, 4, 14, 5 ], "texture": "#north" },
        "south": { "uv": [ 13, 5, 14, 4 ], "texture": "#south" },
        "west":  { "uv": [ 13, 4, 14, 5 ], "texture": "#west" },
        "east":  { "uv": [ 14, 4, 13, 5 ], "texture": "#east" }
    }
},
{
    "from": [ 2, 13, 13 ],
    "to": [ 3, 14, 14 ],
    "__comment": "1",
    "faces": {
        "down":  { "uv": [ 13, 3, 14, 2 ], "texture": "#down" },
        "up":    { "uv": [ 13, 2, 14, 3 ], "texture": "#up" },
        "north": { "uv": [ 13, 2, 14, 3 ], "texture": "#north" },
        "south": { "uv": [ 13, 3, 14, 2 ], "texture": "#south" },
        "west":  { "uv": [ 13, 2, 14, 3 ], "texture": "#west" },
        "east":  { "uv": [ 14, 2, 13, 3 ], "texture": "#east" }
    }
},
{
    "from": [ 3, 2, 12 ],
    "to": [ 4, 4, 13 ],
    "__comment": "1",
    "faces": {
        "down":  { "uv": [ 12, 13, 13, 14 ], "texture": "#down" },
        "up":    { "uv": [ 12, 12, 13, 13 ], "texture": "#up" },
        "north": { "uv": [ 13, 12, 12, 14 ], "texture": "#north" },
        "south": { "uv": [ 12, 12, 13, 14 ], "texture": "#south" },
        "west":  { "uv": [ 12, 12, 13, 14 ], "texture": "#west" },
        "east":  { "uv": [ 13, 12, 12, 14 ], "texture": "#east" }
    }
},
{
    "from": [ 3, 5, 12 ],
    "to": [ 4, 9, 13 ],
    "__comment": "1",
    "faces": {
        "down":  { "uv": [ 12, 10, 13, 11 ], "texture": "#down" },
        "up":    { "uv": [ 12, 7, 13, 8 ], "texture": "#up" },
        "north": { "uv": [ 13, 7, 12, 11 ], "texture": "#north" },
        "south": { "uv": [ 12, 7, 13, 11 ], "texture": "#south" },
        "west":  { "uv": [ 12, 7, 13, 11 ], "texture": "#west" },
        "east":  { "uv": [ 13, 7, 12, 11 ], "texture": "#east" }
    }
},
{
    "from": [ 3, 12, 12 ],
    "to": [ 4, 13, 13 ],
    "__comment": "1",
    "faces": {
        "down":  { "uv": [ 12, 4, 13, 3 ], "texture": "#down" },
        "up":    { "uv": [ 12, 3, 13, 4 ], "texture": "#up" },
        "north": { "uv": [ 12, 3, 13, 4 ], "texture": "#north" },
        "south": { "uv": [ 12, 4, 13, 3 ], "texture": "#south" },
        "west":  { "uv": [ 12, 3, 13, 4 ], "texture": "#west" },
        "east":  { "uv": [ 13, 3, 12, 4 ], "texture": "#east" }
    }
},
{
    "from": [ 4, 2, 11 ],
    "to": [ 5, 3, 12 ],
    "__comment": "1",
    "faces": {
        "down":  { "uv": [ 11, 14, 12, 13 ], "texture": "#down" },
        "up":    { "uv": [ 11, 13, 12, 14 ], "texture": "#up" },
        "north": { "uv": [ 11, 13, 12, 14 ], "texture": "#north" },
        "south": { "uv": [ 11, 14, 12, 13 ], "texture": "#south" },
        "west":  { "uv": [ 11, 13, 12, 14 ], "texture": "#west" },
        "east":  { "uv": [ 12, 13, 11, 14 ], "texture": "#east" }
    }
},
{
    "from": [ 4, 4, 11 ],
    "to": [ 5, 5, 12 ],
    "__comment": "1",
    "faces": {
        "down":  { "uv": [ 11, 12, 12, 11 ], "texture": "#down" },
        "up":    { "uv": [ 11, 11, 12, 12 ], "texture": "#up" },
        "north": { "uv": [ 11, 11, 12, 12 ], "texture": "#north" },
        "south": { "uv": [ 11, 12, 12, 11 ], "texture": "#south" },
        "west":  { "uv": [ 11, 11, 12, 12 ], "texture": "#west" },
        "east":  { "uv": [ 12, 11, 11, 12 ], "texture": "#east" }
    }
},
{
    "from": [ 4, 7, 11 ],
    "to": [ 5, 8, 12 ],
    "__comment": "1",
    "faces": {
        "down":  { "uv": [ 4, 11, 5, 12 ], "texture": "#down" },
        "up":    { "uv": [ 4, 11, 5, 12 ], "texture": "#up" },
        "north": { "uv": [ 5, 8, 4, 9 ], "texture": "#north" },
        "south": { "uv": [ 4, 8, 5, 9 ], "texture": "#south" },
        "west":  { "uv": [ 11, 8, 12, 9 ], "texture": "#west" },
        "east":  { "uv": [ 12, 8, 11, 9 ], "texture": "#east" }
    }
},
{
    "from": [ 4, 9, 11 ],
    "to": [ 5, 10, 12 ],
    "__comment": "1",
    "faces": {
        "down":  { "uv": [ 11, 7, 12, 6 ], "texture": "#down" },
        "up":    { "uv": [ 11, 6, 12, 7 ], "texture": "#up" },
        "north": { "uv": [ 11, 6, 12, 7 ], "texture": "#north" },
        "south": { "uv": [ 11, 7, 12, 6 ], "texture": "#south" },
        "west":  { "uv": [ 11, 6, 12, 7 ], "texture": "#west" },
        "east":  { "uv": [ 12, 6, 11, 7 ], "texture": "#east" }
    }
},
{
    "from": [ 4, 11, 11 ],
    "to": [ 5, 12, 12 ],
    "__comment": "1",
    "faces": {
        "down":  { "uv": [ 11, 5, 12, 4 ], "texture": "#down" },
        "up":    { "uv": [ 11, 4, 12, 5 ], "texture": "#up" },
        "north": { "uv": [ 11, 4, 12, 5 ], "texture": "#north" },
        "south": { "uv": [ 11, 5, 12, 4 ], "texture": "#south" },
        "west":  { "uv": [ 11, 4, 12, 5 ], "texture": "#west" },
        "east":  { "uv": [ 12, 4, 11, 5 ], "texture": "#east" }
    }
},
{
    "from": [ 4, 13, 11 ],
    "to": [ 5, 14, 12 ],
    "__comment": "1",
    "faces": {
        "down":  { "uv": [ 11, 3, 12, 2 ], "texture": "#down" },
        "up":    { "uv": [ 11, 2, 12, 3 ], "texture": "#up" },
        "north": { "uv": [ 11, 2, 12, 3 ], "texture": "#north" },
        "south": { "uv": [ 11, 3, 12, 2 ], "texture": "#south" },
        "west":  { "uv": [ 11, 2, 12, 3 ], "texture": "#west" },
        "east":  { "uv": [ 12, 2, 11, 3 ], "texture": "#east" }
    }
},
{
    "from": [ 5, 2, 10 ],
    "to": [ 6, 3, 11 ],
    "__comment": "1",
    "faces": {
        "down":  { "uv": [ 10, 14, 11, 13 ], "texture": "#down" },
        "up":    { "uv": [ 10, 13, 11, 14 ], "texture": "#up" },
        "north": { "uv": [ 10, 13, 11, 14 ], "texture": "#north" },
        "south": { "uv": [ 10, 14, 11, 13 ], "texture": "#south" },
        "west":  { "uv": [ 10, 13, 11, 14 ], "texture": "#west" },
        "east":  { "uv": [ 11, 13, 10, 14 ], "texture": "#east" }
    }
},
{
    "from": [ 5, 4, 10 ],
    "to": [ 6, 6, 11 ],
    "__comment": "1",
    "faces": {
        "down":  { "uv": [ 10, 11, 11, 12 ], "texture": "#down" },
        "up":    { "uv": [ 10, 10, 11, 11 ], "texture": "#up" },
        "north": { "uv": [ 11, 10, 10, 12 ], "texture": "#north" },
        "south": { "uv": [ 10, 10, 11, 12 ], "texture": "#south" },
        "west":  { "uv": [ 10, 10, 11, 12 ], "texture": "#west" },
        "east":  { "uv": [ 11, 10, 10, 12 ], "texture": "#east" }
    }
},
{
    "from": [ 5, 7, 10 ],
    "to": [ 6, 8, 11 ],
    "__comment": "1",
    "faces": {
        "down":  { "uv": [ 10, 9, 11, 8 ], "texture": "#down" },
        "up":    { "uv": [ 10, 8, 11, 9 ], "texture": "#up" },
        "north": { "uv": [ 10, 8, 11, 9 ], "texture": "#north" },
        "south": { "uv": [ 10, 9, 11, 8 ], "texture": "#south" },
        "west":  { "uv": [ 10, 8, 11, 9 ], "texture": "#west" },
        "east":  { "uv": [ 11, 8, 10, 9 ], "texture": "#east" }
    }
},
{
    "from": [ 5, 10, 10 ],
    "to": [ 6, 11, 11 ],
    "__comment": "1",
    "faces": {
        "down":  { "uv": [ 10, 6, 11, 5 ], "texture": "#down" },
        "up":    { "uv": [ 10, 5, 11, 6 ], "texture": "#up" },
        "north": { "uv": [ 10, 5, 11, 6 ], "texture": "#north" },
        "south": { "uv": [ 10, 6, 11, 5 ], "texture": "#south" },
        "west":  { "uv": [ 10, 5, 11, 6 ], "texture": "#west" },
        "east":  { "uv": [ 11, 5, 10, 6 ], "texture": "#east" }
    }
},
{
    "from": [ 5, 14, 10 ],
    "to": [ 6, 15, 11 ],
    "__comment": "1",
    "faces": {
        "down":  { "uv": [ 10, 2, 11, 1 ], "texture": "#down" },
        "up":    { "uv": [ 10, 1, 11, 2 ], "texture": "#up" },
        "north": { "uv": [ 10, 1, 11, 2 ], "texture": "#north" },
        "south": { "uv": [ 10, 2, 11, 1 ], "texture": "#south" },
        "west":  { "uv": [ 10, 1, 11, 2 ], "texture": "#west" },
        "east":  { "uv": [ 11, 1, 10, 2 ], "texture": "#east" }
    }
},
{
    "from": [ 6, 1, 9 ],
    "to": [ 7, 2, 10 ],
    "__comment": "1",
    "faces": {
        "down":  { "uv": [ 9, 15, 10, 14 ], "texture": "#down" },
        "up":    { "uv": [ 9, 14, 10, 15 ], "texture": "#up" },
        "north": { "uv": [ 9, 14, 10, 15 ], "texture": "#north" },
        "south": { "uv": [ 9, 15, 10, 14 ], "texture": "#south" },
        "west":  { "uv": [ 9, 14, 10, 15 ], "texture": "#west" },
        "east":  { "uv": [ 10, 14, 9, 15 ], "texture": "#east" }
    }
},
{
    "from": [ 6, 4, 9 ],
    "to": [ 7, 5, 10 ],
    "__comment": "1",
    "faces": {
        "down":  { "uv": [ 9, 12, 10, 11 ], "texture": "#down" },
        "up":    { "uv": [ 9, 11, 10, 12 ], "texture": "#up" },
        "north": { "uv": [ 9, 11, 10, 12 ], "texture": "#north" },
        "south": { "uv": [ 9, 12, 10, 11 ], "texture": "#south" },
        "west":  { "uv": [ 9, 11, 10, 12 ], "texture": "#west" },
        "east":  { "uv": [ 10, 11, 9, 12 ], "texture": "#east" }
    }
},
{
    "from": [ 6, 6, 9 ],
    "to": [ 7, 8, 10 ],
    "__comment": "1",
    "faces": {
        "down":  { "uv": [ 9, 9, 10, 10 ], "texture": "#down" },
        "up":    { "uv": [ 9, 8, 10, 9 ], "texture": "#up" },
        "north": { "uv": [ 10, 8, 9, 10 ], "texture": "#north" },
        "south": { "uv": [ 9, 8, 10, 10 ], "texture": "#south" },
        "west":  { "uv": [ 9, 8, 10, 10 ], "texture": "#west" },
        "east":  { "uv": [ 10, 8, 9, 10 ], "texture": "#east" }
    }
},
{
    "from": [ 6, 9, 9 ],
    "to": [ 7, 10, 10 ],
    "__comment": "1",
    "faces": {
        "down":  { "uv": [ 9, 7, 10, 6 ], "texture": "#down" },
        "up":    { "uv": [ 9, 6, 10, 7 ], "texture": "#up" },
        "north": { "uv": [ 9, 6, 10, 7 ], "texture": "#north" },
        "south": { "uv": [ 9, 7, 10, 6 ], "texture": "#south" },
        "west":  { "uv": [ 9, 6, 10, 7 ], "texture": "#west" },
        "east":  { "uv": [ 10, 6, 9, 7 ], "texture": "#east" }
    }
},
{
    "from": [ 6, 11, 9 ],
    "to": [ 7, 12, 10 ],
    "__comment": "1",
    "faces": {
        "down":  { "uv": [ 9, 5, 10, 4 ], "texture": "#down" },
        "up":    { "uv": [ 9, 4, 10, 5 ], "texture": "#up" },
        "north": { "uv": [ 9, 4, 10, 5 ], "texture": "#north" },
        "south": { "uv": [ 9, 5, 10, 4 ], "texture": "#south" },
        "west":  { "uv": [ 9, 4, 10, 5 ], "texture": "#west" },
        "east":  { "uv": [ 10, 4, 9, 5 ], "texture": "#east" }
    }
},
{
    "from": [ 6, 14, 9 ],
    "to": [ 7, 15, 10 ],
    "__comment": "1",
    "faces": {
        "down":  { "uv": [ 9, 2, 10, 1 ], "texture": "#down" },
        "up":    { "uv": [ 9, 1, 10, 2 ], "texture": "#up" },
        "north": { "uv": [ 9, 1, 10, 2 ], "texture": "#north" },
        "south": { "uv": [ 9, 2, 10, 1 ], "texture": "#south" },
        "west":  { "uv": [ 9, 1, 10, 2 ], "texture": "#west" },
        "east":  { "uv": [ 10, 1, 9, 2 ], "texture": "#east" }
    }
},
{
    "from": [ 7, 1, 8 ],
    "to": [ 8, 2, 9 ],
    "__comment": "1",
    "faces": {
        "down":  { "uv": [ 8, 15, 9, 14 ], "texture": "#down" },
        "up":    { "uv": [ 8, 14, 9, 15 ], "texture": "#up" },
        "south": { "uv": [ 8, 15, 9, 14 ], "texture": "#south" },
        "west":  { "uv": [ 8, 14, 9, 15 ], "texture": "#west" }
    }
},
{
    "from": [ 7, 3, 8 ],
    "to": [ 8, 4, 9 ],
    "__comment": "1",
    "faces": {
        "down":  { "uv": [ 8, 13, 9, 12 ], "texture": "#down" },
        "up":    { "uv": [ 8, 12, 9, 13 ], "texture": "#up" },
        "south": { "uv": [ 8, 13, 9, 12 ], "texture": "#south" },
        "west":  { "uv": [ 8, 12, 9, 13 ], "texture": "#west" }
    }
},
{
    "from": [ 7, 7, 8 ],
    "to": [ 8, 9, 9 ],
    "__comment": "1",
    "faces": {
        "down":  { "uv": [ 8, 8, 9, 9 ], "texture": "#down" },
        "up":    { "uv": [ 8, 7, 9, 8 ], "texture": "#up" },
        "south": { "uv": [ 8, 7, 9, 9 ], "texture": "#south" },
        "west":  { "uv": [ 8, 7, 9, 9 ], "texture": "#west" }
    }
},
{
    "from": [ 7, 12, 8 ],
    "to": [ 8, 16, 9 ],
    "__comment": "1",
    "faces": {
        "down":  { "uv": [ 8, 3, 9, 4 ], "texture": "#down" },
        "up":    { "uv": [ 8, 0, 9, 1 ], "texture": "#up" },
        "north": { "uv": [ 9, 0, 8, 4 ], "texture": "#north" },
        "south": { "uv": [ 8, 0, 9, 4 ], "texture": "#south" },
        "west":  { "uv": [ 8, 0, 9, 4 ], "texture": "#west" }
    }
},
{
    "from": [ 8, 1, 7 ],
    "to": [ 9, 2, 8 ],
    "__comment": "1",
    "faces": {
        "down":  { "uv": [ 7, 15, 8, 14 ], "texture": "#down" },
        "up":    { "uv": [ 7, 14, 8, 15 ], "texture": "#up" },
        "north": { "uv": [ 7, 14, 8, 15 ], "texture": "#north" },
        "east":  { "uv": [ 8, 14, 7, 15 ], "texture": "#east" }
    }
},
{
    "from": [ 8, 3, 7 ],
    "to": [ 9, 13, 8 ],
    "__comment": "1",
    "faces": {
        "down":  { "uv": [ 7, 12, 8, 13 ], "texture": "#down" },
        "up":    { "uv": [ 7, 3, 8, 4 ], "texture": "#up" },
        "north": { "uv": [ 8, 3, 7, 13 ], "texture": "#north" },
        "south": { "uv": [ 7, 3, 8, 13 ], "texture": "#south" },
        "east":  { "uv": [ 8, 3, 7, 13 ], "texture": "#east" }
    }
},
{
    "from": [ 8, 14, 7 ],
    "to": [ 9, 15, 8 ],
    "__comment": "1",
    "faces": {
        "down":  { "uv": [ 7, 2, 8, 1 ], "texture": "#down" },
        "up":    { "uv": [ 7, 1, 8, 2 ], "texture": "#up" },
        "north": { "uv": [ 7, 1, 8, 2 ], "texture": "#north" },
        "east":  { "uv": [ 8, 1, 7, 2 ], "texture": "#east" }
    }
},
{
    "from": [ 14, 7, 1 ],
    "to": [ 15, 9, 2 ],
    "__comment": "1",
    "faces": {
        "down":  { "uv": [ 1, 8, 2, 9 ], "texture": "#down" },
        "up":    { "uv": [ 1, 7, 2, 8 ], "texture": "#up" },
        "north": { "uv": [ 1, 7, 2, 9 ], "texture": "#north" },
        "south": { "uv": [ 1, 7, 2, 9 ], "texture": "#south" },
        "west":  { "uv": [ 1, 7, 2, 9 ], "texture": "#west" },
        "east":  { "uv": [ 1, 7, 2, 9 ], "texture": "#east" }
    }
},
{
    "from": [ 9, 0, 6 ],
    "to": [ 10, 4, 7 ],
    "__comment": "1",
    "faces": {
        "down":  { "uv": [ 6, 15, 7, 16 ], "texture": "#down" },
        "up":    { "uv": [ 6, 12, 7, 13 ], "texture": "#up" },
        "north": { "uv": [ 7, 12, 6, 16 ], "texture": "#north" },
        "south": { "uv": [ 6, 12, 7, 16 ], "texture": "#south" },
        "west":  { "uv": [ 6, 12, 7, 16 ], "texture": "#west" },
        "east":  { "uv": [ 7, 12, 6, 16 ], "texture": "#east" }
    }
},
{
    "from": [ 9, 6, 6 ],
    "to": [ 10, 7, 7 ],
    "__comment": "1",
    "faces": {
        "down":  { "uv": [ 6, 10, 7, 9 ], "texture": "#down" },
        "up":    { "uv": [ 6, 9, 7, 10 ], "texture": "#up" },
        "north": { "uv": [ 6, 9, 7, 10 ], "texture": "#north" },
        "south": { "uv": [ 6, 10, 7, 9 ], "texture": "#south" },
        "west":  { "uv": [ 6, 9, 7, 10 ], "texture": "#west" },
        "east":  { "uv": [ 7, 9, 6, 10 ], "texture": "#east" }
    }
},
{
    "from": [ 9, 8, 6 ],
    "to": [ 10, 10, 7 ],
    "__comment": "1",
    "faces": {
        "down":  { "uv": [ 6, 7, 7, 8 ], "texture": "#down" },
        "up":    { "uv": [ 6, 6, 7, 7 ], "texture": "#up" },
        "north": { "uv": [ 7, 6, 6, 8 ], "texture": "#north" },
        "south": { "uv": [ 6, 6, 7, 8 ], "texture": "#south" },
        "west":  { "uv": [ 6, 6, 7, 8 ], "texture": "#west" },
        "east":  { "uv": [ 7, 6, 6, 8 ], "texture": "#east" }
    }
},
{
    "from": [ 9, 11, 6 ],
    "to": [ 10, 12, 7 ],
    "__comment": "1",
    "faces": {
        "down":  { "uv": [ 6, 5, 7, 4 ], "texture": "#down" },
        "up":    { "uv": [ 6, 4, 7, 5 ], "texture": "#up" },
        "north": { "uv": [ 6, 4, 7, 5 ], "texture": "#north" },
        "south": { "uv": [ 6, 5, 7, 4 ], "texture": "#south" },
        "west":  { "uv": [ 6, 4, 7, 5 ], "texture": "#west" },
        "east":  { "uv": [ 7, 4, 6, 5 ], "texture": "#east" }
    }
},
{
    "from": [ 9, 14, 6 ],
    "to": [ 10, 15, 7 ],
    "__comment": "1",
    "faces": {
        "down":  { "uv": [ 6, 2, 7, 1 ], "texture": "#down" },
        "up":    { "uv": [ 6, 1, 7, 2 ], "texture": "#up" },
        "north": { "uv": [ 6, 1, 7, 2 ], "texture": "#north" },
        "south": { "uv": [ 6, 2, 7, 1 ], "texture": "#south" },
        "west":  { "uv": [ 6, 1, 7, 2 ], "texture": "#west" },
        "east":  { "uv": [ 7, 1, 6, 2 ], "texture": "#east" }
    }
},
{
    "from": [ 10, 2, 5 ],
    "to": [ 11, 3, 6 ],
    "__comment": "1",
    "faces": {
        "down":  { "uv": [ 5, 14, 6, 13 ], "texture": "#down" },
        "up":    { "uv": [ 5, 13, 6, 14 ], "texture": "#up" },
        "north": { "uv": [ 5, 13, 6, 14 ], "texture": "#north" },
        "south": { "uv": [ 5, 14, 6, 13 ], "texture": "#south" },
        "west":  { "uv": [ 5, 13, 6, 14 ], "texture": "#west" },
        "east":  { "uv": [ 6, 13, 5, 14 ], "texture": "#east" }
    }
},
{
    "from": [ 10, 4, 5 ],
    "to": [ 11, 7, 6 ],
    "__comment": "1",
    "faces": {
        "down":  { "uv": [ 5, 11, 6, 12 ], "texture": "#down" },
        "up":    { "uv": [ 5, 9, 6, 10 ], "texture": "#up" },
        "north": { "uv": [ 6, 9, 5, 12 ], "texture": "#north" },
        "south": { "uv": [ 5, 9, 6, 12 ], "texture": "#south" },
        "west":  { "uv": [ 5, 9, 6, 12 ], "texture": "#west" },
        "east":  { "uv": [ 6, 9, 5, 12 ], "texture": "#east" }
    }
},
{
    "from": [ 10, 8, 5 ],
    "to": [ 11, 9, 6 ],
    "__comment": "1",
    "faces": {
        "down":  { "uv": [ 5, 8, 6, 7 ], "texture": "#down" },
        "up":    { "uv": [ 5, 7, 6, 8 ], "texture": "#up" },
        "north": { "uv": [ 5, 7, 6, 8 ], "texture": "#north" },
        "south": { "uv": [ 5, 8, 6, 7 ], "texture": "#south" },
        "west":  { "uv": [ 5, 7, 6, 8 ], "texture": "#west" },
        "east":  { "uv": [ 6, 7, 5, 8 ], "texture": "#east" }
    }
},
{
    "from": [ 10, 10, 5 ],
    "to": [ 11, 11, 6 ],
    "__comment": "1",
    "faces": {
        "down":  { "uv": [ 5, 6, 6, 5 ], "texture": "#down" },
        "up":    { "uv": [ 5, 5, 6, 6 ], "texture": "#up" },
        "north": { "uv": [ 5, 5, 6, 6 ], "texture": "#north" },
        "south": { "uv": [ 5, 6, 6, 5 ], "texture": "#south" },
        "west":  { "uv": [ 5, 5, 6, 6 ], "texture": "#west" },
        "east":  { "uv": [ 6, 5, 5, 6 ], "texture": "#east" }
    }
},
{
    "from": [ 11, 3, 4 ],
    "to": [ 12, 4, 5 ],
    "__comment": "1",
    "faces": {
        "down":  { "uv": [ 4, 13, 5, 12 ], "texture": "#down" },
        "up":    { "uv": [ 4, 12, 5, 13 ], "texture": "#up" },
        "north": { "uv": [ 4, 12, 5, 13 ], "texture": "#north" },
        "south": { "uv": [ 4, 13, 5, 12 ], "texture": "#south" },
        "west":  { "uv": [ 4, 12, 5, 13 ], "texture": "#west" },
        "east":  { "uv": [ 5, 12, 4, 13 ], "texture": "#east" }
    }
},
{
    "from": [ 10, 13, 5 ],
    "to": [ 11, 14, 6 ],
    "__comment": "1",
    "faces": {
        "down":  { "uv": [ 5, 3, 6, 2 ], "texture": "#down" },
        "up":    { "uv": [ 5, 2, 6, 3 ], "texture": "#up" },
        "north": { "uv": [ 5, 2, 6, 3 ], "texture": "#north" },
        "south": { "uv": [ 5, 3, 6, 2 ], "texture": "#south" },
        "west":  { "uv": [ 5, 2, 6, 3 ], "texture": "#west" },
        "east":  { "uv": [ 6, 2, 5, 3 ], "texture": "#east" }
    }
},
{
    "from": [ 11, 7, 4 ],
    "to": [ 12, 10, 5 ],
    "__comment": "1",
    "faces": {
        "down":  { "uv": [ 4, 8, 5, 9 ], "texture": "#down" },
        "up":    { "uv": [ 4, 6, 5, 7 ], "texture": "#up" },
        "north": { "uv": [ 5, 6, 4, 9 ], "texture": "#north" },
        "south": { "uv": [ 4, 6, 5, 9 ], "texture": "#south" },
        "west":  { "uv": [ 4, 6, 5, 9 ], "texture": "#west" },
        "east":  { "uv": [ 5, 6, 4, 9 ], "texture": "#east" }
    }
},
{
    "from": [ 11, 11, 4 ],
    "to": [ 12, 12, 5 ],
    "__comment": "1",
    "faces": {
        "down":  { "uv": [ 4, 5, 5, 4 ], "texture": "#down" },
        "up":    { "uv": [ 4, 4, 5, 5 ], "texture": "#up" },
        "north": { "uv": [ 4, 4, 5, 5 ], "texture": "#north" },
        "south": { "uv": [ 4, 5, 5, 4 ], "texture": "#south" },
        "west":  { "uv": [ 4, 4, 5, 5 ], "texture": "#west" },
        "east":  { "uv": [ 5, 4, 4, 5 ], "texture": "#east" }
    }
},
{
    "from": [ 11, 13, 4 ],
    "to": [ 12, 14, 5 ],
    "__comment": "1",
    "faces": {
        "down":  { "uv": [ 4, 3, 5, 2 ], "texture": "#down" },
        "up":    { "uv": [ 4, 2, 5, 3 ], "texture": "#up" },
        "north": { "uv": [ 4, 2, 5, 3 ], "texture": "#north" },
        "south": { "uv": [ 4, 3, 5, 2 ], "texture": "#south" },
        "west":  { "uv": [ 4, 2, 5, 3 ], "texture": "#west" },
        "east":  { "uv": [ 5, 2, 4, 3 ], "texture": "#east" }
    }
},
{
    "from": [ 12, 3, 3 ],
    "to": [ 13, 5, 4 ],
    "__comment": "1",
    "faces": {
        "down":  { "uv": [ 3, 12, 4, 13 ], "texture": "#down" },
        "up":    { "uv": [ 3, 11, 4, 12 ], "texture": "#up" },
        "north": { "uv": [ 4, 11, 3, 13 ], "texture": "#north" },
        "south": { "uv": [ 3, 11, 4, 13 ], "texture": "#south" },
        "west":  { "uv": [ 3, 11, 4, 13 ], "texture": "#west" },
        "east":  { "uv": [ 4, 11, 3, 13 ], "texture": "#east" }
    }
},
{
    "from": [ 12, 8, 3 ],
    "to": [ 13, 9, 4 ],
    "__comment": "1",
    "faces": {
        "down":  { "uv": [ 3, 8, 4, 7 ], "texture": "#down" },
        "up":    { "uv": [ 3, 7, 4, 8 ], "texture": "#up" },
        "north": { "uv": [ 3, 7, 4, 8 ], "texture": "#north" },
        "south": { "uv": [ 3, 8, 4, 7 ], "texture": "#south" },
        "west":  { "uv": [ 3, 7, 4, 8 ], "texture": "#west" },
        "east":  { "uv": [ 4, 7, 3, 8 ], "texture": "#east" }
    }
},
{
    "from": [ 12, 11, 3 ],
    "to": [ 13, 14, 4 ],
    "__comment": "1",
    "faces": {
        "down":  { "uv": [ 3, 4, 4, 5 ], "texture": "#down" },
        "up":    { "uv": [ 3, 2, 4, 3 ], "texture": "#up" },
        "north": { "uv": [ 4, 2, 3, 5 ], "texture": "#north" },
        "south": { "uv": [ 3, 2, 4, 5 ], "texture": "#south" },
        "west":  { "uv": [ 3, 2, 4, 5 ], "texture": "#west" },
        "east":  { "uv": [ 4, 2, 3, 5 ], "texture": "#east" }
    }
},
{
    "from": [ 13, 2, 2 ],
    "to": [ 14, 3, 3 ],
    "__comment": "1",
    "faces": {
        "down":  { "uv": [ 2, 14, 3, 13 ], "texture": "#down" },
        "up":    { "uv": [ 2, 13, 3, 14 ], "texture": "#up" },
        "north": { "uv": [ 2, 13, 3, 14 ], "texture": "#north" },
        "south": { "uv": [ 2, 14, 3, 13 ], "texture": "#south" },
        "west":  { "uv": [ 2, 13, 3, 14 ], "texture": "#west" },
        "east":  { "uv": [ 3, 13, 2, 14 ], "texture": "#east" }
    }
},
{
    "from": [ 14, 1, 1 ],
    "to": [ 15, 2, 2 ],
    "__comment": "1",
    "faces": {
        "down":  { "uv": [ 1, 15, 2, 14 ], "texture": "#down" },
        "up":    { "uv": [ 1, 14, 2, 15 ], "texture": "#up" },
        "north": { "uv": [ 1, 14, 2, 15 ], "texture": "#north" },
        "south": { "uv": [ 1, 15, 2, 14 ], "texture": "#south" },
        "west":  { "uv": [ 1, 14, 2, 15 ], "texture": "#west" },
        "east":  { "uv": [ 2, 14, 1, 15 ], "texture": "#east" }
    }
},
{
    "from": [ 13, 5, 2 ],
    "to": [ 14, 7, 3 ],
    "__comment": "1",
    "faces": {
        "down":  { "uv": [ 2, 10, 3, 11 ], "texture": "#down" },
        "up":    { "uv": [ 2, 9, 3, 10 ], "texture": "#up" },
        "north": { "uv": [ 3, 9, 2, 11 ], "texture": "#north" },
        "south": { "uv": [ 2, 9, 3, 11 ], "texture": "#south" },
        "west":  { "uv": [ 2, 9, 3, 11 ], "texture": "#west" },
        "east":  { "uv": [ 3, 9, 2, 11 ], "texture": "#east" }
    }
},
{
    "from": [ 13, 8, 2 ],
    "to": [ 14, 11, 3 ],
    "__comment": "1",
    "faces": {
        "down":  { "uv": [ 2, 7, 3, 8 ], "texture": "#down" },
        "up":    { "uv": [ 2, 5, 3, 6 ], "texture": "#up" },
        "north": { "uv": [ 3, 5, 2, 8 ], "texture": "#north" },
        "south": { "uv": [ 2, 5, 3, 8 ], "texture": "#south" },
        "west":  { "uv": [ 2, 5, 3, 8 ], "texture": "#west" },
        "east":  { "uv": [ 3, 5, 2, 8 ], "texture": "#east" }
    }
},
{
    "from": [ 13, 13, 2 ],
    "to": [ 14, 14, 3 ],
    "__comment": "1",
    "faces": {
        "down":  { "uv": [ 2, 3, 3, 2 ], "texture": "#down" },
        "up":    { "uv": [ 2, 2, 3, 3 ], "texture": "#up" },
        "north": { "uv": [ 2, 2, 3, 3 ], "texture": "#north" },
        "south": { "uv": [ 2, 3, 3, 2 ], "texture": "#south" },
        "west":  { "uv": [ 2, 2, 3, 3 ], "texture": "#west" },
        "east":  { "uv": [ 3, 2, 2, 3 ], "texture": "#east" }
    }
},
{
    "from": [ 15, 0, 0 ],
    "to": [ 16, 1, 1 ],
    "__comment": "1",
    "faces": {
        "down":  { "uv": [ 0, 16, 1, 15 ], "texture": "#down" },
        "up":    { "uv": [ 0, 15, 1, 16 ], "texture": "#up" },
        "north": { "uv": [ 0, 15, 1, 16 ], "texture": "#north" },
        "south": { "uv": [ 0, 16, 1, 15 ], "texture": "#south" },
        "west":  { "uv": [ 0, 15, 1, 16 ], "texture": "#west" },
        "east":  { "uv": [ 1, 15, 0, 16 ], "texture": "#east" }
    }
},
{
    "from": [ 15, 8, 0 ],
    "to": [ 16, 9, 1 ],
    "__comment": "1",
    "faces": {
        "down":  { "uv": [ 0, 0, 1, 1 ], "texture": "#down" },
        "up":    { "uv": [ 0, 7, 1, 8 ], "texture": "#up" },
        "north": { "uv": [ 1, 7, 0, 8 ], "texture": "#north" },
        "south": { "uv": [ 0, 7, 1, 8 ], "texture": "#south" },
        "west":  { "uv": [ 0, 7, 1, 8 ], "texture": "#west" },
        "east":  { "uv": [ 1, 7, 0, 8 ], "texture": "#east" }
    }
},
{
    "from": [ 14, 14, 1 ],
    "to": [ 15, 15, 2 ],
    "__comment": "1",
    "faces": {
        "down":  { "uv": [ 1, 2, 2, 1 ], "texture": "#down" },
        "up":    { "uv": [ 1, 1, 2, 2 ], "texture": "#up" },
        "north": { "uv": [ 1, 1, 2, 2 ], "texture": "#north" },
        "south": { "uv": [ 1, 2, 2, 1 ], "texture": "#south" },
        "west":  { "uv": [ 1, 1, 2, 2 ], "texture": "#west" },
        "east":  { "uv": [ 2, 1, 1, 2 ], "texture": "#east" }
    }
},
{
    "from": [ 15, 15, 0 ],
    "to": [ 16, 16, 1 ],
    "__comment": "1",
    "faces": {
        "down":  { "uv": [ 0, 1, 1, 0 ], "texture": "#down" },
        "up":    { "uv": [ 0, 0, 1, 1 ], "texture": "#up" },
        "north": { "uv": [ 0, 0, 1, 1 ], "texture": "#north" },
        "south": { "uv": [ 0, 1, 1, 0 ], "texture": "#south" },
        "west":  { "uv": [ 0, 0, 1, 1 ], "texture": "#west" },
        "east":  { "uv": [ 1, 0, 0, 1 ], "texture": "#east" }
    }
}
],
"display": {
        "gui": {
            "rotation": [ 30, 225, 0 ],
            "translation": [ 0, 0, 0],
            "scale":[ 0.625, 0.625, 0.625 ]
        },
        "ground": {
            "rotation": [ 0, 0, 0 ],
            "translation": [ 0, 3, 0],
            "scale":[ 0.25, 0.25, 0.25 ]
        },
        "fixed": {
            "rotation": [ 0, 0, 0 ],
            "translation": [ 0, 0, 0],
            "scale":[ 0.5, 0.5, 0.5 ]
        },
        "thirdperson_righthand": {
            "rotation": [ 75, 45, 0 ],
            "translation": [ 0, 2.5, 0],
            "scale": [ 0.375, 0.375, 0.375 ]
        },
        "firstperson_righthand": {
            "rotation": [ 0, 45, 0 ],
            "translation": [ 0, 0, 0 ],
            "scale": [ 0.40, 0.40, 0.40 ]
        },
        "firstperson_lefthand": {
            "rotation": [ 0, 225, 0 ],
            "translation": [ 0, 0, 0 ],
            "scale": [ 0.40, 0.40, 0.40 ]
        }
    }
}
}