{
"ambientocclusion": false,
"textures": {
    "particle": "block/cocoa_stage_0",
    "cocoa": "block/cocoa_stage_0"
},
"elements": [ 
{
    "__comment": "Bean",
    "from": [ 6, 7, 11 ],
    "to": [ 10, 12, 15 ],
    "faces": {
        "down":  { "uv": [ 0, 0, 4, 4 ], "texture": "#cocoa" },
        "up":    { "uv": [ 0, 0, 4, 4 ], "texture": "#cocoa" },
        "north": { "uv": [ 11, 4, 15, 9 ], "texture": "#cocoa" },
        "south": { "uv": [ 11, 4, 15, 9 ], "texture": "#cocoa" },
        "west":  { "uv": [ 11, 4, 15, 9 ], "texture": "#cocoa" },
        "east":  { "uv": [ 11, 4, 15, 9 ], "texture": "#cocoa" }
    }
},
{
    "__comment": "Stem",
    "from": [ 7.5, 12, 12 ],
    "to": [ 8.5, 14, 15 ],
    "faces": {
        "up":    { "uv": [ 14, 1, 15, 4 ], "texture": "#cocoa" },
        "north": { "uv": [ 12, 2, 13, 4 ], "texture": "#cocoa" },
        "south": { "uv": [ 14, 2, 15, 4 ], "texture": "#cocoa" },
        "west":  { "uv": [ 12, 2, 15, 4 ], "texture": "#cocoa" },
        "east":  { "uv": [ 12, 2, 15, 4 ], "texture": "#cocoa" }
    }
},
{
    "__comment": "Stem",
    "from": [ 7.5, 14, 14 ],
    "to": [ 8.5, 16, 16 ],
    "faces": {
        "down":  { "uv": [ 14, 0, 15, 2 ], "texture": "#cocoa" },
        "up":    { "uv": [ 14, 0, 15, 2 ], "texture": "#cocoa" },
        "north": { "uv": [ 14, 0, 15, 2 ], "texture": "#cocoa" },
        "south": { "uv": [ 15, 0, 16, 2 ], "texture": "#cocoa" },
        "west":  { "uv": [ 14, 0, 16, 2 ], "texture": "#cocoa" },
        "east":  { "uv": [ 14, 0, 16, 2 ], "texture": "#cocoa" }
    }
},
{
    "__comment": "Stem",
    "from": [ 7.5, 14, 13 ],
    "to": [ 8.5, 15, 14 ],
    "faces": {
        "up":    { "uv": [ 13, 1, 14, 2 ], "texture": "#cocoa" },
        "north": { "uv": [ 13, 1, 14, 2 ], "texture": "#cocoa" },
        "west":  { "uv": [ 13, 1, 14, 2 ], "texture": "#cocoa" },
        "east":  { "uv": [ 13, 1, 14, 2 ], "texture": "#cocoa" }
    }
}
]
}