{
"ambientocclusion": false,
"textures": {
    "particle": "block/anvil_top_damaged_2",
    "texture": "block/anvil_base"
},
"elements": [ 
{
    "__comment": "Anvil",
    "from": [ 12, 13, 4 ],
    "to": [ 13, 14, 5 ],
    "faces": {
        "down":  { "uv": [ 12.001, 4.999, 12.999, 4.001 ], "texture": "#texture" },
        "up":    { "uv": [ 12.001, 4.001, 12.999, 4.999 ], "texture": "#texture" },
        "east":  { "uv": [ 4.999, 2.001, 4.001, 2.999 ], "texture": "#texture" }
    }
},
{
    "__comment": "Anvil",
    "from": [ 6, 13, 3 ],
    "to": [ 13, 14, 4 ],
    "faces": {
        "down":  { "uv": [ 6.001, 3.999, 12.999, 3.001 ], "texture": "#texture" },
        "up":    { "uv": [ 6.001, 3.001, 12.999, 3.999 ], "texture": "#texture" },
        "north": { "uv": [ 12.999, 2.001, 6.001, 2.999 ], "texture": "#texture" },
        "south": { "uv": [ 6.001, 2.001, 12.999, 2.999 ], "texture": "#texture" },
        "east":  { "uv": [ 3.999, 2.001, 3.001, 2.999 ], "texture": "#texture" }
    }
},
{
    "__comment": "Anvil",
    "from": [ 3, 13, 2 ],
    "to": [ 7, 14, 3 ],
    "faces": {
        "down":  { "uv": [ 3.001, 2.999, 6.999, 2.001 ], "texture": "#texture" },
        "up":    { "uv": [ 3.001, 2.001, 6.999, 2.999 ], "texture": "#texture" },
        "north": { "uv": [ 6.999, 2.001, 3.001, 2.999 ], "texture": "#texture" },
        "south": { "uv": [ 3.001, 2.001, 6.999, 2.999 ], "texture": "#texture" },
        "west":  { "uv": [ 2.001, 2.001, 2.999, 2.999 ], "texture": "#texture" },
        "east":  { "uv": [ 2.999, 2.001, 2.001, 2.999 ], "texture": "#texture" }
    }
},
{
    "__comment": "Anvil",
    "from": [ 3, 13, 3 ],
    "to": [ 6, 15, 4 ],
    "faces": {
        "down":  { "uv": [ 3.001, 3.999, 5.999, 3.001 ], "texture": "#texture" },
        "up":    { "uv": [ 3.001, 3.001, 5.999, 3.999 ], "texture": "#texture" },
        "north": { "uv": [ 5.999, 1.001, 3.001, 2.999 ], "texture": "#texture" },
        "west":  { "uv": [ 3.001, 1.001, 3.999, 2.999 ], "texture": "#texture" },
        "east":  { "uv": [ 3.999, 1.001, 3.001, 2.999 ], "texture": "#texture" }
    }
},
{
    "__comment": "Anvil",
    "from": [ 3, 13, 4 ],
    "to": [ 12, 15, 5 ],
    "faces": {
        "down":  { "uv": [ 3.001, 4.999, 11.999, 4.001 ], "texture": "#texture" },
        "up":    { "uv": [ 3.001, 4.001, 11.999, 4.999 ], "texture": "#texture" },
        "north": { "uv": [ 11.999, 1.001, 3.001, 2.999 ], "texture": "#texture" },
        "west":  { "uv": [ 4.001, 1.001, 4.999, 2.999 ], "texture": "#texture" },
        "east":  { "uv": [ 4.999, 1.001, 4.001, 2.999 ], "texture": "#texture" }
    }
},
{
    "__comment": "Anvil",
    "from": [ 3.5, 12, 2 ],
    "to": [ 12.5, 13, 10 ],
    "faces": {
        "down":  { "uv": [ 3.501, 9.999, 12.499, 2.001 ], "texture": "#texture" },
        "up":    { "uv": [ 3.501, 2.001, 12.499, 9.999 ], "texture": "#texture" },
        "north": { "uv": [ 12.499, 3.001, 3.501, 3.999 ], "texture": "#texture" },
        "south": { "uv": [ 3.501, 3.001, 12.499, 3.999 ], "texture": "#texture" },
        "west":  { "uv": [ 2.001, 3.001, 9.999, 3.999 ], "texture": "#texture" },
        "east":  { "uv": [ 9.999, 3.001, 2.001, 3.999 ], "texture": "#texture" }
    }
},
{
    "__comment": "Anvil",
    "from": [ 3, 13, 5 ],
    "to": [ 13, 16, 7 ],
    "faces": {
        "down":  { "uv": [ 3.001, 6.999, 12.999, 5.001 ], "texture": "#texture" },
        "up":    { "uv": [ 3.001, 5.001, 12.999, 6.999 ], "texture": "#texture" },
        "north": { "uv": [ 12.999, 0.001, 3.001, 2.999 ], "texture": "#texture" },
        "south": { "uv": [ 3.001, 0.001, 12.999, 2.999 ], "texture": "#texture" },
        "west":  { "uv": [ 5.001, 0.001, 6.999, 2.999 ], "texture": "#texture" },
        "east":  { "uv": [ 6.999, 0.001, 5.001, 2.999 ], "texture": "#texture" }
    }
},
{
    "__comment": "Anvil",
    "from": [ 4, 11, 3 ],
    "to": [ 12, 12, 12 ],
    "faces": {
        "down":  { "uv": [ 4.001, 11.999, 11.999, 3.001 ], "texture": "#texture" },
        "up":    { "uv": [ 4.001, 3.001, 11.999, 11.999 ], "texture": "#texture" },
        "north": { "uv": [ 11.999, 4.001, 4.001, 4.999 ], "texture": "#texture" },
        "south": { "uv": [ 4.001, 4.001, 11.999, 4.999 ], "texture": "#texture" },
        "west":  { "uv": [ 3.001, 4.001, 11.999, 4.999 ], "texture": "#texture" },
        "east":  { "uv": [ 11.999, 4.001, 3.001, 4.999 ], "texture": "#texture" }
    }
},
{
    "__comment": "Anvil",
    "from": [ 5.5, 4, 5 ],
    "to": [ 10.5, 9, 11 ],
    "faces": {
        "north": { "uv": [ 10.499, 7.001, 5.501, 11.999 ], "texture": "#texture" },
        "south": { "uv": [ 5.501, 7.001, 10.499, 11.999 ], "texture": "#texture" },
        "west":  { "uv": [ 5.001, 7.001, 10.999, 11.999 ], "texture": "#texture" },
        "east":  { "uv": [ 10.999, 7.001, 5.001, 11.999 ], "texture": "#texture" }
    }
},
{
    "__comment": "Anvil",
    "from": [ 4.5, 3, 3 ],
    "to": [ 11.5, 4, 13 ],
    "faces": {
        "up":    { "uv": [ 4.501, 3.001, 11.499, 12.999 ], "texture": "#texture" },
        "north": { "uv": [ 11.499, 12.001, 4.501, 12.999 ], "texture": "#texture" },
        "south": { "uv": [ 4.501, 12.001, 11.499, 12.999 ], "texture": "#texture" },
        "west":  { "uv": [ 3.001, 12.001, 12.999, 12.999 ], "texture": "#texture" },
        "east":  { "uv": [ 12.999, 12.001, 3.001, 12.999 ], "texture": "#texture" }
    }
},
{
    "__comment": "Anvil",
    "from": [ 4, 2, 2 ],
    "to": [ 12, 3, 14 ],
    "faces": {
        "up":    { "uv": [ 4.001, 2.001, 11.999, 13.999 ], "texture": "#texture" },
        "north": { "uv": [ 11.999, 13.001, 4.001, 13.999 ], "texture": "#texture" },
        "south": { "uv": [ 4.001, 13.001, 11.999, 13.999 ], "texture": "#texture" },
        "west":  { "uv": [ 2.001, 13.001, 13.999, 13.999 ], "texture": "#texture" },
        "east":  { "uv": [ 13.999, 13.001, 2.001, 13.999 ], "texture": "#texture" }
    }
},
{
    "__comment": "Anvil",
    "from": [ 3.5, 1, 1 ],
    "to": [ 12.5, 2, 15 ],
    "faces": {
        "up":    { "uv": [ 3.501, 1.001, 12.499, 14.999 ], "texture": "#texture" },
        "north": { "uv": [ 12.499, 14.001, 3.501, 14.999 ], "texture": "#texture" },
        "south": { "uv": [ 3.501, 14.001, 12.499, 14.999 ], "texture": "#texture" },
        "west":  { "uv": [ 1.001, 14.001, 14.999, 14.999 ], "texture": "#texture" },
        "east":  { "uv": [ 14.999, 14.001, 1.001, 14.999 ], "texture": "#texture" }
    }
},
{
    "__comment": "Anvil",
    "from": [ 3, 0, 0 ],
    "to": [ 13, 1, 16 ],
    "faces": {
        "down":  { "uv": [ 3.001, 15.999, 12.999, 0.001 ], "texture": "#texture" },
        "up":    { "uv": [ 3.001, 0.001, 12.999, 15.999 ], "texture": "#texture" },
        "north": { "uv": [ 12.999, 15.001, 3.001, 15.999 ], "texture": "#texture" },
        "south": { "uv": [ 3.001, 15.001, 12.999, 15.999 ], "texture": "#texture" },
        "west":  { "uv": [ 0.001, 15.001, 15.999, 15.999 ], "texture": "#texture" },
        "east":  { "uv": [ 15.999, 15.001, 0.001, 15.999 ], "texture": "#texture" }
    }
},
{
    "__comment": "Anvil",
    "from": [ 4.5, 9, 4 ],
    "to": [ 11.5, 11, 12 ],
    "faces": {
        "down":  { "uv": [ 4.501, 11.999, 11.499, 4.001 ], "texture": "#texture" },
        "north": { "uv": [ 11.499, 5.001, 4.501, 6.999 ], "texture": "#texture" },
        "south": { "uv": [ 4.501, 5.001, 11.499, 6.999 ], "texture": "#texture" },
        "west":  { "uv": [ 4.001, 5.001, 11.999, 6.999 ], "texture": "#texture" },
        "east":  { "uv": [ 11.999, 5.001, 4.001, 6.999 ], "texture": "#texture" }
    }
},
{
    "__comment": "Anvil",
    "from": [ 4, 13, 7 ],
    "to": [ 13, 16, 8 ],
    "faces": {
        "down":  { "uv": [ 4.001, 7.999, 12.999, 7.001 ], "texture": "#texture" },
        "up":    { "uv": [ 4.001, 7.001, 12.999, 7.999 ], "texture": "#texture" },
        "south": { "uv": [ 4.001, 0.001, 12.999, 2.999 ], "texture": "#texture" },
        "west":  { "uv": [ 7.001, 0.001, 7.999, 2.999 ], "texture": "#texture" },
        "east":  { "uv": [ 7.999, 0.001, 7.001, 2.999 ], "texture": "#texture" }
    }
},
{
    "__comment": "Anvil",
    "from": [ 9, 13, 10 ],
    "to": [ 13, 14, 11 ],
    "faces": {
        "down":  { "uv": [ 9.001, 10.999, 12.999, 10.001 ], "texture": "#texture" },
        "up":    { "uv": [ 9.001, 10.001, 12.999, 10.999 ], "texture": "#texture" },
        "south": { "uv": [ 9.001, 2.001, 12.999, 2.999 ], "texture": "#texture" },
        "west":  { "uv": [ 10.001, 2.001, 10.999, 2.999 ], "texture": "#texture" },
        "east":  { "uv": [ 10.999, 2.001, 10.001, 2.999 ], "texture": "#texture" }
    }
},
{
    "__comment": "Anvil",
    "from": [ 6, 13, 8 ],
    "to": [ 13, 15, 9 ],
    "faces": {
        "down":  { "uv": [ 6.001, 8.999, 12.999, 8.001 ], "texture": "#texture" },
        "up":    { "uv": [ 6.001, 8.001, 12.999, 8.999 ], "texture": "#texture" },
        "south": { "uv": [ 6.001, 1.001, 12.999, 2.999 ], "texture": "#texture" },
        "west":  { "uv": [ 8.001, 1.001, 8.999, 2.999 ], "texture": "#texture" },
        "east":  { "uv": [ 8.999, 1.001, 8.001, 2.999 ], "texture": "#texture" }
    }
},
{
    "__comment": "Anvil",
    "from": [ 9, 13, 9 ],
    "to": [ 13, 15, 10 ],
    "faces": {
        "down":  { "uv": [ 9.001, 9.999, 12.999, 9.001 ], "texture": "#texture" },
        "up":    { "uv": [ 9.001, 9.001, 12.999, 9.999 ], "texture": "#texture" },
        "south": { "uv": [ 9.001, 1.001, 12.999, 2.999 ], "texture": "#texture" },
        "west":  { "uv": [ 9.001, 1.001, 9.999, 2.999 ], "texture": "#texture" },
        "east":  { "uv": [ 9.999, 1.001, 9.001, 2.999 ], "texture": "#texture" }
    }
},
{
    "__comment": "Anvil",
    "from": [ 6, 13, 9 ],
    "to": [ 9, 14, 10 ],
    "faces": {
        "up":    { "uv": [ 6.001, 9.001, 8.999, 9.999 ], "texture": "#texture" },
        "south": { "uv": [ 6.001, 2.001, 8.999, 2.999 ], "texture": "#texture" },
        "west":  { "uv": [ 9.001, 2.001, 9.999, 2.999 ], "texture": "#texture" }
    }
},
{
    "__comment": "Anvil",
    "from": [ 4, 13, 8 ],
    "to": [ 6, 14, 9 ],
    "faces": {
        "up":    { "uv": [ 4.001, 8.001, 5.999, 8.999 ], "texture": "#texture" },
        "south": { "uv": [ 4.001, 2.001, 5.999, 2.999 ], "texture": "#texture" },
        "west":  { "uv": [ 8.001, 2.001, 8.999, 2.999 ], "texture": "#texture" }
    }
},
{
    "__comment": "Anvil",
    "from": [ 3, 13, 7 ],
    "to": [ 4, 14, 8 ],
    "faces": {
        "down":  { "uv": [ 3.001, 7.999, 3.999, 7.001 ], "texture": "#texture" },
        "up":    { "uv": [ 3.001, 7.001, 3.999, 7.999 ], "texture": "#texture" },
        "south": { "uv": [ 3.001, 2.001, 3.999, 2.999 ], "texture": "#texture" },
        "west":  { "uv": [ 7.001, 2.001, 7.999, 2.999 ], "texture": "#texture" }
    }
},
{
    "__comment": "Anvil",
    "from": [ 9, 15, 8 ],
    "to": [ 11, 16, 9 ],
    "faces": {
        "up":    { "uv": [ 9.001, 8.001, 10.999, 8.999 ], "texture": "#texture" },
        "south": { "uv": [ 9.001, 0.001, 10.999, 0.999 ], "texture": "#texture" },
        "west":  { "uv": [ 8.001, 0.001, 8.999, 0.999 ], "texture": "#texture" },
        "east":  { "uv": [ 8.999, 0.001, 8.001, 0.999 ], "texture": "#texture" }
    }
},
{
    "__comment": "Anvil",
    "from": [ 5, 12, 10 ],
    "to": [ 12.5, 13, 11 ],
    "faces": {
        "down":  { "uv": [ 5.001, 10.999, 12.499, 10.001 ], "texture": "#texture" },
        "up":    { "uv": [ 5.001, 10.001, 12.499, 10.999 ], "texture": "#texture" },
        "south": { "uv": [ 5.001, 3.001, 12.499, 3.999 ], "texture": "#texture" },
        "west":  { "uv": [ 10.001, 3.001, 10.999, 3.999 ], "texture": "#texture" },
        "east":  { "uv": [ 10.999, 3.001, 10.001, 3.999 ], "texture": "#texture" }
    }
},
{
    "__comment": "Anvil",
    "from": [ 8, 12, 11 ],
    "to": [ 12.5, 13, 12 ],
    "faces": {
        "down":  { "uv": [ 8.001, 11.999, 12.499, 11.001 ], "texture": "#texture" },
        "up":    { "uv": [ 8.001, 11.001, 12.499, 11.999 ], "texture": "#texture" },
        "south": { "uv": [ 8.001, 3.001, 12.499, 3.999 ], "texture": "#texture" },
        "west":  { "uv": [ 11.001, 3.001, 11.999, 3.999 ], "texture": "#texture" },
        "east":  { "uv": [ 11.999, 3.001, 11.001, 3.999 ], "texture": "#texture" }
    }
},
{
    "__comment": "Anvil",
    "from": [ 7, 11, 12 ],
    "to": [ 12, 12, 13 ],
    "faces": {
        "down":  { "uv": [ 7.001, 12.999, 11.999, 12.001 ], "texture": "#texture" },
        "up":    { "uv": [ 7.001, 12.001, 11.999, 12.999 ], "texture": "#texture" },
        "south": { "uv": [ 7.001, 4.001, 11.999, 4.999 ], "texture": "#texture" },
        "west":  { "uv": [ 12.001, 4.001, 12.999, 4.999 ], "texture": "#texture" },
        "east":  { "uv": [ 12.999, 4.001, 12.001, 4.999 ], "texture": "#texture" }
    }
}
],
"display": {
    "thirdperson_righthand": {
        "rotation": [ 0, 0, 0 ],
        "translation": [ 0, 0, 0 ],
        "scale": [ 0.25, 0.25, 0.25 ]
    },
    "thirdperson_lefthand": {
        "rotation": [ 0, 0, 0 ],
        "translation": [ 0, 0, 0 ],
        "scale": [ 0.25, 0.25, 0.25 ]
    },
    "head": {
        "rotation": [ 0, 90, 0 ],
        "translation": [ 0, 14, 0 ],
        "scale": [ 1, 1, 1 ]
    },
    "ground": {
        "rotation": [ 0, 0, 0 ],
        "translation": [ 0, 3, 0 ],
        "scale": [ 0.25, 0.25, 0.25 ]
    },
    "fixed": {
        "rotation": [ 0, 90, 0 ],
        "translation": [ 0, 0, 0 ],
        "scale": [ 0.5, 0.5, 0.5 ]
    },
    "firstperson_righthand": {
        "rotation": [ 0, 0, 0 ],
        "translation": [ 0, 0, 0 ],
        "scale": [ 0.25, 0.25, 0.25 ]
    },
    "firstperson_lefthand": {
        "rotation": [ 0, 0, 0 ],
        "translation": [ 0, 0, 0 ],
        "scale": [ 0.25, 0.25, 0.25 ]
    },
    "gui": {
        "rotation": [ 30, 45, 0 ],
        "translation": [ 0, 0, 0 ],
        "scale": [ 0.65, 0.65, 0.65 ]
    }
}
}