{
"ambientocclusion": false,
"textures": {
    "particle": "block/double_fern_top",
    "texture": "block/double_fern_top"
},
"elements": [ 
{
    "from": [ 7, 0, 4 ],
    "to": [ 8, 5, 11 ],
    "rotation": { "origin": [ 8.0, 8.0, 8.0 ], "axis": "y", "angle": 45.0 },
    "faces": {
        "down":  { "uv": [ 7, 6, 8, 13 ], "texture": "#texture", "tintindex": 0 },
        "up":    { "uv": [ 7, 6, 8, 13 ], "texture": "#texture", "tintindex": 0 },
        "north": { "uv": [ 7, 11, 8, 16 ], "texture": "#texture", "tintindex": 0 },
        "south": { "uv": [ 7, 11, 8, 16 ], "texture": "#texture", "tintindex": 0 },
        "west":  { "uv": [ 4, 11, 11, 16 ], "texture": "#texture", "tintindex": 0 },
        "east":  { "uv": [ 4, 11, 11, 16 ], "texture": "#texture", "tintindex": 0 }
    }
},
{
    "from": [ 7, 0, 1 ],
    "to": [ 8, 3, 3 ],
    "rotation": { "origin": [ 8.0, 8.0, 8.0 ], "axis": "y", "angle": 45.0 },
    "faces": {
        "down":  { "uv": [ 7, 6, 8, 8 ], "texture": "#texture", "tintindex": 0 },
        "up":    { "uv": [ 7, 6, 8, 8 ], "texture": "#texture", "tintindex": 0 },
        "north": { "uv": [ 7, 13, 8, 16 ], "texture": "#texture", "tintindex": 0 },
        "south": { "uv": [ 7, 13, 8, 16 ], "texture": "#texture", "tintindex": 0 },
        "west":  { "uv": [ 1, 13, 3, 16 ], "texture": "#texture", "tintindex": 0 },
        "east":  { "uv": [ 1, 13, 3, 16 ], "texture": "#texture", "tintindex": 0 }
    }
},
{
    "from": [ 7, 2, 0 ],
    "to": [ 8, 3, 1 ],
    "rotation": { "origin": [ 8.0, 8.0, 8.0 ], "axis": "y", "angle": 45.0 },
    "faces": {
        "down":  { "uv": [ 6, 6, 7, 7 ], "texture": "#texture", "tintindex": 0 },
        "up":    { "uv": [ 6, 6, 7, 7 ], "texture": "#texture", "tintindex": 0 },
        "north": { "uv": [ 7, 13, 8, 14 ], "texture": "#texture", "tintindex": 0 },
        "west":  { "uv": [ 0, 13, 1, 14 ], "texture": "#texture", "tintindex": 0 },
        "east":  { "uv": [ 0, 13, 1, 14 ], "texture": "#texture", "tintindex": 0 }
    }
},
{
    "from": [ 7, 0, 0 ],
    "to": [ 8, 1, 1 ],
    "rotation": { "origin": [ 8.0, 8.0, 8.0 ], "axis": "y", "angle": 45.0 },
    "faces": {
        "down":  { "uv": [ 7, 15, 8, 16 ], "texture": "#texture", "tintindex": 0 },
        "up":    { "uv": [ 7, 15, 8, 16 ], "texture": "#texture", "tintindex": 0 },
        "north": { "uv": [ 7, 15, 8, 16 ], "texture": "#texture", "tintindex": 0 },
        "west":  { "uv": [ 0, 15, 1, 16 ], "texture": "#texture", "tintindex": 0 },
        "east":  { "uv": [ 0, 15, 1, 16 ], "texture": "#texture", "tintindex": 0 }
    }
},
{
    "from": [ 7, 0, 3 ],
    "to": [ 8, 2, 4 ],
    "rotation": { "origin": [ 8.0, 8.0, 8.0 ], "axis": "y", "angle": 45.0 },
    "faces": {
        "down":  { "uv": [ 5, 4, 6, 5 ], "texture": "#texture", "tintindex": 0 },
        "up":    { "uv": [ 5, 4, 6, 5 ], "texture": "#texture", "tintindex": 0 },
        "west":  { "uv": [ 3, 14, 4, 16 ], "texture": "#texture", "tintindex": 0 },
        "east":  { "uv": [ 3, 14, 4, 16 ], "texture": "#texture", "tintindex": 0 }
    }
},
{
    "from": [ 7, 0, 11 ],
    "to": [ 8, 2, 13 ],
    "rotation": { "origin": [ 8.0, 8.0, 8.0 ], "axis": "y", "angle": 45.0 },
    "faces": {
        "down":  { "uv": [ 7, 11, 8, 13 ], "texture": "#texture", "tintindex": 0 },
        "up":    { "uv": [ 7, 11, 8, 13 ], "texture": "#texture", "tintindex": 0 },
        "south": { "uv": [ 7, 14, 8, 16 ], "texture": "#texture", "tintindex": 0 },
        "west":  { "uv": [ 11, 14, 13, 16 ], "texture": "#texture", "tintindex": 0 },
        "east":  { "uv": [ 11, 14, 13, 16 ], "texture": "#texture", "tintindex": 0 }
    }
},
{
    "from": [ 7, 0, 13 ],
    "to": [ 8, 1, 15 ],
    "rotation": { "origin": [ 8.0, 8.0, 8.0 ], "axis": "y", "angle": 45.0 },
    "faces": {
        "down":  { "uv": [ 7, 13, 8, 15 ], "texture": "#texture", "tintindex": 0 },
        "up":    { "uv": [ 7, 13, 8, 15 ], "texture": "#texture", "tintindex": 0 },
        "south": { "uv": [ 7, 15, 8, 16 ], "texture": "#texture", "tintindex": 0 },
        "west":  { "uv": [ 13, 15, 15, 16 ], "texture": "#texture", "tintindex": 0 },
        "east":  { "uv": [ 13, 15, 15, 16 ], "texture": "#texture", "tintindex": 0 }
    }
},
{
    "from": [ 7, 2, 12 ],
    "to": [ 8, 3, 13 ],
    "rotation": { "origin": [ 8.0, 8.0, 8.0 ], "axis": "y", "angle": 45.0 },
    "faces": {
        "north": { "uv": [ 7, 13, 8, 14 ], "texture": "#texture", "tintindex": 0 },
        "south": { "uv": [ 7, 13, 8, 14 ], "texture": "#texture", "tintindex": 0 },
        "west":  { "uv": [ 12, 13, 13, 14 ], "texture": "#texture", "tintindex": 0 },
        "east":  { "uv": [ 12, 13, 13, 14 ], "texture": "#texture", "tintindex": 0 }
    }
},
{
    "from": [ 7, 3, 11 ],
    "to": [ 8, 6, 13 ],
    "rotation": { "origin": [ 8.0, 8.0, 8.0 ], "axis": "y", "angle": 45.0 },
    "faces": {
        "down":  { "uv": [ 7, 11, 8, 13 ], "texture": "#texture", "tintindex": 0 },
        "up":    { "uv": [ 7, 11, 8, 13 ], "texture": "#texture", "tintindex": 0 },
        "north": { "uv": [ 7, 10, 8, 13 ], "texture": "#texture", "tintindex": 0 },
        "south": { "uv": [ 7, 10, 8, 13 ], "texture": "#texture", "tintindex": 0 },
        "west":  { "uv": [ 11, 10, 13, 13 ], "texture": "#texture", "tintindex": 0 },
        "east":  { "uv": [ 11, 10, 13, 13 ], "texture": "#texture", "tintindex": 0 }
    }
},
{
    "from": [ 7, 5, 5 ],
    "to": [ 8, 6, 11 ],
    "rotation": { "origin": [ 8.0, 8.0, 8.0 ], "axis": "y", "angle": 45.0 },
    "faces": {
        "north": { "uv": [ 7, 10, 8, 11 ], "texture": "#texture", "tintindex": 0 },
        "west":  { "uv": [ 5, 10, 11, 11 ], "texture": "#texture", "tintindex": 0 },
        "east":  { "uv": [ 5, 10, 11, 11 ], "texture": "#texture", "tintindex": 0 }
    }
},
{
    "from": [ 7, 6, 4 ],
    "to": [ 8, 9, 12 ],
    "rotation": { "origin": [ 8.0, 8.0, 8.0 ], "axis": "y", "angle": 45.0 },
    "faces": {
        "down":  { "uv": [ 7, 6, 8, 14 ], "texture": "#texture", "tintindex": 0 },
        "up":    { "uv": [ 7, 6, 8, 14 ], "texture": "#texture", "tintindex": 0 },
        "north": { "uv": [ 7, 7, 8, 10 ], "texture": "#texture", "tintindex": 0 },
        "south": { "uv": [ 7, 7, 8, 10 ], "texture": "#texture", "tintindex": 0 },
        "west":  { "uv": [ 4, 7, 12, 10 ], "texture": "#texture", "tintindex": 0 },
        "east":  { "uv": [ 4, 7, 12, 10 ], "texture": "#texture", "tintindex": 0 }
    }
},
{
    "from": [ 7, 4, 3 ],
    "to": [ 8, 7, 4 ],
    "rotation": { "origin": [ 8.0, 8.0, 8.0 ], "axis": "y", "angle": 45.0 },
    "faces": {
        "down":  { "uv": [ 6, 5, 7, 6 ], "texture": "#texture", "tintindex": 0 },
        "up":    { "uv": [ 6, 5, 7, 6 ], "texture": "#texture", "tintindex": 0 },
        "north": { "uv": [ 7, 9, 8, 12 ], "texture": "#texture", "tintindex": 0 },
        "south": { "uv": [ 7, 9, 8, 12 ], "texture": "#texture", "tintindex": 0 },
        "west":  { "uv": [ 3, 9, 4, 12 ], "texture": "#texture", "tintindex": 0 },
        "east":  { "uv": [ 3, 9, 4, 12 ], "texture": "#texture", "tintindex": 0 }
    }
},
{
    "from": [ 7, 7, 2 ],
    "to": [ 8, 9, 3 ],
    "rotation": { "origin": [ 8.0, 8.0, 8.0 ], "axis": "y", "angle": 45.0 },
    "faces": {
        "down":  { "uv": [ 7, 6, 8, 7 ], "texture": "#texture", "tintindex": 0 },
        "up":    { "uv": [ 7, 6, 8, 7 ], "texture": "#texture", "tintindex": 0 },
        "north": { "uv": [ 7, 7, 8, 9 ], "texture": "#texture", "tintindex": 0 },
        "south": { "uv": [ 7, 7, 8, 9 ], "texture": "#texture", "tintindex": 0 },
        "west":  { "uv": [ 2, 7, 3, 9 ], "texture": "#texture", "tintindex": 0 },
        "east":  { "uv": [ 2, 7, 3, 9 ], "texture": "#texture", "tintindex": 0 }
    }
},
{
    "from": [ 7, 8, 3 ],
    "to": [ 8, 9, 4 ],
    "rotation": { "origin": [ 8.0, 8.0, 8.0 ], "axis": "y", "angle": 45.0 },
    "faces": {
        "down":  { "uv": [ 6, 5, 7, 6 ], "texture": "#texture", "tintindex": 0 },
        "west":  { "uv": [ 3, 7, 4, 8 ], "texture": "#texture", "tintindex": 0 },
        "east":  { "uv": [ 3, 7, 4, 8 ], "texture": "#texture", "tintindex": 0 }
    }
},
{
    "from": [ 7, 9, 3 ],
    "to": [ 8, 10, 11 ],
    "rotation": { "origin": [ 8.0, 8.0, 8.0 ], "axis": "y", "angle": 45.0 },
    "faces": {
        "down":  { "uv": [ 7, 6, 8, 14 ], "texture": "#texture", "tintindex": 0 },
        "up":    { "uv": [ 7, 6, 8, 14 ], "texture": "#texture", "tintindex": 0 },
        "north": { "uv": [ 7, 6, 8, 7 ], "texture": "#texture", "tintindex": 0 },
        "south": { "uv": [ 7, 6, 8, 7 ], "texture": "#texture", "tintindex": 0 },
        "west":  { "uv": [ 3, 6, 11, 7 ], "texture": "#texture", "tintindex": 0 },
        "east":  { "uv": [ 3, 6, 11, 7 ], "texture": "#texture", "tintindex": 0 }
    }
},
{
    "from": [ 7, 10, 4 ],
    "to": [ 8, 11, 7 ],
    "rotation": { "origin": [ 8.0, 8.0, 8.0 ], "axis": "y", "angle": 45.0 },
    "faces": {
        "up":    { "uv": [ 7, 6, 8, 9 ], "texture": "#texture", "tintindex": 0 },
        "north": { "uv": [ 7, 6, 8, 7 ], "texture": "#texture", "tintindex": 0 },
        "south": { "uv": [ 7, 6, 8, 7 ], "texture": "#texture", "tintindex": 0 },
        "west":  { "uv": [ 4, 5, 7, 6 ], "texture": "#texture", "tintindex": 0 },
        "east":  { "uv": [ 4, 5, 7, 6 ], "texture": "#texture", "tintindex": 0 }
    }
},
{
    "from": [ 7, 11, 3 ],
    "to": [ 8, 12, 6 ],
    "rotation": { "origin": [ 8.0, 8.0, 8.0 ], "axis": "y", "angle": 45.0 },
    "faces": {
        "down":  { "uv": [ 7, 6, 8, 9 ], "texture": "#texture", "tintindex": 0 },
        "up":    { "uv": [ 7, 6, 8, 9 ], "texture": "#texture", "tintindex": 0 },
        "north": { "uv": [ 7, 6, 8, 7 ], "texture": "#texture", "tintindex": 0 },
        "south": { "uv": [ 7, 6, 8, 7 ], "texture": "#texture", "tintindex": 0 },
        "west":  { "uv": [ 3, 4, 6, 5 ], "texture": "#texture", "tintindex": 0 },
        "east":  { "uv": [ 3, 4, 6, 5 ], "texture": "#texture", "tintindex": 0 }
    }
},
{
    "from": [ 7, 10, 8 ],
    "to": [ 8, 11, 13 ],
    "rotation": { "origin": [ 8.0, 8.0, 8.0 ], "axis": "y", "angle": 45.0 },
    "faces": {
        "down":  { "uv": [ 7, 8, 8, 13 ], "texture": "#texture", "tintindex": 0 },
        "up":    { "uv": [ 7, 8, 8, 13 ], "texture": "#texture", "tintindex": 0 },
        "north": { "uv": [ 7, 6, 8, 7 ], "texture": "#texture", "tintindex": 0 },
        "south": { "uv": [ 7, 6, 8, 7 ], "texture": "#texture", "tintindex": 0 },
        "west":  { "uv": [ 8, 5, 13, 6 ], "texture": "#texture", "tintindex": 0 },
        "east":  { "uv": [ 8, 5, 13, 6 ], "texture": "#texture", "tintindex": 0 }
    }
},
{
    "from": [ 7, 11, 9 ],
    "to": [ 8, 12, 14 ],
    "rotation": { "origin": [ 8.0, 8.0, 8.0 ], "axis": "y", "angle": 45.0 },
    "faces": {
        "down":  { "uv": [ 7, 9, 8, 14 ], "texture": "#texture", "tintindex": 0 },
        "up":    { "uv": [ 7, 9, 8, 14 ], "texture": "#texture", "tintindex": 0 },
        "north": { "uv": [ 7, 6, 8, 7 ], "texture": "#texture", "tintindex": 0 },
        "south": { "uv": [ 7, 6, 8, 7 ], "texture": "#texture", "tintindex": 0 },
        "west":  { "uv": [ 9, 4, 14, 5 ], "texture": "#texture", "tintindex": 0 },
        "east":  { "uv": [ 9, 4, 14, 5 ], "texture": "#texture", "tintindex": 0 }
    }
},
{
    "from": [ 7, 12, 11 ],
    "to": [ 8, 13, 13 ],
    "rotation": { "origin": [ 8.0, 8.0, 8.0 ], "axis": "y", "angle": 45.0 },
    "faces": {
        "up":    { "uv": [ 7, 11, 8, 13 ], "texture": "#texture", "tintindex": 0 },
        "north": { "uv": [ 7, 6, 8, 7 ], "texture": "#texture", "tintindex": 0 },
        "south": { "uv": [ 7, 6, 8, 7 ], "texture": "#texture", "tintindex": 0 },
        "west":  { "uv": [ 11, 3, 13, 4 ], "texture": "#texture", "tintindex": 0 },
        "east":  { "uv": [ 11, 3, 13, 4 ], "texture": "#texture", "tintindex": 0 }
    }
},
{
    "from": [ 5, 0, 8 ],
    "to": [ 12, 5, 9 ],
    "rotation": { "origin": [ 8.0, 8.0, 8.0 ], "axis": "y", "angle": 45.0 },
    "faces": {
        "down":  { "uv": [ 7, 6, 8, 13 ], "rotation": 270, "texture": "#texture", "tintindex": 0 },
        "up":    { "uv": [ 7, 6, 8, 13 ], "rotation": 90, "texture": "#texture", "tintindex": 0 },
        "north": { "uv": [ 4, 11, 11, 16 ], "texture": "#texture", "tintindex": 0 },
        "south": { "uv": [ 4, 11, 11, 16 ], "texture": "#texture", "tintindex": 0 },
        "west":  { "uv": [ 7, 11, 8, 16 ], "texture": "#texture", "tintindex": 0 },
        "east":  { "uv": [ 7, 11, 8, 16 ], "texture": "#texture", "tintindex": 0 }
    }
},
{
    "from": [ 13, 0, 8 ],
    "to": [ 15, 3, 9 ],
    "rotation": { "origin": [ 8.0, 8.0, 8.0 ], "axis": "y", "angle": 45.0 },
    "faces": {
        "down":  { "uv": [ 7, 6, 8, 8 ], "rotation": 270, "texture": "#texture", "tintindex": 0 },
        "up":    { "uv": [ 7, 6, 8, 8 ], "rotation": 90, "texture": "#texture", "tintindex": 0 },
        "north": { "uv": [ 1, 13, 3, 16 ], "texture": "#texture", "tintindex": 0 },
        "south": { "uv": [ 1, 13, 3, 16 ], "texture": "#texture", "tintindex": 0 },
        "west":  { "uv": [ 7, 13, 8, 16 ], "texture": "#texture", "tintindex": 0 },
        "east":  { "uv": [ 7, 13, 8, 16 ], "texture": "#texture", "tintindex": 0 }
    }
},
{
    "from": [ 15, 2, 8 ],
    "to": [ 16, 3, 9 ],
    "rotation": { "origin": [ 8.0, 8.0, 8.0 ], "axis": "y", "angle": 45.0 },
    "faces": {
        "down":  { "uv": [ 6, 6, 7, 7 ], "rotation": 270, "texture": "#texture", "tintindex": 0 },
        "up":    { "uv": [ 6, 6, 7, 7 ], "rotation": 90, "texture": "#texture", "tintindex": 0 },
        "north": { "uv": [ 0, 13, 1, 14 ], "texture": "#texture", "tintindex": 0 },
        "south": { "uv": [ 0, 13, 1, 14 ], "texture": "#texture", "tintindex": 0 },
        "east":  { "uv": [ 7, 13, 8, 14 ], "texture": "#texture", "tintindex": 0 }
    }
},
{
    "from": [ 15, 0, 8 ],
    "to": [ 16, 1, 9 ],
    "rotation": { "origin": [ 8.0, 8.0, 8.0 ], "axis": "y", "angle": 45.0 },
    "faces": {
        "down":  { "uv": [ 7, 15, 8, 16 ], "rotation": 270, "texture": "#texture", "tintindex": 0 },
        "up":    { "uv": [ 7, 15, 8, 16 ], "rotation": 90, "texture": "#texture", "tintindex": 0 },
        "north": { "uv": [ 0, 15, 1, 16 ], "texture": "#texture", "tintindex": 0 },
        "south": { "uv": [ 0, 15, 1, 16 ], "texture": "#texture", "tintindex": 0 },
        "east":  { "uv": [ 7, 15, 8, 16 ], "texture": "#texture", "tintindex": 0 }
    }
},
{
    "from": [ 12, 0, 8 ],
    "to": [ 13, 2, 9 ],
    "rotation": { "origin": [ 8.0, 8.0, 8.0 ], "axis": "y", "angle": 45.0 },
    "faces": {
        "down":  { "uv": [ 5, 4, 6, 5 ], "rotation": 270, "texture": "#texture", "tintindex": 0 },
        "up":    { "uv": [ 5, 4, 6, 5 ], "rotation": 90, "texture": "#texture", "tintindex": 0 },
        "north": { "uv": [ 3, 14, 4, 16 ], "texture": "#texture", "tintindex": 0 },
        "south": { "uv": [ 3, 14, 4, 16 ], "texture": "#texture", "tintindex": 0 }
    }
},
{
    "from": [ 3, 0, 8 ],
    "to": [ 5, 2, 9 ],
    "rotation": { "origin": [ 8.0, 8.0, 8.0 ], "axis": "y", "angle": 45.0 },
    "faces": {
        "down":  { "uv": [ 7, 11, 8, 13 ], "rotation": 270, "texture": "#texture", "tintindex": 0 },
        "up":    { "uv": [ 7, 11, 8, 13 ], "rotation": 90, "texture": "#texture", "tintindex": 0 },
        "north": { "uv": [ 11, 14, 13, 16 ], "texture": "#texture", "tintindex": 0 },
        "south": { "uv": [ 11, 14, 13, 16 ], "texture": "#texture", "tintindex": 0 },
        "west":  { "uv": [ 7, 14, 8, 16 ], "texture": "#texture", "tintindex": 0 }
    }
},
{
    "from": [ 1, 0, 8 ],
    "to": [ 3, 1, 9 ],
    "rotation": { "origin": [ 8.0, 8.0, 8.0 ], "axis": "y", "angle": 45.0 },
    "faces": {
        "down":  { "uv": [ 7, 13, 8, 15 ], "rotation": 270, "texture": "#texture", "tintindex": 0 },
        "up":    { "uv": [ 7, 13, 8, 15 ], "rotation": 90, "texture": "#texture", "tintindex": 0 },
        "north": { "uv": [ 13, 15, 15, 16 ], "texture": "#texture", "tintindex": 0 },
        "south": { "uv": [ 13, 15, 15, 16 ], "texture": "#texture", "tintindex": 0 },
        "west":  { "uv": [ 7, 15, 8, 16 ], "texture": "#texture", "tintindex": 0 }
    }
},
{
    "from": [ 3, 2, 8 ],
    "to": [ 4, 3, 9 ],
    "rotation": { "origin": [ 8.0, 8.0, 8.0 ], "axis": "y", "angle": 45.0 },
    "faces": {
        "north": { "uv": [ 12, 13, 13, 14 ], "texture": "#texture", "tintindex": 0 },
        "south": { "uv": [ 12, 13, 13, 14 ], "texture": "#texture", "tintindex": 0 },
        "west":  { "uv": [ 7, 13, 8, 14 ], "texture": "#texture", "tintindex": 0 },
        "east":  { "uv": [ 7, 13, 8, 14 ], "texture": "#texture", "tintindex": 0 }
    }
},
{
    "from": [ 3, 3, 8 ],
    "to": [ 5, 6, 9 ],
    "rotation": { "origin": [ 8.0, 8.0, 8.0 ], "axis": "y", "angle": 45.0 },
    "faces": {
        "down":  { "uv": [ 7, 11, 8, 13 ], "rotation": 270, "texture": "#texture", "tintindex": 0 },
        "up":    { "uv": [ 7, 11, 8, 13 ], "rotation": 90, "texture": "#texture", "tintindex": 0 },
        "north": { "uv": [ 11, 10, 13, 13 ], "texture": "#texture", "tintindex": 0 },
        "south": { "uv": [ 11, 10, 13, 13 ], "texture": "#texture", "tintindex": 0 },
        "west":  { "uv": [ 7, 10, 8, 13 ], "texture": "#texture", "tintindex": 0 },
        "east":  { "uv": [ 7, 10, 8, 13 ], "texture": "#texture", "tintindex": 0 }
    }
},
{
    "from": [ 5, 5, 8 ],
    "to": [ 11, 6, 9 ],
    "rotation": { "origin": [ 8.0, 8.0, 8.0 ], "axis": "y", "angle": 45.0 },
    "faces": {
        "north": { "uv": [ 5, 10, 11, 11 ], "texture": "#texture", "tintindex": 0 },
        "south": { "uv": [ 5, 10, 11, 11 ], "texture": "#texture", "tintindex": 0 },
        "east":  { "uv": [ 7, 10, 8, 11 ], "texture": "#texture", "tintindex": 0 }
    }
},
{
    "from": [ 4, 6, 8 ],
    "to": [ 12, 9, 9 ],
    "rotation": { "origin": [ 8.0, 8.0, 8.0 ], "axis": "y", "angle": 45.0 },
    "faces": {
        "down":  { "uv": [ 7, 6, 8, 14 ], "rotation": 270, "texture": "#texture", "tintindex": 0 },
        "up":    { "uv": [ 7, 6, 8, 14 ], "rotation": 90, "texture": "#texture", "tintindex": 0 },
        "north": { "uv": [ 4, 7, 12, 10 ], "texture": "#texture", "tintindex": 0 },
        "south": { "uv": [ 4, 7, 12, 10 ], "texture": "#texture", "tintindex": 0 },
        "west":  { "uv": [ 7, 7, 8, 10 ], "texture": "#texture", "tintindex": 0 },
        "east":  { "uv": [ 7, 7, 8, 10 ], "texture": "#texture", "tintindex": 0 }
    }
},
{
    "from": [ 12, 4, 8 ],
    "to": [ 13, 7, 9 ],
    "rotation": { "origin": [ 8.0, 8.0, 8.0 ], "axis": "y", "angle": 45.0 },
    "faces": {
        "down":  { "uv": [ 6, 5, 7, 6 ], "rotation": 270, "texture": "#texture", "tintindex": 0 },
        "up":    { "uv": [ 6, 5, 7, 6 ], "rotation": 90, "texture": "#texture", "tintindex": 0 },
        "north": { "uv": [ 3, 9, 4, 12 ], "texture": "#texture", "tintindex": 0 },
        "south": { "uv": [ 3, 9, 4, 12 ], "texture": "#texture", "tintindex": 0 },
        "west":  { "uv": [ 7, 9, 8, 12 ], "texture": "#texture", "tintindex": 0 },
        "east":  { "uv": [ 7, 9, 8, 12 ], "texture": "#texture", "tintindex": 0 }
    }
},
{
    "from": [ 13, 7, 8 ],
    "to": [ 14, 9, 9 ],
    "rotation": { "origin": [ 8.0, 8.0, 8.0 ], "axis": "y", "angle": 45.0 },
    "faces": {
        "down":  { "uv": [ 7, 6, 8, 7 ], "rotation": 270, "texture": "#texture", "tintindex": 0 },
        "up":    { "uv": [ 7, 6, 8, 7 ], "rotation": 90, "texture": "#texture", "tintindex": 0 },
        "north": { "uv": [ 2, 7, 3, 9 ], "texture": "#texture", "tintindex": 0 },
        "south": { "uv": [ 2, 7, 3, 9 ], "texture": "#texture", "tintindex": 0 },
        "west":  { "uv": [ 7, 7, 8, 9 ], "texture": "#texture", "tintindex": 0 },
        "east":  { "uv": [ 7, 7, 8, 9 ], "texture": "#texture", "tintindex": 0 }
    }
},
{
    "from": [ 12, 8, 8 ],
    "to": [ 13, 9, 9 ],
    "rotation": { "origin": [ 8.0, 8.0, 8.0 ], "axis": "y", "angle": 45.0 },
    "faces": {
        "down":  { "uv": [ 6, 5, 7, 6 ], "rotation": 270, "texture": "#texture", "tintindex": 0 },
        "north": { "uv": [ 3, 7, 4, 8 ], "texture": "#texture", "tintindex": 0 },
        "south": { "uv": [ 3, 7, 4, 8 ], "texture": "#texture", "tintindex": 0 }
    }
},
{
    "from": [ 5, 9, 8 ],
    "to": [ 13, 10, 9 ],
    "rotation": { "origin": [ 8.0, 8.0, 8.0 ], "axis": "y", "angle": 45.0 },
    "faces": {
        "down":  { "uv": [ 7, 6, 8, 14 ], "rotation": 270, "texture": "#texture", "tintindex": 0 },
        "up":    { "uv": [ 7, 6, 8, 14 ], "rotation": 90, "texture": "#texture", "tintindex": 0 },
        "north": { "uv": [ 3, 6, 11, 7 ], "texture": "#texture", "tintindex": 0 },
        "south": { "uv": [ 3, 6, 11, 7 ], "texture": "#texture", "tintindex": 0 },
        "west":  { "uv": [ 7, 6, 8, 7 ], "texture": "#texture", "tintindex": 0 },
        "east":  { "uv": [ 7, 6, 8, 7 ], "texture": "#texture", "tintindex": 0 }
    }
},
{
    "from": [ 9, 10, 8 ],
    "to": [ 12, 11, 9 ],
    "rotation": { "origin": [ 8.0, 8.0, 8.0 ], "axis": "y", "angle": 45.0 },
    "faces": {
        "up":    { "uv": [ 7, 6, 8, 9 ], "rotation": 90, "texture": "#texture", "tintindex": 0 },
        "north": { "uv": [ 4, 5, 7, 6 ], "texture": "#texture", "tintindex": 0 },
        "south": { "uv": [ 4, 5, 7, 6 ], "texture": "#texture", "tintindex": 0 },
        "west":  { "uv": [ 7, 6, 8, 7 ], "texture": "#texture", "tintindex": 0 },
        "east":  { "uv": [ 7, 6, 8, 7 ], "texture": "#texture", "tintindex": 0 }
    }
},
{
    "from": [ 10, 11, 8 ],
    "to": [ 13, 12, 9 ],
    "rotation": { "origin": [ 8.0, 8.0, 8.0 ], "axis": "y", "angle": 45.0 },
    "faces": {
        "down":  { "uv": [ 7, 6, 8, 9 ], "rotation": 270, "texture": "#texture", "tintindex": 0 },
        "up":    { "uv": [ 7, 6, 8, 9 ], "rotation": 90, "texture": "#texture", "tintindex": 0 },
        "north": { "uv": [ 3, 4, 6, 5 ], "texture": "#texture", "tintindex": 0 },
        "south": { "uv": [ 3, 4, 6, 5 ], "texture": "#texture", "tintindex": 0 },
        "west":  { "uv": [ 7, 6, 8, 7 ], "texture": "#texture", "tintindex": 0 },
        "east":  { "uv": [ 7, 6, 8, 7 ], "texture": "#texture", "tintindex": 0 }
    }
},
{
    "from": [ 3, 10, 8 ],
    "to": [ 8, 11, 9 ],
    "rotation": { "origin": [ 8.0, 8.0, 8.0 ], "axis": "y", "angle": 45.0 },
    "faces": {
        "down":  { "uv": [ 7, 8, 8, 13 ], "rotation": 270, "texture": "#texture", "tintindex": 0 },
        "up":    { "uv": [ 7, 8, 8, 13 ], "rotation": 90, "texture": "#texture", "tintindex": 0 },
        "north": { "uv": [ 8, 5, 13, 6 ], "texture": "#texture", "tintindex": 0 },
        "south": { "uv": [ 8, 5, 13, 6 ], "texture": "#texture", "tintindex": 0 },
        "west":  { "uv": [ 7, 6, 8, 7 ], "texture": "#texture", "tintindex": 0 },
        "east":  { "uv": [ 7, 6, 8, 7 ], "texture": "#texture", "tintindex": 0 }
    }
},
{
    "from": [ 2, 11, 8 ],
    "to": [ 7, 12, 9 ],
    "rotation": { "origin": [ 8.0, 8.0, 8.0 ], "axis": "y", "angle": 45.0 },
    "faces": {
        "down":  { "uv": [ 7, 9, 8, 14 ], "rotation": 270, "texture": "#texture", "tintindex": 0 },
        "up":    { "uv": [ 7, 9, 8, 14 ], "rotation": 90, "texture": "#texture", "tintindex": 0 },
        "north": { "uv": [ 9, 4, 14, 5 ], "texture": "#texture", "tintindex": 0 },
        "south": { "uv": [ 9, 4, 14, 5 ], "texture": "#texture", "tintindex": 0 },
        "west":  { "uv": [ 7, 6, 8, 7 ], "texture": "#texture", "tintindex": 0 },
        "east":  { "uv": [ 7, 6, 8, 7 ], "texture": "#texture", "tintindex": 0 }
    }
},
{
    "from": [ 3, 12, 8 ],
    "to": [ 5, 13, 9 ],
    "rotation": { "origin": [ 8.0, 8.0, 8.0 ], "axis": "y", "angle": 45.0 },
    "faces": {
        "up":    { "uv": [ 7, 11, 8, 13 ], "rotation": 90, "texture": "#texture", "tintindex": 0 },
        "north": { "uv": [ 11, 3, 13, 4 ], "texture": "#texture", "tintindex": 0 },
        "south": { "uv": [ 11, 3, 13, 4 ], "texture": "#texture", "tintindex": 0 },
        "west":  { "uv": [ 7, 6, 8, 7 ], "texture": "#texture", "tintindex": 0 },
        "east":  { "uv": [ 7, 6, 8, 7 ], "texture": "#texture", "tintindex": 0 }
    }
}
],
"display": {
    "thirdperson_righthand": {
        "rotation": [ 0, -90, 0 ],
        "translation": [ 0, 4, 2 ],
        "scale": [ 0.85, 0.85, 0.85 ]
    },
    "thirdperson_lefthand": {
        "rotation": [ 0, 90, 0 ],
        "translation": [ 0, 4, 2 ],
        "scale": [ 0.85, 0.85, 0.85 ]
    },
    "ground": {
        "rotation": [ 0, 0, 0 ],
        "translation": [ 0, 2, 0 ],
        "scale": [ 0.5, 0.5, 0.5 ]
    },
    "fixed": {
        "rotation": [ 0, 0, 0 ],
        "translation": [ 0, 0, 0 ],
        "scale": [ 0.5, 0.5, 0.5 ]
    },
    "firstperson_righthand": {
        "rotation": [ 0, -90, 25 ],
        "translation": [ 1.2, 3.2, 1.13 ],
        "scale": [ 0.68, 0.68, 0.68 ]
    },
    "firstperson_lefthand": {
        "rotation": [ 0, 90, -25 ],
        "translation": [ 0.2, 3.2, 1.12 ],
        "scale": [ 0.68, 0.68, 0.68 ]
    },
    "gui": {
        "rotation": [ 30, 225, 0 ],
        "translation": [ 0, 0, 0 ],
        "scale": [ 0.75, 0.75, 0.75 ]
    }
}
}