{
	"__comment": "Designed by AndrealVox",
	"ambientocclusion": false,
	"textures": {
		"particle": "block/double_plant_rose_bottom",
		"texture": "block/double_plant_rose_bottom"
	},
	"elements": [
		{
			"__comment": "Cube1",
			"from": [ 2.5, 11, 1.5 ],
			"to": [ 17.5, 12, 2.5 ],
			"rotation": { "origin": [ 2.5, 11, 1.5 ], "axis": "y", "angle": -45 },
			"faces": {
				"down": { "uv": [ 4, 10, 11.5, 10.5 ], "texture": "#texture" },
				"up": { "uv": [ 4, 10.5, 11.5, 10 ], "texture": "#texture" },
				"north": { "uv": [ 11.5, 10, 4, 10.5 ], "texture": "#texture" },
				"south": { "uv": [ 4, 10, 11.5, 10.5 ], "texture": "#texture" },
				"west": { "uv": [ 4, 10, 4.5, 10.5 ], "texture": "#texture" },
				"east": { "uv": [ 11.5, 10.5, 11, 10 ], "texture": "#texture", "rotation": 180 }
			}
		},
		{
			"__comment": "Cube2",
			"from": [ 2.5, 8, 1.5 ],
			"to": [ 18.5, 9, 2.5 ],
			"rotation": { "origin": [ 2.5, 11, 1.5 ], "axis": "y", "angle": -45 },
			"faces": {
				"down": { "uv": [ 4, 11.5, 12, 12 ], "texture": "#texture" },
				"up": { "uv": [ 4, 12, 12, 11.5 ], "texture": "#texture" },
				"north": { "uv": [ 12, 11.5, 4, 12 ], "texture": "#texture" },
				"south": { "uv": [ 4, 11.5, 12, 12 ], "texture": "#texture" },
				"west": { "uv": [ 4, 11.5, 4.5, 12 ], "texture": "#texture" },
				"east": { "uv": [ 12, 12, 11.5, 11.5 ], "texture": "#texture", "rotation": 180 }
			}
		},
		{
			"__comment": "Cube3",
			"from": [ 3.5, 17, 1.5 ],
			"to": [ 9.5, 19, 2.5 ],
			"rotation": { "origin": [ 2.5, 11, 1.5 ], "axis": "y", "angle": -45 },
			"faces": {
				"down": { "uv": [ 4.5, 7, 7.5, 7.5 ], "texture": "#texture" },
				"up": { "uv": [ 4.5, 7, 7.5, 6.5 ], "texture": "#texture" },
				"north": { "uv": [ 7.5, 6.5, 4.5, 7.5 ], "texture": "#texture" },
				"south": { "uv": [ 4.5, 6.5, 7.5, 7.5 ], "texture": "#texture" },
				"west": { "uv": [ 4.5, 6.5, 5, 7.5 ], "texture": "#texture" },
				"east": { "uv": [ 7.5, 7.5, 7, 6.5 ], "texture": "#texture", "rotation": 180 }
			}
		},
		{
			"__comment": "Cube4",
			"from": [ 3.5, 6, 1.5 ],
			"to": [ 16.5, 11, 2.5 ],
			"rotation": { "origin": [ 2.5, 11, 1.5 ], "axis": "y", "angle": -45 },
			"faces": {
				"down": { "uv": [ 4.5, 12.5, 11, 13 ], "texture": "#texture" },
				"north": { "uv": [ 11, 10.5, 4.5, 13 ], "texture": "#texture" },
				"south": { "uv": [ 4.5, 10.5, 11, 13 ], "texture": "#texture" },
				"west": { "uv": [ 4.5, 10.5, 5, 13 ], "texture": "#texture" },
				"east": { "uv": [ 11, 13, 10.5, 10.5 ], "texture": "#texture", "rotation": 180 }
			}
		},
		{
			"__comment": "Cube5",
			"from": [ 4.5, 27, 1.5 ],
			"to": [ 7.5, 29, 2.5 ],
			"rotation": { "origin": [ 2.5, 11, 1.5 ], "axis": "y", "angle": -45 },
			"faces": {
				"down": { "uv": [ 5, 2, 6.5, 2.5 ], "texture": "#texture" },
				"up": { "uv": [ 5, 2, 6.5, 1.5 ], "texture": "#texture" },
				"north": { "uv": [ 6.5, 1.5, 5, 2.5 ], "texture": "#texture" },
				"south": { "uv": [ 5, 1.5, 6.5, 2.5 ], "texture": "#texture" },
				"west": { "uv": [ 5, 1.5, 5.5, 2.5 ], "texture": "#texture" },
				"east": { "uv": [ 6.5, 2.5, 6, 1.5 ], "texture": "#texture", "rotation": 180 }
			}
		},
		{
			"__comment": "Cube6",
			"from": [ 4.5, 26, 1.5 ],
			"to": [ 6.5, 27, 2.5 ],
			"rotation": { "origin": [ 2.5, 11, 1.5 ], "axis": "y", "angle": -45 },
			"faces": {
				"down": { "uv": [ 5, 2.5, 6, 3 ], "texture": "#texture" },
				"north": { "uv": [ 6, 2.5, 5, 3 ], "texture": "#texture" },
				"south": { "uv": [ 5, 2.5, 6, 3 ], "texture": "#texture" },
				"west": { "uv": [ 5, 2.5, 5.5, 3 ], "texture": "#texture" },
				"east": { "uv": [ 6, 3, 5.5, 2.5 ], "texture": "#texture", "rotation": 180 }
			}
		},
		{
			"__comment": "Cube7",
			"from": [ 4.5, 24, 1.5 ],
			"to": [ 6.5, 25, 2.5 ],
			"rotation": { "origin": [ 2.5, 11, 1.5 ], "axis": "y", "angle": -45 },
			"faces": {
				"down": { "uv": [ 5, 3.5, 6, 4 ], "texture": "#texture" },
				"up": { "uv": [ 5, 4, 6, 3.5 ], "texture": "#texture" },
				"north": { "uv": [ 6, 3.5, 5, 4 ], "texture": "#texture" },
				"south": { "uv": [ 5, 3.5, 6, 4 ], "texture": "#texture" },
				"west": { "uv": [ 5, 3.5, 5.5, 4 ], "texture": "#texture" }
			}
		},
		{
			"__comment": "Cube8",
			"from": [ 4.5, 22, 1.5 ],
			"to": [ 6.5, 23, 2.5 ],
			"rotation": { "origin": [ 2.5, 11, 1.5 ], "axis": "y", "angle": -45 },
			"faces": {
				"down": { "uv": [ 5, 4.5, 6, 5 ], "texture": "#texture" },
				"up": { "uv": [ 5, 5, 6, 4.5 ], "texture": "#texture" },
				"north": { "uv": [ 6, 4.5, 5, 5 ], "texture": "#texture" },
				"south": { "uv": [ 5, 4.5, 6, 5 ], "texture": "#texture" },
				"west": { "uv": [ 5, 4.5, 5.5, 5 ], "texture": "#texture" }
			}
		},
		{
			"__comment": "Cube9",
			"from": [ 4.5, 15, 1.5 ],
			"to": [ 7.5, 17, 2.5 ],
			"rotation": { "origin": [ 2.5, 11, 1.5 ], "axis": "y", "angle": -45 },
			"faces": {
				"down": { "uv": [ 5, 8, 6.5, 8.5 ], "texture": "#texture" },
				"north": { "uv": [ 6.5, 7.5, 5, 8.5 ], "texture": "#texture" },
				"south": { "uv": [ 5, 7.5, 6.5, 8.5 ], "texture": "#texture" },
				"west": { "uv": [ 5, 7.5, 5.5, 8.5 ], "texture": "#texture" },
				"east": { "uv": [ 6.5, 8.5, 6, 7.5 ], "texture": "#texture", "rotation": 180 }
			}
		},
		{
			"__comment": "Cube10",
			"from": [ 4.5, 12, 1.5 ],
			"to": [ 17.5, 13, 2.5 ],
			"rotation": { "origin": [ 2.5, 11, 1.5 ], "axis": "y", "angle": -45 },
			"faces": {
				"up": { "uv": [ 5, 10, 11.5, 9.5 ], "texture": "#texture" },
				"north": { "uv": [ 11.5, 9.5, 5, 10 ], "texture": "#texture" },
				"south": { "uv": [ 5, 9.5, 11.5, 10 ], "texture": "#texture" },
				"west": { "uv": [ 5, 9.5, 5.5, 10 ], "texture": "#texture" },
				"east": { "uv": [ 11.5, 10, 11, 9.5 ], "texture": "#texture", "rotation": 180 }
			}
		},
		{
			"__comment": "Cube11",
			"from": [ 4.5, 5, 1.5 ],
			"to": [ 17.5, 6, 2.5 ],
			"rotation": { "origin": [ 2.5, 11, 1.5 ], "axis": "y", "angle": -45 },
			"faces": {
				"down": { "uv": [ 5, 13, 11.5, 13.5 ], "texture": "#texture" },
				"up": { "uv": [ 5, 13.5, 11.5, 13 ], "texture": "#texture" },
				"north": { "uv": [ 11.5, 13, 5, 13.5 ], "texture": "#texture" },
				"south": { "uv": [ 5, 13, 11.5, 13.5 ], "texture": "#texture" },
				"west": { "uv": [ 5, 13, 5.5, 13.5 ], "texture": "#texture" },
				"east": { "uv": [ 11.5, 13.5, 11, 13 ], "texture": "#texture", "rotation": 180 }
			}
		},
		{
			"__comment": "Cube12",
			"from": [ 5.5, 21, 1.5 ],
			"to": [ 6.5, 26, 2.5 ],
			"rotation": { "origin": [ 2.5, 11, 1.5 ], "axis": "y", "angle": -45 },
			"faces": {
				"down": { "uv": [ 5.5, 5, 6, 5.5 ], "texture": "#texture" },
				"north": { "uv": [ 6, 3, 5.5, 5.5 ], "texture": "#texture" },
				"south": { "uv": [ 5.5, 3, 6, 5.5 ], "texture": "#texture" },
				"west": { "uv": [ 5.5, 3, 6, 5.5 ], "texture": "#texture" },
				"east": { "uv": [ 6, 5.5, 5.5, 3 ], "texture": "#texture", "rotation": 180 }
			}
		},
		{
			"__comment": "Cube13",
			"from": [ 5.5, 19, 1.5 ],
			"to": [ 8.5, 20, 2.5 ],
			"rotation": { "origin": [ 2.5, 11, 1.5 ], "axis": "y", "angle": -45 },
			"faces": {
				"up": { "uv": [ 5.5, 6.5, 7, 6 ], "texture": "#texture" },
				"north": { "uv": [ 7, 6, 5.5, 6.5 ], "texture": "#texture" },
				"south": { "uv": [ 5.5, 6, 7, 6.5 ], "texture": "#texture" },
				"west": { "uv": [ 5.5, 6, 6, 6.5 ], "texture": "#texture" },
				"east": { "uv": [ 7, 6.5, 6.5, 6 ], "texture": "#texture", "rotation": 180 }
			}
		},
		{
			"__comment": "Cube14",
			"from": [ 5.5, 14, 1.5 ],
			"to": [ 7.5, 15, 2.5 ],
			"rotation": { "origin": [ 2.5, 11, 1.5 ], "axis": "y", "angle": -45 },
			"faces": {
				"down": { "uv": [ 5.5, 8.5, 6.5, 9 ], "texture": "#texture" },
				"north": { "uv": [ 6.5, 8.5, 5.5, 9 ], "texture": "#texture" },
				"south": { "uv": [ 5.5, 8.5, 6.5, 9 ], "texture": "#texture" },
				"west": { "uv": [ 5.5, 8.5, 6, 9 ], "texture": "#texture" },
				"east": { "uv": [ 6.5, 9, 6, 8.5 ], "texture": "#texture", "rotation": 180 }
			}
		},
		{
			"__comment": "Cube15",
			"from": [ 5.5, 13, 1.5 ],
			"to": [ 6.5, 14, 2.5 ],
			"rotation": { "origin": [ 2.5, 11, 1.5 ], "axis": "y", "angle": -45 },
			"faces": {
				"north": { "uv": [ 6, 9, 5.5, 9.5 ], "texture": "#texture" },
				"south": { "uv": [ 5.5, 9, 6, 9.5 ], "texture": "#texture" },
				"west": { "uv": [ 5.5, 9, 6, 9.5 ], "texture": "#texture" },
				"east": { "uv": [ 6, 9.5, 5.5, 9 ], "texture": "#texture", "rotation": 180 }
			}
		},
		{
			"__comment": "Cube16",
			"from": [ 5.5, 3, 1.5 ],
			"to": [ 17.5, 4, 2.5 ],
			"rotation": { "origin": [ 2.5, 11, 1.5 ], "axis": "y", "angle": -45 },
			"faces": {
				"down": { "uv": [ 5.5, 14, 11.5, 14.5 ], "texture": "#texture" },
				"up": { "uv": [ 5.5, 14.5, 11.5, 14 ], "texture": "#texture" },
				"north": { "uv": [ 11.5, 14, 5.5, 14.5 ], "texture": "#texture" },
				"south": { "uv": [ 5.5, 14, 11.5, 14.5 ], "texture": "#texture" },
				"west": { "uv": [ 5.5, 14, 6, 14.5 ], "texture": "#texture" },
				"east": { "uv": [ 11.5, 14.5, 11, 14 ], "texture": "#texture", "rotation": 180 }
			}
		},
		{
			"__comment": "Cube17",
			"from": [ 6.5, 20, 1.5 ],
			"to": [ 7.5, 22, 2.5 ],
			"rotation": { "origin": [ 2.5, 11, 1.5 ], "axis": "y", "angle": -45 },
			"faces": {
				"up": { "uv": [ 6, 5.5, 6.5, 5 ], "texture": "#texture" },
				"north": { "uv": [ 6.5, 5, 6, 6 ], "texture": "#texture" },
				"south": { "uv": [ 6, 5, 6.5, 6 ], "texture": "#texture" },
				"west": { "uv": [ 6, 5, 6.5, 6 ], "texture": "#texture" },
				"east": { "uv": [ 6.5, 6, 6, 5 ], "texture": "#texture", "rotation": 180 }
			}
		},
		{
			"__comment": "Cube18",
			"from": [ 6.5, 4, 1.5 ],
			"to": [ 16.5, 5, 2.5 ],
			"rotation": { "origin": [ 2.5, 11, 1.5 ], "axis": "y", "angle": -45 },
			"faces": {
				"north": { "uv": [ 11, 13.5, 6, 14 ], "texture": "#texture" },
				"south": { "uv": [ 6, 13.5, 11, 14 ], "texture": "#texture" },
				"west": { "uv": [ 6, 13.5, 6.5, 14 ], "texture": "#texture" },
				"east": { "uv": [ 11, 14, 10.5, 13.5 ], "texture": "#texture", "rotation": 180 }
			}
		},
		{
			"__comment": "Cube19",
			"from": [ 7.5, 27, 1.5 ],
			"to": [ 9.5, 28, 2.5 ],
			"rotation": { "origin": [ 2.5, 11, 1.5 ], "axis": "y", "angle": -45 },
			"faces": {
				"down": { "uv": [ 6.5, 2, 7.5, 2.5 ], "texture": "#texture" },
				"up": { "uv": [ 6.5, 2.5, 7.5, 2 ], "texture": "#texture" },
				"north": { "uv": [ 7.5, 2, 6.5, 2.5 ], "texture": "#texture" },
				"south": { "uv": [ 6.5, 2, 7.5, 2.5 ], "texture": "#texture" },
				"east": { "uv": [ 7.5, 2.5, 7, 2 ], "texture": "#texture", "rotation": 180 }
			}
		},
		{
			"__comment": "Cube20",
			"from": [ 7.5, 22, 1.5 ],
			"to": [ 11.5, 24, 2.5 ],
			"rotation": { "origin": [ 2.5, 11, 1.5 ], "axis": "y", "angle": -45 },
			"faces": {
				"down": { "uv": [ 6.5, 4.5, 8.5, 5 ], "texture": "#texture" },
				"up": { "uv": [ 6.5, 4.5, 8.5, 4 ], "texture": "#texture" },
				"north": { "uv": [ 8.5, 4, 6.5, 5 ], "texture": "#texture" },
				"south": { "uv": [ 6.5, 4, 8.5, 5 ], "texture": "#texture" },
				"west": { "uv": [ 6.5, 4, 7, 5 ], "texture": "#texture" }
			}
		},
		{
			"__comment": "Cube21",
			"from": [ 7.5, 20, 1.5 ],
			"to": [ 8.5, 21, 2.5 ],
			"rotation": { "origin": [ 2.5, 11, 1.5 ], "axis": "y", "angle": -45 },
			"faces": {
				"up": { "uv": [ 6.5, 6, 7, 5.5 ], "texture": "#texture" },
				"north": { "uv": [ 7, 5.5, 6.5, 6 ], "texture": "#texture" },
				"south": { "uv": [ 6.5, 5.5, 7, 6 ], "texture": "#texture" },
				"east": { "uv": [ 7, 6, 6.5, 5.5 ], "texture": "#texture", "rotation": 180 }
			}
		},
		{
			"__comment": "Cube22",
			"from": [ 7.5, 13, 1.5 ],
			"to": [ 17.5, 14, 2.5 ],
			"rotation": { "origin": [ 2.5, 11, 1.5 ], "axis": "y", "angle": -45 },
			"faces": {
				"up": { "uv": [ 6.5, 9.5, 11.5, 9 ], "texture": "#texture" },
				"north": { "uv": [ 11.5, 9, 6.5, 9.5 ], "texture": "#texture" },
				"south": { "uv": [ 6.5, 9, 11.5, 9.5 ], "texture": "#texture" },
				"west": { "uv": [ 6.5, 9, 7, 9.5 ], "texture": "#texture" },
				"east": { "uv": [ 11.5, 9.5, 11, 9 ], "texture": "#texture", "rotation": 180 }
			}
		},
		{
			"__comment": "Cube23",
			"from": [ 7.5, 1, 1.5 ],
			"to": [ 15.5, 3, 2.5 ],
			"rotation": { "origin": [ 2.5, 11, 1.5 ], "axis": "y", "angle": -45 },
			"faces": {
				"down": { "uv": [ 6.5, 15, 10.5, 15.5 ], "texture": "#texture" },
				"north": { "uv": [ 10.5, 14.5, 6.5, 15.5 ], "texture": "#texture" },
				"south": { "uv": [ 6.5, 14.5, 10.5, 15.5 ], "texture": "#texture" },
				"west": { "uv": [ 6.5, 14.5, 7, 15.5 ], "texture": "#texture" },
				"east": { "uv": [ 10.5, 15.5, 10, 14.5 ], "texture": "#texture", "rotation": 180 }
			}
		},
		{
			"__comment": "Cube24",
			"from": [ 8.5, 29, 1.5 ],
			"to": [ 12.5, 31, 2.5 ],
			"rotation": { "origin": [ 2.5, 11, 1.5 ], "axis": "y", "angle": -45 },
			"faces": {
				"down": { "uv": [ 7, 1, 9, 1.5 ], "texture": "#texture" },
				"up": { "uv": [ 7, 1, 9, 0.5 ], "texture": "#texture" },
				"north": { "uv": [ 9, 0.5, 7, 1.5 ], "texture": "#texture" },
				"south": { "uv": [ 7, 0.5, 9, 1.5 ], "texture": "#texture" },
				"west": { "uv": [ 7, 0.5, 7.5, 1.5 ], "texture": "#texture" },
				"east": { "uv": [ 9, 1.5, 8.5, 0.5 ], "texture": "#texture", "rotation": 180 }
			}
		},
		{
			"__comment": "Cube25",
			"from": [ 8.5, 26, 1.5 ],
			"to": [ 10.5, 27, 2.5 ],
			"rotation": { "origin": [ 2.5, 11, 1.5 ], "axis": "y", "angle": -45 },
			"faces": {
				"down": { "uv": [ 7, 2.5, 8, 3 ], "texture": "#texture" },
				"up": { "uv": [ 7, 3, 8, 2.5 ], "texture": "#texture" },
				"north": { "uv": [ 8, 2.5, 7, 3 ], "texture": "#texture" },
				"south": { "uv": [ 7, 2.5, 8, 3 ], "texture": "#texture" },
				"west": { "uv": [ 7, 2.5, 7.5, 3 ], "texture": "#texture" }
			}
		},
		{
			"__comment": "Cube26",
			"from": [ 8.5, 24, 1.5 ],
			"to": [ 10.5, 25, 2.5 ],
			"rotation": { "origin": [ 2.5, 11, 1.5 ], "axis": "y", "angle": -45 },
			"faces": {
				"up": { "uv": [ 7, 4, 8, 3.5 ], "texture": "#texture" },
				"north": { "uv": [ 8, 3.5, 7, 4 ], "texture": "#texture" },
				"south": { "uv": [ 7, 3.5, 8, 4 ], "texture": "#texture" },
				"west": { "uv": [ 7, 3.5, 7.5, 4 ], "texture": "#texture" }
			}
		},
		{
			"__comment": "Cube27",
			"from": [ 8.5, 16, 1.5 ],
			"to": [ 10.5, 17, 2.5 ],
			"rotation": { "origin": [ 2.5, 11, 1.5 ], "axis": "y", "angle": -45 },
			"faces": {
				"down": { "uv": [ 7, 7.5, 8, 8 ], "texture": "#texture" },
				"up": { "uv": [ 7, 8, 8, 7.5 ], "texture": "#texture" },
				"north": { "uv": [ 8, 7.5, 7, 8 ], "texture": "#texture" },
				"south": { "uv": [ 7, 7.5, 8, 8 ], "texture": "#texture" },
				"west": { "uv": [ 7, 7.5, 7.5, 8 ], "texture": "#texture" }
			}
		},
		{
			"__comment": "Cube28",
			"from": [ 8.5, 14, 1.5 ],
			"to": [ 16.5, 15, 2.5 ],
			"rotation": { "origin": [ 2.5, 11, 1.5 ], "axis": "y", "angle": -45 },
			"faces": {
				"up": { "uv": [ 7, 9, 11, 8.5 ], "texture": "#texture" },
				"north": { "uv": [ 11, 8.5, 7, 9 ], "texture": "#texture" },
				"south": { "uv": [ 7, 8.5, 11, 9 ], "texture": "#texture" },
				"west": { "uv": [ 7, 8.5, 7.5, 9 ], "texture": "#texture" },
				"east": { "uv": [ 11, 9, 10.5, 8.5 ], "texture": "#texture", "rotation": 180 }
			}
		},
		{
			"__comment": "Cube29",
			"from": [ 8.5, 0, 1.5 ],
			"to": [ 14.5, 1, 2.5 ],
			"rotation": { "origin": [ 2.5, 11, 1.5 ], "axis": "y", "angle": -45 },
			"faces": {
				"down": { "uv": [ 7, 15.5, 10, 16 ], "texture": "#texture" },
				"north": { "uv": [ 10, 15.5, 7, 16 ], "texture": "#texture" },
				"south": { "uv": [ 7, 15.5, 10, 16 ], "texture": "#texture" },
				"west": { "uv": [ 7, 15.5, 7.5, 16 ], "texture": "#texture" },
				"east": { "uv": [ 10, 16, 9.5, 15.5 ], "texture": "#texture", "rotation": 180 }
			}
		},
		{
			"__comment": "Cube30",
			"from": [ 9.5, 28, 1.5 ],
			"to": [ 11.5, 29, 2.5 ],
			"rotation": { "origin": [ 2.5, 11, 1.5 ], "axis": "y", "angle": -45 },
			"faces": {
				"down": { "uv": [ 7.5, 1.5, 8.5, 2 ], "texture": "#texture" },
				"north": { "uv": [ 8.5, 1.5, 7.5, 2 ], "texture": "#texture" },
				"south": { "uv": [ 7.5, 1.5, 8.5, 2 ], "texture": "#texture" },
				"west": { "uv": [ 7.5, 1.5, 8, 2 ], "texture": "#texture" }
			}
		},
		{
			"__comment": "Cube31",
			"from": [ 9.5, 20, 1.5 ],
			"to": [ 10.5, 26, 2.5 ],
			"rotation": { "origin": [ 2.5, 11, 1.5 ], "axis": "y", "angle": -45 },
			"faces": {
				"down": { "uv": [ 7.5, 5.5, 8, 6 ], "texture": "#texture" },
				"north": { "uv": [ 8, 3, 7.5, 6 ], "texture": "#texture" },
				"south": { "uv": [ 7.5, 3, 8, 6 ], "texture": "#texture" },
				"west": { "uv": [ 7.5, 3, 8, 6 ], "texture": "#texture" }
			}
		},
		{
			"__comment": "Cube32",
			"from": [ 9.5, 15, 1.5 ],
			"to": [ 10.5, 18, 2.5 ],
			"rotation": { "origin": [ 2.5, 11, 1.5 ], "axis": "y", "angle": -45 },
			"faces": {
				"up": { "uv": [ 7.5, 7.5, 8, 7 ], "texture": "#texture" },
				"north": { "uv": [ 8, 7, 7.5, 8.5 ], "texture": "#texture" },
				"south": { "uv": [ 7.5, 7, 8, 8.5 ], "texture": "#texture" },
				"west": { "uv": [ 7.5, 7, 8, 8.5 ], "texture": "#texture" }
			}
		},
		{
			"__comment": "Cube33",
			"from": [ 10.5, 21, 1.5 ],
			"to": [ 12.5, 22, 2.5 ],
			"rotation": { "origin": [ 2.5, 11, 1.5 ], "axis": "y", "angle": -45 },
			"faces": {
				"down": { "uv": [ 8, 5, 9, 5.5 ], "texture": "#texture" },
				"up": { "uv": [ 8, 5.5, 9, 5 ], "texture": "#texture" },
				"north": { "uv": [ 9, 5, 8, 5.5 ], "texture": "#texture" },
				"south": { "uv": [ 8, 5, 9, 5.5 ], "texture": "#texture" },
				"east": { "uv": [ 9, 5.5, 8.5, 5 ], "texture": "#texture", "rotation": 180 }
			}
		},
		{
			"__comment": "Cube34",
			"from": [ 10.5, 18, 1.5 ],
			"to": [ 11.5, 21, 2.5 ],
			"rotation": { "origin": [ 2.5, 11, 1.5 ], "axis": "y", "angle": -45 },
			"faces": {
				"north": { "uv": [ 8.5, 5.5, 8, 7 ], "texture": "#texture" },
				"west": { "uv": [ 8, 5.5, 8.5, 7 ], "texture": "#texture" },
				"east": { "uv": [ 8.5, 7, 8, 5.5 ], "texture": "#texture", "rotation": 180 }
			}
		},
		{
			"__comment": "Cube35",
			"from": [ 10.5, 15, 1.5 ],
			"to": [ 14.5, 16, 2.5 ],
			"rotation": { "origin": [ 2.5, 11, 1.5 ], "axis": "y", "angle": -45 },
			"faces": {
				"up": { "uv": [ 8, 8.5, 10, 8 ], "texture": "#texture" },
				"north": { "uv": [ 10, 8, 8, 8.5 ], "texture": "#texture" },
				"south": { "uv": [ 8, 8, 10, 8.5 ], "texture": "#texture" },
				"east": { "uv": [ 10, 8.5, 9.5, 8 ], "texture": "#texture", "rotation": 180 }
			}
		},
		{
			"__comment": "Cube36",
			"from": [ 11.5, 25, 1.5 ],
			"to": [ 13.5, 26, 2.5 ],
			"rotation": { "origin": [ 2.5, 11, 1.5 ], "axis": "y", "angle": -45 },
			"faces": {
				"down": { "uv": [ 8.5, 3, 9.5, 3.5 ], "texture": "#texture" },
				"up": { "uv": [ 8.5, 3.5, 9.5, 3 ], "texture": "#texture" },
				"north": { "uv": [ 9.5, 3, 8.5, 3.5 ], "texture": "#texture" },
				"south": { "uv": [ 8.5, 3, 9.5, 3.5 ], "texture": "#texture" },
				"east": { "uv": [ 9.5, 3.5, 9, 3 ], "texture": "#texture", "rotation": 180 }
			}
		},
		{
			"__comment": "Cube37",
			"from": [ 11.5, 22, 1.5 ],
			"to": [ 12.5, 23, 2.5 ],
			"rotation": { "origin": [ 2.5, 11, 1.5 ], "axis": "y", "angle": -45 },
			"faces": {
				"up": { "uv": [ 8.5, 5, 9, 4.5 ], "texture": "#texture" },
				"north": { "uv": [ 9, 4.5, 8.5, 5 ], "texture": "#texture" },
				"south": { "uv": [ 8.5, 4.5, 9, 5 ], "texture": "#texture" },
				"east": { "uv": [ 9, 5, 8.5, 4.5 ], "texture": "#texture", "rotation": 180 }
			}
		},
		{
			"__comment": "Cube38",
			"from": [ 11.5, 19, 1.5 ],
			"to": [ 12.5, 20, 2.5 ],
			"rotation": { "origin": [ 2.5, 11, 1.5 ], "axis": "y", "angle": -45 },
			"faces": {
				"down": { "uv": [ 8.5, 6, 9, 6.5 ], "texture": "#texture" },
				"up": { "uv": [ 8.5, 6.5, 9, 6 ], "texture": "#texture" },
				"north": { "uv": [ 9, 6, 8.5, 6.5 ], "texture": "#texture" },
				"south": { "uv": [ 8.5, 6, 9, 6.5 ], "texture": "#texture" },
				"east": { "uv": [ 9, 6.5, 8.5, 6 ], "texture": "#texture", "rotation": 180 }
			}
		},
		{
			"__comment": "Cube39",
			"from": [ 11.5, 16, 1.5 ],
			"to": [ 13.5, 17, 2.5 ],
			"rotation": { "origin": [ 2.5, 11, 1.5 ], "axis": "y", "angle": -45 },
			"faces": {
				"up": { "uv": [ 8.5, 8, 9.5, 7.5 ], "texture": "#texture" },
				"north": { "uv": [ 9.5, 7.5, 8.5, 8 ], "texture": "#texture" },
				"south": { "uv": [ 8.5, 7.5, 9.5, 8 ], "texture": "#texture" },
				"east": { "uv": [ 9.5, 8, 9, 7.5 ], "texture": "#texture", "rotation": 180 }
			}
		},
		{
			"__comment": "Cube40",
			"from": [ 12.5, 26, 1.5 ],
			"to": [ 16.5, 28, 2.5 ],
			"rotation": { "origin": [ 2.5, 11, 1.5 ], "axis": "y", "angle": -45 },
			"faces": {
				"down": { "uv": [ 9, 2.5, 11, 3 ], "texture": "#texture" },
				"up": { "uv": [ 9, 2.5, 11, 2 ], "texture": "#texture" },
				"north": { "uv": [ 11, 2, 9, 3 ], "texture": "#texture" },
				"south": { "uv": [ 9, 2, 11, 3 ], "texture": "#texture" },
				"west": { "uv": [ 9, 2, 9.5, 3 ], "texture": "#texture" },
				"east": { "uv": [ 11, 3, 10.5, 2 ], "texture": "#texture", "rotation": 180 }
			}
		},
		{
			"__comment": "Cube41",
			"from": [ 12.5, 23, 1.5 ],
			"to": [ 13.5, 25, 2.5 ],
			"rotation": { "origin": [ 2.5, 11, 1.5 ], "axis": "y", "angle": -45 },
			"faces": {
				"down": { "uv": [ 9, 4, 9.5, 4.5 ], "texture": "#texture" },
				"north": { "uv": [ 9.5, 3.5, 9, 4.5 ], "texture": "#texture" },
				"south": { "uv": [ 9, 3.5, 9.5, 4.5 ], "texture": "#texture" },
				"west": { "uv": [ 9, 3.5, 9.5, 4.5 ], "texture": "#texture" },
				"east": { "uv": [ 9.5, 4.5, 9, 3.5 ], "texture": "#texture", "rotation": 180 }
			}
		},
		{
			"__comment": "Cube42",
			"from": [ 12.5, 17, 1.5 ],
			"to": [ 14.5, 18, 2.5 ],
			"rotation": { "origin": [ 2.5, 11, 1.5 ], "axis": "y", "angle": -45 },
			"faces": {
				"down": { "uv": [ 9, 7, 10, 7.5 ], "texture": "#texture" },
				"up": { "uv": [ 9, 7.5, 10, 7 ], "texture": "#texture" },
				"north": { "uv": [ 10, 7, 9, 7.5 ], "texture": "#texture" },
				"south": { "uv": [ 9, 7, 10, 7.5 ], "texture": "#texture" },
				"west": { "uv": [ 9, 7, 9.5, 7.5 ], "texture": "#texture" },
				"east": { "uv": [ 10, 7.5, 9.5, 7 ], "texture": "#texture", "rotation": 180 }
			}
		},
		{
			"__comment": "Cube43",
			"from": [ 13.5, 28, 1.5 ],
			"to": [ 15.5, 29, 2.5 ],
			"rotation": { "origin": [ 2.5, 11, 1.5 ], "axis": "y", "angle": -45 },
			"faces": {
				"up": { "uv": [ 9.5, 2, 10.5, 1.5 ], "texture": "#texture" },
				"north": { "uv": [ 10.5, 1.5, 9.5, 2 ], "texture": "#texture" },
				"south": { "uv": [ 9.5, 1.5, 10.5, 2 ], "texture": "#texture" },
				"west": { "uv": [ 9.5, 1.5, 10, 2 ], "texture": "#texture" },
				"east": { "uv": [ 10.5, 2, 10, 1.5 ], "texture": "#texture", "rotation": 180 }
			}
		},
		{
			"__comment": "Cube44",
			"from": [ 13.5, 23, 1.5 ],
			"to": [ 14.5, 24, 2.5 ],
			"rotation": { "origin": [ 2.5, 11, 1.5 ], "axis": "y", "angle": -45 },
			"faces": {
				"down": { "uv": [ 9.5, 4, 10, 4.5 ], "texture": "#texture" },
				"up": { "uv": [ 9.5, 4.5, 10, 4 ], "texture": "#texture" },
				"north": { "uv": [ 10, 4, 9.5, 4.5 ], "texture": "#texture" },
				"south": { "uv": [ 9.5, 4, 10, 4.5 ], "texture": "#texture" },
				"east": { "uv": [ 10, 4.5, 9.5, 4 ], "texture": "#texture", "rotation": 180 }
			}
		},
		{
			"__comment": "Cube45",
			"from": [ 13.5, 18, 1.5 ],
			"to": [ 15.5, 19, 2.5 ],
			"rotation": { "origin": [ 2.5, 11, 1.5 ], "axis": "y", "angle": -45 },
			"faces": {
				"down": { "uv": [ 9.5, 6.5, 10.5, 7 ], "texture": "#texture" },
				"up": { "uv": [ 9.5, 7, 10.5, 6.5 ], "texture": "#texture" },
				"north": { "uv": [ 10.5, 6.5, 9.5, 7 ], "texture": "#texture" },
				"south": { "uv": [ 9.5, 6.5, 10.5, 7 ], "texture": "#texture" },
				"west": { "uv": [ 9.5, 6.5, 10, 7 ], "texture": "#texture" },
				"east": { "uv": [ 10.5, 7, 10, 6.5 ], "texture": "#texture", "rotation": 180 }
			}
		},
		{
			"__comment": "Cube46",
			"from": [ 14.5, 24, 1.5 ],
			"to": [ 16.5, 26, 2.5 ],
			"rotation": { "origin": [ 2.5, 11, 1.5 ], "axis": "y", "angle": -45 },
			"faces": {
				"down": { "uv": [ 10, 3.5, 11, 4 ], "texture": "#texture" },
				"north": { "uv": [ 11, 3, 10, 4 ], "texture": "#texture" },
				"south": { "uv": [ 10, 3, 11, 4 ], "texture": "#texture" },
				"west": { "uv": [ 10, 3, 10.5, 4 ], "texture": "#texture" },
				"east": { "uv": [ 11, 4, 10.5, 3 ], "texture": "#texture", "rotation": 180 }
			}
		},
		{
			"__comment": "Cube47",
			"from": [ 14.5, 22, 1.5 ],
			"to": [ 15.5, 23, 2.5 ],
			"rotation": { "origin": [ 2.5, 11, 1.5 ], "axis": "y", "angle": -45 },
			"faces": {
				"down": { "uv": [ 10, 4.5, 10.5, 5 ], "texture": "#texture" },
				"up": { "uv": [ 10, 5, 10.5, 4.5 ], "texture": "#texture" },
				"north": { "uv": [ 10.5, 4.5, 10, 5 ], "texture": "#texture" },
				"south": { "uv": [ 10, 4.5, 10.5, 5 ], "texture": "#texture" },
				"west": { "uv": [ 10, 4.5, 10.5, 5 ], "texture": "#texture" },
				"east": { "uv": [ 10.5, 5, 10, 4.5 ], "texture": "#texture", "rotation": 180 }
			}
		},
		{
			"__comment": "Cube48",
			"from": [ 15.5, 23, 1.5 ],
			"to": [ 16.5, 24, 2.5 ],
			"rotation": { "origin": [ 2.5, 11, 1.5 ], "axis": "y", "angle": -45 },
			"faces": {
				"down": { "uv": [ 10.5, 4, 11, 4.5 ], "texture": "#texture" },
				"north": { "uv": [ 11, 4, 10.5, 4.5 ], "texture": "#texture" },
				"south": { "uv": [ 10.5, 4, 11, 4.5 ], "texture": "#texture" },
				"west": { "uv": [ 10.5, 4, 11, 4.5 ], "texture": "#texture" },
				"east": { "uv": [ 11, 4.5, 10.5, 4 ], "texture": "#texture", "rotation": 180 }
			}
		},
		{
			"__comment": "Cube49",
			"from": [ 15.5, 19, 1.5 ],
			"to": [ 16.5, 22, 2.5 ],
			"rotation": { "origin": [ 2.5, 11, 1.5 ], "axis": "y", "angle": -45 },
			"faces": {
				"down": { "uv": [ 10.5, 6, 11, 6.5 ], "texture": "#texture" },
				"up": { "uv": [ 10.5, 5.5, 11, 5 ], "texture": "#texture" },
				"north": { "uv": [ 11, 5, 10.5, 6.5 ], "texture": "#texture" },
				"south": { "uv": [ 10.5, 5, 11, 6.5 ], "texture": "#texture" },
				"west": { "uv": [ 10.5, 5, 11, 6.5 ], "texture": "#texture" },
				"east": { "uv": [ 11, 6.5, 10.5, 5 ], "texture": "#texture", "rotation": 180 }
			}
		},
		{
			"__comment": "Cube50",
			"from": [ 15.5, 17, 1.5 ],
			"to": [ 17.5, 18, 2.5 ],
			"rotation": { "origin": [ 2.5, 11, 1.5 ], "axis": "y", "angle": -45 },
			"faces": {
				"down": { "uv": [ 10.5, 7, 11.5, 7.5 ], "texture": "#texture" },
				"up": { "uv": [ 10.5, 7.5, 11.5, 7 ], "texture": "#texture" },
				"north": { "uv": [ 11.5, 7, 10.5, 7.5 ], "texture": "#texture" },
				"south": { "uv": [ 10.5, 7, 11.5, 7.5 ], "texture": "#texture" },
				"west": { "uv": [ 10.5, 7, 11, 7.5 ], "texture": "#texture" },
				"east": { "uv": [ 11.5, 7.5, 11, 7 ], "texture": "#texture", "rotation": 180 }
			}
		},
		{
			"__comment": "Cube51",
			"from": [ 15.5, 15, 1.5 ],
			"to": [ 16.5, 17, 2.5 ],
			"rotation": { "origin": [ 2.5, 11, 1.5 ], "axis": "y", "angle": -45 },
			"faces": {
				"north": { "uv": [ 11, 7.5, 10.5, 8.5 ], "texture": "#texture" },
				"south": { "uv": [ 10.5, 7.5, 11, 8.5 ], "texture": "#texture" },
				"west": { "uv": [ 10.5, 7.5, 11, 8.5 ], "texture": "#texture" },
				"east": { "uv": [ 11, 8.5, 10.5, 7.5 ], "texture": "#texture", "rotation": 180 }
			}
		},
		{
			"__comment": "Cube52",
			"from": [ 16.5, 22, 1.5 ],
			"to": [ 17.5, 23, 2.5 ],
			"rotation": { "origin": [ 2.5, 11, 1.5 ], "axis": "y", "angle": -45 },
			"faces": {
				"down": { "uv": [ 11, 4.5, 11.5, 5 ], "texture": "#texture" },
				"up": { "uv": [ 11, 5, 11.5, 4.5 ], "texture": "#texture" },
				"north": { "uv": [ 11.5, 4.5, 11, 5 ], "texture": "#texture" },
				"south": { "uv": [ 11, 4.5, 11.5, 5 ], "texture": "#texture" },
				"west": { "uv": [ 11, 4.5, 11.5, 5 ], "texture": "#texture" },
				"east": { "uv": [ 11.5, 5, 11, 4.5 ], "texture": "#texture", "rotation": 180 }
			}
		},
		{
			"__comment": "Cube53",
			"from": [ 16.5, 20, 1.5 ],
			"to": [ 17.5, 21, 2.5 ],
			"rotation": { "origin": [ 2.5, 11, 1.5 ], "axis": "y", "angle": -45 },
			"faces": {
				"down": { "uv": [ 11, 5.5, 11.5, 6 ], "texture": "#texture" },
				"up": { "uv": [ 11, 6, 11.5, 5.5 ], "texture": "#texture" },
				"north": { "uv": [ 11.5, 5.5, 11, 6 ], "texture": "#texture" },
				"south": { "uv": [ 11, 5.5, 11.5, 6 ], "texture": "#texture" },
				"east": { "uv": [ 11.5, 6, 11, 5.5 ], "texture": "#texture", "rotation": 180 }
			}
		},
		{
			"__comment": "Cube54",
			"from": [ 16.5, 6, 1.5 ],
			"to": [ 17.5, 10, 2.5 ],
			"rotation": { "origin": [ 2.5, 11, 1.5 ], "axis": "y", "angle": -45 },
			"faces": {
				"up": { "uv": [ 11, 11.5, 11.5, 11 ], "texture": "#texture" },
				"north": { "uv": [ 11.5, 11, 11, 13 ], "texture": "#texture" },
				"south": { "uv": [ 11, 11, 11.5, 13 ], "texture": "#texture" },
				"east": { "uv": [ 11.5, 13, 11, 11 ], "texture": "#texture", "rotation": 180 }
			}
		},
		{
			"__comment": "Cube1",
			"from": [ 10.5, 11, -5.5 ],
			"to": [ 11.5, 12, 9.5 ],
			"rotation": { "origin": [ 2.5, 11, 1.5 ], "axis": "y", "angle": -45 },
			"faces": {
				"down": { "uv": [ 4, 10, 11.5, 10.5 ], "texture": "#texture", "rotation": 270 },
				"up": { "uv": [ 4, 10.5, 11.5, 10 ], "texture": "#texture", "rotation": 90 },
				"north": { "uv": [ 4, 10, 4.5, 10.5 ], "texture": "#texture" },
				"south": { "uv": [ 11.5, 10.5, 11, 10 ], "texture": "#texture", "rotation": 180 },
				"west": { "uv": [ 4, 10, 11.5, 10.5 ], "texture": "#texture" },
				"east": { "uv": [ 11.5, 10, 4, 10.5 ], "texture": "#texture" }
			}
		},
		{
			"__comment": "Cube2",
			"from": [ 10.5, 8, -5.5 ],
			"to": [ 11.5, 9, 10.5 ],
			"rotation": { "origin": [ 2.5, 11, 1.5 ], "axis": "y", "angle": -45 },
			"faces": {
				"down": { "uv": [ 4, 11.5, 12, 12 ], "texture": "#texture", "rotation": 270 },
				"up": { "uv": [ 4, 12, 12, 11.5 ], "texture": "#texture", "rotation": 90 },
				"north": { "uv": [ 4, 11.5, 4.5, 12 ], "texture": "#texture" },
				"south": { "uv": [ 12, 12, 11.5, 11.5 ], "texture": "#texture", "rotation": 180 },
				"west": { "uv": [ 4, 11.5, 12, 12 ], "texture": "#texture" },
				"east": { "uv": [ 12, 11.5, 4, 12 ], "texture": "#texture" }
			}
		},
		{
			"__comment": "Cube3",
			"from": [ 10.5, 17, -4.5 ],
			"to": [ 11.5, 19, 1.5 ],
			"rotation": { "origin": [ 2.5, 11, 1.5 ], "axis": "y", "angle": -45 },
			"faces": {
				"down": { "uv": [ 4.5, 7, 7.5, 7.5 ], "texture": "#texture", "rotation": 270 },
				"up": { "uv": [ 4.5, 7, 7.5, 6.5 ], "texture": "#texture", "rotation": 90 },
				"north": { "uv": [ 4.5, 6.5, 5, 7.5 ], "texture": "#texture" },
				"south": { "uv": [ 7.5, 7.5, 7, 6.5 ], "texture": "#texture", "rotation": 180 },
				"west": { "uv": [ 4.5, 6.5, 7.5, 7.5 ], "texture": "#texture" },
				"east": { "uv": [ 7.5, 6.5, 4.5, 7.5 ], "texture": "#texture" }
			}
		},
		{
			"__comment": "Cube4",
			"from": [ 10.5, 6, -4.5 ],
			"to": [ 11.5, 11, 8.5 ],
			"rotation": { "origin": [ 2.5, 11, 1.5 ], "axis": "y", "angle": -45 },
			"faces": {
				"down": { "uv": [ 4.5, 12.5, 11, 13 ], "texture": "#texture", "rotation": 270 },
				"north": { "uv": [ 4.5, 10.5, 5, 13 ], "texture": "#texture" },
				"south": { "uv": [ 11, 13, 10.5, 10.5 ], "texture": "#texture", "rotation": 180 },
				"west": { "uv": [ 4.5, 10.5, 11, 13 ], "texture": "#texture" },
				"east": { "uv": [ 11, 10.5, 4.5, 13 ], "texture": "#texture" }
			}
		},
		{
			"__comment": "Cube5",
			"from": [ 10.5, 27, -3.5 ],
			"to": [ 11.5, 29, -0.5 ],
			"rotation": { "origin": [ 2.5, 11, 1.5 ], "axis": "y", "angle": -45 },
			"faces": {
				"down": { "uv": [ 5, 2, 6.5, 2.5 ], "texture": "#texture", "rotation": 270 },
				"up": { "uv": [ 5, 2, 6.5, 1.5 ], "texture": "#texture", "rotation": 90 },
				"north": { "uv": [ 5, 1.5, 5.5, 2.5 ], "texture": "#texture" },
				"south": { "uv": [ 6.5, 2.5, 6, 1.5 ], "texture": "#texture", "rotation": 180 },
				"west": { "uv": [ 5, 1.5, 6.5, 2.5 ], "texture": "#texture" },
				"east": { "uv": [ 6.5, 1.5, 5, 2.5 ], "texture": "#texture" }
			}
		},
		{
			"__comment": "Cube6",
			"from": [ 10.5, 26, -3.5 ],
			"to": [ 11.5, 27, -1.5 ],
			"rotation": { "origin": [ 2.5, 11, 1.5 ], "axis": "y", "angle": -45 },
			"faces": {
				"down": { "uv": [ 5, 2.5, 6, 3 ], "texture": "#texture", "rotation": 270 },
				"north": { "uv": [ 5, 2.5, 5.5, 3 ], "texture": "#texture" },
				"south": { "uv": [ 6, 3, 5.5, 2.5 ], "texture": "#texture", "rotation": 180 },
				"west": { "uv": [ 5, 2.5, 6, 3 ], "texture": "#texture" },
				"east": { "uv": [ 6, 2.5, 5, 3 ], "texture": "#texture" }
			}
		},
		{
			"__comment": "Cube7",
			"from": [ 10.5, 24, -3.5 ],
			"to": [ 11.5, 25, -1.5 ],
			"rotation": { "origin": [ 2.5, 11, 1.5 ], "axis": "y", "angle": -45 },
			"faces": {
				"down": { "uv": [ 5, 3.5, 6, 4 ], "texture": "#texture", "rotation": 270 },
				"up": { "uv": [ 5, 4, 6, 3.5 ], "texture": "#texture", "rotation": 90 },
				"north": { "uv": [ 5, 3.5, 5.5, 4 ], "texture": "#texture" },
				"west": { "uv": [ 5, 3.5, 6, 4 ], "texture": "#texture" },
				"east": { "uv": [ 6, 3.5, 5, 4 ], "texture": "#texture" }
			}
		},
		{
			"__comment": "Cube8",
			"from": [ 10.5, 22, -3.5 ],
			"to": [ 11.5, 23, -1.5 ],
			"rotation": { "origin": [ 2.5, 11, 1.5 ], "axis": "y", "angle": -45 },
			"faces": {
				"down": { "uv": [ 5, 4.5, 6, 5 ], "texture": "#texture", "rotation": 270 },
				"up": { "uv": [ 5, 5, 6, 4.5 ], "texture": "#texture", "rotation": 90 },
				"north": { "uv": [ 5, 4.5, 5.5, 5 ], "texture": "#texture" },
				"west": { "uv": [ 5, 4.5, 6, 5 ], "texture": "#texture" },
				"east": { "uv": [ 6, 4.5, 5, 5 ], "texture": "#texture" }
			}
		},
		{
			"__comment": "Cube9",
			"from": [ 10.5, 15, -3.5 ],
			"to": [ 11.5, 17, -0.5 ],
			"rotation": { "origin": [ 2.5, 11, 1.5 ], "axis": "y", "angle": -45 },
			"faces": {
				"down": { "uv": [ 5, 8, 6.5, 8.5 ], "texture": "#texture", "rotation": 270 },
				"north": { "uv": [ 5, 7.5, 5.5, 8.5 ], "texture": "#texture" },
				"south": { "uv": [ 6.5, 8.5, 6, 7.5 ], "texture": "#texture", "rotation": 180 },
				"west": { "uv": [ 5, 7.5, 6.5, 8.5 ], "texture": "#texture" },
				"east": { "uv": [ 6.5, 7.5, 5, 8.5 ], "texture": "#texture" }
			}
		},
		{
			"__comment": "Cube10",
			"from": [ 10.5, 12, -3.5 ],
			"to": [ 11.5, 13, 9.5 ],
			"rotation": { "origin": [ 2.5, 11, 1.5 ], "axis": "y", "angle": -45 },
			"faces": {
				"up": { "uv": [ 5, 10, 11.5, 9.5 ], "texture": "#texture", "rotation": 90 },
				"north": { "uv": [ 5, 9.5, 5.5, 10 ], "texture": "#texture" },
				"south": { "uv": [ 11.5, 10, 11, 9.5 ], "texture": "#texture", "rotation": 180 },
				"west": { "uv": [ 5, 9.5, 11.5, 10 ], "texture": "#texture" },
				"east": { "uv": [ 11.5, 9.5, 5, 10 ], "texture": "#texture" }
			}
		},
		{
			"__comment": "Cube11",
			"from": [ 10.5, 5, -3.5 ],
			"to": [ 11.5, 6, 9.5 ],
			"rotation": { "origin": [ 2.5, 11, 1.5 ], "axis": "y", "angle": -45 },
			"faces": {
				"down": { "uv": [ 5, 13, 11.5, 13.5 ], "texture": "#texture", "rotation": 270 },
				"up": { "uv": [ 5, 13.5, 11.5, 13 ], "texture": "#texture", "rotation": 90 },
				"north": { "uv": [ 5, 13, 5.5, 13.5 ], "texture": "#texture" },
				"south": { "uv": [ 11.5, 13.5, 11, 13 ], "texture": "#texture", "rotation": 180 },
				"west": { "uv": [ 5, 13, 11.5, 13.5 ], "texture": "#texture" },
				"east": { "uv": [ 11.5, 13, 5, 13.5 ], "texture": "#texture" }
			}
		},
		{
			"__comment": "Cube12",
			"from": [ 10.5, 21, -2.5 ],
			"to": [ 11.5, 26, -1.5 ],
			"rotation": { "origin": [ 2.5, 11, 1.5 ], "axis": "y", "angle": -45 },
			"faces": {
				"down": { "uv": [ 5.5, 5, 6, 5.5 ], "texture": "#texture", "rotation": 270 },
				"north": { "uv": [ 5.5, 3, 6, 5.5 ], "texture": "#texture" },
				"south": { "uv": [ 6, 5.5, 5.5, 3 ], "texture": "#texture", "rotation": 180 },
				"west": { "uv": [ 5.5, 3, 6, 5.5 ], "texture": "#texture" },
				"east": { "uv": [ 6, 3, 5.5, 5.5 ], "texture": "#texture" }
			}
		},
		{
			"__comment": "Cube13",
			"from": [ 10.5, 19, -2.5 ],
			"to": [ 11.5, 20, 0.5 ],
			"rotation": { "origin": [ 2.5, 11, 1.5 ], "axis": "y", "angle": -45 },
			"faces": {
				"up": { "uv": [ 5.5, 6.5, 7, 6 ], "texture": "#texture", "rotation": 90 },
				"north": { "uv": [ 5.5, 6, 6, 6.5 ], "texture": "#texture" },
				"south": { "uv": [ 7, 6.5, 6.5, 6 ], "texture": "#texture", "rotation": 180 },
				"west": { "uv": [ 5.5, 6, 7, 6.5 ], "texture": "#texture" },
				"east": { "uv": [ 7, 6, 5.5, 6.5 ], "texture": "#texture" }
			}
		},
		{
			"__comment": "Cube14",
			"from": [ 10.5, 14, -2.5 ],
			"to": [ 11.5, 15, -0.5 ],
			"rotation": { "origin": [ 2.5, 11, 1.5 ], "axis": "y", "angle": -45 },
			"faces": {
				"down": { "uv": [ 5.5, 8.5, 6.5, 9 ], "texture": "#texture", "rotation": 270 },
				"north": { "uv": [ 5.5, 8.5, 6, 9 ], "texture": "#texture" },
				"south": { "uv": [ 6.5, 9, 6, 8.5 ], "texture": "#texture", "rotation": 180 },
				"west": { "uv": [ 5.5, 8.5, 6.5, 9 ], "texture": "#texture" },
				"east": { "uv": [ 6.5, 8.5, 5.5, 9 ], "texture": "#texture" }
			}
		},
		{
			"__comment": "Cube15",
			"from": [ 10.5, 13, -2.5 ],
			"to": [ 11.5, 14, -1.5 ],
			"rotation": { "origin": [ 2.5, 11, 1.5 ], "axis": "y", "angle": -45 },
			"faces": {
				"north": { "uv": [ 5.5, 9, 6, 9.5 ], "texture": "#texture" },
				"south": { "uv": [ 6, 9.5, 5.5, 9 ], "texture": "#texture", "rotation": 180 },
				"west": { "uv": [ 5.5, 9, 6, 9.5 ], "texture": "#texture" },
				"east": { "uv": [ 6, 9, 5.5, 9.5 ], "texture": "#texture" }
			}
		},
		{
			"__comment": "Cube16",
			"from": [ 10.5, 3, -2.5 ],
			"to": [ 11.5, 4, 9.5 ],
			"rotation": { "origin": [ 2.5, 11, 1.5 ], "axis": "y", "angle": -45 },
			"faces": {
				"down": { "uv": [ 5.5, 14, 11.5, 14.5 ], "texture": "#texture", "rotation": 270 },
				"up": { "uv": [ 5.5, 14.5, 11.5, 14 ], "texture": "#texture", "rotation": 90 },
				"north": { "uv": [ 5.5, 14, 6, 14.5 ], "texture": "#texture" },
				"south": { "uv": [ 11.5, 14.5, 11, 14 ], "texture": "#texture", "rotation": 180 },
				"west": { "uv": [ 5.5, 14, 11.5, 14.5 ], "texture": "#texture" },
				"east": { "uv": [ 11.5, 14, 5.5, 14.5 ], "texture": "#texture" }
			}
		},
		{
			"__comment": "Cube17",
			"from": [ 10.5, 20, -1.5 ],
			"to": [ 11.5, 22, -0.5 ],
			"rotation": { "origin": [ 2.5, 11, 1.5 ], "axis": "y", "angle": -45 },
			"faces": {
				"up": { "uv": [ 6, 5.5, 6.5, 5 ], "texture": "#texture", "rotation": 90 },
				"north": { "uv": [ 6, 5, 6.5, 6 ], "texture": "#texture" },
				"south": { "uv": [ 6.5, 6, 6, 5 ], "texture": "#texture", "rotation": 180 },
				"west": { "uv": [ 6, 5, 6.5, 6 ], "texture": "#texture" },
				"east": { "uv": [ 6.5, 5, 6, 6 ], "texture": "#texture" }
			}
		},
		{
			"__comment": "Cube18",
			"from": [ 10.5, 4, -1.5 ],
			"to": [ 11.5, 5, 8.5 ],
			"rotation": { "origin": [ 2.5, 11, 1.5 ], "axis": "y", "angle": -45 },
			"faces": {
				"north": { "uv": [ 6, 13.5, 6.5, 14 ], "texture": "#texture" },
				"south": { "uv": [ 11, 14, 10.5, 13.5 ], "texture": "#texture", "rotation": 180 },
				"west": { "uv": [ 6, 13.5, 11, 14 ], "texture": "#texture" },
				"east": { "uv": [ 11, 13.5, 6, 14 ], "texture": "#texture" }
			}
		},
		{
			"__comment": "Cube19",
			"from": [ 10.5, 27, -0.5 ],
			"to": [ 11.5, 28, 1.5 ],
			"rotation": { "origin": [ 2.5, 11, 1.5 ], "axis": "y", "angle": -45 },
			"faces": {
				"down": { "uv": [ 6.5, 2, 7.5, 2.5 ], "texture": "#texture", "rotation": 270 },
				"up": { "uv": [ 6.5, 2.5, 7.5, 2 ], "texture": "#texture", "rotation": 90 },
				"south": { "uv": [ 7.5, 2.5, 7, 2 ], "texture": "#texture", "rotation": 180 },
				"west": { "uv": [ 6.5, 2, 7.5, 2.5 ], "texture": "#texture" },
				"east": { "uv": [ 7.5, 2, 6.5, 2.5 ], "texture": "#texture" }
			}
		},
		{
			"__comment": "Cube20",
			"from": [ 10.5, 22, -0.5 ],
			"to": [ 11.5, 24, 3.5 ],
			"rotation": { "origin": [ 2.5, 11, 1.5 ], "axis": "y", "angle": -45 },
			"faces": {
				"down": { "uv": [ 6.5, 4.5, 8.5, 5 ], "texture": "#texture", "rotation": 270 },
				"up": { "uv": [ 6.5, 4.5, 8.5, 4 ], "texture": "#texture", "rotation": 90 },
				"north": { "uv": [ 6.5, 4, 7, 5 ], "texture": "#texture" },
				"south": { "uv": [ 8.5, 5, 8, 4 ], "texture": "#texture", "rotation": 180 },
				"west": { "uv": [ 6.5, 4, 8.5, 5 ], "texture": "#texture" },
				"east": { "uv": [ 8.5, 4, 6.5, 5 ], "texture": "#texture" }
			}
		},
		{
			"__comment": "Cube21",
			"from": [ 10.5, 20, -0.5 ],
			"to": [ 11.5, 21, 0.5 ],
			"rotation": { "origin": [ 2.5, 11, 1.5 ], "axis": "y", "angle": -45 },
			"faces": {
				"up": { "uv": [ 6.5, 6, 7, 5.5 ], "texture": "#texture", "rotation": 90 },
				"south": { "uv": [ 7, 6, 6.5, 5.5 ], "texture": "#texture", "rotation": 180 },
				"west": { "uv": [ 6.5, 5.5, 7, 6 ], "texture": "#texture" },
				"east": { "uv": [ 7, 5.5, 6.5, 6 ], "texture": "#texture" }
			}
		},
		{
			"__comment": "Cube22",
			"from": [ 10.5, 13, -0.5 ],
			"to": [ 11.5, 14, 9.5 ],
			"rotation": { "origin": [ 2.5, 11, 1.5 ], "axis": "y", "angle": -45 },
			"faces": {
				"up": { "uv": [ 6.5, 9.5, 11.5, 9 ], "texture": "#texture", "rotation": 90 },
				"north": { "uv": [ 6.5, 9, 7, 9.5 ], "texture": "#texture" },
				"south": { "uv": [ 11.5, 9.5, 11, 9 ], "texture": "#texture", "rotation": 180 },
				"west": { "uv": [ 6.5, 9, 11.5, 9.5 ], "texture": "#texture" },
				"east": { "uv": [ 11.5, 9, 6.5, 9.5 ], "texture": "#texture" }
			}
		},
		{
			"__comment": "Cube23",
			"from": [ 10.5, 1, -0.5 ],
			"to": [ 11.5, 3, 7.5 ],
			"rotation": { "origin": [ 2.5, 11, 1.5 ], "axis": "y", "angle": -45 },
			"faces": {
				"down": { "uv": [ 6.5, 15, 10.5, 15.5 ], "texture": "#texture", "rotation": 270 },
				"north": { "uv": [ 6.5, 14.5, 7, 15.5 ], "texture": "#texture" },
				"south": { "uv": [ 10.5, 15.5, 10, 14.5 ], "texture": "#texture", "rotation": 180 },
				"west": { "uv": [ 6.5, 14.5, 10.5, 15.5 ], "texture": "#texture" },
				"east": { "uv": [ 10.5, 14.5, 6.5, 15.5 ], "texture": "#texture" }
			}
		},
		{
			"__comment": "Cube24",
			"from": [ 10.5, 29, 0.5 ],
			"to": [ 11.5, 31, 4.5 ],
			"rotation": { "origin": [ 2.5, 11, 1.5 ], "axis": "y", "angle": -45 },
			"faces": {
				"down": { "uv": [ 7, 1, 9, 1.5 ], "texture": "#texture", "rotation": 270 },
				"up": { "uv": [ 7, 1, 9, 0.5 ], "texture": "#texture", "rotation": 90 },
				"north": { "uv": [ 7, 0.5, 7.5, 1.5 ], "texture": "#texture" },
				"south": { "uv": [ 9, 1.5, 8.5, 0.5 ], "texture": "#texture", "rotation": 180 },
				"west": { "uv": [ 7, 0.5, 9, 1.5 ], "texture": "#texture" },
				"east": { "uv": [ 9, 0.5, 7, 1.5 ], "texture": "#texture" }
			}
		},
		{
			"__comment": "Cube25",
			"from": [ 10.5, 26, 0.5 ],
			"to": [ 11.5, 27, 2.5 ],
			"rotation": { "origin": [ 2.5, 11, 1.5 ], "axis": "y", "angle": -45 },
			"faces": {
				"down": { "uv": [ 7, 2.5, 8, 3 ], "texture": "#texture", "rotation": 270 },
				"up": { "uv": [ 7, 3, 8, 2.5 ], "texture": "#texture", "rotation": 90 },
				"north": { "uv": [ 7, 2.5, 7.5, 3 ], "texture": "#texture" },
				"south": { "uv": [ 8, 3, 7.5, 2.5 ], "texture": "#texture", "rotation": 180 },
				"west": { "uv": [ 7, 2.5, 8, 3 ], "texture": "#texture" },
				"east": { "uv": [ 8, 2.5, 7, 3 ], "texture": "#texture" }
			}
		},
		{
			"__comment": "Cube26",
			"from": [ 10.5, 24, 0.5 ],
			"to": [ 11.5, 25, 2.5 ],
			"rotation": { "origin": [ 2.5, 11, 1.5 ], "axis": "y", "angle": -45 },
			"faces": {
				"up": { "uv": [ 7, 4, 8, 3.5 ], "texture": "#texture", "rotation": 90 },
				"north": { "uv": [ 7, 3.5, 7.5, 4 ], "texture": "#texture" },
				"west": { "uv": [ 7, 3.5, 8, 4 ], "texture": "#texture" },
				"east": { "uv": [ 8, 3.5, 7, 4 ], "texture": "#texture" }
			}
		},
		{
			"__comment": "Cube27",
			"from": [ 10.5, 16, 0.5 ],
			"to": [ 11.5, 17, 2.5 ],
			"rotation": { "origin": [ 2.5, 11, 1.5 ], "axis": "y", "angle": -45 },
			"faces": {
				"down": { "uv": [ 7, 7.5, 8, 8 ], "texture": "#texture", "rotation": 270 },
				"up": { "uv": [ 7, 8, 8, 7.5 ], "texture": "#texture", "rotation": 90 },
				"north": { "uv": [ 7, 7.5, 7.5, 8 ], "texture": "#texture" },
				"west": { "uv": [ 7, 7.5, 8, 8 ], "texture": "#texture" },
				"east": { "uv": [ 8, 7.5, 7, 8 ], "texture": "#texture" }
			}
		},
		{
			"__comment": "Cube28",
			"from": [ 10.5, 14, 0.5 ],
			"to": [ 11.5, 15, 8.5 ],
			"rotation": { "origin": [ 2.5, 11, 1.5 ], "axis": "y", "angle": -45 },
			"faces": {
				"up": { "uv": [ 7, 9, 11, 8.5 ], "texture": "#texture", "rotation": 90 },
				"north": { "uv": [ 7, 8.5, 7.5, 9 ], "texture": "#texture" },
				"south": { "uv": [ 11, 9, 10.5, 8.5 ], "texture": "#texture", "rotation": 180 },
				"west": { "uv": [ 7, 8.5, 11, 9 ], "texture": "#texture" },
				"east": { "uv": [ 11, 8.5, 7, 9 ], "texture": "#texture" }
			}
		},
		{
			"__comment": "Cube29",
			"from": [ 10.5, 0, 0.5 ],
			"to": [ 11.5, 1, 6.5 ],
			"rotation": { "origin": [ 2.5, 11, 1.5 ], "axis": "y", "angle": -45 },
			"faces": {
				"down": { "uv": [ 7, 15.5, 10, 16 ], "texture": "#texture", "rotation": 270 },
				"north": { "uv": [ 7, 15.5, 7.5, 16 ], "texture": "#texture" },
				"south": { "uv": [ 10, 16, 9.5, 15.5 ], "texture": "#texture", "rotation": 180 },
				"west": { "uv": [ 7, 15.5, 10, 16 ], "texture": "#texture" },
				"east": { "uv": [ 10, 15.5, 7, 16 ], "texture": "#texture" }
			}
		},
		{
			"__comment": "Cube30",
			"from": [ 10.5, 28, 1.5 ],
			"to": [ 11.5, 29, 3.5 ],
			"rotation": { "origin": [ 2.5, 11, 1.5 ], "axis": "y", "angle": -45 },
			"faces": {
				"down": { "uv": [ 7.5, 1.5, 8.5, 2 ], "texture": "#texture", "rotation": 270 },
				"south": { "uv": [ 8.5, 2, 8, 1.5 ], "texture": "#texture", "rotation": 180 },
				"west": { "uv": [ 7.5, 1.5, 8.5, 2 ], "texture": "#texture" },
				"east": { "uv": [ 8.5, 1.5, 7.5, 2 ], "texture": "#texture" }
			}
		},
		{
			"__comment": "Cube31",
			"from": [ 10.5, 20, 1.5 ],
			"to": [ 11.5, 26, 2.5 ],
			"rotation": { "origin": [ 2.5, 11, 1.5 ], "axis": "y", "angle": -45 },
			"faces": {
				"north": { "uv": [ 7.5, 3, 8, 6 ], "texture": "#texture" },
				"south": { "uv": [ 8, 6, 7.5, 3 ], "texture": "#texture", "rotation": 180 },
				"east": { "uv": [ 8, 3, 7.5, 6 ], "texture": "#texture" }
			}
		},
		{
			"__comment": "Cube32",
			"from": [ 10.5, 15, 1.5 ],
			"to": [ 11.5, 18, 2.5 ],
			"rotation": { "origin": [ 2.5, 11, 1.5 ], "axis": "y", "angle": -45 },
			"faces": {
				"north": { "uv": [ 7.5, 7, 8, 8.5 ], "texture": "#texture" },
				"south": { "uv": [ 8, 8.5, 7.5, 7 ], "texture": "#texture", "rotation": 180 },
				"east": { "uv": [ 8, 7, 7.5, 8.5 ], "texture": "#texture" }
			}
		},
		{
			"__comment": "Cube33",
			"from": [ 10.5, 21, 2.5 ],
			"to": [ 11.5, 22, 4.5 ],
			"rotation": { "origin": [ 2.5, 11, 1.5 ], "axis": "y", "angle": -45 },
			"faces": {
				"down": { "uv": [ 8, 5, 9, 5.5 ], "texture": "#texture", "rotation": 270 },
				"up": { "uv": [ 8, 5.5, 9, 5 ], "texture": "#texture", "rotation": 90 },
				"south": { "uv": [ 9, 5.5, 8.5, 5 ], "texture": "#texture", "rotation": 180 },
				"west": { "uv": [ 8, 5, 9, 5.5 ], "texture": "#texture" },
				"east": { "uv": [ 9, 5, 8, 5.5 ], "texture": "#texture" }
			}
		},
		{
			"__comment": "Cube34",
			"from": [ 10.5, 18, 2.5 ],
			"to": [ 11.5, 21, 3.5 ],
			"rotation": { "origin": [ 2.5, 11, 1.5 ], "axis": "y", "angle": -45 },
			"faces": {
				"down": { "uv": [ 8, 6.5, 8.5, 7 ], "texture": "#texture", "rotation": 270 },
				"south": { "uv": [ 8.5, 7, 8, 5.5 ], "texture": "#texture", "rotation": 180 },
				"west": { "uv": [ 8, 5.5, 8.5, 7 ], "texture": "#texture" },
				"east": { "uv": [ 8.5, 5.5, 8, 7 ], "texture": "#texture" }
			}
		},
		{
			"__comment": "Cube35",
			"from": [ 10.5, 15, 2.5 ],
			"to": [ 11.5, 16, 6.5 ],
			"rotation": { "origin": [ 2.5, 11, 1.5 ], "axis": "y", "angle": -45 },
			"faces": {
				"up": { "uv": [ 8, 8.5, 10, 8 ], "texture": "#texture", "rotation": 90 },
				"south": { "uv": [ 10, 8.5, 9.5, 8 ], "texture": "#texture", "rotation": 180 },
				"west": { "uv": [ 8, 8, 10, 8.5 ], "texture": "#texture" },
				"east": { "uv": [ 10, 8, 8, 8.5 ], "texture": "#texture" }
			}
		},
		{
			"__comment": "Cube36",
			"from": [ 10.5, 25, 3.5 ],
			"to": [ 11.5, 26, 5.5 ],
			"rotation": { "origin": [ 2.5, 11, 1.5 ], "axis": "y", "angle": -45 },
			"faces": {
				"down": { "uv": [ 8.5, 3, 9.5, 3.5 ], "texture": "#texture", "rotation": 270 },
				"up": { "uv": [ 8.5, 3.5, 9.5, 3 ], "texture": "#texture", "rotation": 90 },
				"north": { "uv": [ 8.5, 3, 9, 3.5 ], "texture": "#texture" },
				"south": { "uv": [ 9.5, 3.5, 9, 3 ], "texture": "#texture", "rotation": 180 },
				"west": { "uv": [ 8.5, 3, 9.5, 3.5 ], "texture": "#texture" },
				"east": { "uv": [ 9.5, 3, 8.5, 3.5 ], "texture": "#texture" }
			}
		},
		{
			"__comment": "Cube37",
			"from": [ 10.5, 22, 3.5 ],
			"to": [ 11.5, 23, 4.5 ],
			"rotation": { "origin": [ 2.5, 11, 1.5 ], "axis": "y", "angle": -45 },
			"faces": {
				"up": { "uv": [ 8.5, 5, 9, 4.5 ], "texture": "#texture", "rotation": 90 },
				"south": { "uv": [ 9, 5, 8.5, 4.5 ], "texture": "#texture", "rotation": 180 },
				"west": { "uv": [ 8.5, 4.5, 9, 5 ], "texture": "#texture" },
				"east": { "uv": [ 9, 4.5, 8.5, 5 ], "texture": "#texture" }
			}
		},
		{
			"__comment": "Cube38",
			"from": [ 10.5, 19, 3.5 ],
			"to": [ 11.5, 20, 4.5 ],
			"rotation": { "origin": [ 2.5, 11, 1.5 ], "axis": "y", "angle": -45 },
			"faces": {
				"down": { "uv": [ 8.5, 6, 9, 6.5 ], "texture": "#texture", "rotation": 270 },
				"up": { "uv": [ 8.5, 6.5, 9, 6 ], "texture": "#texture", "rotation": 90 },
				"south": { "uv": [ 9, 6.5, 8.5, 6 ], "texture": "#texture", "rotation": 180 },
				"west": { "uv": [ 8.5, 6, 9, 6.5 ], "texture": "#texture" },
				"east": { "uv": [ 9, 6, 8.5, 6.5 ], "texture": "#texture" }
			}
		},
		{
			"__comment": "Cube39",
			"from": [ 10.5, 16, 3.5 ],
			"to": [ 11.5, 17, 5.5 ],
			"rotation": { "origin": [ 2.5, 11, 1.5 ], "axis": "y", "angle": -45 },
			"faces": {
				"up": { "uv": [ 8.5, 8, 9.5, 7.5 ], "texture": "#texture", "rotation": 90 },
				"north": { "uv": [ 8.5, 7.5, 9, 8 ], "texture": "#texture" },
				"south": { "uv": [ 9.5, 8, 9, 7.5 ], "texture": "#texture", "rotation": 180 },
				"west": { "uv": [ 8.5, 7.5, 9.5, 8 ], "texture": "#texture" },
				"east": { "uv": [ 9.5, 7.5, 8.5, 8 ], "texture": "#texture" }
			}
		},
		{
			"__comment": "Cube40",
			"from": [ 10.5, 26, 4.5 ],
			"to": [ 11.5, 28, 8.5 ],
			"rotation": { "origin": [ 2.5, 11, 1.5 ], "axis": "y", "angle": -45 },
			"faces": {
				"down": { "uv": [ 9, 2.5, 11, 3 ], "texture": "#texture", "rotation": 270 },
				"up": { "uv": [ 9, 2.5, 11, 2 ], "texture": "#texture", "rotation": 90 },
				"north": { "uv": [ 9, 2, 9.5, 3 ], "texture": "#texture" },
				"south": { "uv": [ 11, 3, 10.5, 2 ], "texture": "#texture", "rotation": 180 },
				"west": { "uv": [ 9, 2, 11, 3 ], "texture": "#texture" },
				"east": { "uv": [ 11, 2, 9, 3 ], "texture": "#texture" }
			}
		},
		{
			"__comment": "Cube41",
			"from": [ 10.5, 23, 4.5 ],
			"to": [ 11.5, 25, 5.5 ],
			"rotation": { "origin": [ 2.5, 11, 1.5 ], "axis": "y", "angle": -45 },
			"faces": {
				"down": { "uv": [ 9, 4, 9.5, 4.5 ], "texture": "#texture", "rotation": 270 },
				"north": { "uv": [ 9, 3.5, 9.5, 4.5 ], "texture": "#texture" },
				"south": { "uv": [ 9.5, 4.5, 9, 3.5 ], "texture": "#texture", "rotation": 180 },
				"west": { "uv": [ 9, 3.5, 9.5, 4.5 ], "texture": "#texture" },
				"east": { "uv": [ 9.5, 3.5, 9, 4.5 ], "texture": "#texture" }
			}
		},
		{
			"__comment": "Cube42",
			"from": [ 10.5, 17, 4.5 ],
			"to": [ 11.5, 18, 6.5 ],
			"rotation": { "origin": [ 2.5, 11, 1.5 ], "axis": "y", "angle": -45 },
			"faces": {
				"down": { "uv": [ 9, 7, 10, 7.5 ], "texture": "#texture", "rotation": 270 },
				"up": { "uv": [ 9, 7.5, 10, 7 ], "texture": "#texture", "rotation": 90 },
				"north": { "uv": [ 9, 7, 9.5, 7.5 ], "texture": "#texture" },
				"south": { "uv": [ 10, 7.5, 9.5, 7 ], "texture": "#texture", "rotation": 180 },
				"west": { "uv": [ 9, 7, 10, 7.5 ], "texture": "#texture" },
				"east": { "uv": [ 10, 7, 9, 7.5 ], "texture": "#texture" }
			}
		},
		{
			"__comment": "Cube43",
			"from": [ 10.5, 28, 5.5 ],
			"to": [ 11.5, 29, 7.5 ],
			"rotation": { "origin": [ 2.5, 11, 1.5 ], "axis": "y", "angle": -45 },
			"faces": {
				"up": { "uv": [ 9.5, 2, 10.5, 1.5 ], "texture": "#texture", "rotation": 90 },
				"north": { "uv": [ 9.5, 1.5, 10, 2 ], "texture": "#texture" },
				"south": { "uv": [ 10.5, 2, 10, 1.5 ], "texture": "#texture", "rotation": 180 },
				"west": { "uv": [ 9.5, 1.5, 10.5, 2 ], "texture": "#texture" },
				"east": { "uv": [ 10.5, 1.5, 9.5, 2 ], "texture": "#texture" }
			}
		},
		{
			"__comment": "Cube44",
			"from": [ 10.5, 23, 5.5 ],
			"to": [ 11.5, 24, 6.5 ],
			"rotation": { "origin": [ 2.5, 11, 1.5 ], "axis": "y", "angle": -45 },
			"faces": {
				"down": { "uv": [ 9.5, 4, 10, 4.5 ], "texture": "#texture", "rotation": 270 },
				"up": { "uv": [ 9.5, 4.5, 10, 4 ], "texture": "#texture", "rotation": 90 },
				"south": { "uv": [ 10, 4.5, 9.5, 4 ], "texture": "#texture", "rotation": 180 },
				"west": { "uv": [ 9.5, 4, 10, 4.5 ], "texture": "#texture" },
				"east": { "uv": [ 10, 4, 9.5, 4.5 ], "texture": "#texture" }
			}
		},
		{
			"__comment": "Cube45",
			"from": [ 10.5, 18, 5.5 ],
			"to": [ 11.5, 19, 7.5 ],
			"rotation": { "origin": [ 2.5, 11, 1.5 ], "axis": "y", "angle": -45 },
			"faces": {
				"down": { "uv": [ 9.5, 6.5, 10.5, 7 ], "texture": "#texture", "rotation": 270 },
				"up": { "uv": [ 9.5, 7, 10.5, 6.5 ], "texture": "#texture", "rotation": 90 },
				"north": { "uv": [ 9.5, 6.5, 10, 7 ], "texture": "#texture" },
				"south": { "uv": [ 10.5, 7, 10, 6.5 ], "texture": "#texture", "rotation": 180 },
				"west": { "uv": [ 9.5, 6.5, 10.5, 7 ], "texture": "#texture" },
				"east": { "uv": [ 10.5, 6.5, 9.5, 7 ], "texture": "#texture" }
			}
		},
		{
			"__comment": "Cube46",
			"from": [ 10.5, 24, 6.5 ],
			"to": [ 11.5, 26, 8.5 ],
			"rotation": { "origin": [ 2.5, 11, 1.5 ], "axis": "y", "angle": -45 },
			"faces": {
				"down": { "uv": [ 10, 3.5, 11, 4 ], "texture": "#texture", "rotation": 270 },
				"north": { "uv": [ 10, 3, 10.5, 4 ], "texture": "#texture" },
				"south": { "uv": [ 11, 4, 10.5, 3 ], "texture": "#texture", "rotation": 180 },
				"west": { "uv": [ 10, 3, 11, 4 ], "texture": "#texture" },
				"east": { "uv": [ 11, 3, 10, 4 ], "texture": "#texture" }
			}
		},
		{
			"__comment": "Cube47",
			"from": [ 10.5, 22, 6.5 ],
			"to": [ 11.5, 23, 7.5 ],
			"rotation": { "origin": [ 2.5, 11, 1.5 ], "axis": "y", "angle": -45 },
			"faces": {
				"down": { "uv": [ 10, 4.5, 10.5, 5 ], "texture": "#texture", "rotation": 270 },
				"up": { "uv": [ 10, 5, 10.5, 4.5 ], "texture": "#texture", "rotation": 90 },
				"north": { "uv": [ 10, 4.5, 10.5, 5 ], "texture": "#texture" },
				"south": { "uv": [ 10.5, 5, 10, 4.5 ], "texture": "#texture", "rotation": 180 },
				"west": { "uv": [ 10, 4.5, 10.5, 5 ], "texture": "#texture" },
				"east": { "uv": [ 10.5, 4.5, 10, 5 ], "texture": "#texture" }
			}
		},
		{
			"__comment": "Cube48",
			"from": [ 10.5, 23, 7.5 ],
			"to": [ 11.5, 24, 8.5 ],
			"rotation": { "origin": [ 2.5, 11, 1.5 ], "axis": "y", "angle": -45 },
			"faces": {
				"down": { "uv": [ 10.5, 4, 11, 4.5 ], "texture": "#texture", "rotation": 270 },
				"north": { "uv": [ 10.5, 4, 11, 4.5 ], "texture": "#texture" },
				"south": { "uv": [ 11, 4.5, 10.5, 4 ], "texture": "#texture", "rotation": 180 },
				"west": { "uv": [ 10.5, 4, 11, 4.5 ], "texture": "#texture" },
				"east": { "uv": [ 11, 4, 10.5, 4.5 ], "texture": "#texture" }
			}
		},
		{
			"__comment": "Cube49",
			"from": [ 10.5, 19, 7.5 ],
			"to": [ 11.5, 22, 8.5 ],
			"rotation": { "origin": [ 2.5, 11, 1.5 ], "axis": "y", "angle": -45 },
			"faces": {
				"down": { "uv": [ 10.5, 6, 11, 6.5 ], "texture": "#texture", "rotation": 270 },
				"up": { "uv": [ 10.5, 5.5, 11, 5 ], "texture": "#texture", "rotation": 90 },
				"north": { "uv": [ 10.5, 5, 11, 6.5 ], "texture": "#texture" },
				"south": { "uv": [ 11, 6.5, 10.5, 5 ], "texture": "#texture", "rotation": 180 },
				"west": { "uv": [ 10.5, 5, 11, 6.5 ], "texture": "#texture" },
				"east": { "uv": [ 11, 5, 10.5, 6.5 ], "texture": "#texture" }
			}
		},
		{
			"__comment": "Cube50",
			"from": [ 10.5, 17, 7.5 ],
			"to": [ 11.5, 18, 9.5 ],
			"rotation": { "origin": [ 2.5, 11, 1.5 ], "axis": "y", "angle": -45 },
			"faces": {
				"down": { "uv": [ 10.5, 7, 11.5, 7.5 ], "texture": "#texture", "rotation": 270 },
				"up": { "uv": [ 10.5, 7.5, 11.5, 7 ], "texture": "#texture", "rotation": 90 },
				"north": { "uv": [ 10.5, 7, 11, 7.5 ], "texture": "#texture" },
				"south": { "uv": [ 11.5, 7.5, 11, 7 ], "texture": "#texture", "rotation": 180 },
				"west": { "uv": [ 10.5, 7, 11.5, 7.5 ], "texture": "#texture" },
				"east": { "uv": [ 11.5, 7, 10.5, 7.5 ], "texture": "#texture" }
			}
		},
		{
			"__comment": "Cube51",
			"from": [ 10.5, 15, 7.5 ],
			"to": [ 11.5, 17, 8.5 ],
			"rotation": { "origin": [ 2.5, 11, 1.5 ], "axis": "y", "angle": -45 },
			"faces": {
				"north": { "uv": [ 10.5, 7.5, 11, 8.5 ], "texture": "#texture" },
				"south": { "uv": [ 11, 8.5, 10.5, 7.5 ], "texture": "#texture", "rotation": 180 },
				"west": { "uv": [ 10.5, 7.5, 11, 8.5 ], "texture": "#texture" },
				"east": { "uv": [ 11, 7.5, 10.5, 8.5 ], "texture": "#texture" }
			}
		},
		{
			"__comment": "Cube52",
			"from": [ 10.5, 22, 8.5 ],
			"to": [ 11.5, 23, 9.5 ],
			"rotation": { "origin": [ 2.5, 11, 1.5 ], "axis": "y", "angle": -45 },
			"faces": {
				"down": { "uv": [ 11, 4.5, 11.5, 5 ], "texture": "#texture", "rotation": 270 },
				"up": { "uv": [ 11, 5, 11.5, 4.5 ], "texture": "#texture", "rotation": 90 },
				"north": { "uv": [ 11, 4.5, 11.5, 5 ], "texture": "#texture" },
				"south": { "uv": [ 11.5, 5, 11, 4.5 ], "texture": "#texture", "rotation": 180 },
				"west": { "uv": [ 11, 4.5, 11.5, 5 ], "texture": "#texture" },
				"east": { "uv": [ 11.5, 4.5, 11, 5 ], "texture": "#texture" }
			}
		},
		{
			"__comment": "Cube53",
			"from": [ 10.5, 20, 8.5 ],
			"to": [ 11.5, 21, 9.5 ],
			"rotation": { "origin": [ 2.5, 11, 1.5 ], "axis": "y", "angle": -45 },
			"faces": {
				"down": { "uv": [ 11, 5.5, 11.5, 6 ], "texture": "#texture", "rotation": 270 },
				"up": { "uv": [ 11, 6, 11.5, 5.5 ], "texture": "#texture", "rotation": 90 },
				"south": { "uv": [ 11.5, 6, 11, 5.5 ], "texture": "#texture", "rotation": 180 },
				"west": { "uv": [ 11, 5.5, 11.5, 6 ], "texture": "#texture" },
				"east": { "uv": [ 11.5, 5.5, 11, 6 ], "texture": "#texture" }
			}
		},
		{
			"__comment": "Cube54",
			"from": [ 10.5, 6, 8.5 ],
			"to": [ 11.5, 10, 9.5 ],
			"rotation": { "origin": [ 2.5, 11, 1.5 ], "axis": "y", "angle": -45 },
			"faces": {
				"up": { "uv": [ 11, 11.5, 11.5, 11 ], "texture": "#texture", "rotation": 90 },
				"south": { "uv": [ 11.5, 13, 11, 11 ], "texture": "#texture", "rotation": 180 },
				"west": { "uv": [ 11, 11, 11.5, 13 ], "texture": "#texture" },
				"east": { "uv": [ 11.5, 11, 11, 13 ], "texture": "#texture" }
			}
		}
	],
	"display": {
		"thirdperson_righthand": {
			"rotation":  [ 0, 45, 0 ],
			"scale":  [ 0.375, 0.375, 0.375 ]
		},
		"thirdperson_lefthand": {
			"rotation":  [ 0, 45, 0 ],
			"scale":  [ 0.375, 0.375, 0.375 ]
		},
		"firstperson_righthand": {
			"rotation":  [ 0, 45, 0 ],
			"scale":  [ 0.4, 0.4, 0.4 ]
		},
		"firstperson_lefthand": {
			"rotation":  [ 0, 45, 0 ],
			"scale":  [ 0.4, 0.4, 0.4 ]
		},
		"gui": {
			"rotation":  [ 25, 0, 0 ],
			"translation":  [ 0, -3, 0 ],
			"scale":  [ 0.5, 0.5, 0.5 ]
		},
		"ground": {
			"translation":  [ 0, 2, 0 ],
			"scale":  [ 0.25, 0.25, 0.25 ]
		},
		"fixed": {
			"translation":  [ 0, -3, 0 ],
			"scale":  [ 0.5, 0.5, 0.5 ]
		}
	}
}