{
"ambientocclusion": false,
"textures": {
    "particle": "block/tall_grass_bottom",
    "texture": "block/tall_grass_bottom"
},
"elements": [ 
{
    "from": [ 7, 0, 2 ],
    "to": [ 8, 1, 4 ],
    "rotation": { "origin": [ 8.0, 8.0, 8.0 ], "axis": "y", "angle": 45.0 },
    "faces": {
        "down":  { "uv": [ -3, 2, -2, 4 ], "texture": "#texture", "tintindex": 0 },
        "up":    { "uv": [ 2, 14, 3, 16 ], "texture": "#texture", "tintindex": 0 },
        "north": { "uv": [ 2, 15, 3, 16 ], "texture": "#texture", "tintindex": 0 },
        "south": { "uv": [ 3, 15, 4, 16 ], "texture": "#texture", "tintindex": 0 },
        "west":  { "uv": [ 2, 15, 4, 16 ], "texture": "#texture", "tintindex": 0 },
        "east":  { "uv": [ 2, 15, 4, 16 ], "texture": "#texture", "tintindex": 0 }
    }
},
{
    "from": [ 7, 0, 5 ],
    "to": [ 8, 1, 8 ],
    "rotation": { "origin": [ 8.0, 8.0, 8.0 ], "axis": "y", "angle": 45.0 },
    "faces": {
        "down":  { "uv": [ -3, 5, -2, 8 ], "texture": "#texture", "tintindex": 0 },
        "up":    { "uv": [ 5, 13, 6, 16 ], "texture": "#texture", "tintindex": 0 },
        "north": { "uv": [ 5, 15, 6, 16 ], "texture": "#texture", "tintindex": 0 },
        "south": { "uv": [ 7, 15, 8, 16 ], "texture": "#texture", "tintindex": 0 },
        "west":  { "uv": [ 5, 15, 8, 16 ], "texture": "#texture", "tintindex": 0 },
        "east":  { "uv": [ 5, 15, 8, 16 ], "texture": "#texture", "tintindex": 0 }
    }
},
{
    "from": [ 7, 0, 9 ],
    "to": [ 8, 3, 14 ],
    "rotation": { "origin": [ 8.0, 8.0, 8.0 ], "axis": "y", "angle": 45.0 },
    "faces": {
        "down":  { "uv": [ -3, 9, -2, 14 ], "texture": "#texture", "tintindex": 0 },
        "up":    { "uv": [ 11, 11, 12, 16 ], "texture": "#texture", "tintindex": 0 },
        "north": { "uv": [ 9, 13, 10, 16 ], "texture": "#texture", "tintindex": 0 },
        "south": { "uv": [ 13, 13, 14, 16 ], "texture": "#texture", "tintindex": 0 },
        "west":  { "uv": [ 9, 13, 14, 16 ], "texture": "#texture", "tintindex": 0 },
        "east":  { "uv": [ 9, 13, 14, 16 ], "texture": "#texture", "tintindex": 0 }
    }
},
{
    "from": [ 7, 1, 1 ],
    "to": [ 8, 3, 2 ],
    "rotation": { "origin": [ 8.0, 8.0, 8.0 ], "axis": "y", "angle": 45.0 },
    "faces": {
        "down":  { "uv": [ -3, 1, -2, 2 ], "texture": "#texture", "tintindex": 0 },
        "up":    { "uv": [ 1, 13, 2, 14 ], "texture": "#texture", "tintindex": 0 },
        "north": { "uv": [ 1, 13, 2, 15 ], "texture": "#texture", "tintindex": 0 },
        "west":  { "uv": [ 1, 13, 2, 15 ], "texture": "#texture", "tintindex": 0 },
        "east":  { "uv": [ 1, 13, 2, 15 ], "texture": "#texture", "tintindex": 0 }
    }
},
{
    "from": [ 7, 1, 5 ],
    "to": [ 8, 4, 7 ],
    "rotation": { "origin": [ 8.0, 8.0, 8.0 ], "axis": "y", "angle": 45.0 },
    "faces": {
        "up":    { "uv": [ 5, 12, 6, 14 ], "texture": "#texture", "tintindex": 0 },
        "north": { "uv": [ 5, 12, 6, 15 ], "texture": "#texture", "tintindex": 0 },
        "south": { "uv": [ 6, 12, 7, 15 ], "texture": "#texture", "tintindex": 0 },
        "west":  { "uv": [ 5, 12, 7, 15 ], "texture": "#texture", "tintindex": 0 },
        "east":  { "uv": [ 5, 12, 7, 15 ], "texture": "#texture", "tintindex": 0 }
    }
},
{
    "from": [ 7, 1, 8 ],
    "to": [ 8, 5, 9 ],
    "rotation": { "origin": [ 8.0, 8.0, 8.0 ], "axis": "y", "angle": 45.0 },
    "faces": {
        "down":  { "uv": [ -3, 8, -2, 9 ], "texture": "#texture", "tintindex": 0 },
        "up":    { "uv": [ 8, 11, 9, 12 ], "texture": "#texture", "tintindex": 0 },
        "north": { "uv": [ 8, 11, 9, 15 ], "texture": "#texture", "tintindex": 0 },
        "south": { "uv": [ 8, 11, 9, 15 ], "texture": "#texture", "tintindex": 0 },
        "west":  { "uv": [ 8, 11, 9, 15 ], "texture": "#texture", "tintindex": 0 },
        "east":  { "uv": [ 8, 11, 9, 15 ], "texture": "#texture", "tintindex": 0 }
    }
},
{
    "from": [ 7, 3, 10 ],
    "to": [ 8, 4, 11 ],
    "rotation": { "origin": [ 8.0, 8.0, 8.0 ], "axis": "y", "angle": 45.0 },
    "faces": {
        "up":    { "uv": [ 10, 12, 11, 13 ], "texture": "#texture", "tintindex": 0 },
        "north": { "uv": [ 10, 12, 11, 13 ], "texture": "#texture", "tintindex": 0 },
        "west":  { "uv": [ 10, 12, 11, 13 ], "texture": "#texture", "tintindex": 0 },
        "east":  { "uv": [ 10, 12, 11, 13 ], "texture": "#texture", "tintindex": 0 }
    }
},
{
    "from": [ 7, 1, 2 ],
    "to": [ 8, 11, 3 ],
    "rotation": { "origin": [ 8.0, 8.0, 8.0 ], "axis": "y", "angle": 45.0 },
    "faces": {
        "up":    { "uv": [ 2, 5, 3, 6 ], "texture": "#texture", "tintindex": 0 },
        "north": { "uv": [ 2, 5, 3, 15 ], "texture": "#texture", "tintindex": 0 },
        "south": { "uv": [ 2, 5, 3, 15 ], "texture": "#texture", "tintindex": 0 },
        "west":  { "uv": [ 2, 5, 3, 15 ], "texture": "#texture", "tintindex": 0 },
        "east":  { "uv": [ 2, 5, 3, 15 ], "texture": "#texture", "tintindex": 0 }
    }
},
{
    "from": [ 7, 9, 1 ],
    "to": [ 8, 16, 2 ],
    "rotation": { "origin": [ 8.0, 8.0, 8.0 ], "axis": "y", "angle": 45.0 },
    "faces": {
        "down":  { "uv": [ -3, 1, -2, 2 ], "texture": "#texture", "tintindex": 0 },
        "up":    { "uv": [ 1, 0, 2, 1 ], "texture": "#texture", "tintindex": 0 },
        "north": { "uv": [ 1, 0, 2, 7 ], "texture": "#texture", "tintindex": 0 },
        "south": { "uv": [ 1, 0, 2, 7 ], "texture": "#texture", "tintindex": 0 },
        "west":  { "uv": [ 1, 0, 2, 7 ], "texture": "#texture", "tintindex": 0 },
        "east":  { "uv": [ 1, 0, 2, 7 ], "texture": "#texture", "tintindex": 0 }
    }
},
{
    "from": [ 7, 14, 2 ],
    "to": [ 8, 16, 3 ],
    "rotation": { "origin": [ 8.0, 8.0, 8.0 ], "axis": "y", "angle": 45.0 },
    "faces": {
        "down":  { "uv": [ -3, 2, -2, 3 ], "texture": "#texture", "tintindex": 0 },
        "up":    { "uv": [ 2, 0, 3, 1 ], "texture": "#texture", "tintindex": 0 },
        "south": { "uv": [ 2, 0, 3, 2 ], "texture": "#texture", "tintindex": 0 },
        "west":  { "uv": [ 2, 0, 3, 2 ], "texture": "#texture", "tintindex": 0 },
        "east":  { "uv": [ 2, 0, 3, 2 ], "texture": "#texture", "tintindex": 0 }
    }
},
{
    "from": [ 7, 4, 3 ],
    "to": [ 8, 7, 6 ],
    "rotation": { "origin": [ 8.0, 8.0, 8.0 ], "axis": "y", "angle": 45.0 },
    "faces": {
        "down":  { "uv": [ -3, 3, -2, 6 ], "texture": "#texture", "tintindex": 0 },
        "up":    { "uv": [ 2, 9, 3, 12 ], "texture": "#texture", "tintindex": 0 },
        "south": { "uv": [ 5, 9, 6, 12 ], "texture": "#texture", "tintindex": 0 },
        "west":  { "uv": [ 3, 9, 6, 12 ], "texture": "#texture", "tintindex": 0 },
        "east":  { "uv": [ 3, 9, 6, 12 ], "texture": "#texture", "tintindex": 0 }
    }
},
{
    "from": [ 7, 7, 4 ],
    "to": [ 8, 13, 5 ],
    "rotation": { "origin": [ 8.0, 8.0, 8.0 ], "axis": "y", "angle": 45.0 },
    "faces": {
        "up":    { "uv": [ 4, 3, 5, 4 ], "texture": "#texture", "tintindex": 0 },
        "north": { "uv": [ 4, 3, 5, 9 ], "texture": "#texture", "tintindex": 0 },
        "south": { "uv": [ 4, 3, 5, 9 ], "texture": "#texture", "tintindex": 0 },
        "west":  { "uv": [ 4, 3, 5, 9 ], "texture": "#texture", "tintindex": 0 },
        "east":  { "uv": [ 4, 3, 5, 9 ], "texture": "#texture", "tintindex": 0 }
    }
},
{
    "from": [ 7, 11, 5 ],
    "to": [ 8, 16, 6 ],
    "rotation": { "origin": [ 8.0, 8.0, 8.0 ], "axis": "y", "angle": 45.0 },
    "faces": {
        "down":  { "uv": [ -3, 5, -2, 6 ], "texture": "#texture", "tintindex": 0 },
        "up":    { "uv": [ 5, 0, 6, 1 ], "texture": "#texture", "tintindex": 0 },
        "north": { "uv": [ 5, 0, 6, 5 ], "texture": "#texture", "tintindex": 0 },
        "south": { "uv": [ 5, 0, 6, 5 ], "texture": "#texture", "tintindex": 0 },
        "west":  { "uv": [ 5, 0, 6, 5 ], "texture": "#texture", "tintindex": 0 },
        "east":  { "uv": [ 5, 0, 6, 5 ], "texture": "#texture", "tintindex": 0 }
    }
},
{
    "from": [ 7, 14, 6 ],
    "to": [ 8, 16, 7 ],
    "rotation": { "origin": [ 8.0, 8.0, 8.0 ], "axis": "y", "angle": 45.0 },
    "faces": {
        "down":  { "uv": [ -3, 6, -2, 7 ], "texture": "#texture", "tintindex": 0 },
        "up":    { "uv": [ 6, 0, 7, 1 ], "texture": "#texture", "tintindex": 0 },
        "south": { "uv": [ 6, 0, 7, 2 ], "texture": "#texture", "tintindex": 0 },
        "west":  { "uv": [ 6, 0, 7, 2 ], "texture": "#texture", "tintindex": 0 },
        "east":  { "uv": [ 6, 0, 7, 2 ], "texture": "#texture", "tintindex": 0 }
    }
},
{
    "from": [ 7, 4, 7 ],
    "to": [ 8, 10, 8 ],
    "rotation": { "origin": [ 8.0, 8.0, 8.0 ], "axis": "y", "angle": 45.0 },
    "faces": {
        "down":  { "uv": [ -3, 7, -2, 8 ], "texture": "#texture", "tintindex": 0 },
        "up":    { "uv": [ 7, 6, 8, 7 ], "texture": "#texture", "tintindex": 0 },
        "north": { "uv": [ 7, 6, 8, 12 ], "texture": "#texture", "tintindex": 0 },
        "south": { "uv": [ 7, 6, 8, 12 ], "texture": "#texture", "tintindex": 0 },
        "west":  { "uv": [ 7, 6, 8, 12 ], "texture": "#texture", "tintindex": 0 },
        "east":  { "uv": [ 7, 6, 8, 12 ], "texture": "#texture", "tintindex": 0 }
    }
},
{
    "from": [ 7, 7, 8 ],
    "to": [ 8, 12, 9 ],
    "rotation": { "origin": [ 8.0, 8.0, 8.0 ], "axis": "y", "angle": 45.0 },
    "faces": {
        "down":  { "uv": [ -3, 8, -2, 9 ], "texture": "#texture", "tintindex": 0 },
        "up":    { "uv": [ 8, 4, 9, 5 ], "texture": "#texture", "tintindex": 0 },
        "north": { "uv": [ 8, 4, 9, 9 ], "texture": "#texture", "tintindex": 0 },
        "south": { "uv": [ 8, 4, 9, 9 ], "texture": "#texture", "tintindex": 0 },
        "west":  { "uv": [ 8, 4, 9, 9 ], "texture": "#texture", "tintindex": 0 },
        "east":  { "uv": [ 8, 4, 9, 9 ], "texture": "#texture", "tintindex": 0 }
    }
},
{
    "from": [ 7, 10, 9 ],
    "to": [ 8, 16, 10 ],
    "rotation": { "origin": [ 8.0, 8.0, 8.0 ], "axis": "y", "angle": 45.0 },
    "faces": {
        "down":  { "uv": [ -3, 9, -2, 10 ], "texture": "#texture", "tintindex": 0 },
        "up":    { "uv": [ 9, 0, 10, 1 ], "texture": "#texture", "tintindex": 0 },
        "north": { "uv": [ 9, 0, 10, 6 ], "texture": "#texture", "tintindex": 0 },
        "south": { "uv": [ 9, 0, 10, 6 ], "texture": "#texture", "tintindex": 0 },
        "west":  { "uv": [ 9, 0, 10, 6 ], "texture": "#texture", "tintindex": 0 },
        "east":  { "uv": [ 9, 0, 10, 6 ], "texture": "#texture", "tintindex": 0 }
    }
},
{
    "from": [ 7, 13, 10 ],
    "to": [ 8, 16, 11 ],
    "rotation": { "origin": [ 8.0, 8.0, 8.0 ], "axis": "y", "angle": 45.0 },
    "faces": {
        "down":  { "uv": [ -3, 10, -2, 11 ], "texture": "#texture", "tintindex": 0 },
        "up":    { "uv": [ 10, 0, 11, 1 ], "texture": "#texture", "tintindex": 0 },
        "west":  { "uv": [ 10, 0, 11, 3 ], "texture": "#texture", "tintindex": 0 },
        "east":  { "uv": [ 10, 0, 11, 3 ], "texture": "#texture", "tintindex": 0 }
    }
},
{
    "from": [ 7, 3, 11 ],
    "to": [ 8, 16, 12 ],
    "rotation": { "origin": [ 8.0, 8.0, 8.0 ], "axis": "y", "angle": 45.0 },
    "faces": {
        "up":    { "uv": [ 11, 0, 12, 1 ], "texture": "#texture", "tintindex": 0 },
        "north": { "uv": [ 11, 0, 12, 13 ], "texture": "#texture", "tintindex": 0 },
        "south": { "uv": [ 11, 0, 12, 13 ], "texture": "#texture", "tintindex": 0 },
        "west":  { "uv": [ 11, 0, 12, 13 ], "texture": "#texture", "tintindex": 0 },
        "east":  { "uv": [ 11, 0, 12, 13 ], "texture": "#texture", "tintindex": 0 }
    }
},
{
    "from": [ 7, 12, 12 ],
    "to": [ 8, 16, 13 ],
    "rotation": { "origin": [ 8.0, 8.0, 8.0 ], "axis": "y", "angle": 45.0 },
    "faces": {
        "down":  { "uv": [ -3, 12, -2, 13 ], "texture": "#texture", "tintindex": 0 },
        "up":    { "uv": [ 12, 0, 13, 1 ], "texture": "#texture", "tintindex": 0 },
        "west":  { "uv": [ 12, 0, 13, 4 ], "texture": "#texture", "tintindex": 0 },
        "east":  { "uv": [ 12, 0, 13, 4 ], "texture": "#texture", "tintindex": 0 }
    }
},
{
    "from": [ 7, 4, 12 ],
    "to": [ 8, 10, 13 ],
    "rotation": { "origin": [ 8.0, 8.0, 8.0 ], "axis": "y", "angle": 45.0 },
    "faces": {
        "down":  { "uv": [ -3, 12, -2, 13 ], "texture": "#texture", "tintindex": 0 },
        "up":    { "uv": [ 12, 6, 13, 7 ], "texture": "#texture", "tintindex": 0 },
        "west":  { "uv": [ 12, 6, 13, 12 ], "texture": "#texture", "tintindex": 0 },
        "east":  { "uv": [ 12, 6, 13, 12 ], "texture": "#texture", "tintindex": 0 }
    }
},
{
    "from": [ 7, 3, 13 ],
    "to": [ 8, 16, 14 ],
    "rotation": { "origin": [ 8.0, 8.0, 8.0 ], "axis": "y", "angle": 45.0 },
    "faces": {
        "up":    { "uv": [ 13, 0, 14, 1 ], "texture": "#texture", "tintindex": 0 },
        "north": { "uv": [ 13, 0, 14, 13 ], "texture": "#texture", "tintindex": 0 },
        "south": { "uv": [ 13, 0, 14, 13 ], "texture": "#texture", "tintindex": 0 },
        "west":  { "uv": [ 13, 0, 14, 13 ], "texture": "#texture", "tintindex": 0 },
        "east":  { "uv": [ 13, 0, 14, 13 ], "texture": "#texture", "tintindex": 0 }
    }
},
{
    "from": [ 7, 5, 14 ],
    "to": [ 8, 14, 15 ],
    "rotation": { "origin": [ 8.0, 8.0, 8.0 ], "axis": "y", "angle": 45.0 },
    "faces": {
        "down":  { "uv": [ -3, 14, -2, 15 ], "texture": "#texture", "tintindex": 0 },
        "up":    { "uv": [ 14, 2, 15, 3 ], "texture": "#texture", "tintindex": 0 },
        "south": { "uv": [ 14, 2, 15, 11 ], "texture": "#texture", "tintindex": 0 },
        "west":  { "uv": [ 14, 2, 15, 11 ], "texture": "#texture", "tintindex": 0 },
        "east":  { "uv": [ 14, 2, 15, 11 ], "texture": "#texture", "tintindex": 0 }
    }
},
{
    "from": [ 12, 0, 8 ],
    "to": [ 14, 1, 9 ],
    "rotation": { "origin": [ 8.0, 8.0, 8.0 ], "axis": "y", "angle": 45.0 },
    "faces": {
        "down":  { "uv": [ -3, 2, -2, 4 ], "rotation": 270, "texture": "#texture", "tintindex": 0 },
        "up":    { "uv": [ 2, 14, 3, 16 ], "rotation": 90, "texture": "#texture", "tintindex": 0 },
        "north": { "uv": [ 2, 15, 4, 16 ], "texture": "#texture", "tintindex": 0 },
        "south": { "uv": [ 2, 15, 4, 16 ], "texture": "#texture", "tintindex": 0 },
        "west":  { "uv": [ 3, 15, 4, 16 ], "texture": "#texture", "tintindex": 0 },
        "east":  { "uv": [ 2, 15, 3, 16 ], "texture": "#texture", "tintindex": 0 }
    }
},
{
    "from": [ 8, 0, 8 ],
    "to": [ 11, 1, 9 ],
    "rotation": { "origin": [ 8.0, 8.0, 8.0 ], "axis": "y", "angle": 45.0 },
    "faces": {
        "down":  { "uv": [ -3, 5, -2, 8 ], "rotation": 270, "texture": "#texture", "tintindex": 0 },
        "up":    { "uv": [ 5, 13, 6, 16 ], "rotation": 90, "texture": "#texture", "tintindex": 0 },
        "north": { "uv": [ 5, 15, 8, 16 ], "texture": "#texture", "tintindex": 0 },
        "south": { "uv": [ 5, 15, 8, 16 ], "texture": "#texture", "tintindex": 0 },
        "west":  { "uv": [ 7, 15, 8, 16 ], "texture": "#texture", "tintindex": 0 },
        "east":  { "uv": [ 5, 15, 6, 16 ], "texture": "#texture", "tintindex": 0 }
    }
},
{
    "from": [ 2, 0, 8 ],
    "to": [ 7, 3, 9 ],
    "rotation": { "origin": [ 8.0, 8.0, 8.0 ], "axis": "y", "angle": 45.0 },
    "faces": {
        "down":  { "uv": [ -3, 9, -2, 14 ], "rotation": 270, "texture": "#texture", "tintindex": 0 },
        "up":    { "uv": [ 11, 11, 12, 16 ], "rotation": 90, "texture": "#texture", "tintindex": 0 },
        "north": { "uv": [ 9, 13, 14, 16 ], "texture": "#texture", "tintindex": 0 },
        "south": { "uv": [ 9, 13, 14, 16 ], "texture": "#texture", "tintindex": 0 },
        "west":  { "uv": [ 13, 13, 14, 16 ], "texture": "#texture", "tintindex": 0 },
        "east":  { "uv": [ 9, 13, 10, 16 ], "texture": "#texture", "tintindex": 0 }
    }
},
{
    "from": [ 14, 1, 8 ],
    "to": [ 15, 3, 9 ],
    "rotation": { "origin": [ 8.0, 8.0, 8.0 ], "axis": "y", "angle": 45.0 },
    "faces": {
        "down":  { "uv": [ -3, 1, -2, 2 ], "rotation": 270, "texture": "#texture", "tintindex": 0 },
        "up":    { "uv": [ 1, 13, 2, 14 ], "rotation": 90, "texture": "#texture", "tintindex": 0 },
        "north": { "uv": [ 1, 13, 2, 15 ], "texture": "#texture", "tintindex": 0 },
        "south": { "uv": [ 1, 13, 2, 15 ], "texture": "#texture", "tintindex": 0 },
        "east":  { "uv": [ 1, 13, 2, 15 ], "texture": "#texture", "tintindex": 0 }
    }
},
{
    "from": [ 9, 1, 8 ],
    "to": [ 11, 4, 9 ],
    "rotation": { "origin": [ 8.0, 8.0, 8.0 ], "axis": "y", "angle": 45.0 },
    "faces": {
        "up":    { "uv": [ 5, 12, 6, 14 ], "rotation": 90, "texture": "#texture", "tintindex": 0 },
        "north": { "uv": [ 5, 12, 7, 15 ], "texture": "#texture", "tintindex": 0 },
        "south": { "uv": [ 5, 12, 7, 15 ], "texture": "#texture", "tintindex": 0 },
        "west":  { "uv": [ 6, 12, 7, 15 ], "texture": "#texture", "tintindex": 0 },
        "east":  { "uv": [ 5, 12, 6, 15 ], "texture": "#texture", "tintindex": 0 }
    }
},
{
    "from": [ 7, 1, 8 ],
    "to": [ 8, 5, 9 ],
    "rotation": { "origin": [ 8.0, 8.0, 8.0 ], "axis": "y", "angle": 45.0 },
    "faces": {
        "down":  { "uv": [ -3, 8, -2, 9 ], "rotation": 270, "texture": "#texture", "tintindex": 0 },
        "up":    { "uv": [ 8, 11, 9, 12 ], "rotation": 90, "texture": "#texture", "tintindex": 0 },
        "north": { "uv": [ 8, 11, 9, 15 ], "texture": "#texture", "tintindex": 0 },
        "south": { "uv": [ 8, 11, 9, 15 ], "texture": "#texture", "tintindex": 0 },
        "west":  { "uv": [ 8, 11, 9, 15 ], "texture": "#texture", "tintindex": 0 },
        "east":  { "uv": [ 8, 11, 9, 15 ], "texture": "#texture", "tintindex": 0 }
    }
},
{
    "from": [ 5, 3, 8 ],
    "to": [ 6, 4, 9 ],
    "rotation": { "origin": [ 8.0, 8.0, 8.0 ], "axis": "y", "angle": 45.0 },
    "faces": {
        "up":    { "uv": [ 10, 12, 11, 13 ], "rotation": 90, "texture": "#texture", "tintindex": 0 },
        "north": { "uv": [ 10, 12, 11, 13 ], "texture": "#texture", "tintindex": 0 },
        "south": { "uv": [ 10, 12, 11, 13 ], "texture": "#texture", "tintindex": 0 },
        "east":  { "uv": [ 10, 12, 11, 13 ], "texture": "#texture", "tintindex": 0 }
    }
},
{
    "from": [ 13, 1, 8 ],
    "to": [ 14, 11, 9 ],
    "rotation": { "origin": [ 8.0, 8.0, 8.0 ], "axis": "y", "angle": 45.0 },
    "faces": {
        "up":    { "uv": [ 2, 5, 3, 6 ], "rotation": 90, "texture": "#texture", "tintindex": 0 },
        "north": { "uv": [ 2, 5, 3, 15 ], "texture": "#texture", "tintindex": 0 },
        "south": { "uv": [ 2, 5, 3, 15 ], "texture": "#texture", "tintindex": 0 },
        "west":  { "uv": [ 2, 5, 3, 15 ], "texture": "#texture", "tintindex": 0 },
        "east":  { "uv": [ 2, 5, 3, 15 ], "texture": "#texture", "tintindex": 0 }
    }
},
{
    "from": [ 14, 9, 8 ],
    "to": [ 15, 16, 9 ],
    "rotation": { "origin": [ 8.0, 8.0, 8.0 ], "axis": "y", "angle": 45.0 },
    "faces": {
        "down":  { "uv": [ -3, 1, -2, 2 ], "rotation": 270, "texture": "#texture", "tintindex": 0 },
        "up":    { "uv": [ 1, 0, 2, 1 ], "rotation": 90, "texture": "#texture", "tintindex": 0 },
        "north": { "uv": [ 1, 0, 2, 7 ], "texture": "#texture", "tintindex": 0 },
        "south": { "uv": [ 1, 0, 2, 7 ], "texture": "#texture", "tintindex": 0 },
        "west":  { "uv": [ 1, 0, 2, 7 ], "texture": "#texture", "tintindex": 0 },
        "east":  { "uv": [ 1, 0, 2, 7 ], "texture": "#texture", "tintindex": 0 }
    }
},
{
    "from": [ 13, 14, 8 ],
    "to": [ 14, 16, 9 ],
    "rotation": { "origin": [ 8.0, 8.0, 8.0 ], "axis": "y", "angle": 45.0 },
    "faces": {
        "down":  { "uv": [ -3, 2, -2, 3 ], "rotation": 270, "texture": "#texture", "tintindex": 0 },
        "up":    { "uv": [ 2, 0, 3, 1 ], "rotation": 90, "texture": "#texture", "tintindex": 0 },
        "north": { "uv": [ 2, 0, 3, 2 ], "texture": "#texture", "tintindex": 0 },
        "south": { "uv": [ 2, 0, 3, 2 ], "texture": "#texture", "tintindex": 0 },
        "west":  { "uv": [ 2, 0, 3, 2 ], "texture": "#texture", "tintindex": 0 }
    }
},
{
    "from": [ 10, 4, 8 ],
    "to": [ 13, 7, 9 ],
    "rotation": { "origin": [ 8.0, 8.0, 8.0 ], "axis": "y", "angle": 45.0 },
    "faces": {
        "down":  { "uv": [ -3, 3, -2, 6 ], "rotation": 270, "texture": "#texture", "tintindex": 0 },
        "up":    { "uv": [ 2, 9, 3, 12 ], "rotation": 90, "texture": "#texture", "tintindex": 0 },
        "north": { "uv": [ 3, 9, 6, 12 ], "texture": "#texture", "tintindex": 0 },
        "south": { "uv": [ 3, 9, 6, 12 ], "texture": "#texture", "tintindex": 0 },
        "west":  { "uv": [ 5, 9, 6, 12 ], "texture": "#texture", "tintindex": 0 }
    }
},
{
    "from": [ 11, 7, 8 ],
    "to": [ 12, 13, 9 ],
    "rotation": { "origin": [ 8.0, 8.0, 8.0 ], "axis": "y", "angle": 45.0 },
    "faces": {
        "up":    { "uv": [ 4, 3, 5, 4 ], "rotation": 90, "texture": "#texture", "tintindex": 0 },
        "north": { "uv": [ 4, 3, 5, 9 ], "texture": "#texture", "tintindex": 0 },
        "south": { "uv": [ 4, 3, 5, 9 ], "texture": "#texture", "tintindex": 0 },
        "west":  { "uv": [ 4, 3, 5, 9 ], "texture": "#texture", "tintindex": 0 },
        "east":  { "uv": [ 4, 3, 5, 9 ], "texture": "#texture", "tintindex": 0 }
    }
},
{
    "from": [ 10, 11, 8 ],
    "to": [ 11, 16, 9 ],
    "rotation": { "origin": [ 8.0, 8.0, 8.0 ], "axis": "y", "angle": 45.0 },
    "faces": {
        "down":  { "uv": [ -3, 5, -2, 6 ], "rotation": 270, "texture": "#texture", "tintindex": 0 },
        "up":    { "uv": [ 5, 0, 6, 1 ], "rotation": 90, "texture": "#texture", "tintindex": 0 },
        "north": { "uv": [ 5, 0, 6, 5 ], "texture": "#texture", "tintindex": 0 },
        "south": { "uv": [ 5, 0, 6, 5 ], "texture": "#texture", "tintindex": 0 },
        "west":  { "uv": [ 5, 0, 6, 5 ], "texture": "#texture", "tintindex": 0 },
        "east":  { "uv": [ 5, 0, 6, 5 ], "texture": "#texture", "tintindex": 0 }
    }
},
{
    "from": [ 9, 14, 8 ],
    "to": [ 10, 16, 9 ],
    "rotation": { "origin": [ 8.0, 8.0, 8.0 ], "axis": "y", "angle": 45.0 },
    "faces": {
        "down":  { "uv": [ -3, 6, -2, 7 ], "rotation": 270, "texture": "#texture", "tintindex": 0 },
        "up":    { "uv": [ 6, 0, 7, 1 ], "rotation": 90, "texture": "#texture", "tintindex": 0 },
        "north": { "uv": [ 6, 0, 7, 2 ], "texture": "#texture", "tintindex": 0 },
        "south": { "uv": [ 6, 0, 7, 2 ], "texture": "#texture", "tintindex": 0 },
        "west":  { "uv": [ 6, 0, 7, 2 ], "texture": "#texture", "tintindex": 0 }
    }
},
{
    "from": [ 8, 4, 8 ],
    "to": [ 9, 10, 9 ],
    "rotation": { "origin": [ 8.0, 8.0, 8.0 ], "axis": "y", "angle": 45.0 },
    "faces": {
        "down":  { "uv": [ -3, 7, -2, 8 ], "rotation": 270, "texture": "#texture", "tintindex": 0 },
        "up":    { "uv": [ 7, 6, 8, 7 ], "rotation": 90, "texture": "#texture", "tintindex": 0 },
        "north": { "uv": [ 7, 6, 8, 12 ], "texture": "#texture", "tintindex": 0 },
        "south": { "uv": [ 7, 6, 8, 12 ], "texture": "#texture", "tintindex": 0 },
        "west":  { "uv": [ 7, 6, 8, 12 ], "texture": "#texture", "tintindex": 0 },
        "east":  { "uv": [ 7, 6, 8, 12 ], "texture": "#texture", "tintindex": 0 }
    }
},
{
    "from": [ 7, 7, 8 ],
    "to": [ 8, 12, 9 ],
    "rotation": { "origin": [ 8.0, 8.0, 8.0 ], "axis": "y", "angle": 45.0 },
    "faces": {
        "down":  { "uv": [ -3, 8, -2, 9 ], "rotation": 270, "texture": "#texture", "tintindex": 0 },
        "up":    { "uv": [ 8, 4, 9, 5 ], "rotation": 90, "texture": "#texture", "tintindex": 0 },
        "north": { "uv": [ 8, 4, 9, 9 ], "texture": "#texture", "tintindex": 0 },
        "south": { "uv": [ 8, 4, 9, 9 ], "texture": "#texture", "tintindex": 0 },
        "west":  { "uv": [ 8, 4, 9, 9 ], "texture": "#texture", "tintindex": 0 },
        "east":  { "uv": [ 8, 4, 9, 9 ], "texture": "#texture", "tintindex": 0 }
    }
},
{
    "from": [ 6, 10, 8 ],
    "to": [ 7, 16, 9 ],
    "rotation": { "origin": [ 8.0, 8.0, 8.0 ], "axis": "y", "angle": 45.0 },
    "faces": {
        "down":  { "uv": [ -3, 9, -2, 10 ], "rotation": 270, "texture": "#texture", "tintindex": 0 },
        "up":    { "uv": [ 9, 0, 10, 1 ], "rotation": 90, "texture": "#texture", "tintindex": 0 },
        "north": { "uv": [ 9, 0, 10, 6 ], "texture": "#texture", "tintindex": 0 },
        "south": { "uv": [ 9, 0, 10, 6 ], "texture": "#texture", "tintindex": 0 },
        "west":  { "uv": [ 9, 0, 10, 6 ], "texture": "#texture", "tintindex": 0 },
        "east":  { "uv": [ 9, 0, 10, 6 ], "texture": "#texture", "tintindex": 0 }
    }
},
{
    "from": [ 5, 13, 8 ],
    "to": [ 6, 16, 9 ],
    "rotation": { "origin": [ 8.0, 8.0, 8.0 ], "axis": "y", "angle": 45.0 },
    "faces": {
        "down":  { "uv": [ -3, 10, -2, 11 ], "rotation": 270, "texture": "#texture", "tintindex": 0 },
        "up":    { "uv": [ 10, 0, 11, 1 ], "rotation": 90, "texture": "#texture", "tintindex": 0 },
        "north": { "uv": [ 10, 0, 11, 3 ], "texture": "#texture", "tintindex": 0 },
        "south": { "uv": [ 10, 0, 11, 3 ], "texture": "#texture", "tintindex": 0 }
    }
},
{
    "from": [ 4, 3, 8 ],
    "to": [ 5, 16, 9 ],
    "rotation": { "origin": [ 8.0, 8.0, 8.0 ], "axis": "y", "angle": 45.0 },
    "faces": {
        "up":    { "uv": [ 11, 0, 12, 1 ], "rotation": 90, "texture": "#texture", "tintindex": 0 },
        "north": { "uv": [ 11, 0, 12, 13 ], "texture": "#texture", "tintindex": 0 },
        "south": { "uv": [ 11, 0, 12, 13 ], "texture": "#texture", "tintindex": 0 },
        "west":  { "uv": [ 11, 0, 12, 13 ], "texture": "#texture", "tintindex": 0 },
        "east":  { "uv": [ 11, 0, 12, 13 ], "texture": "#texture", "tintindex": 0 }
    }
},
{
    "from": [ 3, 12, 8 ],
    "to": [ 4, 16, 9 ],
    "rotation": { "origin": [ 8.0, 8.0, 8.0 ], "axis": "y", "angle": 45.0 },
    "faces": {
        "down":  { "uv": [ -3, 12, -2, 13 ], "rotation": 270, "texture": "#texture", "tintindex": 0 },
        "up":    { "uv": [ 12, 0, 13, 1 ], "rotation": 90, "texture": "#texture", "tintindex": 0 },
        "north": { "uv": [ 12, 0, 13, 4 ], "texture": "#texture", "tintindex": 0 },
        "south": { "uv": [ 12, 0, 13, 4 ], "texture": "#texture", "tintindex": 0 }
    }
},
{
    "from": [ 3, 4, 8 ],
    "to": [ 4, 10, 9 ],
    "rotation": { "origin": [ 8.0, 8.0, 8.0 ], "axis": "y", "angle": 45.0 },
    "faces": {
        "down":  { "uv": [ -3, 12, -2, 13 ], "rotation": 270, "texture": "#texture", "tintindex": 0 },
        "up":    { "uv": [ 12, 6, 13, 7 ], "rotation": 90, "texture": "#texture", "tintindex": 0 },
        "north": { "uv": [ 12, 6, 13, 12 ], "texture": "#texture", "tintindex": 0 },
        "south": { "uv": [ 12, 6, 13, 12 ], "texture": "#texture", "tintindex": 0 }
    }
},
{
    "from": [ 2, 3, 8 ],
    "to": [ 3, 16, 9 ],
    "rotation": { "origin": [ 8.0, 8.0, 8.0 ], "axis": "y", "angle": 45.0 },
    "faces": {
        "up":    { "uv": [ 13, 0, 14, 1 ], "rotation": 90, "texture": "#texture", "tintindex": 0 },
        "north": { "uv": [ 13, 0, 14, 13 ], "texture": "#texture", "tintindex": 0 },
        "south": { "uv": [ 13, 0, 14, 13 ], "texture": "#texture", "tintindex": 0 },
        "west":  { "uv": [ 13, 0, 14, 13 ], "texture": "#texture", "tintindex": 0 },
        "east":  { "uv": [ 13, 0, 14, 13 ], "texture": "#texture", "tintindex": 0 }
    }
},
{
    "from": [ 1, 5, 8 ],
    "to": [ 2, 14, 9 ],
    "rotation": { "origin": [ 8.0, 8.0, 8.0 ], "axis": "y", "angle": 45.0 },
    "faces": {
        "down":  { "uv": [ -3, 14, -2, 15 ], "rotation": 270, "texture": "#texture", "tintindex": 0 },
        "up":    { "uv": [ 14, 2, 15, 3 ], "rotation": 90, "texture": "#texture", "tintindex": 0 },
        "north": { "uv": [ 14, 2, 15, 11 ], "texture": "#texture", "tintindex": 0 },
        "south": { "uv": [ 14, 2, 15, 11 ], "texture": "#texture", "tintindex": 0 },
        "west":  { "uv": [ 14, 2, 15, 11 ], "texture": "#texture", "tintindex": 0 }
    }
}
]
}