{
"ambientocclusion": false,
"textures": {
    "particle": "block/double_fern_bottom",
    "texture": "block/double_fern_bottom"
},
"elements": [ 
{
    "from": [ 7, 0, 7 ],
    "to": [ 8, 3, 9 ],
    "rotation": { "origin": [ 8.0, 8.0, 8.0 ], "axis": "y", "angle": 45.0 },
    "faces": {
        "down":  { "uv": [ 9, 9, 8, 7 ], "texture": "#texture", "tintindex": 0 },
        "north": { "uv": [ 8, 13, 9, 16 ], "texture": "#texture", "tintindex": 0 },
        "south": { "uv": [ 7, 13, 8, 16 ], "texture": "#texture", "tintindex": 0 },
        "west":  { "uv": [ 7, 13, 9, 16 ], "texture": "#texture", "tintindex": 0 },
        "east":  { "uv": [ 7, 13, 9, 16 ], "texture": "#texture", "tintindex": 0 }
    }
},
{
    "from": [ 7, 3, 3 ],
    "to": [ 8, 9, 12 ],
    "rotation": { "origin": [ 8.0, 8.0, 8.0 ], "axis": "y", "angle": 45.0 },
    "faces": {
        "down":  { "uv": [ 9, 12, 8, 3 ], "texture": "#texture", "tintindex": 0 },
        "up":    { "uv": [ 7, 3, 8, 12 ], "texture": "#texture", "tintindex": 0 },
        "north": { "uv": [ 8, 7, 9, 13 ], "texture": "#texture", "tintindex": 0 },
        "south": { "uv": [ 7, 7, 8, 13 ], "texture": "#texture", "tintindex": 0 },
        "west":  { "uv": [ 3, 7, 12, 13 ], "texture": "#texture", "tintindex": 0 },
        "east":  { "uv": [ 3, 7, 12, 13 ], "texture": "#texture", "tintindex": 0 }
    }
},
{
    "from": [ 7, 9, 2 ],
    "to": [ 8, 14, 11 ],
    "rotation": { "origin": [ 8.0, 8.0, 8.0 ], "axis": "y", "angle": 45.0 },
    "faces": {
        "down":  { "uv": [ 9, 11, 8, 2 ], "texture": "#texture", "tintindex": 0 },
        "up":    { "uv": [ 7, 2, 8, 11 ], "texture": "#texture", "tintindex": 0 },
        "north": { "uv": [ 8, 2, 9, 7 ], "texture": "#texture", "tintindex": 0 },
        "south": { "uv": [ 7, 2, 8, 7 ], "texture": "#texture", "tintindex": 0 },
        "west":  { "uv": [ 2, 2, 11, 7 ], "texture": "#texture", "tintindex": 0 },
        "east":  { "uv": [ 2, 2, 11, 7 ], "texture": "#texture", "tintindex": 0 }
    }
},
{
    "from": [ 7, 4, 2 ],
    "to": [ 8, 8, 3 ],
    "rotation": { "origin": [ 8.0, 8.0, 8.0 ], "axis": "y", "angle": 45.0 },
    "faces": {
        "down":  { "uv": [ 9, 3, 8, 2 ], "texture": "#texture", "tintindex": 0 },
        "up":    { "uv": [ 7, 2, 8, 3 ], "texture": "#texture", "tintindex": 0 },
        "north": { "uv": [ 8, 8, 9, 12 ], "texture": "#texture", "tintindex": 0 },
        "west":  { "uv": [ 2, 8, 3, 12 ], "texture": "#texture", "tintindex": 0 },
        "east":  { "uv": [ 2, 8, 3, 12 ], "texture": "#texture", "tintindex": 0 }
    }
},
{
    "from": [ 7, 7, 1 ],
    "to": [ 8, 12, 2 ],
    "rotation": { "origin": [ 8.0, 8.0, 8.0 ], "axis": "y", "angle": 45.0 },
    "faces": {
        "down":  { "uv": [ 9, 2, 8, 1 ], "texture": "#texture", "tintindex": 0 },
        "up":    { "uv": [ 7, 1, 8, 2 ], "texture": "#texture", "tintindex": 0 },
        "north": { "uv": [ 8, 4, 9, 9 ], "texture": "#texture", "tintindex": 0 },
        "south": { "uv": [ 7, 4, 8, 9 ], "texture": "#texture", "tintindex": 0 },
        "west":  { "uv": [ 1, 4, 2, 9 ], "texture": "#texture", "tintindex": 0 },
        "east":  { "uv": [ 1, 4, 2, 9 ], "texture": "#texture", "tintindex": 0 }
    }
},
{
    "from": [ 7, 11, 0 ],
    "to": [ 8, 12, 1 ],
    "rotation": { "origin": [ 8.0, 8.0, 8.0 ], "axis": "y", "angle": 45.0 },
    "faces": {
        "down":  { "uv": [ 9, 1, 8, 0 ], "texture": "#texture", "tintindex": 0 },
        "up":    { "uv": [ 7, 0, 8, 1 ], "texture": "#texture", "tintindex": 0 },
        "north": { "uv": [ 8, 4, 9, 5 ], "texture": "#texture", "tintindex": 0 },
        "west":  { "uv": [ 0, 4, 1, 5 ], "texture": "#texture", "tintindex": 0 },
        "east":  { "uv": [ 0, 4, 1, 5 ], "texture": "#texture", "tintindex": 0 }
    }
},
{
    "from": [ 7, 9, 0 ],
    "to": [ 8, 10, 1 ],
    "rotation": { "origin": [ 8.0, 8.0, 8.0 ], "axis": "y", "angle": 45.0 },
    "faces": {
        "down":  { "uv": [ 9, 1, 8, 0 ], "texture": "#texture", "tintindex": 0 },
        "up":    { "uv": [ 7, 0, 8, 1 ], "texture": "#texture", "tintindex": 0 },
        "north": { "uv": [ 8, 6, 9, 7 ], "texture": "#texture", "tintindex": 0 },
        "west":  { "uv": [ 0, 6, 1, 7 ], "texture": "#texture", "tintindex": 0 },
        "east":  { "uv": [ 0, 6, 1, 7 ], "texture": "#texture", "tintindex": 0 }
    }
},
{
    "from": [ 7, 2, 2 ],
    "to": [ 8, 3, 4 ],
    "rotation": { "origin": [ 8.0, 8.0, 8.0 ], "axis": "y", "angle": 45.0 },
    "faces": {
        "down":  { "uv": [ 9, 4, 8, 2 ], "texture": "#texture", "tintindex": 0 },
        "up":    { "uv": [ 7, 2, 8, 4 ], "texture": "#texture", "tintindex": 0 },
        "north": { "uv": [ 8, 13, 9, 14 ], "texture": "#texture", "tintindex": 0 },
        "south": { "uv": [ 7, 13, 8, 14 ], "texture": "#texture", "tintindex": 0 },
        "west":  { "uv": [ 2, 13, 4, 14 ], "texture": "#texture", "tintindex": 0 },
        "east":  { "uv": [ 2, 13, 4, 14 ], "texture": "#texture", "tintindex": 0 }
    }
},
{
    "from": [ 7, 14, 0 ],
    "to": [ 8, 16, 4 ],
    "rotation": { "origin": [ 8.0, 8.0, 8.0 ], "axis": "y", "angle": 45.0 },
    "faces": {
        "down":  { "uv": [ 9, 4, 8, 0 ], "texture": "#texture", "tintindex": 0 },
        "up":    { "uv": [ 7, 0, 8, 4 ], "texture": "#texture", "tintindex": 0 },
        "north": { "uv": [ 8, 0, 9, 2 ], "texture": "#texture", "tintindex": 0 },
        "south": { "uv": [ 7, 0, 8, 2 ], "texture": "#texture", "tintindex": 0 },
        "west":  { "uv": [ 0, 0, 4, 2 ], "texture": "#texture", "tintindex": 0 },
        "east":  { "uv": [ 0, 0, 4, 2 ], "texture": "#texture", "tintindex": 0 }
    }
},
{
    "from": [ 7, 13, 1 ],
    "to": [ 8, 14, 2 ],
    "rotation": { "origin": [ 8.0, 8.0, 8.0 ], "axis": "y", "angle": 45.0 },
    "faces": {
        "down":  { "uv": [ 9, 2, 8, 1 ], "texture": "#texture", "tintindex": 0 },
        "north": { "uv": [ 8, 2, 9, 3 ], "texture": "#texture", "tintindex": 0 },
        "west":  { "uv": [ 1, 2, 2, 3 ], "texture": "#texture", "tintindex": 0 },
        "east":  { "uv": [ 14, 2, 15, 3 ], "texture": "#texture", "tintindex": 0 }
    }
},
{
    "from": [ 7, 15, 4 ],
    "to": [ 8, 16, 10 ],
    "rotation": { "origin": [ 8.0, 8.0, 8.0 ], "axis": "y", "angle": 45.0 },
    "faces": {
        "down":  { "uv": [ 9, 10, 8, 4 ], "texture": "#texture", "tintindex": 0 },
        "up":    { "uv": [ 7, 4, 8, 10 ], "texture": "#texture", "tintindex": 0 },
        "south": { "uv": [ 7, 0, 8, 1 ], "texture": "#texture", "tintindex": 0 },
        "west":  { "uv": [ 4, 0, 10, 1 ], "texture": "#texture", "tintindex": 0 },
        "east":  { "uv": [ 4, 0, 10, 1 ], "texture": "#texture", "tintindex": 0 }
    }
},
{
    "from": [ 7, 15, 11 ],
    "to": [ 8, 16, 14 ],
    "rotation": { "origin": [ 8.0, 8.0, 8.0 ], "axis": "y", "angle": 45.0 },
    "faces": {
        "down":  { "uv": [ 9, 14, 8, 11 ], "texture": "#texture", "tintindex": 0 },
        "up":    { "uv": [ 7, 11, 8, 14 ], "texture": "#texture", "tintindex": 0 },
        "north": { "uv": [ 8, 0, 9, 1 ], "texture": "#texture", "tintindex": 0 },
        "south": { "uv": [ 7, 0, 8, 1 ], "texture": "#texture", "tintindex": 0 },
        "west":  { "uv": [ 11, 0, 14, 1 ], "texture": "#texture", "tintindex": 0 },
        "east":  { "uv": [ 2, 0, 5, 1 ], "texture": "#texture", "tintindex": 0 }
    }
},
{
    "from": [ 7, 14, 7 ],
    "to": [ 8, 15, 9 ],
    "rotation": { "origin": [ 8.0, 8.0, 8.0 ], "axis": "y", "angle": 45.0 },
    "faces": {
        "north": { "uv": [ 8, 1, 9, 2 ], "texture": "#texture", "tintindex": 0 },
        "south": { "uv": [ 7, 1, 8, 2 ], "texture": "#texture", "tintindex": 0 },
        "west":  { "uv": [ 7, 1, 9, 2 ], "texture": "#texture", "tintindex": 0 },
        "east":  { "uv": [ 7, 1, 9, 2 ], "texture": "#texture", "tintindex": 0 }
    }
},
{
    "from": [ 7, 14, 10 ],
    "to": [ 8, 15, 13 ],
    "rotation": { "origin": [ 8.0, 8.0, 8.0 ], "axis": "y", "angle": 45.0 },
    "faces": {
        "down":  { "uv": [ 9, 13, 8, 10 ], "texture": "#texture", "tintindex": 0 },
        "up":    { "uv": [ 7, 10, 8, 13 ], "texture": "#texture", "tintindex": 0 },
        "north": { "uv": [ 8, 1, 9, 2 ], "texture": "#texture", "tintindex": 0 },
        "south": { "uv": [ 7, 1, 8, 2 ], "texture": "#texture", "tintindex": 0 },
        "west":  { "uv": [ 10, 1, 13, 2 ], "texture": "#texture", "tintindex": 0 },
        "east":  { "uv": [ 10, 1, 13, 2 ], "texture": "#texture", "tintindex": 0 }
    }
},
{
    "from": [ 7, 10, 11 ],
    "to": [ 8, 14, 12 ],
    "rotation": { "origin": [ 8.0, 8.0, 8.0 ], "axis": "y", "angle": 45.0 },
    "faces": {
        "down":  { "uv": [ 9, 12, 8, 11 ], "texture": "#texture", "tintindex": 0 },
        "south": { "uv": [ 7, 2, 8, 6 ], "texture": "#texture", "tintindex": 0 },
        "west":  { "uv": [ 11, 2, 12, 6 ], "texture": "#texture", "tintindex": 0 },
        "east":  { "uv": [ 4, 2, 5, 6 ], "texture": "#texture", "tintindex": 0 }
    }
},
{
    "from": [ 7, 13, 12 ],
    "to": [ 8, 14, 15 ],
    "rotation": { "origin": [ 8.0, 8.0, 8.0 ], "axis": "y", "angle": 45.0 },
    "faces": {
        "down":  { "uv": [ 9, 15, 8, 12 ], "texture": "#texture", "tintindex": 0 },
        "up":    { "uv": [ 7, 12, 8, 15 ], "texture": "#texture", "tintindex": 0 },
        "south": { "uv": [ 7, 2, 8, 3 ], "texture": "#texture", "tintindex": 0 },
        "west":  { "uv": [ 12, 2, 15, 3 ], "texture": "#texture", "tintindex": 0 },
        "east":  { "uv": [ 1, 2, 4, 3 ], "texture": "#texture", "tintindex": 0 }
    }
},
{
    "from": [ 7, 12, 13 ],
    "to": [ 8, 13, 14 ],
    "rotation": { "origin": [ 8.0, 8.0, 8.0 ], "axis": "y", "angle": 45.0 },
    "faces": {
        "down":  { "uv": [ 9, 14, 8, 13 ], "texture": "#texture", "tintindex": 0 },
        "north": { "uv": [ 8, 3, 9, 4 ], "texture": "#texture", "tintindex": 0 },
        "south": { "uv": [ 7, 3, 8, 4 ], "texture": "#texture", "tintindex": 0 },
        "west":  { "uv": [ 13, 3, 14, 4 ], "texture": "#texture", "tintindex": 0 },
        "east":  { "uv": [ 2, 3, 3, 4 ], "texture": "#texture", "tintindex": 0 }
    }
},
{
    "from": [ 7, 6, 12 ],
    "to": [ 8, 12, 13 ],
    "rotation": { "origin": [ 8.0, 8.0, 8.0 ], "axis": "y", "angle": 45.0 },
    "faces": {
        "down":  { "uv": [ 9, 13, 8, 12 ], "texture": "#texture", "tintindex": 0 },
        "up":    { "uv": [ 7, 12, 8, 13 ], "texture": "#texture", "tintindex": 0 },
        "north": { "uv": [ 8, 4, 9, 10 ], "texture": "#texture", "tintindex": 0 },
        "south": { "uv": [ 7, 4, 8, 10 ], "texture": "#texture", "tintindex": 0 },
        "west":  { "uv": [ 12, 4, 13, 10 ], "texture": "#texture", "tintindex": 0 },
        "east":  { "uv": [ 3, 4, 4, 10 ], "texture": "#texture", "tintindex": 0 }
    }
},
{
    "from": [ 7, 9, 13 ],
    "to": [ 8, 10, 14 ],
    "rotation": { "origin": [ 8.0, 8.0, 8.0 ], "axis": "y", "angle": 45.0 },
    "faces": {
        "down":  { "uv": [ 9, 14, 8, 13 ], "texture": "#texture", "tintindex": 0 },
        "up":    { "uv": [ 7, 13, 8, 14 ], "texture": "#texture", "tintindex": 0 },
        "south": { "uv": [ 7, 6, 8, 7 ], "texture": "#texture", "tintindex": 0 },
        "west":  { "uv": [ 13, 6, 14, 7 ], "texture": "#texture", "tintindex": 0 },
        "east":  { "uv": [ 2, 6, 3, 7 ], "texture": "#texture", "tintindex": 0 }
    }
},
{
    "from": [ 7, 7, 13 ],
    "to": [ 8, 8, 14 ],
    "rotation": { "origin": [ 8.0, 8.0, 8.0 ], "axis": "y", "angle": 45.0 },
    "faces": {
        "down":  { "uv": [ 9, 14, 8, 13 ], "texture": "#texture", "tintindex": 0 },
        "up":    { "uv": [ 7, 13, 8, 14 ], "texture": "#texture", "tintindex": 0 },
        "south": { "uv": [ 7, 8, 8, 9 ], "texture": "#texture", "tintindex": 0 },
        "west":  { "uv": [ 13, 8, 14, 9 ], "texture": "#texture", "tintindex": 0 },
        "east":  { "uv": [ 2, 8, 3, 9 ], "texture": "#texture", "tintindex": 0 }
    }
},
{
    "from": [ 7, 2, 12 ],
    "to": [ 8, 4, 13 ],
    "rotation": { "origin": [ 8.0, 8.0, 8.0 ], "axis": "y", "angle": 45.0 },
    "faces": {
        "down":  { "uv": [ 9, 13, 8, 12 ], "texture": "#texture", "tintindex": 0 },
        "up":    { "uv": [ 7, 12, 8, 13 ], "texture": "#texture", "tintindex": 0 },
        "north": { "uv": [ 8, 12, 9, 14 ], "texture": "#texture", "tintindex": 0 },
        "south": { "uv": [ 7, 12, 8, 14 ], "texture": "#texture", "tintindex": 0 },
        "west":  { "uv": [ 12, 12, 13, 14 ], "texture": "#texture", "tintindex": 0 },
        "east":  { "uv": [ 3, 12, 4, 14 ], "texture": "#texture", "tintindex": 0 }
    }
},
{
    "from": [ 7, 0, 8 ],
    "to": [ 9, 3, 9 ],
    "rotation": { "origin": [ 8.0, 8.0, 8.0 ], "axis": "y", "angle": 45.0 },
    "faces": {
        "down":  { "uv": [ 9, 9, 8, 7 ], "rotation": 270, "texture": "#texture", "tintindex": 0 },
        "north": { "uv": [ 7, 13, 9, 16 ], "texture": "#texture", "tintindex": 0 },
        "south": { "uv": [ 7, 13, 9, 16 ], "texture": "#texture", "tintindex": 0 },
        "west":  { "uv": [ 7, 13, 8, 16 ], "texture": "#texture", "tintindex": 0 },
        "east":  { "uv": [ 8, 13, 9, 16 ], "texture": "#texture", "tintindex": 0 }
    }
},
{
    "from": [ 4, 3, 8 ],
    "to": [ 13, 9, 9 ],
    "rotation": { "origin": [ 8.0, 8.0, 8.0 ], "axis": "y", "angle": 45.0 },
    "faces": {
        "down":  { "uv": [ 9, 12, 8, 3 ], "rotation": 270, "texture": "#texture", "tintindex": 0 },
        "up":    { "uv": [ 7, 3, 8, 12 ], "rotation": 90, "texture": "#texture", "tintindex": 0 },
        "north": { "uv": [ 3, 7, 12, 13 ], "texture": "#texture", "tintindex": 0 },
        "south": { "uv": [ 3, 7, 12, 13 ], "texture": "#texture", "tintindex": 0 },
        "west":  { "uv": [ 7, 7, 8, 13 ], "texture": "#texture", "tintindex": 0 },
        "east":  { "uv": [ 8, 7, 9, 13 ], "texture": "#texture", "tintindex": 0 }
    }
},
{
    "from": [ 5, 9, 8 ],
    "to": [ 14, 14, 9 ],
    "rotation": { "origin": [ 8.0, 8.0, 8.0 ], "axis": "y", "angle": 45.0 },
    "faces": {
        "down":  { "uv": [ 9, 11, 8, 2 ], "rotation": 270, "texture": "#texture", "tintindex": 0 },
        "up":    { "uv": [ 7, 2, 8, 11 ], "rotation": 90, "texture": "#texture", "tintindex": 0 },
        "north": { "uv": [ 2, 2, 11, 7 ], "texture": "#texture", "tintindex": 0 },
        "south": { "uv": [ 2, 2, 11, 7 ], "texture": "#texture", "tintindex": 0 },
        "west":  { "uv": [ 7, 2, 8, 7 ], "texture": "#texture", "tintindex": 0 },
        "east":  { "uv": [ 8, 2, 9, 7 ], "texture": "#texture", "tintindex": 0 }
    }
},
{
    "from": [ 13, 4, 8 ],
    "to": [ 14, 8, 9 ],
    "rotation": { "origin": [ 8.0, 8.0, 8.0 ], "axis": "y", "angle": 45.0 },
    "faces": {
        "down":  { "uv": [ 9, 3, 8, 2 ], "rotation": 270, "texture": "#texture", "tintindex": 0 },
        "up":    { "uv": [ 7, 2, 8, 3 ], "rotation": 90, "texture": "#texture", "tintindex": 0 },
        "north": { "uv": [ 2, 8, 3, 12 ], "texture": "#texture", "tintindex": 0 },
        "south": { "uv": [ 2, 8, 3, 12 ], "texture": "#texture", "tintindex": 0 },
        "east":  { "uv": [ 8, 8, 9, 12 ], "texture": "#texture", "tintindex": 0 }
    }
},
{
    "from": [ 14, 7, 8 ],
    "to": [ 15, 12, 9 ],
    "rotation": { "origin": [ 8.0, 8.0, 8.0 ], "axis": "y", "angle": 45.0 },
    "faces": {
        "down":  { "uv": [ 9, 2, 8, 1 ], "rotation": 270, "texture": "#texture", "tintindex": 0 },
        "up":    { "uv": [ 7, 1, 8, 2 ], "rotation": 90, "texture": "#texture", "tintindex": 0 },
        "north": { "uv": [ 1, 4, 2, 9 ], "texture": "#texture", "tintindex": 0 },
        "south": { "uv": [ 1, 4, 2, 9 ], "texture": "#texture", "tintindex": 0 },
        "west":  { "uv": [ 7, 4, 8, 9 ], "texture": "#texture", "tintindex": 0 },
        "east":  { "uv": [ 8, 4, 9, 9 ], "texture": "#texture", "tintindex": 0 }
    }
},
{
    "from": [ 15, 11, 8 ],
    "to": [ 16, 12, 9 ],
    "rotation": { "origin": [ 8.0, 8.0, 8.0 ], "axis": "y", "angle": 45.0 },
    "faces": {
        "down":  { "uv": [ 9, 1, 8, 0 ], "rotation": 270, "texture": "#texture", "tintindex": 0 },
        "up":    { "uv": [ 7, 0, 8, 1 ], "rotation": 90, "texture": "#texture", "tintindex": 0 },
        "north": { "uv": [ 0, 4, 1, 5 ], "texture": "#texture", "tintindex": 0 },
        "south": { "uv": [ 0, 4, 1, 5 ], "texture": "#texture", "tintindex": 0 },
        "east":  { "uv": [ 8, 4, 9, 5 ], "texture": "#texture", "tintindex": 0 }
    }
},
{
    "from": [ 15, 9, 8 ],
    "to": [ 16, 10, 9 ],
    "rotation": { "origin": [ 8.0, 8.0, 8.0 ], "axis": "y", "angle": 45.0 },
    "faces": {
        "down":  { "uv": [ 9, 1, 8, 0 ], "rotation": 270, "texture": "#texture", "tintindex": 0 },
        "up":    { "uv": [ 7, 0, 8, 1 ], "rotation": 90, "texture": "#texture", "tintindex": 0 },
        "north": { "uv": [ 0, 6, 1, 7 ], "texture": "#texture", "tintindex": 0 },
        "south": { "uv": [ 0, 6, 1, 7 ], "texture": "#texture", "tintindex": 0 },
        "east":  { "uv": [ 8, 6, 9, 7 ], "texture": "#texture", "tintindex": 0 }
    }
},
{
    "from": [ 12, 2, 8 ],
    "to": [ 14, 3, 9 ],
    "rotation": { "origin": [ 8.0, 8.0, 8.0 ], "axis": "y", "angle": 45.0 },
    "faces": {
        "down":  { "uv": [ 9, 4, 8, 2 ], "rotation": 270, "texture": "#texture", "tintindex": 0 },
        "up":    { "uv": [ 7, 2, 8, 4 ], "rotation": 90, "texture": "#texture", "tintindex": 0 },
        "north": { "uv": [ 2, 13, 4, 14 ], "texture": "#texture", "tintindex": 0 },
        "south": { "uv": [ 2, 13, 4, 14 ], "texture": "#texture", "tintindex": 0 },
        "west":  { "uv": [ 7, 13, 8, 14 ], "texture": "#texture", "tintindex": 0 },
        "east":  { "uv": [ 8, 13, 9, 14 ], "texture": "#texture", "tintindex": 0 }
    }
},
{
    "from": [ 12, 14, 8 ],
    "to": [ 16, 16, 9 ],
    "rotation": { "origin": [ 8.0, 8.0, 8.0 ], "axis": "y", "angle": 45.0 },
    "faces": {
        "down":  { "uv": [ 9, 4, 8, 0 ], "rotation": 270, "texture": "#texture", "tintindex": 0 },
        "up":    { "uv": [ 7, 0, 8, 4 ], "rotation": 90, "texture": "#texture", "tintindex": 0 },
        "north": { "uv": [ 0, 0, 4, 2 ], "texture": "#texture", "tintindex": 0 },
        "south": { "uv": [ 0, 0, 4, 2 ], "texture": "#texture", "tintindex": 0 },
        "west":  { "uv": [ 7, 0, 8, 2 ], "texture": "#texture", "tintindex": 0 },
        "east":  { "uv": [ 8, 0, 9, 2 ], "texture": "#texture", "tintindex": 0 }
    }
},
{
    "from": [ 14, 13, 8 ],
    "to": [ 15, 14, 9 ],
    "rotation": { "origin": [ 8.0, 8.0, 8.0 ], "axis": "y", "angle": 45.0 },
    "faces": {
        "down":  { "uv": [ 9, 2, 8, 1 ], "rotation": 270, "texture": "#texture", "tintindex": 0 },
        "north": { "uv": [ 1, 2, 2, 3 ], "texture": "#texture", "tintindex": 0 },
        "south": { "uv": [ 14, 2, 15, 3 ], "texture": "#texture", "tintindex": 0 },
        "east":  { "uv": [ 8, 2, 9, 3 ], "texture": "#texture", "tintindex": 0 }
    }
},
{
    "from": [ 6, 15, 8 ],
    "to": [ 12, 16, 9 ],
    "rotation": { "origin": [ 8.0, 8.0, 8.0 ], "axis": "y", "angle": 45.0 },
    "faces": {
        "down":  { "uv": [ 9, 10, 8, 4 ], "rotation": 270, "texture": "#texture", "tintindex": 0 },
        "up":    { "uv": [ 7, 4, 8, 10 ], "rotation": 90, "texture": "#texture", "tintindex": 0 },
        "north": { "uv": [ 4, 0, 10, 1 ], "texture": "#texture", "tintindex": 0 },
        "south": { "uv": [ 4, 0, 10, 1 ], "texture": "#texture", "tintindex": 0 },
        "west":  { "uv": [ 7, 0, 8, 1 ], "texture": "#texture", "tintindex": 0 }
    }
},
{
    "from": [ 2, 15, 8 ],
    "to": [ 5, 16, 9 ],
    "rotation": { "origin": [ 8.0, 8.0, 8.0 ], "axis": "y", "angle": 45.0 },
    "faces": {
        "down":  { "uv": [ 9, 14, 8, 11 ], "rotation": 270, "texture": "#texture", "tintindex": 0 },
        "up":    { "uv": [ 7, 11, 8, 14 ], "rotation": 90, "texture": "#texture", "tintindex": 0 },
        "north": { "uv": [ 11, 0, 14, 1 ], "texture": "#texture", "tintindex": 0 },
        "south": { "uv": [ 2, 0, 5, 1 ], "texture": "#texture", "tintindex": 0 },
        "west":  { "uv": [ 7, 0, 8, 1 ], "texture": "#texture", "tintindex": 0 },
        "east":  { "uv": [ 8, 0, 9, 1 ], "texture": "#texture", "tintindex": 0 }
    }
},
{
    "from": [ 7, 14, 8 ],
    "to": [ 9, 15, 9 ],
    "rotation": { "origin": [ 8.0, 8.0, 8.0 ], "axis": "y", "angle": 45.0 },
    "faces": {
        "north": { "uv": [ 7, 1, 9, 2 ], "texture": "#texture", "tintindex": 0 },
        "south": { "uv": [ 7, 1, 9, 2 ], "texture": "#texture", "tintindex": 0 },
        "west":  { "uv": [ 7, 1, 8, 2 ], "texture": "#texture", "tintindex": 0 },
        "east":  { "uv": [ 8, 1, 9, 2 ], "texture": "#texture", "tintindex": 0 }
    }
},
{
    "from": [ 3, 14, 8 ],
    "to": [ 6, 15, 9 ],
    "rotation": { "origin": [ 8.0, 8.0, 8.0 ], "axis": "y", "angle": 45.0 },
    "faces": {
        "down":  { "uv": [ 9, 13, 8, 10 ], "rotation": 270, "texture": "#texture", "tintindex": 0 },
        "up":    { "uv": [ 7, 10, 8, 13 ], "rotation": 90, "texture": "#texture", "tintindex": 0 },
        "north": { "uv": [ 10, 1, 13, 2 ], "texture": "#texture", "tintindex": 0 },
        "south": { "uv": [ 10, 1, 13, 2 ], "texture": "#texture", "tintindex": 0 },
        "west":  { "uv": [ 7, 1, 8, 2 ], "texture": "#texture", "tintindex": 0 },
        "east":  { "uv": [ 8, 1, 9, 2 ], "texture": "#texture", "tintindex": 0 }
    }
},
{
    "from": [ 4, 10, 8 ],
    "to": [ 5, 14, 9 ],
    "rotation": { "origin": [ 8.0, 8.0, 8.0 ], "axis": "y", "angle": 45.0 },
    "faces": {
        "down":  { "uv": [ 9, 12, 8, 11 ], "rotation": 270, "texture": "#texture", "tintindex": 0 },
        "north": { "uv": [ 11, 2, 12, 6 ], "texture": "#texture", "tintindex": 0 },
        "south": { "uv": [ 4, 2, 5, 6 ], "texture": "#texture", "tintindex": 0 },
        "west":  { "uv": [ 7, 2, 8, 6 ], "texture": "#texture", "tintindex": 0 }
    }
},
{
    "from": [ 1, 13, 8 ],
    "to": [ 4, 14, 9 ],
    "rotation": { "origin": [ 8.0, 8.0, 8.0 ], "axis": "y", "angle": 45.0 },
    "faces": {
        "down":  { "uv": [ 9, 15, 8, 12 ], "rotation": 270, "texture": "#texture", "tintindex": 0 },
        "up":    { "uv": [ 7, 12, 8, 15 ], "rotation": 90, "texture": "#texture", "tintindex": 0 },
        "north": { "uv": [ 12, 2, 15, 3 ], "texture": "#texture", "tintindex": 0 },
        "south": { "uv": [ 1, 2, 4, 3 ], "texture": "#texture", "tintindex": 0 },
        "west":  { "uv": [ 7, 2, 8, 3 ], "texture": "#texture", "tintindex": 0 }
    }
},
{
    "from": [ 2, 12, 8 ],
    "to": [ 3, 13, 9 ],
    "rotation": { "origin": [ 8.0, 8.0, 8.0 ], "axis": "y", "angle": 45.0 },
    "faces": {
        "down":  { "uv": [ 9, 14, 8, 13 ], "rotation": 270, "texture": "#texture", "tintindex": 0 },
        "north": { "uv": [ 13, 3, 14, 4 ], "texture": "#texture", "tintindex": 0 },
        "south": { "uv": [ 2, 3, 3, 4 ], "texture": "#texture", "tintindex": 0 },
        "west":  { "uv": [ 7, 3, 8, 4 ], "texture": "#texture", "tintindex": 0 },
        "east":  { "uv": [ 8, 3, 9, 4 ], "texture": "#texture", "tintindex": 0 }
    }
},
{
    "from": [ 3, 6, 8 ],
    "to": [ 4, 12, 9 ],
    "rotation": { "origin": [ 8.0, 8.0, 8.0 ], "axis": "y", "angle": 45.0 },
    "faces": {
        "down":  { "uv": [ 9, 13, 8, 12 ], "rotation": 270, "texture": "#texture", "tintindex": 0 },
        "up":    { "uv": [ 7, 12, 8, 13 ], "rotation": 90, "texture": "#texture", "tintindex": 0 },
        "north": { "uv": [ 12, 4, 13, 10 ], "texture": "#texture", "tintindex": 0 },
        "south": { "uv": [ 3, 4, 4, 10 ], "texture": "#texture", "tintindex": 0 },
        "west":  { "uv": [ 7, 4, 8, 10 ], "texture": "#texture", "tintindex": 0 },
        "east":  { "uv": [ 8, 4, 9, 10 ], "texture": "#texture", "tintindex": 0 }
    }
},
{
    "from": [ 2, 9, 8 ],
    "to": [ 3, 10, 9 ],
    "rotation": { "origin": [ 8.0, 8.0, 8.0 ], "axis": "y", "angle": 45.0 },
    "faces": {
        "down":  { "uv": [ 9, 14, 8, 13 ], "rotation": 270, "texture": "#texture", "tintindex": 0 },
        "up":    { "uv": [ 7, 13, 8, 14 ], "rotation": 90, "texture": "#texture", "tintindex": 0 },
        "north": { "uv": [ 13, 6, 14, 7 ], "texture": "#texture", "tintindex": 0 },
        "south": { "uv": [ 2, 6, 3, 7 ], "texture": "#texture", "tintindex": 0 },
        "west":  { "uv": [ 7, 6, 8, 7 ], "texture": "#texture", "tintindex": 0 }
    }
},
{
    "from": [ 2, 7, 8 ],
    "to": [ 3, 8, 9 ],
    "rotation": { "origin": [ 8.0, 8.0, 8.0 ], "axis": "y", "angle": 45.0 },
    "faces": {
        "down":  { "uv": [ 9, 14, 8, 13 ], "rotation": 270, "texture": "#texture", "tintindex": 0 },
        "up":    { "uv": [ 7, 13, 8, 14 ], "rotation": 90, "texture": "#texture", "tintindex": 0 },
        "north": { "uv": [ 13, 8, 14, 9 ], "texture": "#texture", "tintindex": 0 },
        "south": { "uv": [ 2, 8, 3, 9 ], "texture": "#texture", "tintindex": 0 },
        "west":  { "uv": [ 7, 8, 8, 9 ], "texture": "#texture", "tintindex": 0 }
    }
},
{
    "from": [ 3, 2, 8 ],
    "to": [ 4, 4, 9 ],
    "rotation": { "origin": [ 8.0, 8.0, 8.0 ], "axis": "y", "angle": 45.0 },
    "faces": {
        "down":  { "uv": [ 9, 13, 8, 12 ], "rotation": 270, "texture": "#texture", "tintindex": 0 },
        "up":    { "uv": [ 7, 12, 8, 13 ], "rotation": 90, "texture": "#texture", "tintindex": 0 },
        "north": { "uv": [ 12, 12, 13, 14 ], "texture": "#texture", "tintindex": 0 },
        "south": { "uv": [ 3, 12, 4, 14 ], "texture": "#texture", "tintindex": 0 },
        "west":  { "uv": [ 7, 12, 8, 14 ], "texture": "#texture", "tintindex": 0 },
        "east":  { "uv": [ 8, 12, 9, 14 ], "texture": "#texture", "tintindex": 0 }
    }
}
]
}