{
	"__comment": "Designed by AndrealVox",
	"ambientocclusion": false,
	"textures": {
		"particle": "block/dropper_front_horizontal",
		"texture": "block/cobblestone1"
	},
	"elements": [
		{
			"__comment": "Voxels-FFFFFF",
			"from": [ 0, 0, 0 ],
			"to": [ 16, 6, 16 ],
			"faces": {
				"down": { "uv": [ 0, 0, 16, 16 ], "texture": "#texture" },
				"up": { "uv": [ 0, 0, 16, 16 ], "texture": "#texture" },
				"north": { "uv": [ 0, 10, 16, 16 ], "texture": "#texture" },
				"south": { "uv": [ 0, 10, 16, 16 ], "texture": "#texture" },
				"west": { "uv": [ 0, 10, 16, 16 ], "texture": "#texture" },
				"east": { "uv": [ 0, 10, 16, 16 ], "texture": "#texture" }
			}
		},
		{
			"__comment": "Voxels-FFFFFF",
			"from": [ 0, 6, 0 ],
			"to": [ 5, 16, 16 ],
			"faces": {
				"down": { "uv": [ 4.96, 0.96, 7.04, 3.04 ], "texture": "#texture" },
				"up": { "uv": [ 0, 0, 5, 16 ], "texture": "#texture" },
				"north": { "uv": [ 11, 0, 16, 10 ], "texture": "#texture" },
				"south": { "uv": [ 0, 0, 5, 10 ], "texture": "#texture" },
				"west": { "uv": [ 0, 0, 16, 10 ], "texture": "#texture" },
				"east": { "uv": [ 0, 0, 16, 10 ], "texture": "#texture" }
			}
		},
		{
			"__comment": "Voxels-FFFFFF",
			"from": [ 5, 6, 2 ],
			"to": [ 16, 16, 16 ],
			"faces": {
				"down": { "uv": [ 4.96, 0.96, 7.04, 3.04 ], "texture": "#texture" },
				"up": { "uv": [ 5, 3, 16, 16 ], "texture": "#texture" },
				"north": { "uv": [ 0, 0, 11, 10 ], "texture": "#particle" },
				"south": { "uv": [ 5, 0, 16, 11 ], "texture": "#texture" },
				"west": { "uv": [ 0, 0, 12, 8 ], "texture": "#texture" },
				"east": { "uv": [ 0, 0, 14, 10 ], "texture": "#texture" }
			}
		},
		{
			"__comment": "Voxels-FFFFFF",
			"from": [ 5, 10, 0 ],
			"to": [ 16, 16, 2 ],
			"faces": {
				"down": { "uv": [ 0, 0, 11, 2 ], "texture": "#texture" },
				"up": { "uv": [ 0, 14, 11, 16 ], "texture": "#texture" },
				"north": { "uv": [ 0, 0, 11, 6 ], "texture": "#texture" },
				"south": { "uv": [ 4.96, 0.96, 7.04, 3.04 ], "texture": "#texture" },
				"west": { "uv": [ 4, 1, 6.08, 3.08 ], "texture": "#texture" },
				"east": { "uv": [ 13.92, 0, 16, 6 ], "texture": "#texture" }
			}
		},
		{
			"__comment": "Voxels-FFFFFF",
			"from": [ 11, 6, 0 ],
			"to": [ 16, 10, 2 ],
			"faces": {
				"down": { "uv": [ 4.96, 0.96, 7.04, 3.04 ], "texture": "#texture" },
				"up": { "uv": [ 4.96, 0.96, 7.04, 3.04 ], "texture": "#texture" },
				"north": { "uv": [ 0, 5, 5, 9 ], "texture": "#texture" },
				"south": { "uv": [ 4.96, 0.96, 7.04, 3.04 ], "texture": "#texture" },
				"west": { "uv": [ 0, 6, 2, 10 ], "texture": "#texture" },
				"east": { "uv": [ 13.92, 6, 16, 10 ], "texture": "#texture" }
			}
		}
	],
	"display": {
		"thirdperson_righthand": {
			"rotation":  [ 75, 45, 0 ],
			"translation":  [ 0, 2.5, 0 ],
			"scale":  [ 0.375, 0.375, 0.375 ]
		},
		"thirdperson_lefthand": {
			"rotation":  [ 75, 45, 0 ],
			"translation":  [ 0, 2.5, 0 ],
			"scale":  [ 0.375, 0.375, 0.375 ]
		},
		"firstperson_righthand": {
			"rotation":  [ -35, 135, 0 ],
			"translation":  [ 2, 1, 0 ],
			"scale":  [ 0.25, 0.25, 0.25 ]
		},
		"firstperson_lefthand": {
			"rotation":  [ -35, 135, 0 ],
			"translation":  [ 2, 1, 0 ],
			"scale":  [ 0.25, 0.25, 0.25 ]
		},
		"gui": {
			"rotation":  [ 30, 225, 0 ],
			"scale":  [ 0.625, 0.625, 0.625 ]
		},
		"ground": {
			"translation":  [ 0, 3, 0 ],
			"scale":  [ 0.25, 0.25, 0.25 ]
		},
		"fixed": {
			"scale":  [ 0.5, 0.5, 0.5 ]
		}
	}
}