{
	"__comment": "Designed by AndrealVox with Cubik Studio - https://cubik.studio",
	"ambientocclusion": false,
	"textures": {
		"particle": "block/enchanting_table_side",
		"texture": "block/obsidian",
		"diamond": "block/diamond_block",
		"wool": "block/enchanting_table_top"
	},
	"elements": [ 	 
		{
			"__comment": "Obsidian",
			"from": [ 0, 0, 0 ],
			"to": [ 16, 1, 16 ],
			"faces": {
				"down": { "uv": [ 16, 16, 0, 0 ], "texture": "#texture" },
				"up": { "uv": [ 16, 16, 0, 0 ], "texture": "#texture" },
				"north": { "uv": [ 16, 2, 0, 3 ], "texture": "#texture" },
				"south": { "uv": [ 16, 2, 0, 3 ], "texture": "#texture" },
				"west": { "uv": [ 16, 2, 0, 3 ], "texture": "#texture" },
				"east": { "uv": [ 16, 2, 0, 3 ], "texture": "#texture" }
			}
		},
		{
			"__comment": "Obsidian",
			"from": [ 3, 1, 3 ],
			"to": [ 13, 2, 13 ],
			"faces": {
				"up": { "uv": [ 3, 3, 13, 13 ], "texture": "#texture" },
				"north": { "uv": [ 13, 3, 3, 4 ], "texture": "#texture" },
				"south": { "uv": [ 13, 3, 3, 4 ], "texture": "#texture" },
				"west": { "uv": [ 13, 3, 3, 4 ], "texture": "#texture" },
				"east": { "uv": [ 13, 3, 3, 4 ], "texture": "#texture" }
			}
		},
		{
			"__comment": "Obsidian",
			"from": [ 1, 11, 1 ],
			"to": [ 15, 12, 15 ],
			"faces": {
				"down": { "uv": [ 15, 15, 1, 1 ], "texture": "#texture" },
				"up": { "uv": [ 1, 1, 15, 15 ], "texture": "#wool" }
			}
		},
		{
			"__comment": "Diamond Tops",
			"from": [ 1, 12.5, 1 ],
			"to": [ 3, 13, 3 ],
			"faces": {
				"up": { "uv": [ 4, 9, 6, 11 ], "texture": "#diamond" },
				"north": { "uv": [ 4, 9, 6, 9.5 ], "texture": "#diamond" },
				"south": { "uv": [ 4, 9, 6, 9.5 ], "texture": "#diamond" },
				"west": { "uv": [ 4, 9, 6, 9.5 ], "texture": "#diamond" },
				"east": { "uv": [ 4, 9, 6, 9.5 ], "texture": "#diamond" }
			}
		},
		{
			"__comment": "Diamond Tops",
			"from": [ 13, 12.5, 1 ],
			"to": [ 15, 13, 3 ],
			"faces": {
				"up": { "uv": [ 4, 9, 6, 11 ], "texture": "#diamond" },
				"north": { "uv": [ 4, 9, 6, 9.5 ], "texture": "#diamond" },
				"south": { "uv": [ 4, 9, 6, 9.5 ], "texture": "#diamond" },
				"west": { "uv": [ 4, 9, 6, 9.5 ], "texture": "#diamond" },
				"east": { "uv": [ 4, 9, 6, 9.5 ], "texture": "#diamond" }
			}
		},
		{
			"__comment": "Diamond Tops",
			"from": [ 13, 12.5, 13 ],
			"to": [ 15, 13, 15 ],
			"faces": {
				"up": { "uv": [ 4, 9, 6, 11 ], "texture": "#diamond" },
				"north": { "uv": [ 4, 9, 6, 9.5 ], "texture": "#diamond" },
				"south": { "uv": [ 4, 9, 6, 9.5 ], "texture": "#diamond" },
				"west": { "uv": [ 4, 9, 6, 9.5 ], "texture": "#diamond" },
				"east": { "uv": [ 4, 9, 6, 9.5 ], "texture": "#diamond" }
			}
		},
		{
			"__comment": "Diamond Tops",
			"from": [ 1, 12.5, 13 ],
			"to": [ 3, 13, 15 ],
			"faces": {
				"up": { "uv": [ 4, 9, 6, 11 ], "texture": "#diamond" },
				"north": { "uv": [ 4, 9, 6, 9.5 ], "texture": "#diamond" },
				"south": { "uv": [ 4, 9, 6, 9.5 ], "texture": "#diamond" },
				"west": { "uv": [ 4, 9, 6, 9.5 ], "texture": "#diamond" },
				"east": { "uv": [ 4, 9, 6, 9.5 ], "texture": "#diamond" }
			}
		},
		{
			"__comment": "Diamond Tops",
			"from": [ 1.5, 13, 1.5 ],
			"to": [ 2.5, 13.5, 2.5 ],
			"faces": {
				"up": { "uv": [ 0, 0, 1, 1 ], "texture": "#diamond" },
				"north": { "uv": [ 0, 0, 1, 0.5 ], "texture": "#diamond" },
				"south": { "uv": [ 0, 0, 1, 0.5 ], "texture": "#diamond" },
				"west": { "uv": [ 0, 0, 1, 0.5 ], "texture": "#diamond" },
				"east": { "uv": [ 0, 0, 1, 0.5 ], "texture": "#diamond" }
			}
		},
		{
			"__comment": "Diamond Tops",
			"from": [ 13.5, 13, 1.5 ],
			"to": [ 14.5, 13.5, 2.5 ],
			"faces": {
				"up": { "uv": [ 0, 0, 1, 1 ], "texture": "#diamond", "rotation": 90 },
				"north": { "uv": [ 0, 0, 1, 0.5 ], "texture": "#diamond" },
				"south": { "uv": [ 0, 0, 1, 0.5 ], "texture": "#diamond" },
				"west": { "uv": [ 0, 0, 1, 0.5 ], "texture": "#diamond" },
				"east": { "uv": [ 0, 0, 1, 0.5 ], "texture": "#diamond" }
			}
		},
		{
			"__comment": "Diamond Tops",
			"from": [ 13.5, 13, 13.5 ],
			"to": [ 14.5, 13.5, 14.5 ],
			"faces": {
				"up": { "uv": [ 0, 0, 1, 1 ], "texture": "#diamond", "rotation": 180 },
				"north": { "uv": [ 0, 0, 1, 0.5 ], "texture": "#diamond" },
				"south": { "uv": [ 0, 0, 1, 0.5 ], "texture": "#diamond" },
				"west": { "uv": [ 0, 0, 1, 0.5 ], "texture": "#diamond" },
				"east": { "uv": [ 0, 0, 1, 0.5 ], "texture": "#diamond" }
			}
		},
		{
			"__comment": "Diamond Tops",
			"from": [ 1.5, 13, 13.5 ],
			"to": [ 2.5, 13.5, 14.5 ],
			"faces": {
				"up": { "uv": [ 0, 0, 1, 1 ], "texture": "#diamond", "rotation": 270 },
				"north": { "uv": [ 0, 0, 1, 0.5 ], "texture": "#diamond" },
				"south": { "uv": [ 0, 0, 1, 0.5 ], "texture": "#diamond" },
				"west": { "uv": [ 0, 0, 1, 0.5 ], "texture": "#diamond" },
				"east": { "uv": [ 0, 0, 1, 0.5 ], "texture": "#diamond" }
			}
		},
		{
			"__comment": "Tablecover",
			"from": [ 4, 10, 0.5 ],
			"to": [ 12, 12, 1 ],
			"faces": {
				"down": { "uv": [ 12, 2, 4, 1.5 ], "texture": "#wool" },
				"up": { "uv": [ 4, 0.5, 12, 1 ], "texture": "#wool" },
				"north": { "uv": [ 4, 4, 12, 6 ], "texture": "#particle" },
				"south": { "uv": [ 4, 4, 12, 6 ], "texture": "#particle" }
			}
		},
		{
			"__comment": "Tablecover",
			"from": [ 5, 9, 0.5 ],
			"to": [ 11, 10, 1 ],
			"faces": {
				"down": { "uv": [ 11, 1, 5, 0.5 ], "texture": "#wool" },
				"north": { "uv": [ 5, 6, 11, 7 ], "texture": "#particle" },
				"south": { "uv": [ 5, 6, 11, 7 ], "texture": "#particle" },
				"west": { "uv": [ 0.5, 6, 1, 7 ], "texture": "#wool" },
				"east": { "uv": [ 15, 6, 15.5, 7 ], "texture": "#wool" }
			}
		},
		{
			"__comment": "Tablecover",
			"from": [ 6, 8, 0.5 ],
			"to": [ 10, 9, 1 ],
			"faces": {
				"down": { "uv": [ 10, 1, 6, 0.5 ], "texture": "#wool" },
				"north": { "uv": [ 6, 7, 10, 8 ], "texture": "#particle" },
				"south": { "uv": [ 6, 7, 10, 8 ], "texture": "#particle" },
				"west": { "uv": [ 0.5, 7, 1, 8 ], "texture": "#wool" },
				"east": { "uv": [ 15, 7, 15.5, 8 ], "texture": "#wool" }
			}
		},
		{
			"__comment": "Tablecover",
			"from": [ 7, 7, 0.5 ],
			"to": [ 9, 8, 1 ],
			"faces": {
				"down": { "uv": [ 9, 1, 7, 0.5 ], "texture": "#wool" },
				"north": { "uv": [ 7, 8, 9, 9 ], "texture": "#particle" },
				"south": { "uv": [ 7, 8, 9, 9 ], "texture": "#particle" },
				"west": { "uv": [ 0.5, 8, 1, 9 ], "texture": "#wool" },
				"east": { "uv": [ 15, 8, 15.5, 9 ], "texture": "#wool" }
			}
		},
		{
			"__comment": "Tablecover",
			"from": [ 15, 10, 4 ],
			"to": [ 15.5, 12, 12 ],
			"faces": {
				"down": { "uv": [ 12, 2, 4, 1.5 ], "texture": "#wool", "rotation": 270 },
				"up": { "uv": [ 4, 0.5, 12, 1 ], "texture": "#wool", "rotation": 90 },
				"west": { "uv": [ 4, 4, 12, 6 ], "texture": "#particle" },
				"east": { "uv": [ 4, 4, 12, 6 ], "texture": "#particle" }
			}
		},
		{
			"__comment": "Tablecover",
			"from": [ 15, 9, 5 ],
			"to": [ 15.5, 10, 11 ],
			"faces": {
				"down": { "uv": [ 11, 1, 5, 0.5 ], "texture": "#wool", "rotation": 270 },
				"north": { "uv": [ 0.5, 6, 1, 7 ], "texture": "#wool" },
				"south": { "uv": [ 15, 6, 15.5, 7 ], "texture": "#wool" },
				"west": { "uv": [ 5, 6, 11, 7 ], "texture": "#particle" },
				"east": { "uv": [ 5, 6, 11, 7 ], "texture": "#particle" }
			}
		},
		{
			"__comment": "Tablecover",
			"from": [ 15, 8, 6 ],
			"to": [ 15.5, 9, 10 ],
			"faces": {
				"down": { "uv": [ 10, 1, 6, 0.5 ], "texture": "#wool", "rotation": 270 },
				"north": { "uv": [ 0.5, 7, 1, 8 ], "texture": "#wool" },
				"south": { "uv": [ 15, 7, 15.5, 8 ], "texture": "#wool" },
				"west": { "uv": [ 6, 7, 10, 8 ], "texture": "#particle" },
				"east": { "uv": [ 6, 7, 10, 8 ], "texture": "#particle" }
			}
		},
		{
			"__comment": "Tablecover",
			"from": [ 15, 7, 7 ],
			"to": [ 15.5, 8, 9 ],
			"faces": {
				"down": { "uv": [ 9, 1, 7, 0.5 ], "texture": "#wool", "rotation": 270 },
				"north": { "uv": [ 0.5, 8, 1, 9 ], "texture": "#wool" },
				"south": { "uv": [ 15, 8, 15.5, 9 ], "texture": "#wool" },
				"west": { "uv": [ 7, 8, 9, 9 ], "texture": "#particle" },
				"east": { "uv": [ 7, 8, 9, 9 ], "texture": "#particle" }
			}
		},
		{
			"__comment": "Tablecover",
			"from": [ 4, 10, 15 ],
			"to": [ 12, 12, 15.5 ],
			"faces": {
				"down": { "uv": [ 12, 2, 4, 1.5 ], "texture": "#wool", "rotation": 180 },
				"up": { "uv": [ 4, 0.5, 12, 1 ], "texture": "#wool", "rotation": 180 },
				"north": { "uv": [ 4, 4, 12, 6 ], "texture": "#particle" },
				"south": { "uv": [ 4, 4, 12, 6 ], "texture": "#particle" }
			}
		},
		{
			"__comment": "Tablecover",
			"from": [ 5, 9, 15 ],
			"to": [ 11, 10, 15.5 ],
			"faces": {
				"down": { "uv": [ 11, 1, 5, 0.5 ], "texture": "#wool", "rotation": 180 },
				"north": { "uv": [ 5, 6, 11, 7 ], "texture": "#particle" },
				"south": { "uv": [ 5, 6, 11, 7 ], "texture": "#particle" },
				"west": { "uv": [ 15, 6, 15.5, 7 ], "texture": "#wool" },
				"east": { "uv": [ 0.5, 6, 1, 7 ], "texture": "#wool" }
			}
		},
		{
			"__comment": "Tablecover",
			"from": [ 6, 8, 15 ],
			"to": [ 10, 9, 15.5 ],
			"faces": {
				"down": { "uv": [ 10, 1, 6, 0.5 ], "texture": "#wool", "rotation": 180 },
				"north": { "uv": [ 6, 7, 10, 8 ], "texture": "#particle" },
				"south": { "uv": [ 6, 7, 10, 8 ], "texture": "#particle" },
				"west": { "uv": [ 15, 7, 15.5, 8 ], "texture": "#wool" },
				"east": { "uv": [ 0.5, 7, 1, 8 ], "texture": "#wool" }
			}
		},
		{
			"__comment": "Tablecover",
			"from": [ 7, 7, 15 ],
			"to": [ 9, 8, 15.5 ],
			"faces": {
				"down": { "uv": [ 9, 1, 7, 0.5 ], "texture": "#wool", "rotation": 180 },
				"north": { "uv": [ 7, 8, 9, 9 ], "texture": "#particle" },
				"south": { "uv": [ 7, 8, 9, 9 ], "texture": "#particle" },
				"west": { "uv": [ 15, 8, 15.5, 9 ], "texture": "#wool" },
				"east": { "uv": [ 0.5, 8, 1, 9 ], "texture": "#wool" }
			}
		},
		{
			"__comment": "Tablecover",
			"from": [ 0.5, 10, 4 ],
			"to": [ 1, 12, 12 ],
			"faces": {
				"down": { "uv": [ 12, 2, 4, 1.5 ], "texture": "#wool", "rotation": 90 },
				"up": { "uv": [ 4, 0.5, 12, 1 ], "texture": "#wool", "rotation": 270 },
				"west": { "uv": [ 4, 4, 12, 6 ], "texture": "#particle" },
				"east": { "uv": [ 4, 4, 12, 6 ], "texture": "#particle" }
			}
		},
		{
			"__comment": "Tablecover",
			"from": [ 0.5, 9, 5 ],
			"to": [ 1, 10, 11 ],
			"faces": {
				"down": { "uv": [ 11, 1, 5, 0.5 ], "texture": "#wool", "rotation": 90 },
				"north": { "uv": [ 15, 6, 15.5, 7 ], "texture": "#wool" },
				"south": { "uv": [ 0.5, 6, 1, 7 ], "texture": "#wool" },
				"west": { "uv": [ 5, 6, 11, 7 ], "texture": "#particle" },
				"east": { "uv": [ 5, 6, 11, 7 ], "texture": "#particle" }
			}
		},
		{
			"__comment": "Tablecover",
			"from": [ 0.5, 8, 6 ],
			"to": [ 1, 9, 10 ],
			"faces": {
				"down": { "uv": [ 10, 1, 6, 0.5 ], "texture": "#wool", "rotation": 90 },
				"north": { "uv": [ 15, 7, 15.5, 8 ], "texture": "#wool" },
				"south": { "uv": [ 0.5, 7, 1, 8 ], "texture": "#wool" },
				"west": { "uv": [ 6, 7, 10, 8 ], "texture": "#particle" },
				"east": { "uv": [ 6, 7, 10, 8 ], "texture": "#particle" }
			}
		},
		{
			"__comment": "Tablecover",
			"from": [ 0.5, 7, 7 ],
			"to": [ 1, 8, 9 ],
			"faces": {
				"down": { "uv": [ 9, 1, 7, 0.5 ], "texture": "#wool", "rotation": 90 },
				"north": { "uv": [ 15, 8, 15.5, 9 ], "texture": "#wool" },
				"south": { "uv": [ 0.5, 8, 1, 9 ], "texture": "#wool" },
				"west": { "uv": [ 7, 8, 9, 9 ], "texture": "#particle" },
				"east": { "uv": [ 7, 8, 9, 9 ], "texture": "#particle" }
			}
		},
		{
			"__comment": "Diamond",
			"from": [ 0, 8.5, 0 ],
			"to": [ 3, 12.5, 3 ],
			"faces": {
				"down": { "uv": [ 7, 4, 4, 7 ], "texture": "#diamond" },
				"up": { "uv": [ 4, 4, 7, 7 ], "texture": "#diamond" },
				"north": { "uv": [ 7, 4, 4, 8 ], "texture": "#diamond" },
				"south": { "uv": [ 7, 3.5, 4, 7.5 ], "texture": "#diamond" },
				"west": { "uv": [ 4, 4, 7, 8 ], "texture": "#diamond" },
				"east": { "uv": [ 4, 4, 7, 8 ], "texture": "#diamond" }
			}
		},
		{
			"__comment": "Diamond",
			"from": [ 0, 9.5, 3 ],
			"to": [ 3, 12.5, 4 ],
			"faces": {
				"down": { "uv": [ 3, 6, 6, 5 ], "texture": "#diamond" },
				"up": { "uv": [ 3, 5, 6, 6 ], "texture": "#diamond" },
				"south": { "uv": [ 7, 7, 4, 4 ], "texture": "#diamond" },
				"west": { "uv": [ 3, 5, 4, 8 ], "texture": "#diamond" },
				"east": { "uv": [ 4, 4, 3, 7 ], "texture": "#diamond" }
			}
		},
		{
			"__comment": "Diamond",
			"from": [ 3, 9.5, 0 ],
			"to": [ 4, 12.5, 3 ],
			"faces": {
				"down": { "uv": [ 3, 7, 4, 4 ], "texture": "#diamond" },
				"up": { "uv": [ 3, 4, 4, 7 ], "texture": "#diamond" },
				"north": { "uv": [ 4, 4, 3, 7 ], "texture": "#diamond" },
				"south": { "uv": [ 3, 4, 4, 7 ], "texture": "#diamond" },
				"east": { "uv": [ 4, 7, 7, 4 ], "texture": "#diamond" }
			}
		},
		{
			"__comment": "Diamond*",
			"from": [ 13, 8.5, 0 ],
			"to": [ 16, 12.5, 3 ],
			"faces": {
				"down": { "uv": [ 7, 4, 4, 7 ], "texture": "#diamond", "rotation": 270 },
				"up": { "uv": [ 4, 4, 7, 7 ], "texture": "#diamond", "rotation": 90 },
				"north": { "uv": [ 4, 4, 7, 8 ], "texture": "#diamond" },
				"south": { "uv": [ 4, 4, 7, 8 ], "texture": "#diamond" },
				"west": { "uv": [ 7, 3.5, 4, 7.5 ], "texture": "#diamond" },
				"east": { "uv": [ 7, 4, 4, 8 ], "texture": "#diamond" }
			}
		},
		{
			"__comment": "Diamond*",
			"from": [ 12, 9.5, 0 ],
			"to": [ 13, 12.5, 3 ],
			"faces": {
				"down": { "uv": [ 3, 6, 6, 5 ], "texture": "#diamond", "rotation": 270 },
				"up": { "uv": [ 3, 5, 6, 6 ], "texture": "#diamond", "rotation": 90 },
				"north": { "uv": [ 3, 5, 4, 8 ], "texture": "#diamond" },
				"south": { "uv": [ 4, 4, 3, 7 ], "texture": "#diamond" },
				"west": { "uv": [ 7, 7, 4, 4 ], "texture": "#diamond" }
			}
		},
		{
			"__comment": "Diamond*",
			"from": [ 13, 9.5, 3 ],
			"to": [ 16, 12.5, 4 ],
			"faces": {
				"down": { "uv": [ 3, 7, 4, 4 ], "texture": "#diamond", "rotation": 270 },
				"up": { "uv": [ 3, 4, 4, 7 ], "texture": "#diamond", "rotation": 90 },
				"south": { "uv": [ 4, 7, 7, 4 ], "texture": "#diamond" },
				"west": { "uv": [ 3, 4, 4, 7 ], "texture": "#diamond" },
				"east": { "uv": [ 4, 4, 3, 7 ], "texture": "#diamond" }
			}
		},
		{
			"__comment": "Diamond*",
			"from": [ 13, 8.5, 13 ],
			"to": [ 16, 12.5, 16 ],
			"faces": {
				"down": { "uv": [ 7, 4, 4, 7 ], "texture": "#diamond", "rotation": 180 },
				"up": { "uv": [ 4, 4, 7, 7 ], "texture": "#diamond", "rotation": 180 },
				"north": { "uv": [ 7, 3.5, 4, 7.5 ], "texture": "#diamond" },
				"south": { "uv": [ 7, 4, 4, 8 ], "texture": "#diamond" },
				"west": { "uv": [ 4, 4, 7, 8 ], "texture": "#diamond" },
				"east": { "uv": [ 4, 4, 7, 8 ], "texture": "#diamond" }
			}
		},
		{
			"__comment": "Diamond*",
			"from": [ 13, 9.5, 12 ],
			"to": [ 16, 12.5, 13 ],
			"faces": {
				"down": { "uv": [ 3, 6, 6, 5 ], "texture": "#diamond", "rotation": 180 },
				"up": { "uv": [ 3, 5, 6, 6 ], "texture": "#diamond", "rotation": 180 },
				"north": { "uv": [ 7, 7, 4, 4 ], "texture": "#diamond" },
				"west": { "uv": [ 4, 4, 3, 7 ], "texture": "#diamond" },
				"east": { "uv": [ 3, 5, 4, 8 ], "texture": "#diamond" }
			}
		},
		{
			"__comment": "Diamond*",
			"from": [ 12, 9.5, 13 ],
			"to": [ 13, 12.5, 16 ],
			"faces": {
				"down": { "uv": [ 3, 7, 4, 4 ], "texture": "#diamond", "rotation": 180 },
				"up": { "uv": [ 3, 4, 4, 7 ], "texture": "#diamond", "rotation": 180 },
				"north": { "uv": [ 3, 4, 4, 7 ], "texture": "#diamond" },
				"south": { "uv": [ 4, 4, 3, 7 ], "texture": "#diamond" },
				"west": { "uv": [ 4, 7, 7, 4 ], "texture": "#diamond" }
			}
		},
		{
			"__comment": "Diamond*",
			"from": [ 0, 8.5, 13 ],
			"to": [ 3, 12.5, 16 ],
			"faces": {
				"down": { "uv": [ 7, 4, 4, 7 ], "texture": "#diamond", "rotation": 90 },
				"up": { "uv": [ 4, 4, 7, 7 ], "texture": "#diamond", "rotation": 270 },
				"north": { "uv": [ 4, 4, 7, 8 ], "texture": "#diamond" },
				"south": { "uv": [ 4, 4, 7, 8 ], "texture": "#diamond" },
				"west": { "uv": [ 7, 4, 4, 8 ], "texture": "#diamond" },
				"east": { "uv": [ 7, 3.5, 4, 7.5 ], "texture": "#diamond" }
			}
		},
		{
			"__comment": "Diamond*",
			"from": [ 3, 9.5, 13 ],
			"to": [ 4, 12.5, 16 ],
			"faces": {
				"down": { "uv": [ 3, 6, 6, 5 ], "texture": "#diamond", "rotation": 90 },
				"up": { "uv": [ 3, 5, 6, 6 ], "texture": "#diamond", "rotation": 270 },
				"north": { "uv": [ 4, 4, 3, 7 ], "texture": "#diamond" },
				"south": { "uv": [ 3, 5, 4, 8 ], "texture": "#diamond" },
				"east": { "uv": [ 7, 7, 4, 4 ], "texture": "#diamond" }
			}
		},
		{
			"__comment": "Diamond*",
			"from": [ 0, 9.5, 12 ],
			"to": [ 3, 12.5, 13 ],
			"faces": {
				"down": { "uv": [ 3, 7, 4, 4 ], "texture": "#diamond", "rotation": 90 },
				"up": { "uv": [ 3, 4, 4, 7 ], "texture": "#diamond", "rotation": 270 },
				"north": { "uv": [ 4, 7, 7, 4 ], "texture": "#diamond" },
				"west": { "uv": [ 4, 4, 3, 7 ], "texture": "#diamond" },
				"east": { "uv": [ 3, 4, 4, 7 ], "texture": "#diamond" }
			}
		},
		{
			"__comment": "Element",
			"from": [ 6, 2, 6 ],
			"to": [ 10, 11, 10 ],
			"faces": {
				"north": { "uv": [ 6, 5, 10, 14 ], "texture": "#texture" },
				"south": { "uv": [ 6, 5, 10, 14 ], "texture": "#texture" },
				"west": { "uv": [ 6, 5, 10, 14 ], "texture": "#texture" },
				"east": { "uv": [ 6, 5, 10, 14 ], "texture": "#texture" }
			}
		}
	],
	"display": {
		"thirdperson_righthand": {
			"rotation":  [ 75, 45, 0 ],
			"translation":  [ 0, 2.5, 0 ],
			"scale":  [ 0.375, 0.375, 0.375 ]
		},
		"firstperson_righthand": {
			"rotation":  [ 0, 45, 0 ],
			"scale":  [ 0.4, 0.4, 0.4 ]
		},
		"firstperson_lefthand": {
			"rotation":  [ 0, 225, 0 ],
			"scale":  [ 0.4, 0.4, 0.4 ]
		},
		"gui": {
			"rotation":  [ 30, 225, 0 ],
			"scale":  [ 0.625, 0.625, 0.625 ]
		},
		"ground": {
			"translation":  [ 0, 3, 0 ],
			"scale":  [ 0.25, 0.25, 0.25 ]
		},
		"fixed": {
			"scale":  [ 0.5, 0.5, 0.5 ]
		}
	}
}