{
"__comment": "Designed by Sibsib92 with BDcraft Cubik PRO 0.95 Beta - http://bdcraft.net",
"ambientocclusion": false,
"textures": {
    "particle": "block/rail_golden",
    "texture": "block/planks_oak",
    "inner": "block/cauldron_inner",
    "outer": "block/iron_block",
    "gold": "block/gold_block",
    "redstone": "block/coal_block"
},
"elements": [ 
{
    "__comment": "Redstone",
    "from": [ 7, 16, 0 ],
    "to": [ 9, 16.5, 22.625 ],
    "rotation": { "origin": [ 7, 16.5, 0 ], "axis": "x", "angle": 45 },
    "faces": {
        "down":  { "uv": [ 8.999, 15.999, 7.001, 0.001 ], "texture": "#redstone" },
        "up":    { "uv": [ 7.001, 0.001, 8.999, 15.999 ], "texture": "#redstone" },
        "north": { "uv": [ 7.001, 0.001, 8.999, 0.499 ], "texture": "#redstone" },
        "south": { "uv": [ 7.001, 0.001, 8.999, 0.499 ], "texture": "#redstone" },
        "west":  { "uv": [ 0.001, 0.001, 15.999, 0.499 ], "texture": "#redstone" },
        "east":  { "uv": [ 0.001, 0.001, 15.999, 0.499 ], "texture": "#redstone" }
    }
},
{
    "__comment": "Redstone",
    "from": [ 5, 15.9375, 1 ],
    "to": [ 6, 16.4375, 3 ],
    "rotation": { "origin": [ 5, 16.4375, 1 ], "axis": "x", "angle": 45 },
    "faces": {
        "down":  { "uv": [ 10.999, 2.999, 10.001, 1.001 ], "texture": "#redstone" },
        "up":    { "uv": [ 5.001, 1.001, 5.999, 2.999 ], "texture": "#redstone" },
        "north": { "uv": [ 10.001, 14.501, 10.999, 14.999 ], "texture": "#redstone" },
        "south": { "uv": [ 5.001, 14.501, 5.999, 14.999 ], "texture": "#redstone" },
        "west":  { "uv": [ 1.001, 14.501, 2.999, 14.999 ], "texture": "#redstone" },
        "east":  { "uv": [ 13.001, 14.501, 14.999, 14.999 ], "texture": "#redstone" }
    }
},
{
    "__comment": "Redstone",
    "from": [ 10, 15.9375, 1 ],
    "to": [ 11, 16.4375, 3 ],
    "rotation": { "origin": [ 10, 16.4375, 1 ], "axis": "x", "angle": 45 },
    "faces": {
        "down":  { "uv": [ 5.999, 2.999, 5.001, 1.001 ], "texture": "#redstone" },
        "up":    { "uv": [ 10.001, 1.001, 10.999, 2.999 ], "texture": "#redstone" },
        "north": { "uv": [ 5.001, 14.501, 5.999, 14.999 ], "texture": "#redstone" },
        "south": { "uv": [ 10.001, 14.501, 10.999, 14.999 ], "texture": "#redstone" },
        "west":  { "uv": [ 1.001, 14.501, 2.999, 14.999 ], "texture": "#redstone" },
        "east":  { "uv": [ 13.001, 14.501, 14.999, 14.999 ], "texture": "#redstone" }
    }
},
{
    "__comment": "Redstone",
    "from": [ 5, 7.9375, 9 ],
    "to": [ 6, 8.4375, 11 ],
    "rotation": { "origin": [ 5, 8.4375, 9 ], "axis": "x", "angle": 45 },
    "faces": {
        "down":  { "uv": [ 10.999, 6.999, 10.001, 5.001 ], "texture": "#redstone" },
        "up":    { "uv": [ 5.001, 5.001, 5.999, 6.999 ], "texture": "#redstone" },
        "north": { "uv": [ 10.001, 14.501, 10.999, 14.999 ], "texture": "#redstone" },
        "south": { "uv": [ 5.001, 14.501, 5.999, 14.999 ], "texture": "#redstone" },
        "west":  { "uv": [ 5.001, 14.501, 6.999, 14.999 ], "texture": "#redstone" },
        "east":  { "uv": [ 9.001, 14.501, 10.999, 14.999 ], "texture": "#redstone" }
    }
},
{
    "__comment": "Redstone",
    "from": [ 10, 11.9375, 5 ],
    "to": [ 11, 12.4375, 7 ],
    "rotation": { "origin": [ 10, 12.4375, 5 ], "axis": "x", "angle": 45 },
    "faces": {
        "down":  { "uv": [ 5.999, 6.999, 5.001, 5.001 ], "texture": "#redstone" },
        "up":    { "uv": [ 10.001, 5.001, 10.999, 6.999 ], "texture": "#redstone" },
        "north": { "uv": [ 5.001, 14.501, 5.999, 14.999 ], "texture": "#redstone" },
        "south": { "uv": [ 10.001, 14.501, 10.999, 14.999 ], "texture": "#redstone" },
        "west":  { "uv": [ 5.001, 14.501, 6.999, 14.999 ], "texture": "#redstone" },
        "east":  { "uv": [ 9.001, 14.501, 10.999, 14.999 ], "texture": "#redstone" }
    }
},
{
    "__comment": "Redstone",
    "from": [ 5, 11.9375, 5 ],
    "to": [ 6, 12.4375, 7 ],
    "rotation": { "origin": [ 5, 12.4375, 5 ], "axis": "x", "angle": 45 },
    "faces": {
        "down":  { "uv": [ 10.999, 10.999, 10.001, 9.001 ], "texture": "#redstone" },
        "up":    { "uv": [ 5.001, 9.001, 5.999, 10.999 ], "texture": "#redstone" },
        "north": { "uv": [ 10.001, 14.501, 10.999, 14.999 ], "texture": "#redstone" },
        "south": { "uv": [ 5.001, 14.501, 5.999, 14.999 ], "texture": "#redstone" },
        "west":  { "uv": [ 9.001, 14.501, 10.999, 14.999 ], "texture": "#redstone" },
        "east":  { "uv": [ 5.001, 14.501, 6.999, 14.999 ], "texture": "#redstone" }
    }
},
{
    "__comment": "Redstone",
    "from": [ 10, 7.9375, 9 ],
    "to": [ 11, 8.4375, 11 ],
    "rotation": { "origin": [ 10, 8.4375, 9 ], "axis": "x", "angle": 45 },
    "faces": {
        "down":  { "uv": [ 5.999, 10.999, 5.001, 9.001 ], "texture": "#redstone" },
        "up":    { "uv": [ 10.001, 9.001, 10.999, 10.999 ], "texture": "#redstone" },
        "north": { "uv": [ 5.001, 14.501, 5.999, 14.999 ], "texture": "#redstone" },
        "south": { "uv": [ 10.001, 14.501, 10.999, 14.999 ], "texture": "#redstone" },
        "west":  { "uv": [ 9.001, 14.501, 10.999, 14.999 ], "texture": "#redstone" },
        "east":  { "uv": [ 5.001, 14.501, 6.999, 14.999 ], "texture": "#redstone" }
    }
},
{
    "__comment": "Redstone",
    "from": [ 5, 3.9375, 13 ],
    "to": [ 6, 4.4375, 15 ],
    "rotation": { "origin": [ 5, 4.4375, 13 ], "axis": "x", "angle": 45 },
    "faces": {
        "down":  { "uv": [ 10.999, 14.999, 10.001, 13.001 ], "texture": "#redstone" },
        "up":    { "uv": [ 5.001, 13.001, 5.999, 14.999 ], "texture": "#redstone" },
        "north": { "uv": [ 10.001, 14.501, 10.999, 14.999 ], "texture": "#redstone" },
        "south": { "uv": [ 5.001, 14.501, 5.999, 14.999 ], "texture": "#redstone" },
        "west":  { "uv": [ 13.001, 14.501, 14.999, 14.999 ], "texture": "#redstone" },
        "east":  { "uv": [ 1.001, 14.501, 2.999, 14.999 ], "texture": "#redstone" }
    }
},
{
    "__comment": "Redstone",
    "from": [ 10, 3.9375, 13 ],
    "to": [ 11, 4.4375, 15 ],
    "rotation": { "origin": [ 10, 4.4375, 13 ], "axis": "x", "angle": 45 },
    "faces": {
        "down":  { "uv": [ 5.999, 14.999, 5.001, 13.001 ], "texture": "#redstone" },
        "up":    { "uv": [ 10.001, 13.001, 10.999, 14.999 ], "texture": "#redstone" },
        "north": { "uv": [ 5.001, 14.501, 5.999, 14.999 ], "texture": "#redstone" },
        "south": { "uv": [ 10.001, 14.501, 10.999, 14.999 ], "texture": "#redstone" },
        "west":  { "uv": [ 13.001, 14.501, 14.999, 14.999 ], "texture": "#redstone" },
        "east":  { "uv": [ 1.001, 14.501, 2.999, 14.999 ], "texture": "#redstone" }
    }
},
{
    "__comment": "Wood",
    "from": [ 1, 15.0625, 0.625 ],
    "to": [ 15, 16.0625, 2.625 ],
    "rotation": { "origin": [ 1, 16.0625, 0.625 ], "axis": "x", "angle": 45 },
    "faces": {
        "down":  { "uv": [ 1.001, 2.999, 14.999, 1.001 ], "texture": "#texture" },
        "up":    { "uv": [ 1.001, 1.001, 14.999, 2.999 ], "texture": "#texture" },
        "north": { "uv": [ 14.999, 1.001, 1.001, 1.999 ], "texture": "#texture" },
        "south": { "uv": [ 1.001, 2.001, 14.999, 2.999 ], "texture": "#texture" },
        "west":  { "uv": [ 1.001, 2.999, 1.999, 1.001 ], "rotation": 90, "texture": "#texture" },
        "east":  { "uv": [ 14.001, 1.001, 14.999, 2.999 ], "rotation": 90, "texture": "#texture" }
    }
},
{
    "__comment": "Wood",
    "from": [ 1, 11.0625, 4.625 ],
    "to": [ 15, 12.0625, 6.625 ],
    "rotation": { "origin": [ 1, 12.0625, 4.625 ], "axis": "x", "angle": 45 },
    "faces": {
        "down":  { "uv": [ 1.001, 6.999, 14.999, 5.001 ], "texture": "#texture" },
        "up":    { "uv": [ 1.001, 5.001, 14.999, 6.999 ], "texture": "#texture" },
        "north": { "uv": [ 14.999, 5.001, 1.001, 5.999 ], "texture": "#texture" },
        "south": { "uv": [ 1.001, 6.001, 14.999, 6.999 ], "texture": "#texture" },
        "west":  { "uv": [ 1.001, 6.999, 1.999, 5.001 ], "rotation": 90, "texture": "#texture" },
        "east":  { "uv": [ 14.001, 5.001, 14.999, 6.999 ], "rotation": 90, "texture": "#texture" }
    }
},
{
    "__comment": "Wood",
    "from": [ 1, 7.0625, 8.625 ],
    "to": [ 15, 8.0625, 10.625 ],
    "rotation": { "origin": [ 1, 8.0625, 8.625 ], "axis": "x", "angle": 45 },
    "faces": {
        "down":  { "uv": [ 1.001, 10.999, 14.999, 9.001 ], "texture": "#texture" },
        "up":    { "uv": [ 1.001, 9.001, 14.999, 10.999 ], "texture": "#texture" },
        "north": { "uv": [ 14.999, 9.001, 1.001, 9.999 ], "texture": "#texture" },
        "south": { "uv": [ 1.001, 10.001, 14.999, 10.999 ], "texture": "#texture" },
        "west":  { "uv": [ 1.001, 10.999, 1.999, 9.001 ], "rotation": 90, "texture": "#texture" },
        "east":  { "uv": [ 14.001, 9.001, 14.999, 10.999 ], "rotation": 90, "texture": "#texture" }
    }
},
{
    "__comment": "Wood",
    "from": [ 1, 3.0625, 12.625 ],
    "to": [ 15, 4.0625, 14.625 ],
    "rotation": { "origin": [ 1, 4.0625, 12.625 ], "axis": "x", "angle": 45 },
    "faces": {
        "down":  { "uv": [ 1.001, 14.999, 14.999, 13.001 ], "texture": "#texture" },
        "up":    { "uv": [ 1.001, 13.001, 14.999, 14.999 ], "texture": "#texture" },
        "north": { "uv": [ 14.999, 13.001, 1.001, 13.999 ], "texture": "#texture" },
        "south": { "uv": [ 1.001, 14.001, 14.999, 14.999 ], "texture": "#texture" },
        "west":  { "uv": [ 1.001, 14.999, 1.999, 13.001 ], "rotation": 90, "texture": "#texture" },
        "east":  { "uv": [ 14.001, 13.001, 14.999, 14.999 ], "rotation": 90, "texture": "#texture" }
    }
},
{
    "__comment": "Inner",
    "from": [ 3, 16.5, 0 ],
    "to": [ 4, 17.5, 22.625 ],
    "rotation": { "origin": [ 3, 17.5, 0 ], "axis": "x", "angle": 45 },
    "faces": {
        "down":  { "uv": [ 0.999, 15.999, 0.001, 0.001 ], "texture": "#inner" },
        "up":    { "uv": [ 0.001, 0.001, 0.999, 15.999 ], "texture": "#inner" },
        "north": { "uv": [ 0.001, 0.001, 0.999, 0.999 ], "texture": "#inner" },
        "south": { "uv": [ 0.001, 15.001, 0.999, 15.999 ], "texture": "#inner" },
        "west":  { "uv": [ 0.001, 15.999, 0.999, 0.001 ], "rotation": 90, "texture": "#inner" },
        "east":  { "uv": [ 0.001, 0.001, 0.999, 15.999 ], "rotation": 90, "texture": "#inner" }
    }
},
{
    "__comment": "Inner",
    "from": [ 12, 16.5, 0 ],
    "to": [ 13, 17.5, 22.625 ],
    "rotation": { "origin": [ 12, 17.5, 0 ], "axis": "x", "angle": 45 },
    "faces": {
        "down":  { "uv": [ 0.999, 15.999, 0.001, 0.001 ], "texture": "#inner" },
        "up":    { "uv": [ 0.001, 0.001, 0.999, 15.999 ], "texture": "#inner" },
        "north": { "uv": [ 0.001, 0.001, 0.999, 0.999 ], "texture": "#inner" },
        "south": { "uv": [ 0.001, 15.001, 0.999, 15.999 ], "texture": "#inner" },
        "west":  { "uv": [ 0.001, 15.999, 0.999, 0.001 ], "rotation": 90, "texture": "#inner" },
        "east":  { "uv": [ 0.001, 0.001, 0.999, 15.999 ], "rotation": 90, "texture": "#inner" }
    }
},
{
    "__comment": "Outer",
    "from": [ 2, 16.5, 0 ],
    "to": [ 3, 18, 22.625 ],
    "rotation": { "origin": [ 2, 18, 0 ], "axis": "x", "angle": 45 },
    "faces": {
        "down":  { "uv": [ 15.999, 0.001, 0.001, 0.999 ], "rotation": 90, "texture": "#outer" },
        "up":    { "uv": [ 0.001, 0.001, 15.999, 0.999 ], "rotation": 90, "texture": "#outer" },
        "north": { "uv": [ 15.001, 0.001, 15.999, 0.999 ], "texture": "#outer" },
        "south": { "uv": [ 0.001, 0.001, 0.999, 0.999 ], "texture": "#outer" },
        "west":  { "uv": [ 0.001, 0.001, 15.999, 0.999 ], "texture": "#outer" },
        "east":  { "uv": [ 15.999, 0.001, 0.001, 0.999 ], "texture": "#outer" }
    }
},
{
    "__comment": "Outer",
    "from": [ 13, 16.5, 0 ],
    "to": [ 14, 18, 22.625 ],
    "rotation": { "origin": [ 13, 18, 0 ], "axis": "x", "angle": 45 },
    "faces": {
        "down":  { "uv": [ 15.999, 0.001, 0.001, 0.999 ], "rotation": 90, "texture": "#outer" },
        "up":    { "uv": [ 0.001, 0.001, 15.999, 0.999 ], "rotation": 90, "texture": "#outer" },
        "north": { "uv": [ 15.001, 0.001, 15.999, 0.999 ], "texture": "#outer" },
        "south": { "uv": [ 0.001, 0.001, 0.999, 0.999 ], "texture": "#outer" },
        "west":  { "uv": [ 0.001, 0.001, 15.999, 0.999 ], "texture": "#outer" },
        "east":  { "uv": [ 15.999, 0.001, 0.001, 0.999 ], "texture": "#outer" }
    }
},
{
    "__comment": "Gold",
    "from": [ 4, 16.5, 0 ],
    "to": [ 5, 18, 22.625 ],
    "rotation": { "origin": [ 4, 18, 0 ], "axis": "x", "angle": 45 },
    "faces": {
        "down":  { "uv": [ 15.999, 0.001, 0.001, 0.999 ], "rotation": 90, "texture": "#gold" },
        "up":    { "uv": [ 0.001, 0.001, 15.999, 0.999 ], "rotation": 90, "texture": "#gold" },
        "north": { "uv": [ 15.001, 0.001, 15.999, 0.999 ], "texture": "#gold" },
        "south": { "uv": [ 0.001, 0.001, 0.999, 0.999 ], "texture": "#gold" },
        "west":  { "uv": [ 0.001, 0.001, 15.999, 0.999 ], "texture": "#gold" },
        "east":  { "uv": [ 15.999, 0.001, 0.001, 0.999 ], "texture": "#gold" }
    }
},
{
    "__comment": "Gold",
    "from": [ 11, 16.5, 0 ],
    "to": [ 12, 18, 22.625 ],
    "rotation": { "origin": [ 11, 18, 0 ], "axis": "x", "angle": 45 },
    "faces": {
        "down":  { "uv": [ 15.999, 0.001, 0.001, 0.999 ], "rotation": 90, "texture": "#gold" },
        "up":    { "uv": [ 0.001, 0.001, 15.999, 0.999 ], "rotation": 90, "texture": "#gold" },
        "north": { "uv": [ 15.001, 0.001, 15.999, 0.999 ], "texture": "#gold" },
        "south": { "uv": [ 0.001, 0.001, 0.999, 0.999 ], "texture": "#gold" },
        "west":  { "uv": [ 0.001, 0.001, 15.999, 0.999 ], "texture": "#gold" },
        "east":  { "uv": [ 15.999, 0.001, 0.001, 0.999 ], "texture": "#gold" }
    }
}
]
}