{
"__comment": "Designed by Sibsib92 with BDcraft Cubik PRO 0.95 Beta - http://bdcraft.net",
"ambientocclusion": false,
"textures": {
    "particle": "block/rail_golden",
    "texture": "block/planks_oak",
    "inner": "block/cauldron_inner",
    "outer": "block/iron_block",
    "gold": "block/gold_block",
    "redstone": "block/coal_block"
},
"elements": [ 
{
    "__comment": "Wood",
    "from": [ 1, 0, 1 ],
    "to": [ 15, 1, 3 ],
    "faces": {
        "down":  { "uv": [ 1.001, 2.999, 14.999, 1.001 ], "texture": "#texture" },
        "up":    { "uv": [ 1.001, 1.001, 14.999, 2.999 ], "texture": "#texture" },
        "north": { "uv": [ 14.999, 1.001, 1.001, 1.999 ], "texture": "#texture" },
        "south": { "uv": [ 1.001, 2.001, 14.999, 2.999 ], "texture": "#texture" },
        "west":  { "uv": [ 1.001, 2.999, 1.999, 1.001 ], "rotation": 90, "texture": "#texture" },
        "east":  { "uv": [ 14.001, 1.001, 14.999, 2.999 ], "rotation": 90, "texture": "#texture" }
    }
},
{
    "__comment": "Wood",
    "from": [ 1, 0, 5 ],
    "to": [ 15, 1, 7 ],
    "faces": {
        "down":  { "uv": [ 1.001, 6.999, 14.999, 5.001 ], "texture": "#texture" },
        "up":    { "uv": [ 1.001, 5.001, 14.999, 6.999 ], "texture": "#texture" },
        "north": { "uv": [ 14.999, 5.001, 1.001, 5.999 ], "texture": "#texture" },
        "south": { "uv": [ 1.001, 6.001, 14.999, 6.999 ], "texture": "#texture" },
        "west":  { "uv": [ 1.001, 6.999, 1.999, 5.001 ], "rotation": 90, "texture": "#texture" },
        "east":  { "uv": [ 14.001, 5.001, 14.999, 6.999 ], "rotation": 90, "texture": "#texture" }
    }
},
{
    "__comment": "Wood",
    "from": [ 1, 0, 9 ],
    "to": [ 15, 1, 11 ],
    "faces": {
        "down":  { "uv": [ 1.001, 10.999, 14.999, 9.001 ], "texture": "#texture" },
        "up":    { "uv": [ 1.001, 9.001, 14.999, 10.999 ], "texture": "#texture" },
        "north": { "uv": [ 14.999, 9.001, 1.001, 9.999 ], "texture": "#texture" },
        "south": { "uv": [ 1.001, 10.001, 14.999, 10.999 ], "texture": "#texture" },
        "west":  { "uv": [ 1.001, 10.999, 1.999, 9.001 ], "rotation": 90, "texture": "#texture" },
        "east":  { "uv": [ 14.001, 9.001, 14.999, 10.999 ], "rotation": 90, "texture": "#texture" }
    }
},
{
    "__comment": "Wood",
    "from": [ 1, 0, 13 ],
    "to": [ 15, 1, 15 ],
    "faces": {
        "down":  { "uv": [ 1.001, 14.999, 14.999, 13.001 ], "texture": "#texture" },
        "up":    { "uv": [ 1.001, 13.001, 14.999, 14.999 ], "texture": "#texture" },
        "north": { "uv": [ 14.999, 13.001, 1.001, 13.999 ], "texture": "#texture" },
        "south": { "uv": [ 1.001, 14.001, 14.999, 14.999 ], "texture": "#texture" },
        "west":  { "uv": [ 1.001, 14.999, 1.999, 13.001 ], "rotation": 90, "texture": "#texture" },
        "east":  { "uv": [ 14.001, 13.001, 14.999, 14.999 ], "rotation": 90, "texture": "#texture" }
    }
},
{
    "__comment": "Inner",
    "from": [ 3, 0.5, 0 ],
    "to": [ 4, 1.5, 16 ],
    "faces": {
        "down":  { "uv": [ 0.999, 15.999, 0.001, 0.001 ], "texture": "#inner" },
        "up":    { "uv": [ 0.001, 0.001, 0.999, 15.999 ], "texture": "#inner" },
        "north": { "uv": [ 0.001, 0.001, 0.999, 0.999 ], "texture": "#inner" },
        "south": { "uv": [ 0.001, 15.001, 0.999, 15.999 ], "texture": "#inner" }
    }
},
{
    "__comment": "Inner",
    "from": [ 12, 0.5, 0 ],
    "to": [ 13, 1.5, 16 ],
    "faces": {
        "down":  { "uv": [ 0.999, 15.999, 0.001, 0.001 ], "texture": "#inner" },
        "up":    { "uv": [ 0.001, 0.001, 0.999, 15.999 ], "texture": "#inner" },
        "north": { "uv": [ 0.001, 0.001, 0.999, 0.999 ], "texture": "#inner" },
        "south": { "uv": [ 0.001, 15.001, 0.999, 15.999 ], "texture": "#inner" }
    }
},
{
    "__comment": "Outer",
    "from": [ 2, 0.5, 0 ],
    "to": [ 3, 2, 16 ],
    "faces": {
        "down":  { "uv": [ 15.999, 0.001, 0.001, 0.999 ], "rotation": 90, "texture": "#outer" },
        "up":    { "uv": [ 0.001, 0.001, 15.999, 0.999 ], "rotation": 90, "texture": "#outer" },
        "north": { "uv": [ 15.001, 0.001, 15.999, 0.999 ], "texture": "#outer" },
        "south": { "uv": [ 0.001, 0.001, 0.999, 0.999 ], "texture": "#outer" },
        "west":  { "uv": [ 0.001, 0.001, 15.999, 0.999 ], "texture": "#outer" },
        "east":  { "uv": [ 15.999, 0.001, 0.001, 0.999 ], "texture": "#outer" }
    }
},
{
    "__comment": "Outer",
    "from": [ 13, 0.5, 0 ],
    "to": [ 14, 2, 16 ],
    "faces": {
        "down":  { "uv": [ 15.999, 0.001, 0.001, 0.999 ], "rotation": 90, "texture": "#outer" },
        "up":    { "uv": [ 0.001, 0.001, 15.999, 0.999 ], "rotation": 90, "texture": "#outer" },
        "north": { "uv": [ 15.001, 0.001, 15.999, 0.999 ], "texture": "#outer" },
        "south": { "uv": [ 0.001, 0.001, 0.999, 0.999 ], "texture": "#outer" },
        "west":  { "uv": [ 0.001, 0.001, 15.999, 0.999 ], "texture": "#outer" },
        "east":  { "uv": [ 15.999, 0.001, 0.001, 0.999 ], "texture": "#outer" }
    }
},
{
    "__comment": "Redstone",
    "from": [ 7, 0.25, 0 ],
    "to": [ 9, 0.75, 16 ],
    "faces": {
        "down":  { "uv": [ 8.999, 15.999, 7.001, 0.001 ], "texture": "#redstone" },
        "up":    { "uv": [ 7.001, 0.001, 8.999, 15.999 ], "texture": "#redstone" },
        "north": { "uv": [ 7.001, 15.251, 8.999, 15.749 ], "texture": "#redstone" },
        "south": { "uv": [ 7.001, 15.251, 8.999, 15.749 ], "texture": "#redstone" },
        "west":  { "uv": [ 0.001, 15.251, 15.999, 15.749 ], "texture": "#redstone" },
        "east":  { "uv": [ 0.001, 15.251, 15.999, 15.749 ], "texture": "#redstone" }
    }
},
{
    "__comment": "Redstone",
    "from": [ 5, 1, 1 ],
    "to": [ 6, 1.5, 3 ],
    "faces": {
        "up":    { "uv": [ 5.001, 1.001, 5.999, 2.999 ], "texture": "#redstone" },
        "north": { "uv": [ 10.001, 14.501, 10.999, 14.999 ], "texture": "#redstone" },
        "south": { "uv": [ 5.001, 14.501, 5.999, 14.999 ], "texture": "#redstone" },
        "east":  { "uv": [ 13.001, 14.501, 14.999, 14.999 ], "texture": "#redstone" }
    }
},
{
    "__comment": "Redstone",
    "from": [ 10, 1, 1 ],
    "to": [ 11, 1.5, 3 ],
    "faces": {
        "up":    { "uv": [ 10.001, 1.001, 10.999, 2.999 ], "texture": "#redstone" },
        "north": { "uv": [ 5.001, 14.501, 5.999, 14.999 ], "texture": "#redstone" },
        "south": { "uv": [ 10.001, 14.501, 10.999, 14.999 ], "texture": "#redstone" },
        "west":  { "uv": [ 1.001, 14.501, 2.999, 14.999 ], "texture": "#redstone" }
    }
},
{
    "__comment": "Redstone",
    "from": [ 5, 1, 5 ],
    "to": [ 6, 1.5, 7 ],
    "faces": {
        "up":    { "uv": [ 5.001, 5.001, 5.999, 6.999 ], "texture": "#redstone" },
        "north": { "uv": [ 10.001, 14.501, 10.999, 14.999 ], "texture": "#redstone" },
        "south": { "uv": [ 5.001, 14.501, 5.999, 14.999 ], "texture": "#redstone" },
        "east":  { "uv": [ 9.001, 14.501, 10.999, 14.999 ], "texture": "#redstone" }
    }
},
{
    "__comment": "Redstone",
    "from": [ 10, 1, 5 ],
    "to": [ 11, 1.5, 7 ],
    "faces": {
        "up":    { "uv": [ 10.001, 5.001, 10.999, 6.999 ], "texture": "#redstone" },
        "north": { "uv": [ 5.001, 14.501, 5.999, 14.999 ], "texture": "#redstone" },
        "south": { "uv": [ 10.001, 14.501, 10.999, 14.999 ], "texture": "#redstone" },
        "west":  { "uv": [ 5.001, 14.501, 6.999, 14.999 ], "texture": "#redstone" }
    }
},
{
    "__comment": "Redstone",
    "from": [ 5, 1, 9 ],
    "to": [ 6, 1.5, 11 ],
    "faces": {
        "up":    { "uv": [ 5.001, 9.001, 5.999, 10.999 ], "texture": "#redstone" },
        "north": { "uv": [ 10.001, 14.501, 10.999, 14.999 ], "texture": "#redstone" },
        "south": { "uv": [ 5.001, 14.501, 5.999, 14.999 ], "texture": "#redstone" },
        "east":  { "uv": [ 5.001, 14.501, 6.999, 14.999 ], "texture": "#redstone" }
    }
},
{
    "__comment": "Redstone",
    "from": [ 10, 1, 9 ],
    "to": [ 11, 1.5, 11 ],
    "faces": {
        "up":    { "uv": [ 10.001, 9.001, 10.999, 10.999 ], "texture": "#redstone" },
        "north": { "uv": [ 5.001, 14.501, 5.999, 14.999 ], "texture": "#redstone" },
        "south": { "uv": [ 10.001, 14.501, 10.999, 14.999 ], "texture": "#redstone" },
        "west":  { "uv": [ 9.001, 14.501, 10.999, 14.999 ], "texture": "#redstone" }
    }
},
{
    "__comment": "Redstone",
    "from": [ 5, 1, 13 ],
    "to": [ 6, 1.5, 15 ],
    "faces": {
        "up":    { "uv": [ 5.001, 13.001, 5.999, 14.999 ], "texture": "#redstone" },
        "north": { "uv": [ 10.001, 14.501, 10.999, 14.999 ], "texture": "#redstone" },
        "south": { "uv": [ 5.001, 14.501, 5.999, 14.999 ], "texture": "#redstone" },
        "east":  { "uv": [ 1.001, 14.501, 2.999, 14.999 ], "texture": "#redstone" }
    }
},
{
    "__comment": "Redstone",
    "from": [ 10, 1, 13 ],
    "to": [ 11, 1.5, 15 ],
    "faces": {
        "up":    { "uv": [ 10.001, 13.001, 10.999, 14.999 ], "texture": "#redstone" },
        "north": { "uv": [ 5.001, 14.501, 5.999, 14.999 ], "texture": "#redstone" },
        "south": { "uv": [ 10.001, 14.501, 10.999, 14.999 ], "texture": "#redstone" },
        "west":  { "uv": [ 13.001, 14.501, 14.999, 14.999 ], "texture": "#redstone" }
    }
},
{
    "__comment": "Gold",
    "from": [ 4, 0.5, 0 ],
    "to": [ 5, 2, 16 ],
    "faces": {
        "down":  { "uv": [ 15.999, 0.001, 0.001, 0.999 ], "rotation": 90, "texture": "#gold" },
        "up":    { "uv": [ 0.001, 0.001, 15.999, 0.999 ], "rotation": 90, "texture": "#gold" },
        "north": { "uv": [ 15.001, 0.001, 15.999, 0.999 ], "texture": "#gold" },
        "south": { "uv": [ 0.001, 0.001, 0.999, 0.999 ], "texture": "#gold" },
        "west":  { "uv": [ 0.001, 0.001, 15.999, 0.999 ], "texture": "#gold" },
        "east":  { "uv": [ 15.999, 0.001, 0.001, 0.999 ], "texture": "#gold" }
    }
},
{
    "__comment": "Gold",
    "from": [ 11, 0.5, 0 ],
    "to": [ 12, 2, 16 ],
    "faces": {
        "down":  { "uv": [ 15.999, 0.001, 0.001, 0.999 ], "rotation": 90, "texture": "#gold" },
        "up":    { "uv": [ 0.001, 0.001, 15.999, 0.999 ], "rotation": 90, "texture": "#gold" },
        "north": { "uv": [ 15.001, 0.001, 15.999, 0.999 ], "texture": "#gold" },
        "south": { "uv": [ 0.001, 0.001, 0.999, 0.999 ], "texture": "#gold" },
        "west":  { "uv": [ 0.001, 0.001, 15.999, 0.999 ], "texture": "#gold" },
        "east":  { "uv": [ 15.999, 0.001, 0.001, 0.999 ], "texture": "#gold" }
    }
}
]
}