{
	"__comment": "Designed by AndrealVox with Cubik Studio - https://cubik.studio",
	"textures": {
		"particle": "block/iron_trapdoor",
		"texture": "block/iron_trapdoor"
	},
	"elements": [ 	 
		{
			"__comment": "Trapdoor",
			"from": [ 0, 0, 13 ],
			"to": [ 16, 16, 16 ],
			"faces": {
				"down": { "uv": [ 16, 0, 0, 2 ], "texture": "#texture", "rotation": 180 },
				"up": { "uv": [ 0, 3, 16, 0 ], "texture": "#texture", "rotation": 180 },
				"north": { "uv": [ 0, 0, 16, 16 ], "texture": "#texture", "rotation": 180 },
				"south": { "uv": [ 16, 0, 0, 16 ], "texture": "#texture", "rotation": 180 },
				"west": { "uv": [ 0, 2, 16, 0 ], "texture": "#texture", "rotation": 90 },
				"east": { "uv": [ 0, 2, 16, 0 ], "texture": "#texture", "rotation": 270 }
			}
		},
		{
			"__comment": "Trapdoor8",
			"from": [ 3, 10, 13 ],
			"to": [ 3.001, 13, 16 ],
			"faces": {
				"west": { "uv": [ 6, 10, 9, 13 ], "texture": "#texture", "rotation": 90 },
				"east": { "uv": [ 6, 10, 9, 13 ], "texture": "#texture", "rotation": 270 }
			}
		},
		{
			"__comment": "Trapdoor15",
			"from": [ 3, 12.999, 13 ],
			"to": [ 6, 13, 16 ],
			"faces": {
				"down": { "uv": [ 6, 10, 9, 13 ], "texture": "#texture" },
				"up": { "uv": [ 9, 13, 6, 10 ], "texture": "#texture" }
			}
		},
		{
			"__comment": "Trapdoor8",
			"from": [ 6, 10, 13 ],
			"to": [ 6.001, 13, 16 ],
			"faces": {
				"west": { "uv": [ 6, 10, 9, 13 ], "texture": "#texture", "rotation": 90 },
				"east": { "uv": [ 6, 10, 9, 13 ], "texture": "#texture", "rotation": 270 }
			}
		},
		{
			"__comment": "Trapdoor8",
			"from": [ 10, 10, 13 ],
			"to": [ 10.001, 13, 16 ],
			"faces": {
				"west": { "uv": [ 6, 10, 9, 13 ], "texture": "#texture", "rotation": 90 },
				"east": { "uv": [ 6, 10, 9, 13 ], "texture": "#texture", "rotation": 270 }
			}
		},
		{
			"__comment": "Trapdoor8",
			"from": [ 13, 10, 13 ],
			"to": [ 13.001, 13, 16 ],
			"faces": {
				"west": { "uv": [ 6, 10, 9, 13 ], "texture": "#texture", "rotation": 90 },
				"east": { "uv": [ 6, 10, 9, 13 ], "texture": "#texture", "rotation": 270 }
			}
		},
		{
			"__comment": "Trapdoor8",
			"from": [ 13, 3, 13 ],
			"to": [ 13.001, 6, 16 ],
			"faces": {
				"west": { "uv": [ 6, 10, 9, 13 ], "texture": "#texture", "rotation": 90 },
				"east": { "uv": [ 6, 10, 9, 13 ], "texture": "#texture", "rotation": 270 }
			}
		},
		{
			"__comment": "Trapdoor8",
			"from": [ 10, 3, 13 ],
			"to": [ 10.001, 6, 16 ],
			"faces": {
				"west": { "uv": [ 6, 10, 9, 13 ], "texture": "#texture", "rotation": 90 },
				"east": { "uv": [ 6, 10, 9, 13 ], "texture": "#texture", "rotation": 270 }
			}
		},
		{
			"__comment": "Trapdoor8",
			"from": [ 6, 3, 13 ],
			"to": [ 6.001, 6, 16 ],
			"faces": {
				"west": { "uv": [ 6, 10, 9, 13 ], "texture": "#texture", "rotation": 90 },
				"east": { "uv": [ 6, 10, 9, 13 ], "texture": "#texture", "rotation": 270 }
			}
		},
		{
			"__comment": "Trapdoor8",
			"from": [ 3, 3, 13 ],
			"to": [ 3.001, 6, 16 ],
			"faces": {
				"west": { "uv": [ 6, 10, 9, 13 ], "texture": "#texture", "rotation": 90 },
				"east": { "uv": [ 6, 10, 9, 13 ], "texture": "#texture", "rotation": 270 }
			}
		},
		{
			"__comment": "Trapdoor15",
			"from": [ 3, 9.999, 13 ],
			"to": [ 6, 10, 16 ],
			"faces": {
				"down": { "uv": [ 6, 10, 9, 13 ], "texture": "#texture" },
				"up": { "uv": [ 9, 13, 6, 10 ], "texture": "#texture" }
			}
		},
		{
			"__comment": "Trapdoor15",
			"from": [ 3, 5.999, 13 ],
			"to": [ 6, 6, 16 ],
			"faces": {
				"down": { "uv": [ 6, 10, 9, 13 ], "texture": "#texture" },
				"up": { "uv": [ 9, 13, 6, 10 ], "texture": "#texture" }
			}
		},
		{
			"__comment": "Trapdoor15",
			"from": [ 3, 2.999, 13 ],
			"to": [ 6, 3, 16 ],
			"faces": {
				"down": { "uv": [ 6, 10, 9, 13 ], "texture": "#texture" },
				"up": { "uv": [ 9, 13, 6, 10 ], "texture": "#texture" }
			}
		},
		{
			"__comment": "Trapdoor15",
			"from": [ 10, 2.999, 13 ],
			"to": [ 13, 3, 16 ],
			"faces": {
				"down": { "uv": [ 6, 10, 9, 13 ], "texture": "#texture" },
				"up": { "uv": [ 9, 13, 6, 10 ], "texture": "#texture" }
			}
		},
		{
			"__comment": "Trapdoor15",
			"from": [ 10, 5.999, 13 ],
			"to": [ 13, 6, 16 ],
			"faces": {
				"down": { "uv": [ 6, 10, 9, 13 ], "texture": "#texture" },
				"up": { "uv": [ 9, 13, 6, 10 ], "texture": "#texture" }
			}
		},
		{
			"__comment": "Trapdoor15",
			"from": [ 10, 9.999, 13 ],
			"to": [ 13, 10, 16 ],
			"faces": {
				"down": { "uv": [ 6, 10, 9, 13 ], "texture": "#texture" },
				"up": { "uv": [ 9, 13, 6, 10 ], "texture": "#texture" }
			}
		},
		{
			"__comment": "Trapdoor15",
			"from": [ 10, 12.999, 13 ],
			"to": [ 13, 13, 16 ],
			"faces": {
				"down": { "uv": [ 6, 10, 9, 13 ], "texture": "#texture" },
				"up": { "uv": [ 9, 13, 6, 10 ], "texture": "#texture" }
			}
		}
	],
	"display": {
		"thirdperson_righthand": {
			"rotation":  [ 75, 45, 0 ],
			"translation":  [ 0, 2.5, 3 ],
			"scale":  [ 0.375, 0.375, 0.375 ]
		},
		"thirdperson_lefthand": {
			"rotation":  [ 75, 45, 0 ],
			"translation":  [ 0, 2.5, 3 ],
			"scale":  [ 0.375, 0.375, 0.375 ]
		},
		"firstperson_righthand": {
			"rotation":  [ 0, 45, 0 ],
			"translation":  [ 0, 4, 0 ],
			"scale":  [ 0.4, 0.4, 0.4 ]
		},
		"firstperson_lefthand": {
			"rotation":  [ 0, 45, 0 ],
			"translation":  [ 0, 4, 0 ],
			"scale":  [ 0.4, 0.4, 0.4 ]
		},
		"gui": {
			"rotation":  [ 30, 225, 0 ],
			"scale":  [ 0.625, 0.625, 0.625 ]
		},
		"ground": {
			"translation":  [ 0, 2, 0 ],
			"scale":  [ 0.5, 0.5, 0.5 ]
		},
		"fixed": {
			"rotation":  [ -90, 0, 0 ],
			"translation":  [ 0, 0, -2 ],
			"scale":  [ 0.5, 0.5, 0.5 ]
		}
	}
}