{
"ambientocclusion": false,
"textures": {
    "particle": "block/iron_bars"
},
"elements": [ 
{
    "from": [ 7, 0, 2 ],
    "to": [ 9, 16, 4 ],
    "faces": {
        "down":  { "uv": [ 7, 2, 9, 4 ], "texture": "#particle" },
        "up":    { "uv": [ 7, 2, 9, 4 ], "texture": "#particle" },
        "north": { "uv": [ 2, 0, 4, 16 ], "texture": "#particle" },
        "south": { "uv": [ 2, 0, 4, 16 ], "texture": "#particle" },
        "west":  { "uv": [ 2, 0, 4, 16 ], "texture": "#particle" },
        "east":  { "uv": [ 2, 0, 4, 16 ], "texture": "#particle" }
    }
},
{
    "from": [ 7, 2, 4 ],
    "to": [ 9, 4, 7 ],
    "faces": {
        "down":  { "uv": [ 7, 4, 9, 7 ], "texture": "#particle" },
        "up":    { "uv": [ 7, 4, 9, 7 ], "texture": "#particle" },
        "north": { "uv": [ 7, 12, 9, 14 ], "texture": "#particle" },
        "south": { "uv": [ 7, 12, 9, 14 ], "texture": "#particle" },
        "west":  { "uv": [ 9, 12, 12, 14 ], "texture": "#particle" },
        "east":  { "uv": [ 9, 12, 12, 14 ], "texture": "#particle" }
    }
},
{
    "from": [ 7, 7, 0 ],
    "to": [ 9, 9, 2 ],
    "faces": {
        "down":  { "uv": [ 7, 0, 9, 2 ], "texture": "#particle" },
        "up":    { "uv": [ 7, 0, 9, 2 ], "texture": "#particle" },
        "north": { "uv": [ 7, 7, 9, 9 ], "texture": "#particle" },
        "south": { "uv": [ 7, 7, 9, 9 ], "texture": "#particle" },
        "west":  { "uv": [ 0, 7, 2, 9 ], "texture": "#particle" },
        "east":  { "uv": [ 0, 7, 2, 9 ], "texture": "#particle" }
    }
}
]
}