{
	"__comment": "Designed by AndrealVox with Cubik Studio - https://cubik.studio",
	"textures": {
		"particle": "block/jungle_trapdoor",
		"texture": "block/jungle_trapdoor"
	},
	"elements": [ 	 
		{
			"__comment": "Trapdoor",
			"from": [ 0, 0, 13 ],
			"to": [ 16, 16, 16 ],
			"faces": {
				"down": { "uv": [ 16, 0, 0, 2 ], "texture": "#texture", "rotation": 180 },
				"up": { "uv": [ 0, 3, 16, 0 ], "texture": "#texture", "rotation": 180 },
				"north": { "uv": [ 0, 0, 16, 16 ], "texture": "#texture", "rotation": 180 },
				"south": { "uv": [ 16, 0, 0, 16 ], "texture": "#texture", "rotation": 180 },
				"west": { "uv": [ 0, 2, 16, 0 ], "texture": "#texture", "rotation": 90 },
				"east": { "uv": [ 0, 2, 16, 0 ], "texture": "#texture", "rotation": 270 }
			}
		},
		{
			"__comment": "Trapdoor1",
			"from": [ 6, 3, 13 ],
			"to": [ 6.001, 7, 16 ],
			"faces": {
				"west": { "uv": [ 11, 12, 15, 15 ], "texture": "#texture", "rotation": 90 },
				"east": { "uv": [ 11, 12, 15, 15 ], "texture": "#texture", "rotation": 270 }
			}
		},
		{
			"__comment": "Trapdoor2",
			"from": [ 7, 3, 13 ],
			"to": [ 7.001, 7, 16 ],
			"faces": {
				"west": { "uv": [ 11, 12, 15, 15 ], "texture": "#texture", "rotation": 90 },
				"east": { "uv": [ 11, 12, 15, 15 ], "texture": "#texture", "rotation": 270 }
			}
		},
		{
			"__comment": "Trapdoor3",
			"from": [ 9, 3, 13 ],
			"to": [ 9.001, 7, 16 ],
			"faces": {
				"west": { "uv": [ 11, 12, 15, 15 ], "texture": "#texture", "rotation": 90 },
				"east": { "uv": [ 11, 12, 15, 15 ], "texture": "#texture", "rotation": 270 }
			}
		},
		{
			"__comment": "Trapdoor4",
			"from": [ 10, 3, 13 ],
			"to": [ 10.001, 7, 16 ],
			"faces": {
				"west": { "uv": [ 11, 12, 15, 15 ], "texture": "#texture", "rotation": 90 },
				"east": { "uv": [ 11, 12, 15, 15 ], "texture": "#texture", "rotation": 270 }
			}
		},
		{
			"__comment": "Trapdoor5",
			"from": [ 7, 9, 13 ],
			"to": [ 7.001, 12, 16 ],
			"faces": {
				"west": { "uv": [ 11, 12, 14, 15 ], "texture": "#texture", "rotation": 90 },
				"east": { "uv": [ 11, 12, 14, 15 ], "texture": "#texture", "rotation": 270 }
			}
		},
		{
			"__comment": "Trapdoor6",
			"from": [ 9, 9, 13 ],
			"to": [ 9.001, 12, 16 ],
			"faces": {
				"west": { "uv": [ 11, 12, 14, 15 ], "texture": "#texture", "rotation": 90 },
				"east": { "uv": [ 11, 12, 14, 15 ], "texture": "#texture", "rotation": 270 }
			}
		},
		{
			"__comment": "Trapdoor7",
			"from": [ 10, 9, 13 ],
			"to": [ 10.001, 12, 16 ],
			"faces": {
				"west": { "uv": [ 11, 12, 14, 15 ], "texture": "#texture", "rotation": 90 },
				"east": { "uv": [ 11, 12, 14, 15 ], "texture": "#texture", "rotation": 270 }
			}
		},
		{
			"__comment": "Trapdoor8",
			"from": [ 6, 9, 13 ],
			"to": [ 6.001, 12, 16 ],
			"faces": {
				"west": { "uv": [ 11, 12, 14, 15 ], "texture": "#texture", "rotation": 90 },
				"east": { "uv": [ 11, 12, 14, 15 ], "texture": "#texture", "rotation": 270 }
			}
		},
		{
			"__comment": "Trapdoor9",
			"from": [ 4, 8.999, 13 ],
			"to": [ 6, 9, 16 ],
			"faces": {
				"down": { "uv": [ 1, 1, 3, 4 ], "texture": "#texture" },
				"up": { "uv": [ 3, 4, 1, 1 ], "texture": "#texture" }
			}
		},
		{
			"__comment": "Trapdoor10",
			"from": [ 7, 8.999, 13 ],
			"to": [ 9, 9, 16 ],
			"faces": {
				"down": { "uv": [ 1, 1, 3, 4 ], "texture": "#texture" },
				"up": { "uv": [ 3, 4, 1, 1 ], "texture": "#texture" }
			}
		},
		{
			"__comment": "Trapdoor11",
			"from": [ 7, 11.999, 13 ],
			"to": [ 9, 12, 16 ],
			"faces": {
				"down": { "uv": [ 1, 1, 3, 4 ], "texture": "#texture" },
				"up": { "uv": [ 3, 4, 1, 1 ], "texture": "#texture" }
			}
		},
		{
			"__comment": "Trapdoor12",
			"from": [ 10, 8.999, 13 ],
			"to": [ 12, 9, 16 ],
			"faces": {
				"down": { "uv": [ 1, 1, 3, 4 ], "texture": "#texture" },
				"up": { "uv": [ 3, 4, 1, 1 ], "texture": "#texture" }
			}
		},
		{
			"__comment": "Trapdoor13",
			"from": [ 7, 6.999, 13 ],
			"to": [ 9, 7, 16 ],
			"faces": {
				"down": { "uv": [ 1, 1, 3, 4 ], "texture": "#texture" },
				"up": { "uv": [ 3, 4, 1, 1 ], "texture": "#texture" }
			}
		},
		{
			"__comment": "Trapdoor14",
			"from": [ 7, 2.999, 13 ],
			"to": [ 9, 3, 16 ],
			"faces": {
				"down": { "uv": [ 1, 1, 3, 4 ], "texture": "#texture" },
				"up": { "uv": [ 3, 4, 1, 1 ], "texture": "#texture" }
			}
		},
		{
			"__comment": "Trapdoor15",
			"from": [ 3, 6.999, 13 ],
			"to": [ 6, 7, 16 ],
			"faces": {
				"down": { "uv": [ 1, 1, 4, 4 ], "texture": "#texture" },
				"up": { "uv": [ 4, 4, 1, 1 ], "texture": "#texture" }
			}
		},
		{
			"__comment": "Trapdoor16",
			"from": [ 10, 6.999, 13 ],
			"to": [ 13, 7, 16 ],
			"faces": {
				"down": { "uv": [ 1, 1, 4, 4 ], "texture": "#texture" },
				"up": { "uv": [ 4, 4, 1, 1 ], "texture": "#texture" }
			}
		},
		{
			"__comment": "Trapdoor17",
			"from": [ 12, 9, 13 ],
			"to": [ 12.001, 11, 16 ],
			"faces": {
				"west": { "uv": [ 11, 12, 13, 15 ], "texture": "#texture", "rotation": 90 },
				"east": { "uv": [ 11, 12, 13, 15 ], "texture": "#texture", "rotation": 270 }
			}
		},
		{
			"__comment": "Trapdoor18",
			"from": [ 4, 9, 13 ],
			"to": [ 4.001, 11, 16 ],
			"faces": {
				"west": { "uv": [ 11, 12, 13, 15 ], "texture": "#texture", "rotation": 90 },
				"east": { "uv": [ 11, 12, 13, 15 ], "texture": "#texture", "rotation": 270 }
			}
		},
		{
			"__comment": "Trapdoor19",
			"from": [ 3, 5, 13 ],
			"to": [ 3.001, 7, 16 ],
			"faces": {
				"west": { "uv": [ 11, 12, 13, 15 ], "texture": "#texture", "rotation": 90 },
				"east": { "uv": [ 11, 12, 13, 15 ], "texture": "#texture", "rotation": 270 }
			}
		},
		{
			"__comment": "Trapdoor20",
			"from": [ 13, 5, 13 ],
			"to": [ 13.001, 7, 16 ],
			"faces": {
				"west": { "uv": [ 11, 12, 13, 15 ], "texture": "#texture", "rotation": 90 },
				"east": { "uv": [ 11, 12, 13, 15 ], "texture": "#texture", "rotation": 270 }
			}
		},
		{
			"__comment": "Trapdoor21",
			"from": [ 12, 4, 13 ],
			"to": [ 12.001, 5, 16 ],
			"faces": {
				"west": { "uv": [ 11, 12, 13, 15 ], "texture": "#texture", "rotation": 90 },
				"east": { "uv": [ 11, 12, 13, 15 ], "texture": "#texture", "rotation": 270 }
			}
		},
		{
			"__comment": "Trapdoor22",
			"from": [ 11, 3, 13 ],
			"to": [ 11.001, 4, 16 ],
			"faces": {
				"west": { "uv": [ 11, 12, 13, 15 ], "texture": "#texture", "rotation": 90 },
				"east": { "uv": [ 11, 12, 13, 15 ], "texture": "#texture", "rotation": 270 }
			}
		},
		{
			"__comment": "Trapdoor23",
			"from": [ 5, 3, 13 ],
			"to": [ 5.001, 4, 16 ],
			"faces": {
				"west": { "uv": [ 11, 12, 13, 15 ], "texture": "#texture", "rotation": 90 },
				"east": { "uv": [ 11, 12, 13, 15 ], "texture": "#texture", "rotation": 270 }
			}
		},
		{
			"__comment": "Trapdoor24",
			"from": [ 4, 4, 13 ],
			"to": [ 4.001, 5, 16 ],
			"faces": {
				"west": { "uv": [ 11, 12, 13, 15 ], "texture": "#texture", "rotation": 90 },
				"east": { "uv": [ 11, 12, 13, 15 ], "texture": "#texture", "rotation": 270 }
			}
		},
		{
			"__comment": "Trapdoor25",
			"from": [ 5, 11, 13 ],
			"to": [ 5.001, 12, 16 ],
			"faces": {
				"west": { "uv": [ 11, 12, 13, 15 ], "texture": "#texture", "rotation": 90 },
				"east": { "uv": [ 11, 12, 13, 15 ], "texture": "#texture", "rotation": 270 }
			}
		},
		{
			"__comment": "Trapdoor26",
			"from": [ 11, 11, 13 ],
			"to": [ 11.001, 12, 16 ],
			"faces": {
				"west": { "uv": [ 11, 12, 13, 15 ], "texture": "#texture", "rotation": 90 },
				"east": { "uv": [ 11, 12, 13, 15 ], "texture": "#texture", "rotation": 270 }
			}
		},
		{
			"__comment": "Trapdoor27",
			"from": [ 10, 11.999, 13 ],
			"to": [ 11, 12, 16 ],
			"faces": {
				"down": { "uv": [ 1, 1, 2, 4 ], "texture": "#texture" },
				"up": { "uv": [ 2, 4, 1, 1 ], "texture": "#texture" }
			}
		},
		{
			"__comment": "Trapdoor28",
			"from": [ 5, 11.999, 13 ],
			"to": [ 6, 12, 16 ],
			"faces": {
				"down": { "uv": [ 1, 1, 2, 4 ], "texture": "#texture" },
				"up": { "uv": [ 2, 4, 1, 1 ], "texture": "#texture" }
			}
		},
		{
			"__comment": "Trapdoor29",
			"from": [ 4, 10.999, 13 ],
			"to": [ 5, 11, 16 ],
			"faces": {
				"down": { "uv": [ 1, 1, 2, 4 ], "texture": "#texture" },
				"up": { "uv": [ 2, 4, 1, 1 ], "texture": "#texture" }
			}
		},
		{
			"__comment": "Trapdoor30",
			"from": [ 11, 10.999, 13 ],
			"to": [ 12, 11, 16 ],
			"faces": {
				"down": { "uv": [ 1, 1, 2, 4 ], "texture": "#texture" },
				"up": { "uv": [ 2, 4, 1, 1 ], "texture": "#texture" }
			}
		},
		{
			"__comment": "Trapdoor31",
			"from": [ 12, 4.999, 13 ],
			"to": [ 13, 5, 16 ],
			"faces": {
				"down": { "uv": [ 1, 1, 2, 4 ], "texture": "#texture" },
				"up": { "uv": [ 2, 4, 1, 1 ], "texture": "#texture" }
			}
		},
		{
			"__comment": "Trapdoor32",
			"from": [ 3, 4.999, 13 ],
			"to": [ 4, 5, 16 ],
			"faces": {
				"down": { "uv": [ 1, 1, 2, 4 ], "texture": "#texture" },
				"up": { "uv": [ 2, 4, 1, 1 ], "texture": "#texture" }
			}
		},
		{
			"__comment": "Trapdoor33",
			"from": [ 4, 3.999, 13 ],
			"to": [ 5, 4, 16 ],
			"faces": {
				"down": { "uv": [ 1, 1, 2, 4 ], "texture": "#texture" },
				"up": { "uv": [ 2, 4, 1, 1 ], "texture": "#texture" }
			}
		},
		{
			"__comment": "Trapdoor34",
			"from": [ 11, 3.999, 13 ],
			"to": [ 12, 4, 16 ],
			"faces": {
				"down": { "uv": [ 1, 1, 2, 4 ], "texture": "#texture" },
				"up": { "uv": [ 2, 4, 1, 1 ], "texture": "#texture" }
			}
		},
		{
			"__comment": "Trapdoor35",
			"from": [ 10, 2.999, 13 ],
			"to": [ 11, 3, 16 ],
			"faces": {
				"down": { "uv": [ 1, 1, 2, 4 ], "texture": "#texture" },
				"up": { "uv": [ 2, 4, 1, 1 ], "texture": "#texture" }
			}
		},
		{
			"__comment": "Trapdoor36",
			"from": [ 5, 2.999, 13 ],
			"to": [ 6, 3, 16 ],
			"faces": {
				"down": { "uv": [ 1, 1, 2, 4 ], "texture": "#texture" },
				"up": { "uv": [ 2, 4, 1, 1 ], "texture": "#texture" }
			}
		}
	],
	"display": {
		"thirdperson_righthand": {
			"rotation":  [ 75, 45, 0 ],
			"translation":  [ 0, 2.5, 3 ],
			"scale":  [ 0.375, 0.375, 0.375 ]
		},
		"thirdperson_lefthand": {
			"rotation":  [ 75, 45, 0 ],
			"translation":  [ 0, 2.5, 3 ],
			"scale":  [ 0.375, 0.375, 0.375 ]
		},
		"firstperson_righthand": {
			"rotation":  [ 0, 45, 0 ],
			"translation":  [ 0, 4, 0 ],
			"scale":  [ 0.4, 0.4, 0.4 ]
		},
		"firstperson_lefthand": {
			"rotation":  [ 0, 45, 0 ],
			"translation":  [ 0, 4, 0 ],
			"scale":  [ 0.4, 0.4, 0.4 ]
		},
		"gui": {
			"rotation":  [ 30, 225, 0 ],
			"scale":  [ 0.625, 0.625, 0.625 ]
		},
		"ground": {
			"translation":  [ 0, 2, 0 ],
			"scale":  [ 0.5, 0.5, 0.5 ]
		},
		"fixed": {
			"rotation":  [ -90, 0, 0 ],
			"translation":  [ 0, 0, -2 ],
			"scale":  [ 0.5, 0.5, 0.5 ]
		}
	}
}