{
	"__comment": "Designed by AndrealVox with Cubik Studio - https://cubik.studio",
	"textures": {
		"particle": "block/jungle_trapdoor",
		"texture": "block/jungle_trapdoor"
	},
	"elements": [ 	 
		{
			"__comment": "Trapdoor",
			"from": [ 0, 13, 0 ],
			"to": [ 16, 16, 16 ],
			"faces": {
				"down": { "uv": [ 16, 16, 0, 0 ], "texture": "#texture", "rotation": 180 },
				"up": { "uv": [ 16, 0, 0, 16 ], "texture": "#texture", "rotation": 180 },
				"north": { "uv": [ 16, 0, 0, 3 ], "texture": "#texture", "rotation": 180 },
				"south": { "uv": [ 16, 0, 0, 2 ], "texture": "#texture", "rotation": 180 },
				"west": { "uv": [ 0, 2, 16, 0 ], "texture": "#texture" },
				"east": { "uv": [ 0, 2, 16, 0 ], "texture": "#texture" }
			}
		},
		{
			"__comment": "Trapdoor1",
			"from": [ 6, 13, 9 ],
			"to": [ 6.001, 16, 13 ],
			"faces": {
				"west": { "uv": [ 11, 12, 15, 15 ], "texture": "#texture" },
				"east": { "uv": [ 11, 12, 15, 15 ], "texture": "#texture" }
			}
		},
		{
			"__comment": "Trapdoor2",
			"from": [ 7, 13, 9 ],
			"to": [ 7.001, 16, 13 ],
			"faces": {
				"west": { "uv": [ 11, 12, 15, 15 ], "texture": "#texture" },
				"east": { "uv": [ 11, 12, 15, 15 ], "texture": "#texture" }
			}
		},
		{
			"__comment": "Trapdoor3",
			"from": [ 9, 13, 9 ],
			"to": [ 9.001, 16, 13 ],
			"faces": {
				"west": { "uv": [ 11, 12, 15, 15 ], "texture": "#texture" },
				"east": { "uv": [ 11, 12, 15, 15 ], "texture": "#texture" }
			}
		},
		{
			"__comment": "Trapdoor4",
			"from": [ 10, 13, 9 ],
			"to": [ 10.001, 16, 13 ],
			"faces": {
				"west": { "uv": [ 11, 12, 15, 15 ], "texture": "#texture" },
				"east": { "uv": [ 11, 12, 15, 15 ], "texture": "#texture" }
			}
		},
		{
			"__comment": "Trapdoor5",
			"from": [ 7, 13, 4 ],
			"to": [ 7.001, 16, 7 ],
			"faces": {
				"west": { "uv": [ 11, 12, 14, 15 ], "texture": "#texture" },
				"east": { "uv": [ 11, 12, 14, 15 ], "texture": "#texture" }
			}
		},
		{
			"__comment": "Trapdoor6",
			"from": [ 9, 13, 4 ],
			"to": [ 9.001, 16, 7 ],
			"faces": {
				"west": { "uv": [ 11, 12, 14, 15 ], "texture": "#texture" },
				"east": { "uv": [ 11, 12, 14, 15 ], "texture": "#texture" }
			}
		},
		{
			"__comment": "Trapdoor7",
			"from": [ 10, 13, 4 ],
			"to": [ 10.001, 16, 7 ],
			"faces": {
				"west": { "uv": [ 11, 12, 14, 15 ], "texture": "#texture" },
				"east": { "uv": [ 11, 12, 14, 15 ], "texture": "#texture" }
			}
		},
		{
			"__comment": "Trapdoor8",
			"from": [ 6, 13, 4 ],
			"to": [ 6.001, 16, 7 ],
			"faces": {
				"west": { "uv": [ 11, 12, 14, 15 ], "texture": "#texture" },
				"east": { "uv": [ 11, 12, 14, 15 ], "texture": "#texture" }
			}
		},
		{
			"__comment": "Trapdoor9",
			"from": [ 4, 13, 7 ],
			"to": [ 6, 16, 7.001 ],
			"faces": {
				"north": { "uv": [ 1, 1, 3, 4 ], "texture": "#texture" },
				"south": { "uv": [ 1, 1, 3, 4 ], "texture": "#texture" }
			}
		},
		{
			"__comment": "Trapdoor10",
			"from": [ 7, 13, 7 ],
			"to": [ 9, 16, 7.001 ],
			"faces": {
				"north": { "uv": [ 1, 1, 3, 4 ], "texture": "#texture" },
				"south": { "uv": [ 1, 1, 3, 4 ], "texture": "#texture" }
			}
		},
		{
			"__comment": "Trapdoor11",
			"from": [ 7, 13, 4 ],
			"to": [ 9, 16, 4.001 ],
			"faces": {
				"north": { "uv": [ 1, 1, 3, 4 ], "texture": "#texture" },
				"south": { "uv": [ 1, 1, 3, 4 ], "texture": "#texture" }
			}
		},
		{
			"__comment": "Trapdoor12",
			"from": [ 10, 13, 7 ],
			"to": [ 12, 16, 7.001 ],
			"faces": {
				"north": { "uv": [ 1, 1, 3, 4 ], "texture": "#texture" },
				"south": { "uv": [ 1, 1, 3, 4 ], "texture": "#texture" }
			}
		},
		{
			"__comment": "Trapdoor13",
			"from": [ 7, 13, 9 ],
			"to": [ 9, 16, 9.001 ],
			"faces": {
				"north": { "uv": [ 1, 1, 3, 4 ], "texture": "#texture" },
				"south": { "uv": [ 1, 1, 3, 4 ], "texture": "#texture" }
			}
		},
		{
			"__comment": "Trapdoor14",
			"from": [ 7, 13, 13 ],
			"to": [ 9, 16, 13.001 ],
			"faces": {
				"north": { "uv": [ 1, 1, 3, 4 ], "texture": "#texture" },
				"south": { "uv": [ 1, 1, 3, 4 ], "texture": "#texture" }
			}
		},
		{
			"__comment": "Trapdoor15",
			"from": [ 3, 13, 9 ],
			"to": [ 6, 16, 9.001 ],
			"faces": {
				"north": { "uv": [ 1, 1, 4, 4 ], "texture": "#texture" },
				"south": { "uv": [ 1, 1, 4, 4 ], "texture": "#texture" }
			}
		},
		{
			"__comment": "Trapdoor16",
			"from": [ 10, 13, 9 ],
			"to": [ 13, 16, 9.001 ],
			"faces": {
				"north": { "uv": [ 1, 1, 4, 4 ], "texture": "#texture" },
				"south": { "uv": [ 1, 1, 4, 4 ], "texture": "#texture" }
			}
		},
		{
			"__comment": "Trapdoor17",
			"from": [ 12, 13, 5 ],
			"to": [ 12.001, 16, 7 ],
			"faces": {
				"west": { "uv": [ 11, 12, 13, 15 ], "texture": "#texture" },
				"east": { "uv": [ 11, 12, 13, 15 ], "texture": "#texture" }
			}
		},
		{
			"__comment": "Trapdoor18",
			"from": [ 4, 13, 5 ],
			"to": [ 4.001, 16, 7 ],
			"faces": {
				"west": { "uv": [ 11, 12, 13, 15 ], "texture": "#texture" },
				"east": { "uv": [ 11, 12, 13, 15 ], "texture": "#texture" }
			}
		},
		{
			"__comment": "Trapdoor19",
			"from": [ 3, 13, 9 ],
			"to": [ 3.001, 16, 11 ],
			"faces": {
				"west": { "uv": [ 11, 12, 13, 15 ], "texture": "#texture" },
				"east": { "uv": [ 11, 12, 13, 15 ], "texture": "#texture" }
			}
		},
		{
			"__comment": "Trapdoor20",
			"from": [ 13, 13, 9 ],
			"to": [ 13.001, 16, 11 ],
			"faces": {
				"west": { "uv": [ 11, 12, 13, 15 ], "texture": "#texture" },
				"east": { "uv": [ 11, 12, 13, 15 ], "texture": "#texture" }
			}
		},
		{
			"__comment": "Trapdoor21",
			"from": [ 12, 13, 11 ],
			"to": [ 12.001, 16, 12 ],
			"faces": {
				"west": { "uv": [ 11, 12, 13, 15 ], "texture": "#texture" },
				"east": { "uv": [ 11, 12, 13, 15 ], "texture": "#texture" }
			}
		},
		{
			"__comment": "Trapdoor22",
			"from": [ 11, 13, 12 ],
			"to": [ 11.001, 16, 13 ],
			"faces": {
				"west": { "uv": [ 11, 12, 13, 15 ], "texture": "#texture" },
				"east": { "uv": [ 11, 12, 13, 15 ], "texture": "#texture" }
			}
		},
		{
			"__comment": "Trapdoor23",
			"from": [ 5, 13, 12 ],
			"to": [ 5.001, 16, 13 ],
			"faces": {
				"west": { "uv": [ 11, 12, 13, 15 ], "texture": "#texture" },
				"east": { "uv": [ 11, 12, 13, 15 ], "texture": "#texture" }
			}
		},
		{
			"__comment": "Trapdoor24",
			"from": [ 4, 13, 11 ],
			"to": [ 4.001, 16, 12 ],
			"faces": {
				"west": { "uv": [ 11, 12, 13, 15 ], "texture": "#texture" },
				"east": { "uv": [ 11, 12, 13, 15 ], "texture": "#texture" }
			}
		},
		{
			"__comment": "Trapdoor25",
			"from": [ 5, 13, 4 ],
			"to": [ 5.001, 16, 5 ],
			"faces": {
				"west": { "uv": [ 11, 12, 13, 15 ], "texture": "#texture" },
				"east": { "uv": [ 11, 12, 13, 15 ], "texture": "#texture" }
			}
		},
		{
			"__comment": "Trapdoor26",
			"from": [ 11, 13, 4 ],
			"to": [ 11.001, 16, 5 ],
			"faces": {
				"west": { "uv": [ 11, 12, 13, 15 ], "texture": "#texture" },
				"east": { "uv": [ 11, 12, 13, 15 ], "texture": "#texture" }
			}
		},
		{
			"__comment": "Trapdoor27",
			"from": [ 10, 13, 4 ],
			"to": [ 11, 16, 4.001 ],
			"faces": {
				"north": { "uv": [ 1, 1, 2, 4 ], "texture": "#texture" },
				"south": { "uv": [ 1, 1, 2, 4 ], "texture": "#texture" }
			}
		},
		{
			"__comment": "Trapdoor28",
			"from": [ 5, 13, 4 ],
			"to": [ 6, 16, 4.001 ],
			"faces": {
				"north": { "uv": [ 1, 1, 2, 4 ], "texture": "#texture" },
				"south": { "uv": [ 1, 1, 2, 4 ], "texture": "#texture" }
			}
		},
		{
			"__comment": "Trapdoor29",
			"from": [ 4, 13, 5 ],
			"to": [ 5, 16, 5.001 ],
			"faces": {
				"north": { "uv": [ 1, 1, 2, 4 ], "texture": "#texture" },
				"south": { "uv": [ 1, 1, 2, 4 ], "texture": "#texture" }
			}
		},
		{
			"__comment": "Trapdoor30",
			"from": [ 11, 13, 5 ],
			"to": [ 12, 16, 5.001 ],
			"faces": {
				"north": { "uv": [ 1, 1, 2, 4 ], "texture": "#texture" },
				"south": { "uv": [ 1, 1, 2, 4 ], "texture": "#texture" }
			}
		},
		{
			"__comment": "Trapdoor31",
			"from": [ 12, 13, 11 ],
			"to": [ 13, 16, 11.001 ],
			"faces": {
				"north": { "uv": [ 1, 1, 2, 4 ], "texture": "#texture" },
				"south": { "uv": [ 1, 1, 2, 4 ], "texture": "#texture" }
			}
		},
		{
			"__comment": "Trapdoor32",
			"from": [ 3, 13, 11 ],
			"to": [ 4, 16, 11.001 ],
			"faces": {
				"north": { "uv": [ 1, 1, 2, 4 ], "texture": "#texture" },
				"south": { "uv": [ 1, 1, 2, 4 ], "texture": "#texture" }
			}
		},
		{
			"__comment": "Trapdoor33",
			"from": [ 4, 13, 12 ],
			"to": [ 5, 16, 12.001 ],
			"faces": {
				"north": { "uv": [ 1, 1, 2, 4 ], "texture": "#texture" },
				"south": { "uv": [ 1, 1, 2, 4 ], "texture": "#texture" }
			}
		},
		{
			"__comment": "Trapdoor34",
			"from": [ 11, 13, 12 ],
			"to": [ 12, 16, 12.001 ],
			"faces": {
				"north": { "uv": [ 1, 1, 2, 4 ], "texture": "#texture" },
				"south": { "uv": [ 1, 1, 2, 4 ], "texture": "#texture" }
			}
		},
		{
			"__comment": "Trapdoor35",
			"from": [ 10, 13, 13 ],
			"to": [ 11, 16, 13.001 ],
			"faces": {
				"north": { "uv": [ 1, 1, 2, 4 ], "texture": "#texture" },
				"south": { "uv": [ 1, 1, 2, 4 ], "texture": "#texture" }
			}
		},
		{
			"__comment": "Trapdoor36",
			"from": [ 5, 13, 13 ],
			"to": [ 6, 16, 13.001 ],
			"faces": {
				"north": { "uv": [ 1, 1, 2, 4 ], "texture": "#texture" },
				"south": { "uv": [ 1, 1, 2, 4 ], "texture": "#texture" }
			}
		}
	],
	"display": {
		"thirdperson_righthand": {
			"rotation":  [ 75, 45, 0 ],
			"translation":  [ 0, 2.5, 3 ],
			"scale":  [ 0.375, 0.375, 0.375 ]
		},
		"thirdperson_lefthand": {
			"rotation":  [ 75, 45, 0 ],
			"translation":  [ 0, 2.5, 3 ],
			"scale":  [ 0.375, 0.375, 0.375 ]
		},
		"firstperson_righthand": {
			"rotation":  [ 0, 45, 0 ],
			"translation":  [ 0, 4, 0 ],
			"scale":  [ 0.4, 0.4, 0.4 ]
		},
		"firstperson_lefthand": {
			"rotation":  [ 0, 45, 0 ],
			"translation":  [ 0, 4, 0 ],
			"scale":  [ 0.4, 0.4, 0.4 ]
		},
		"gui": {
			"rotation":  [ 30, 225, 0 ],
			"scale":  [ 0.625, 0.625, 0.625 ]
		},
		"ground": {
			"translation":  [ 0, 2, 0 ],
			"scale":  [ 0.5, 0.5, 0.5 ]
		},
		"fixed": {
			"rotation":  [ -90, 0, 0 ],
			"translation":  [ 0, 0, -2 ],
			"scale":  [ 0.5, 0.5, 0.5 ]
		}
	}
}