{
"ambientocclusion": false,
"textures": {
    "particle": "block/sapling_jungle",
    "down": "block/sapling_jungle",
    "up": "block/sapling_jungle",
    "north": "block/sapling_jungle",
    "south": "block/sapling_jungle",
    "west": "block/sapling_jungle",
    "east": "block/sapling_jungle"
},
"elements": [ 
{
    "from": [ 13, 11, 13 ],
    "to": [ 14, 12, 14 ],
    "faces": {
        "down":  { "uv": [ 13, 4, 14, 5 ], "texture": "#down" },
        "up":    { "uv": [ 13, 4, 14, 5 ], "texture": "#up" },
        "north": { "uv": [ 13, 4, 14, 5 ], "texture": "#north" },
        "south": { "uv": [ 13, 4, 14, 5 ], "texture": "#south" },
        "west":  { "uv": [ 13, 4, 14, 5 ], "texture": "#west" },
        "east":  { "uv": [ 13, 4, 14, 5 ], "texture": "#east" }
    }
},
{
    "from": [ 12, 9, 12 ],
    "to": [ 13, 12, 13 ],
    "faces": {
        "down":  { "uv": [ 12, 6, 13, 7 ], "texture": "#down" },
        "up":    { "uv": [ 12, 4, 13, 5 ], "texture": "#up" },
        "north": { "uv": [ 12, 4, 13, 7 ], "texture": "#north" },
        "south": { "uv": [ 12, 4, 13, 7 ], "texture": "#south" },
        "west":  { "uv": [ 12, 4, 13, 7 ], "texture": "#west" },
        "east":  { "uv": [ 12, 4, 13, 7 ], "texture": "#east" }
    }
},
{
    "from": [ 11, 7, 11 ],
    "to": [ 12, 10, 12 ],
    "faces": {
        "down":  { "uv": [ 11, 8, 12, 9 ], "texture": "#down" },
        "up":    { "uv": [ 11, 6, 12, 7 ], "texture": "#up" },
        "north": { "uv": [ 11, 6, 12, 9 ], "texture": "#north" },
        "south": { "uv": [ 11, 6, 12, 9 ], "texture": "#south" },
        "west":  { "uv": [ 11, 6, 12, 9 ], "texture": "#west" },
        "east":  { "uv": [ 11, 6, 12, 9 ], "texture": "#east" }
    }
},
{
    "from": [ 10, 6, 10 ],
    "to": [ 11, 13, 11 ],
    "faces": {
        "down":  { "uv": [ 10, 9, 11, 10 ], "texture": "#down" },
        "up":    { "uv": [ 10, 3, 11, 4 ], "texture": "#up" },
        "north": { "uv": [ 10, 3, 11, 10 ], "texture": "#north" },
        "south": { "uv": [ 10, 3, 11, 10 ], "texture": "#south" },
        "west":  { "uv": [ 10, 3, 11, 10 ], "texture": "#west" },
        "east":  { "uv": [ 10, 3, 11, 10 ], "texture": "#east" }
    }
},
{
    "from": [ 9, 0, 9 ],
    "to": [ 10, 2, 10 ],
    "faces": {
        "down":  { "uv": [ 9, 15, 10, 16 ], "texture": "#down" },
        "up":    { "uv": [ 9, 14, 10, 15 ], "texture": "#up" },
        "north": { "uv": [ 9, 14, 10, 16 ], "texture": "#north" },
        "south": { "uv": [ 9, 14, 10, 16 ], "texture": "#south" },
        "west":  { "uv": [ 9, 14, 10, 16 ], "texture": "#west" },
        "east":  { "uv": [ 9, 14, 10, 16 ], "texture": "#east" }
    }
},
{
    "from": [ 9, 3, 9 ],
    "to": [ 10, 4, 10 ],
    "faces": {
        "down":  { "uv": [ 9, 12, 10, 13 ], "texture": "#down" },
        "up":    { "uv": [ 9, 12, 10, 13 ], "texture": "#up" },
        "north": { "uv": [ 9, 12, 10, 13 ], "texture": "#north" },
        "south": { "uv": [ 9, 12, 10, 13 ], "texture": "#south" },
        "west":  { "uv": [ 9, 12, 10, 13 ], "texture": "#west" },
        "east":  { "uv": [ 9, 12, 10, 13 ], "texture": "#east" }
    }
},
{
    "from": [ 9, 5, 9 ],
    "to": [ 10, 8, 10 ],
    "faces": {
        "down":  { "uv": [ 9, 10, 10, 11 ], "texture": "#down" },
        "up":    { "uv": [ 9, 8, 10, 9 ], "texture": "#up" },
        "north": { "uv": [ 9, 8, 10, 11 ], "texture": "#north" },
        "south": { "uv": [ 9, 8, 10, 11 ], "texture": "#south" },
        "west":  { "uv": [ 9, 8, 10, 11 ], "texture": "#west" },
        "east":  { "uv": [ 9, 8, 10, 11 ], "texture": "#east" }
    }
},
{
    "from": [ 9, 9, 9 ],
    "to": [ 10, 12, 10 ],
    "faces": {
        "down":  { "uv": [ 9, 6, 10, 7 ], "texture": "#down" },
        "up":    { "uv": [ 9, 4, 10, 5 ], "texture": "#up" },
        "north": { "uv": [ 9, 4, 10, 7 ], "texture": "#north" },
        "south": { "uv": [ 9, 4, 10, 7 ], "texture": "#south" },
        "west":  { "uv": [ 9, 4, 10, 7 ], "texture": "#west" },
        "east":  { "uv": [ 9, 4, 10, 7 ], "texture": "#east" }
    }
},
{
    "from": [ 8, 0, 8 ],
    "to": [ 9, 12, 9 ],
    "faces": {
        "down":  { "uv": [ 8, 15, 9, 16 ], "texture": "#down" },
        "up":    { "uv": [ 8, 4, 9, 5 ], "texture": "#up" },
        "south": { "uv": [ 8, 4, 9, 16 ], "texture": "#south" },
        "east":  { "uv": [ 8, 4, 9, 16 ], "texture": "#east" }
    }
},
{
    "from": [ 7, 0, 7 ],
    "to": [ 8, 13, 8 ],
    "faces": {
        "down":  { "uv": [ 7, 15, 8, 16 ], "texture": "#down" },
        "up":    { "uv": [ 7, 3, 8, 4 ], "texture": "#up" },
        "north": { "uv": [ 7, 3, 8, 16 ], "texture": "#north" },
        "south": { "uv": [ 7, 3, 8, 16 ], "texture": "#south" },
        "west":  { "uv": [ 7, 3, 8, 16 ], "texture": "#west" }
    }
},
{
    "from": [ 6, 0, 6 ],
    "to": [ 7, 1, 7 ],
    "faces": {
        "down":  { "uv": [ 6, 15, 7, 16 ], "texture": "#down" },
        "up":    { "uv": [ 6, 15, 7, 16 ], "texture": "#up" },
        "north": { "uv": [ 6, 15, 7, 16 ], "texture": "#north" },
        "south": { "uv": [ 6, 15, 7, 16 ], "texture": "#south" },
        "west":  { "uv": [ 6, 15, 7, 16 ], "texture": "#west" },
        "east":  { "uv": [ 6, 15, 7, 16 ], "texture": "#east" }
    }
},
{
    "from": [ 6, 4, 6 ],
    "to": [ 7, 11, 7 ],
    "faces": {
        "down":  { "uv": [ 6, 11, 7, 12 ], "texture": "#down" },
        "up":    { "uv": [ 6, 5, 7, 6 ], "texture": "#up" },
        "north": { "uv": [ 6, 5, 7, 12 ], "texture": "#north" },
        "south": { "uv": [ 6, 5, 7, 12 ], "texture": "#south" },
        "west":  { "uv": [ 6, 5, 7, 12 ], "texture": "#west" },
        "east":  { "uv": [ 6, 5, 7, 12 ], "texture": "#east" }
    }
},
{
    "from": [ 6, 13, 6 ],
    "to": [ 7, 14, 7 ],
    "faces": {
        "down":  { "uv": [ 6, 2, 7, 3 ], "texture": "#down" },
        "up":    { "uv": [ 6, 2, 7, 3 ], "texture": "#up" },
        "north": { "uv": [ 6, 2, 7, 3 ], "texture": "#north" },
        "south": { "uv": [ 6, 2, 7, 3 ], "texture": "#south" },
        "west":  { "uv": [ 6, 2, 7, 3 ], "texture": "#west" },
        "east":  { "uv": [ 6, 2, 7, 3 ], "texture": "#east" }
    }
},
{
    "from": [ 5, 5, 5 ],
    "to": [ 6, 14, 6 ],
    "faces": {
        "down":  { "uv": [ 5, 10, 6, 11 ], "texture": "#down" },
        "up":    { "uv": [ 5, 2, 6, 3 ], "texture": "#up" },
        "north": { "uv": [ 5, 2, 6, 11 ], "texture": "#north" },
        "south": { "uv": [ 5, 2, 6, 11 ], "texture": "#south" },
        "west":  { "uv": [ 5, 2, 6, 11 ], "texture": "#west" },
        "east":  { "uv": [ 5, 2, 6, 11 ], "texture": "#east" }
    }
},
{
    "from": [ 4, 7, 4 ],
    "to": [ 5, 13, 5 ],
    "faces": {
        "down":  { "uv": [ 4, 8, 5, 9 ], "texture": "#down" },
        "up":    { "uv": [ 4, 3, 5, 4 ], "texture": "#up" },
        "north": { "uv": [ 4, 3, 5, 9 ], "texture": "#north" },
        "south": { "uv": [ 4, 3, 5, 9 ], "texture": "#south" },
        "west":  { "uv": [ 4, 3, 5, 9 ], "texture": "#west" },
        "east":  { "uv": [ 4, 3, 5, 9 ], "texture": "#east" }
    }
},
{
    "from": [ 3, 10, 3 ],
    "to": [ 4, 13, 4 ],
    "faces": {
        "down":  { "uv": [ 3, 5, 4, 6 ], "texture": "#down" },
        "up":    { "uv": [ 3, 3, 4, 4 ], "texture": "#up" },
        "north": { "uv": [ 3, 3, 4, 6 ], "texture": "#north" },
        "south": { "uv": [ 3, 3, 4, 6 ], "texture": "#south" },
        "west":  { "uv": [ 3, 3, 4, 6 ], "texture": "#west" },
        "east":  { "uv": [ 3, 3, 4, 6 ], "texture": "#east" }
    }
},
{
    "from": [ 2, 11, 2 ],
    "to": [ 3, 12, 3 ],
    "faces": {
        "down":  { "uv": [ 2, 4, 3, 5 ], "texture": "#down" },
        "up":    { "uv": [ 2, 4, 3, 5 ], "texture": "#up" },
        "north": { "uv": [ 2, 4, 3, 5 ], "texture": "#north" },
        "south": { "uv": [ 2, 4, 3, 5 ], "texture": "#south" },
        "west":  { "uv": [ 2, 4, 3, 5 ], "texture": "#west" },
        "east":  { "uv": [ 2, 4, 3, 5 ], "texture": "#east" }
    }
},
{
    "from": [ 2, 11, 13 ],
    "to": [ 3, 12, 14 ],
    "faces": {
        "down":  { "uv": [ 13, 4, 14, 5 ], "texture": "#down" },
        "up":    { "uv": [ 13, 4, 14, 5 ], "texture": "#up" },
        "north": { "uv": [ 13, 4, 14, 5 ], "texture": "#north" },
        "south": { "uv": [ 13, 4, 14, 5 ], "texture": "#south" },
        "west":  { "uv": [ 13, 4, 14, 5 ], "texture": "#west" },
        "east":  { "uv": [ 13, 4, 14, 5 ], "texture": "#east" }
    }
},
{
    "from": [ 3, 9, 12 ],
    "to": [ 4, 12, 13 ],
    "faces": {
        "down":  { "uv": [ 12, 6, 13, 7 ], "texture": "#down" },
        "up":    { "uv": [ 12, 4, 13, 5 ], "texture": "#up" },
        "north": { "uv": [ 12, 4, 13, 7 ], "texture": "#north" },
        "south": { "uv": [ 12, 4, 13, 7 ], "texture": "#south" },
        "west":  { "uv": [ 12, 4, 13, 7 ], "texture": "#west" },
        "east":  { "uv": [ 12, 4, 13, 7 ], "texture": "#east" }
    }
},
{
    "from": [ 4, 7, 11 ],
    "to": [ 5, 10, 12 ],
    "faces": {
        "down":  { "uv": [ 11, 8, 12, 9 ], "texture": "#down" },
        "up":    { "uv": [ 11, 6, 12, 7 ], "texture": "#up" },
        "north": { "uv": [ 11, 6, 12, 9 ], "texture": "#north" },
        "south": { "uv": [ 11, 6, 12, 9 ], "texture": "#south" },
        "west":  { "uv": [ 11, 6, 12, 9 ], "texture": "#west" },
        "east":  { "uv": [ 11, 6, 12, 9 ], "texture": "#east" }
    }
},
{
    "from": [ 5, 6, 10 ],
    "to": [ 6, 13, 11 ],
    "faces": {
        "down":  { "uv": [ 10, 9, 11, 10 ], "texture": "#down" },
        "up":    { "uv": [ 10, 3, 11, 4 ], "texture": "#up" },
        "north": { "uv": [ 10, 3, 11, 10 ], "texture": "#north" },
        "south": { "uv": [ 10, 3, 11, 10 ], "texture": "#south" },
        "west":  { "uv": [ 10, 3, 11, 10 ], "texture": "#west" },
        "east":  { "uv": [ 10, 3, 11, 10 ], "texture": "#east" }
    }
},
{
    "from": [ 6, 0, 9 ],
    "to": [ 7, 2, 10 ],
    "faces": {
        "down":  { "uv": [ 9, 15, 10, 16 ], "texture": "#down" },
        "up":    { "uv": [ 9, 14, 10, 15 ], "texture": "#up" },
        "north": { "uv": [ 9, 14, 10, 16 ], "texture": "#north" },
        "south": { "uv": [ 9, 14, 10, 16 ], "texture": "#south" },
        "west":  { "uv": [ 9, 14, 10, 16 ], "texture": "#west" },
        "east":  { "uv": [ 9, 14, 10, 16 ], "texture": "#east" }
    }
},
{
    "from": [ 6, 3, 9 ],
    "to": [ 7, 4, 10 ],
    "faces": {
        "down":  { "uv": [ 9, 12, 10, 13 ], "texture": "#down" },
        "up":    { "uv": [ 9, 12, 10, 13 ], "texture": "#up" },
        "north": { "uv": [ 9, 12, 10, 13 ], "texture": "#north" },
        "south": { "uv": [ 9, 12, 10, 13 ], "texture": "#south" },
        "west":  { "uv": [ 9, 12, 10, 13 ], "texture": "#west" },
        "east":  { "uv": [ 9, 12, 10, 13 ], "texture": "#east" }
    }
},
{
    "from": [ 6, 5, 9 ],
    "to": [ 7, 8, 10 ],
    "faces": {
        "down":  { "uv": [ 9, 10, 10, 11 ], "texture": "#down" },
        "up":    { "uv": [ 9, 8, 10, 9 ], "texture": "#up" },
        "north": { "uv": [ 9, 8, 10, 11 ], "texture": "#north" },
        "south": { "uv": [ 9, 8, 10, 11 ], "texture": "#south" },
        "west":  { "uv": [ 9, 8, 10, 11 ], "texture": "#west" },
        "east":  { "uv": [ 9, 8, 10, 11 ], "texture": "#east" }
    }
},
{
    "from": [ 6, 9, 9 ],
    "to": [ 7, 12, 10 ],
    "faces": {
        "down":  { "uv": [ 9, 6, 10, 7 ], "texture": "#down" },
        "up":    { "uv": [ 9, 4, 10, 5 ], "texture": "#up" },
        "north": { "uv": [ 9, 4, 10, 7 ], "texture": "#north" },
        "south": { "uv": [ 9, 4, 10, 7 ], "texture": "#south" },
        "west":  { "uv": [ 9, 4, 10, 7 ], "texture": "#west" },
        "east":  { "uv": [ 9, 4, 10, 7 ], "texture": "#east" }
    }
},
{
    "from": [ 7, 0, 8 ],
    "to": [ 8, 12, 9 ],
    "faces": {
        "down":  { "uv": [ 8, 15, 9, 16 ], "texture": "#down" },
        "up":    { "uv": [ 8, 4, 9, 5 ], "texture": "#up" },
        "south": { "uv": [ 8, 4, 9, 16 ], "texture": "#south" },
        "west":  { "uv": [ 8, 4, 9, 16 ], "texture": "#west" }
    }
},
{
    "from": [ 8, 0, 7 ],
    "to": [ 9, 13, 8 ],
    "faces": {
        "down":  { "uv": [ 7, 15, 8, 16 ], "texture": "#down" },
        "up":    { "uv": [ 7, 3, 8, 4 ], "texture": "#up" },
        "north": { "uv": [ 7, 3, 8, 16 ], "texture": "#north" },
        "south": { "uv": [ 7, 3, 8, 16 ], "texture": "#south" },
        "east":  { "uv": [ 7, 3, 8, 16 ], "texture": "#east" }
    }
},
{
    "from": [ 9, 0, 6 ],
    "to": [ 10, 1, 7 ],
    "faces": {
        "down":  { "uv": [ 6, 15, 7, 16 ], "texture": "#down" },
        "up":    { "uv": [ 6, 15, 7, 16 ], "texture": "#up" },
        "north": { "uv": [ 6, 15, 7, 16 ], "texture": "#north" },
        "south": { "uv": [ 6, 15, 7, 16 ], "texture": "#south" },
        "west":  { "uv": [ 6, 15, 7, 16 ], "texture": "#west" },
        "east":  { "uv": [ 6, 15, 7, 16 ], "texture": "#east" }
    }
},
{
    "from": [ 9, 4, 6 ],
    "to": [ 10, 11, 7 ],
    "faces": {
        "down":  { "uv": [ 5, 10, 6, 11 ], "texture": "#down" },
        "up":    { "uv": [ 6, 5, 7, 6 ], "texture": "#up" },
        "north": { "uv": [ 6, 5, 7, 12 ], "texture": "#north" },
        "south": { "uv": [ 6, 5, 7, 12 ], "texture": "#south" },
        "west":  { "uv": [ 6, 5, 7, 12 ], "texture": "#west" },
        "east":  { "uv": [ 6, 5, 7, 12 ], "texture": "#east" }
    }
},
{
    "from": [ 9, 13, 6 ],
    "to": [ 10, 14, 7 ],
    "faces": {
        "down":  { "uv": [ 6, 2, 7, 3 ], "texture": "#down" },
        "up":    { "uv": [ 6, 2, 7, 3 ], "texture": "#up" },
        "north": { "uv": [ 6, 2, 7, 3 ], "texture": "#north" },
        "south": { "uv": [ 6, 2, 7, 3 ], "texture": "#south" },
        "west":  { "uv": [ 6, 2, 7, 3 ], "texture": "#west" },
        "east":  { "uv": [ 6, 2, 7, 3 ], "texture": "#east" }
    }
},
{
    "from": [ 10, 5, 5 ],
    "to": [ 11, 14, 6 ],
    "faces": {
        "down":  { "uv": [ 5, 10, 6, 11 ], "texture": "#down" },
        "up":    { "uv": [ 5, 2, 6, 3 ], "texture": "#up" },
        "north": { "uv": [ 5, 2, 6, 11 ], "texture": "#north" },
        "south": { "uv": [ 5, 2, 6, 11 ], "texture": "#south" },
        "west":  { "uv": [ 5, 2, 6, 11 ], "texture": "#west" },
        "east":  { "uv": [ 5, 2, 6, 11 ], "texture": "#east" }
    }
},
{
    "from": [ 11, 7, 4 ],
    "to": [ 12, 13, 5 ],
    "faces": {
        "down":  { "uv": [ 4, 8, 5, 9 ], "texture": "#down" },
        "up":    { "uv": [ 4, 3, 5, 4 ], "texture": "#up" },
        "north": { "uv": [ 4, 3, 5, 9 ], "texture": "#north" },
        "south": { "uv": [ 4, 3, 5, 9 ], "texture": "#south" },
        "west":  { "uv": [ 4, 3, 5, 9 ], "texture": "#west" },
        "east":  { "uv": [ 4, 3, 5, 9 ], "texture": "#east" }
    }
},
{
    "from": [ 12, 9.5, 3 ],
    "to": [ 13, 13, 4 ],
    "faces": {
        "down":  { "uv": [ 3, 5, 4, 6 ], "texture": "#down" },
        "up":    { "uv": [ 3, 3, 4, 4 ], "texture": "#up" },
        "north": { "uv": [ 3, 3, 4, 6.5 ], "texture": "#north" },
        "south": { "uv": [ 3, 3, 4, 6.5 ], "texture": "#south" },
        "west":  { "uv": [ 3, 3, 4, 6.5 ], "texture": "#west" },
        "east":  { "uv": [ 3, 3, 4, 6.5 ], "texture": "#east" }
    }
},
{
    "from": [ 13, 11, 2 ],
    "to": [ 14, 12, 3 ],
    "faces": {
        "down":  { "uv": [ 2, 4, 3, 5 ], "texture": "#down" },
        "up":    { "uv": [ 2, 4, 3, 5 ], "texture": "#up" },
        "north": { "uv": [ 2, 4, 3, 5 ], "texture": "#north" },
        "south": { "uv": [ 2, 4, 3, 5 ], "texture": "#south" },
        "west":  { "uv": [ 2, 4, 3, 5 ], "texture": "#west" },
        "east":  { "uv": [ 2, 4, 3, 5 ], "texture": "#east" }
    }
}
],
"display": {
    "thirdperson_righthand": {
        "rotation": [ 0, -90, 0 ],
        "translation": [ 0, 4, 2 ],
        "scale": [ 0.85, 0.85, 0.85 ]
    },
    "thirdperson_lefthand": {
        "rotation": [ 0, 90, 0 ],
        "translation": [ 0, 4, 2 ],
        "scale": [ 0.85, 0.85, 0.85 ]
    },
    "ground": {
        "rotation": [ 0, 0, 0 ],
        "translation": [ 0, 2, 0 ],
        "scale": [ 0.5, 0.5, 0.5 ]
    },
    "fixed": {
        "rotation": [ 0, 0, 0 ],
        "translation": [ 0, 0, 0 ],
        "scale": [ 0.5, 0.5, 0.5 ]
    },
    "firstperson_righthand": {
        "rotation": [ 0, -90, 25 ],
        "translation": [ 1.2, 3.2, 1.13 ],
        "scale": [ 0.68, 0.68, 0.68 ]
    },
    "firstperson_lefthand": {
        "rotation": [ 0, 90, -25 ],
        "translation": [ 0.2, 3.2, 1.12 ],
        "scale": [ 0.68, 0.68, 0.68 ]
    },
    "gui": {
        "rotation": [ 30, 225, 0 ],
        "translation": [ 0, 0, 0 ],
        "scale": [ 0.75, 0.75, 0.75 ]
    }
}
}