{
"ambientocclusion": false,
"textures": {
    "particle": "block/ladder",
    "0": "block/ladder"
},
"elements": [ 
{
    "from": [ 2, 0, 14 ],
    "to": [ 4, 16, 16 ],
    "faces": {
        "down":  { "uv": [ 2, 14, 4, 16 ], "texture": "#0", "cullface": "down" },
        "up":    { "uv": [ 2, 0, 4, 2 ], "texture": "#0", "cullface": "up" },
        "north": { "uv": [ 2, 0, 4, 16 ], "texture": "#0" },
        "south": { "uv": [ 2, 0, 4, 16 ], "texture": "#0", "cullface": "south" },
        "west":  { "uv": [ 2, 0, 4, 16 ], "texture": "#0" },
        "east":  { "uv": [ 2, 0, 4, 16 ], "texture": "#0" }
    }
},
{
    "from": [ 12, 0, 14 ],
    "to": [ 14, 16, 16 ],
    "faces": {
        "down":  { "uv": [ 12, 14, 14, 16 ], "texture": "#0", "cullface": "down" },
        "up":    { "uv": [ 12, 0, 14, 2 ], "texture": "#0", "cullface": "up" },
        "north": { "uv": [ 12, 0, 14, 16 ], "texture": "#0" },
        "south": { "uv": [ 12, 0, 14, 16 ], "texture": "#0", "cullface": "south" },
        "west":  { "uv": [ 12, 0, 14, 16 ], "texture": "#0" },
        "east":  { "uv": [ 12, 0, 14, 16 ], "texture": "#0" }
    }
},
{
    "from": [ 1, 1, 14.5 ],
    "to": [ 15, 3, 15.5 ],
    "faces": {
        "down":  { "uv": [ 1, 14, 15, 15 ], "texture": "#0" },
        "up":    { "uv": [ 1, 13, 15, 14 ], "texture": "#0" },
        "north": { "uv": [ 1, 13, 15, 15 ], "texture": "#0" },
        "south": { "uv": [ 1, 13, 15, 15 ], "texture": "#0" },
        "west":  { "uv": [ 1, 13, 2, 15 ], "texture": "#0" },
        "east":  { "uv": [ 14, 13, 15, 15 ], "texture": "#0" }
    }
},
{
    "from": [ 1, 5, 14.5 ],
    "to": [ 6, 7, 15.5 ],
    "faces": {
        "down":  { "uv": [ 1, 10, 6, 11 ], "texture": "#0" },
        "up":    { "uv": [ 1, 9, 6, 10 ], "texture": "#0" },
        "north": { "uv": [ 1, 9, 6, 11 ], "texture": "#0" },
        "south": { "uv": [ 1, 9, 6, 11 ], "texture": "#0" },
        "west":  { "uv": [ 1, 9, 2, 11 ], "texture": "#0" },
        "east":  { "uv": [ 5, 9, 6, 11 ], "texture": "#0" }
    }
},
{
    "from": [ 7, 9, 14.5 ],
    "to": [ 15, 11, 15.5 ],
    "faces": {
        "down":  { "uv": [ 7, 6, 15, 7 ], "texture": "#0" },
        "up":    { "uv": [ 7, 5, 15, 6 ], "texture": "#0" },
        "north": { "uv": [ 7, 5, 15, 7 ], "texture": "#0" },
        "south": { "uv": [ 7, 5, 15, 7 ], "texture": "#0" },
        "west":  { "uv": [ 7, 5, 8, 7 ], "texture": "#0" },
        "east":  { "uv": [ 14, 5, 15, 7 ], "texture": "#0" }
    }
},
{
    "from": [ 1, 13, 14.5 ],
    "to": [ 15, 15, 15.5 ],
    "faces": {
        "down":  { "uv": [ 1, 2, 15, 3 ], "texture": "#0" },
        "up":    { "uv": [ 1, 1, 15, 2 ], "texture": "#0" },
        "north": { "uv": [ 1, 1, 15, 3 ], "texture": "#0" },
        "south": { "uv": [ 1, 1, 15, 3 ], "texture": "#0" },
        "west":  { "uv": [ 1, 1, 2, 3 ], "texture": "#0" },
        "east":  { "uv": [ 14, 1, 15, 3 ], "texture": "#0" }
    }
}
],
"display": {
    "thirdperson_righthand": {
        "rotation": [ 75, 45, 0 ],
        "translation": [ 0, 2.5, 0 ],
        "scale": [ 0.375, 0.375, 0.375 ]
    },
    "thirdperson_lefthand": {
        "rotation": [ 75, 45, 0 ],
        "translation": [ 0, 2.5, 0 ],
        "scale": [ 0.375, 0.375, 0.375 ]
    },
    "ground": {
        "rotation": [ 0, 0, 0 ],
        "translation": [ 0, 2, 0 ],
        "scale": [ 0.5, 0.5, 0.5 ]
    },
    "fixed": {
        "rotation": [ 0, 0, 0 ],
        "translation": [ 0, 0, -4 ],
        "scale": [ 0.5, 0.5, 0.5 ]
    },
    "firstperson_righthand": {
        "rotation": [ 0, -90, 25 ],
        "translation": [ 1.13, 3.2, 1.13 ],
        "scale": [ 0.68, 0.68, 0.68 ]
    },
    "firstperson_lefthand": {
        "rotation": [ 0, 90, -25 ],
        "translation": [ -7.5, 3.2, 1.12 ],
        "scale": [ 0.68, 0.68, 0.68 ]
    },
    "gui": {
        "rotation": [ 30, 45, 0 ],
        "translation": [ -4, 2, 0 ],
        "scale": [ 0.75, 0.75, 0.75 ]
    }
}
}