{
    "__comment": "Fair warning, this format is highly likely to change even more in the future!",
    "ambientocclusion": false,
    "inventoryRender3D": false,
    "textures": {
		"particle": "#stem",
		"stem": "block/melon_stem_disconnected"
	},
    "elements": [ 
{
    
    "from": [ 7, -10, 7 ],
    "to": [ 8.5, 1, 8.5 ],
    "faces": {
        "down": {
            "uv": [ 7, 7, 8, 9 ],
            "texture": "#stem",
            "tintindex": 0
        },
        "up": {
            "uv": [ 7, 7, 8, 9 ],
            "texture": "#stem",
            "tintindex": 0
        },
        "north": {
            "uv": [ 7, 5, 9, 16 ],
            "texture": "#stem",
            "tintindex": 0
        },
        "south": {
            "uv": [ 7, 5, 9, 16 ],
            "texture": "#stem",
            "tintindex": 0
        },
        "west": {
            "uv": [ 9, 5, 7, 16 ],
            "texture": "#stem",
            "tintindex": 0
        },
        "east": {
            "uv": [ 9, 5, 7, 16 ],
            "texture": "#stem",
            "tintindex": 0
        }
    }
},
{
    
    "from": [ 6, 3, 6 ],
    "to": [ 7, 5, 7 ],
    "faces": {
        "down": {
            "uv": [ 6, 3, 7, 4 ],
            "texture": "#stem",
            "tintindex": 0
        },
        "up": {
            "uv": [ 6, 1, 7, 2 ],
            "texture": "#stem",
            "tintindex": 0
        },
        "north": {
            "uv": [ 6, 1, 7, 4 ],
            "texture": "#stem",
            "tintindex": 0
        },
        "south": {
            "uv": [ 6, 1, 7, 4 ],
            "texture": "#stem",
            "tintindex": 0
        },
        "west": {
            "uv": [ 6, 1, 7, 4 ],
            "texture": "#stem",
            "tintindex": 0
        },
        "east": {
            "uv": [ 6, 1, 7, 4 ],
            "texture": "#stem",
            "tintindex": 0
        }
    }
},
{
    
    "from": [ 7, 1, 7 ],
    "to": [ 8, 4, 8 ],
    "faces": {
        "down": {
            "uv": [ 7, 3, 8, 4 ],
            "texture": "#stem",
            "tintindex": 0
        },
        "up": {
            "uv": [ 7, 2, 8, 3 ],
            "texture": "#stem",
            "tintindex": 0
        },
        "north": {
            "uv": [ 7, 2, 8, 5 ],
            "texture": "#stem",
            "tintindex": 0
        },
        "south": {
            "uv": [ 7, 2, 8, 5 ],
            "texture": "#stem",
            "tintindex": 0
        },
        "west": {
            "uv": [ 7, 2, 8, 5 ],
            "texture": "#stem",
            "tintindex": 0
        },
        "east": {
            "uv": [ 7, 2, 8, 5 ],
            "texture": "#stem",
            "tintindex": 0
        }
    }
}
]
}
