{
"ambientocclusion": false,
"textures": {
    "particle": "block/nether_wart_stage_2",
    "texture": "block/nether_wart_stage_1"
},
"elements": [ 
{
    "from": [ 6, 0, 6 ],
    "to": [ 10, 10, 10 ],
    "faces": {
        "down":  { "uv": [ 6, 16, 2, 15 ], "texture": "#texture" },
        "up":    { "uv": [ 2, 6, 6, 7 ], "texture": "#texture" },
        "north": { "uv": [ 2, 6, 6, 16 ], "texture": "#texture" },
        "south": { "uv": [ 2, 6, 6, 16 ], "texture": "#texture" },
        "west":  { "uv": [ 2, 6, 6, 16 ], "texture": "#texture" },
        "east":  { "uv": [ 2, 6, 6, 16 ], "texture": "#texture" }
    }
},
{
    "from": [ 10, 0, 10 ],
    "to": [ 15, 13, 15 ],
    "faces": {
        "down":  { "uv": [ 15, 16, 11, 15 ], "texture": "#texture" },
        "up":    { "uv": [ 11, 5, 15, 6 ], "texture": "#texture" },
        "north": { "uv": [ 11, 5, 15, 16 ], "texture": "#texture" },
        "south": { "uv": [ 11, 5, 15, 16 ], "texture": "#texture" },
        "west":  { "uv": [ 11, 5, 15, 16 ], "texture": "#texture" },
        "east":  { "uv": [ 11, 5, 15, 16 ], "texture": "#texture" }
    }
},
{
    "from": [ 15, 9, 10.5 ],
    "to": [ 16, 12, 14.5 ],
    "faces": {
        "down":  { "uv": [ 2, 10, 1, 9 ], "texture": "#texture" },
        "up":    { "uv": [ 1, 7, 2, 8 ], "texture": "#texture" },
        "north": { "uv": [ 1, 7, 2, 10 ], "texture": "#texture" },
        "south": { "uv": [ 1, 7, 2, 10 ], "texture": "#texture" },
        "west":  { "uv": [ 1, 7, 2, 10 ], "texture": "#texture" },
        "east":  { "uv": [ 1, 7, 2, 10 ], "texture": "#texture" }
    }
},
{
    "from": [ 5, 6, 6.5 ],
    "to": [ 6, 9, 9.5 ],
    "faces": {
        "down":  { "uv": [ 2, 10, 1, 9 ], "texture": "#texture" },
        "up":    { "uv": [ 1, 7, 2, 8 ], "texture": "#texture" },
        "north": { "uv": [ 1, 7, 2, 10 ], "texture": "#texture" },
        "south": { "uv": [ 1, 7, 2, 10 ], "texture": "#texture" },
        "west":  { "uv": [ 1, 7, 2, 10 ], "texture": "#texture" },
        "east":  { "uv": [ 1, 7, 2, 10 ], "texture": "#texture" }
    }
},
{
    "from": [ 10.5, 9, 15 ],
    "to": [ 14.5, 12, 16 ],
    "faces": {
        "down":  { "uv": [ 2, 10, 1, 9 ], "texture": "#texture" },
        "up":    { "uv": [ 1, 7, 2, 8 ], "texture": "#texture" },
        "north": { "uv": [ 1, 7, 2, 10 ], "texture": "#texture" },
        "south": { "uv": [ 1, 7, 2, 10 ], "texture": "#texture" },
        "west":  { "uv": [ 1, 7, 2, 10 ], "texture": "#texture" },
        "east":  { "uv": [ 1, 7, 2, 10 ], "texture": "#texture" }
    }
},
{
    "from": [ 6.5, 6, 10 ],
    "to": [ 9.5, 9, 11 ],
    "faces": {
        "down":  { "uv": [ 2, 10, 1, 9 ], "texture": "#texture" },
        "up":    { "uv": [ 1, 7, 2, 8 ], "texture": "#texture" },
        "north": { "uv": [ 1, 7, 2, 10 ], "texture": "#texture" },
        "south": { "uv": [ 1, 7, 2, 10 ], "texture": "#texture" },
        "west":  { "uv": [ 1, 7, 2, 10 ], "texture": "#texture" },
        "east":  { "uv": [ 1, 7, 2, 10 ], "texture": "#texture" }
    }
},
{
    "from": [ 10.5, 9, 9 ],
    "to": [ 14.5, 12, 10 ],
    "faces": {
        "down":  { "uv": [ 2, 10, 1, 9 ], "texture": "#texture" },
        "up":    { "uv": [ 1, 7, 2, 8 ], "texture": "#texture" },
        "north": { "uv": [ 1, 7, 2, 10 ], "texture": "#texture" },
        "south": { "uv": [ 1, 7, 2, 10 ], "texture": "#texture" },
        "west":  { "uv": [ 1, 7, 2, 10 ], "texture": "#texture" },
        "east":  { "uv": [ 1, 7, 2, 10 ], "texture": "#texture" }
    }
},
{
    "from": [ 6.5, 6, 5 ],
    "to": [ 9.5, 9, 6 ],
    "faces": {
        "down":  { "uv": [ 2, 10, 1, 9 ], "texture": "#texture" },
        "up":    { "uv": [ 1, 7, 2, 8 ], "texture": "#texture" },
        "north": { "uv": [ 1, 7, 2, 10 ], "texture": "#texture" },
        "south": { "uv": [ 1, 7, 2, 10 ], "texture": "#texture" },
        "west":  { "uv": [ 1, 7, 2, 10 ], "texture": "#texture" },
        "east":  { "uv": [ 1, 7, 2, 10 ], "texture": "#texture" }
    }
},
{
    "from": [ 10, 6, 6.5 ],
    "to": [ 11, 9, 9.5 ],
    "faces": {
        "down":  { "uv": [ 2, 10, 1, 9 ], "texture": "#texture" },
        "up":    { "uv": [ 1, 7, 2, 8 ], "texture": "#texture" },
        "north": { "uv": [ 1, 7, 2, 10 ], "texture": "#texture" },
        "south": { "uv": [ 1, 7, 2, 10 ], "texture": "#texture" },
        "west":  { "uv": [ 1, 7, 2, 10 ], "texture": "#texture" },
        "east":  { "uv": [ 1, 7, 2, 10 ], "texture": "#texture" }
    }
},
{
    "from": [ 9, 9, 10.5 ],
    "to": [ 10, 12, 14.5 ],
    "faces": {
        "down":  { "uv": [ 2, 10, 1, 9 ], "texture": "#texture" },
        "up":    { "uv": [ 1, 7, 2, 8 ], "texture": "#texture" },
        "north": { "uv": [ 1, 7, 2, 10 ], "texture": "#texture" },
        "south": { "uv": [ 1, 7, 2, 10 ], "texture": "#texture" },
        "west":  { "uv": [ 1, 7, 2, 10 ], "texture": "#texture" },
        "east":  { "uv": [ 1, 7, 2, 10 ], "texture": "#texture" }
    }
},
{
    "from": [ 1, 0, 1 ],
    "to": [ 6, 15, 6 ],
    "faces": {
        "down":  { "uv": [ 15, 16, 11, 15 ], "rotation": 180, "texture": "#texture" },
        "up":    { "uv": [ 11, 5, 15, 6 ], "rotation": 180, "texture": "#texture" },
        "north": { "uv": [ 11, 5, 15, 16 ], "texture": "#texture" },
        "south": { "uv": [ 11, 5, 15, 16 ], "texture": "#texture" },
        "west":  { "uv": [ 11, 5, 15, 16 ], "texture": "#texture" },
        "east":  { "uv": [ 11, 5, 15, 16 ], "texture": "#texture" }
    }
},
{
    "from": [ 0, 11, 1.5 ],
    "to": [ 1, 14, 5.5 ],
    "faces": {
        "down":  { "uv": [ 2, 10, 1, 9 ], "rotation": 180, "texture": "#texture" },
        "up":    { "uv": [ 1, 7, 2, 8 ], "rotation": 180, "texture": "#texture" },
        "north": { "uv": [ 1, 7, 2, 10 ], "texture": "#texture" },
        "south": { "uv": [ 1, 7, 2, 10 ], "texture": "#texture" },
        "west":  { "uv": [ 1, 7, 2, 10 ], "texture": "#texture" },
        "east":  { "uv": [ 1, 7, 2, 10 ], "texture": "#texture" }
    }
},
{
    "from": [ 1.5, 11, 0 ],
    "to": [ 5.5, 14, 1 ],
    "faces": {
        "down":  { "uv": [ 2, 10, 1, 9 ], "rotation": 180, "texture": "#texture" },
        "up":    { "uv": [ 1, 7, 2, 8 ], "rotation": 180, "texture": "#texture" },
        "north": { "uv": [ 1, 7, 2, 10 ], "texture": "#texture" },
        "south": { "uv": [ 1, 7, 2, 10 ], "texture": "#texture" },
        "west":  { "uv": [ 1, 7, 2, 10 ], "texture": "#texture" },
        "east":  { "uv": [ 1, 7, 2, 10 ], "texture": "#texture" }
    }
},
{
    "from": [ 1.5, 11, 6 ],
    "to": [ 5.5, 14, 7 ],
    "faces": {
        "down":  { "uv": [ 2, 10, 1, 9 ], "rotation": 180, "texture": "#texture" },
        "up":    { "uv": [ 1, 7, 2, 8 ], "rotation": 180, "texture": "#texture" },
        "north": { "uv": [ 1, 7, 2, 10 ], "texture": "#texture" },
        "south": { "uv": [ 1, 7, 2, 10 ], "texture": "#texture" },
        "west":  { "uv": [ 1, 7, 2, 10 ], "texture": "#texture" },
        "east":  { "uv": [ 1, 7, 2, 10 ], "texture": "#texture" }
    }
},
{
    "from": [ 6, 11, 1.5 ],
    "to": [ 7, 14, 5.5 ],
    "faces": {
        "down":  { "uv": [ 2, 10, 1, 9 ], "rotation": 180, "texture": "#texture" },
        "up":    { "uv": [ 1, 7, 2, 8 ], "rotation": 180, "texture": "#texture" },
        "north": { "uv": [ 1, 7, 2, 10 ], "texture": "#texture" },
        "south": { "uv": [ 1, 7, 2, 10 ], "texture": "#texture" },
        "west":  { "uv": [ 1, 7, 2, 10 ], "texture": "#texture" },
        "east":  { "uv": [ 1, 7, 2, 10 ], "texture": "#texture" }
    }
}
]
}