{
"ambientocclusion": false,
"textures": {
    "particle": "block/nether_wart_stage_0",
    "texture": "block/nether_wart_stage_0"
},
"elements": [ 
{
    "from": [ 3, 0, 2.5 ],
    "to": [ 6, 5, 5.5 ],
    "faces": {
        "down":  { "uv": [ 6, 16, 3, 15 ], "texture": "#texture" },
        "up":    { "uv": [ 3, 11, 6, 12 ], "texture": "#texture" },
        "north": { "uv": [ 3, 11, 6, 16 ], "texture": "#texture" },
        "south": { "uv": [ 3, 11, 6, 16 ], "texture": "#texture" },
        "west":  { "uv": [ 3, 11, 6, 16 ], "texture": "#texture" },
        "east":  { "uv": [ 3, 11, 6, 16 ], "texture": "#texture" }
    }
},
{
    "from": [ 10, 0, 10.5 ],
    "to": [ 13, 6, 13.5 ],
    "faces": {
        "down":  { "uv": [ 13, 16, 10, 15 ], "texture": "#texture" },
        "up":    { "uv": [ 10, 10, 13, 11 ], "texture": "#texture" },
        "north": { "uv": [ 10, 10, 13, 16 ], "texture": "#texture" },
        "south": { "uv": [ 10, 10, 13, 16 ], "texture": "#texture" },
        "west":  { "uv": [ 10, 10, 13, 16 ], "texture": "#texture" },
        "east":  { "uv": [ 10, 10, 13, 16 ], "texture": "#texture" }
    }
},
{
    "from": [ 13, 3, 11 ],
    "to": [ 14, 5, 13 ],
    "faces": {
        "down":  { "uv": [ 3, 14, 2, 13 ], "texture": "#texture" },
        "up":    { "uv": [ 2, 12, 3, 13 ], "texture": "#texture" },
        "north": { "uv": [ 2, 12, 3, 14 ], "texture": "#texture" },
        "south": { "uv": [ 2, 12, 3, 14 ], "texture": "#texture" },
        "west":  { "uv": [ 2, 12, 3, 14 ], "texture": "#texture" },
        "east":  { "uv": [ 2, 12, 3, 14 ], "texture": "#texture" }
    }
},
{
    "from": [ 2, 2, 3 ],
    "to": [ 3, 4, 5 ],
    "faces": {
        "down":  { "uv": [ 3, 14, 2, 13 ], "texture": "#texture" },
        "up":    { "uv": [ 2, 12, 3, 13 ], "texture": "#texture" },
        "north": { "uv": [ 2, 12, 3, 14 ], "texture": "#texture" },
        "south": { "uv": [ 2, 12, 3, 14 ], "texture": "#texture" },
        "west":  { "uv": [ 2, 12, 3, 14 ], "texture": "#texture" },
        "east":  { "uv": [ 2, 12, 3, 14 ], "texture": "#texture" }
    }
},
{
    "from": [ 6, 2, 3 ],
    "to": [ 7, 4, 5 ],
    "faces": {
        "down":  { "uv": [ 3, 14, 2, 13 ], "texture": "#texture" },
        "up":    { "uv": [ 2, 12, 3, 13 ], "texture": "#texture" },
        "north": { "uv": [ 2, 12, 3, 14 ], "texture": "#texture" },
        "south": { "uv": [ 2, 12, 3, 14 ], "texture": "#texture" },
        "west":  { "uv": [ 2, 12, 3, 14 ], "texture": "#texture" },
        "east":  { "uv": [ 2, 12, 3, 14 ], "texture": "#texture" }
    }
},
{
    "from": [ 9, 3, 11 ],
    "to": [ 10, 5, 13 ],
    "faces": {
        "down":  { "uv": [ 3, 14, 2, 13 ], "texture": "#texture" },
        "up":    { "uv": [ 2, 12, 3, 13 ], "texture": "#texture" },
        "north": { "uv": [ 2, 12, 3, 14 ], "texture": "#texture" },
        "south": { "uv": [ 2, 12, 3, 14 ], "texture": "#texture" },
        "west":  { "uv": [ 2, 12, 3, 14 ], "texture": "#texture" },
        "east":  { "uv": [ 2, 12, 3, 14 ], "texture": "#texture" }
    }
},
{
    "from": [ 10.5, 3, 13.5 ],
    "to": [ 12.5, 5, 14.5 ],
    "faces": {
        "down":  { "uv": [ 3, 14, 2, 13 ], "texture": "#texture" },
        "up":    { "uv": [ 2, 12, 3, 13 ], "texture": "#texture" },
        "north": { "uv": [ 2, 12, 3, 14 ], "texture": "#texture" },
        "south": { "uv": [ 2, 12, 3, 14 ], "texture": "#texture" },
        "west":  { "uv": [ 2, 12, 3, 14 ], "texture": "#texture" },
        "east":  { "uv": [ 2, 12, 3, 14 ], "texture": "#texture" }
    }
},
{
    "from": [ 3.5, 2, 5.5 ],
    "to": [ 5.5, 4, 6.5 ],
    "faces": {
        "down":  { "uv": [ 3, 14, 2, 13 ], "texture": "#texture" },
        "up":    { "uv": [ 2, 12, 3, 13 ], "texture": "#texture" },
        "north": { "uv": [ 2, 12, 3, 14 ], "texture": "#texture" },
        "south": { "uv": [ 2, 12, 3, 14 ], "texture": "#texture" },
        "west":  { "uv": [ 2, 12, 3, 14 ], "texture": "#texture" },
        "east":  { "uv": [ 2, 12, 3, 14 ], "texture": "#texture" }
    }
},
{
    "from": [ 10.5, 3, 9.5 ],
    "to": [ 12.5, 5, 10.5 ],
    "faces": {
        "down":  { "uv": [ 3, 14, 2, 13 ], "texture": "#texture" },
        "up":    { "uv": [ 2, 12, 3, 13 ], "texture": "#texture" },
        "north": { "uv": [ 2, 12, 3, 14 ], "texture": "#texture" },
        "south": { "uv": [ 2, 12, 3, 14 ], "texture": "#texture" },
        "west":  { "uv": [ 2, 12, 3, 14 ], "texture": "#texture" },
        "east":  { "uv": [ 2, 12, 3, 14 ], "texture": "#texture" }
    }
},
{
    "from": [ 3.5, 2, 1.5 ],
    "to": [ 5.5, 4, 2.5 ],
    "faces": {
        "down":  { "uv": [ 3, 14, 2, 13 ], "texture": "#texture" },
        "up":    { "uv": [ 2, 12, 3, 13 ], "texture": "#texture" },
        "north": { "uv": [ 2, 12, 3, 14 ], "texture": "#texture" },
        "south": { "uv": [ 2, 12, 3, 14 ], "texture": "#texture" },
        "west":  { "uv": [ 2, 12, 3, 14 ], "texture": "#texture" },
        "east":  { "uv": [ 2, 12, 3, 14 ], "texture": "#texture" }
    }
},
{
    "from": [ 7, 0, 7 ],
    "to": [ 9, 1, 9 ],
    "faces": {
        "down":  { "uv": [ 9, 16, 7, 15 ], "texture": "#texture" },
        "up":    { "uv": [ 7, 15, 9, 16 ], "texture": "#texture" },
        "north": { "uv": [ 7, 15, 9, 16 ], "texture": "#texture" },
        "south": { "uv": [ 7, 15, 9, 16 ], "texture": "#texture" },
        "west":  { "uv": [ 7, 15, 9, 16 ], "texture": "#texture" },
        "east":  { "uv": [ 7, 15, 9, 16 ], "texture": "#texture" }
    }
}
]
}