{
"ambientocclusion": false,
"textures": {
    "particle": "block/nether_wart_stage_1",
    "texture": "block/nether_wart_stage_1"
},
"elements": [ 
{
    "from": [ 2, 0, 2 ],
    "to": [ 6, 10, 6 ],
    "faces": {
        "down":  { "uv": [ 6, 16, 2, 15 ], "texture": "#texture" },
        "up":    { "uv": [ 2, 6, 6, 7 ], "texture": "#texture" },
        "north": { "uv": [ 2, 6, 6, 16 ], "texture": "#texture" },
        "south": { "uv": [ 2, 6, 6, 16 ], "texture": "#texture" },
        "west":  { "uv": [ 2, 6, 6, 16 ], "texture": "#texture" },
        "east":  { "uv": [ 2, 6, 6, 16 ], "texture": "#texture" }
    }
},
{
    "from": [ 11, 0, 10 ],
    "to": [ 15, 11, 14 ],
    "faces": {
        "down":  { "uv": [ 15, 16, 11, 15 ], "texture": "#texture" },
        "up":    { "uv": [ 11, 5, 15, 6 ], "texture": "#texture" },
        "north": { "uv": [ 11, 5, 15, 16 ], "texture": "#texture" },
        "south": { "uv": [ 11, 5, 15, 16 ], "texture": "#texture" },
        "west":  { "uv": [ 11, 5, 15, 16 ], "texture": "#texture" },
        "east":  { "uv": [ 11, 5, 15, 16 ], "texture": "#texture" }
    }
},
{
    "from": [ 15, 7, 10.5 ],
    "to": [ 16, 10, 13.5 ],
    "faces": {
        "down":  { "uv": [ 2, 10, 1, 9 ], "texture": "#texture" },
        "up":    { "uv": [ 1, 7, 2, 8 ], "texture": "#texture" },
        "north": { "uv": [ 1, 7, 2, 10 ], "texture": "#texture" },
        "south": { "uv": [ 1, 7, 2, 10 ], "texture": "#texture" },
        "west":  { "uv": [ 1, 7, 2, 10 ], "texture": "#texture" },
        "east":  { "uv": [ 1, 7, 2, 10 ], "texture": "#texture" }
    }
},
{
    "from": [ 1, 6, 2.5 ],
    "to": [ 2, 9, 5.5 ],
    "faces": {
        "down":  { "uv": [ 2, 10, 1, 9 ], "texture": "#texture" },
        "up":    { "uv": [ 1, 7, 2, 8 ], "texture": "#texture" },
        "north": { "uv": [ 1, 7, 2, 10 ], "texture": "#texture" },
        "south": { "uv": [ 1, 7, 2, 10 ], "texture": "#texture" },
        "west":  { "uv": [ 1, 7, 2, 10 ], "texture": "#texture" },
        "east":  { "uv": [ 1, 7, 2, 10 ], "texture": "#texture" }
    }
},
{
    "from": [ 11.5, 7, 14 ],
    "to": [ 14.5, 10, 15 ],
    "faces": {
        "down":  { "uv": [ 2, 10, 1, 9 ], "texture": "#texture" },
        "up":    { "uv": [ 1, 7, 2, 8 ], "texture": "#texture" },
        "north": { "uv": [ 1, 7, 2, 10 ], "texture": "#texture" },
        "south": { "uv": [ 1, 7, 2, 10 ], "texture": "#texture" },
        "west":  { "uv": [ 1, 7, 2, 10 ], "texture": "#texture" },
        "east":  { "uv": [ 1, 7, 2, 10 ], "texture": "#texture" }
    }
},
{
    "from": [ 2.5, 6, 6 ],
    "to": [ 5.5, 9, 7 ],
    "faces": {
        "down":  { "uv": [ 2, 10, 1, 9 ], "texture": "#texture" },
        "up":    { "uv": [ 1, 7, 2, 8 ], "texture": "#texture" },
        "north": { "uv": [ 1, 7, 2, 10 ], "texture": "#texture" },
        "south": { "uv": [ 1, 7, 2, 10 ], "texture": "#texture" },
        "west":  { "uv": [ 1, 7, 2, 10 ], "texture": "#texture" },
        "east":  { "uv": [ 1, 7, 2, 10 ], "texture": "#texture" }
    }
},
{
    "from": [ 11.5, 7, 9 ],
    "to": [ 14.5, 10, 10 ],
    "faces": {
        "down":  { "uv": [ 2, 10, 1, 9 ], "texture": "#texture" },
        "up":    { "uv": [ 1, 7, 2, 8 ], "texture": "#texture" },
        "north": { "uv": [ 1, 7, 2, 10 ], "texture": "#texture" },
        "south": { "uv": [ 1, 7, 2, 10 ], "texture": "#texture" },
        "west":  { "uv": [ 1, 7, 2, 10 ], "texture": "#texture" },
        "east":  { "uv": [ 1, 7, 2, 10 ], "texture": "#texture" }
    }
},
{
    "from": [ 2.5, 6, 1 ],
    "to": [ 5.5, 9, 2 ],
    "faces": {
        "down":  { "uv": [ 2, 10, 1, 9 ], "texture": "#texture" },
        "up":    { "uv": [ 1, 7, 2, 8 ], "texture": "#texture" },
        "north": { "uv": [ 1, 7, 2, 10 ], "texture": "#texture" },
        "south": { "uv": [ 1, 7, 2, 10 ], "texture": "#texture" },
        "west":  { "uv": [ 1, 7, 2, 10 ], "texture": "#texture" },
        "east":  { "uv": [ 1, 7, 2, 10 ], "texture": "#texture" }
    }
},
{
    "from": [ 7, 0, 6.5 ],
    "to": [ 10, 5, 9.5 ],
    "faces": {
        "down":  { "uv": [ 10, 16, 7, 15 ], "texture": "#texture" },
        "up":    { "uv": [ 7, 15, 10, 16 ], "texture": "#texture" },
        "north": { "uv": [ 7, 11, 10, 16 ], "texture": "#texture" },
        "south": { "uv": [ 7, 11, 10, 16 ], "texture": "#texture" },
        "west":  { "uv": [ 7, 11, 10, 16 ], "texture": "#texture" },
        "east":  { "uv": [ 7, 11, 10, 16 ], "texture": "#texture" }
    }
},
{
    "from": [ 6, 6, 2.5 ],
    "to": [ 7, 9, 5.5 ],
    "faces": {
        "down":  { "uv": [ 2, 10, 1, 9 ], "texture": "#texture" },
        "up":    { "uv": [ 1, 7, 2, 8 ], "texture": "#texture" },
        "north": { "uv": [ 1, 7, 2, 10 ], "texture": "#texture" },
        "south": { "uv": [ 1, 7, 2, 10 ], "texture": "#texture" },
        "west":  { "uv": [ 1, 7, 2, 10 ], "texture": "#texture" },
        "east":  { "uv": [ 1, 7, 2, 10 ], "texture": "#texture" }
    }
},
{
    "from": [ 10, 7, 10.5 ],
    "to": [ 11, 10, 13.5 ],
    "faces": {
        "down":  { "uv": [ 2, 10, 1, 9 ], "texture": "#texture" },
        "up":    { "uv": [ 1, 7, 2, 8 ], "texture": "#texture" },
        "north": { "uv": [ 1, 7, 2, 10 ], "texture": "#texture" },
        "south": { "uv": [ 1, 7, 2, 10 ], "texture": "#texture" },
        "west":  { "uv": [ 1, 7, 2, 10 ], "texture": "#texture" },
        "east":  { "uv": [ 1, 7, 2, 10 ], "texture": "#texture" }
    }
},
{
    "from": [ 6, 2, 7 ],
    "to": [ 7, 4, 9 ],
    "faces": {
        "down":  { "uv": [ 7, 14, 6, 13 ], "texture": "#texture" },
        "up":    { "uv": [ 6, 12, 7, 13 ], "texture": "#texture" },
        "north": { "uv": [ 6, 12, 7, 14 ], "texture": "#texture" },
        "south": { "uv": [ 6, 12, 7, 14 ], "texture": "#texture" },
        "west":  { "uv": [ 6, 12, 7, 14 ], "texture": "#texture" },
        "east":  { "uv": [ 6, 12, 7, 14 ], "texture": "#texture" }
    }
},
{
    "from": [ 7.5, 2, 5.5 ],
    "to": [ 9.5, 4, 6.5 ],
    "faces": {
        "down":  { "uv": [ 7, 14, 6, 13 ], "rotation": 270, "texture": "#texture" },
        "up":    { "uv": [ 6, 12, 7, 13 ], "rotation": 90, "texture": "#texture" },
        "north": { "uv": [ 6, 12, 7, 14 ], "texture": "#texture" },
        "south": { "uv": [ 6, 12, 7, 14 ], "texture": "#texture" },
        "west":  { "uv": [ 6, 12, 7, 14 ], "texture": "#texture" },
        "east":  { "uv": [ 6, 12, 7, 14 ], "texture": "#texture" }
    }
},
{
    "from": [ 10, 2, 7 ],
    "to": [ 11, 4, 9 ],
    "faces": {
        "down":  { "uv": [ 7, 14, 6, 13 ], "rotation": 180, "texture": "#texture" },
        "up":    { "uv": [ 6, 12, 7, 13 ], "rotation": 180, "texture": "#texture" },
        "north": { "uv": [ 6, 12, 7, 14 ], "texture": "#texture" },
        "south": { "uv": [ 6, 12, 7, 14 ], "texture": "#texture" },
        "west":  { "uv": [ 6, 12, 7, 14 ], "texture": "#texture" },
        "east":  { "uv": [ 6, 12, 7, 14 ], "texture": "#texture" }
    }
},
{
    "from": [ 7.5, 2, 9.5 ],
    "to": [ 9.5, 4, 10.5 ],
    "faces": {
        "down":  { "uv": [ 7, 14, 6, 13 ], "rotation": 90, "texture": "#texture" },
        "up":    { "uv": [ 6, 12, 7, 13 ], "rotation": 270, "texture": "#texture" },
        "north": { "uv": [ 6, 12, 7, 14 ], "texture": "#texture" },
        "south": { "uv": [ 6, 12, 7, 14 ], "texture": "#texture" },
        "west":  { "uv": [ 6, 12, 7, 14 ], "texture": "#texture" },
        "east":  { "uv": [ 6, 12, 7, 14 ], "texture": "#texture" }
    }
}
]
}