{
"ambientocclusion": false,
"textures": {
    "particle": "block/sapling_oak",
    "down": "block/sapling_oak",
    "up": "block/sapling_oak",
    "north": "block/sapling_oak",
    "south": "block/sapling_oak",
    "west": "block/sapling_oak",
    "east": "block/sapling_oak"
},
"elements": [ 
{
    "from": [ 15, 4, 15 ],
    "to": [ 16, 6, 16 ],
    "faces": {
        "down":  { "uv": [ 15, 11, 16, 12 ], "texture": "#down" },
        "up":    { "uv": [ 15, 10, 16, 11 ], "texture": "#up" },
        "north": { "uv": [ 15, 10, 16, 12 ], "texture": "#north" },
        "south": { "uv": [ 15, 10, 16, 12 ], "texture": "#south" },
        "west":  { "uv": [ 15, 10, 16, 12 ], "texture": "#west" },
        "east":  { "uv": [ 15, 10, 16, 12 ], "texture": "#east" }
    }
},
{
    "from": [ 14, 5, 14 ],
    "to": [ 15, 7, 15 ],
    "faces": {
        "down":  { "uv": [ 14, 10, 15, 11 ], "texture": "#down" },
        "up":    { "uv": [ 14, 9, 15, 10 ], "texture": "#up" },
        "north": { "uv": [ 14, 9, 15, 11 ], "texture": "#north" },
        "south": { "uv": [ 14, 9, 15, 11 ], "texture": "#south" },
        "west":  { "uv": [ 14, 9, 15, 11 ], "texture": "#west" },
        "east":  { "uv": [ 14, 9, 15, 11 ], "texture": "#east" }
    }
},
{
    "from": [ 14, 8, 14 ],
    "to": [ 15, 10, 15 ],
    "faces": {
        "down":  { "uv": [ 14, 7, 15, 8 ], "texture": "#down" },
        "up":    { "uv": [ 14, 6, 15, 7 ], "texture": "#up" },
        "north": { "uv": [ 14, 6, 15, 8 ], "texture": "#north" },
        "south": { "uv": [ 14, 6, 15, 8 ], "texture": "#south" },
        "west":  { "uv": [ 14, 6, 15, 8 ], "texture": "#west" },
        "east":  { "uv": [ 14, 6, 15, 8 ], "texture": "#east" }
    }
},
{
    "from": [ 13, 6, 13 ],
    "to": [ 14, 12, 14 ],
    "faces": {
        "down":  { "uv": [ 13, 9, 14, 10 ], "texture": "#down" },
        "up":    { "uv": [ 13, 4, 14, 5 ], "texture": "#up" },
        "north": { "uv": [ 13, 4, 14, 10 ], "texture": "#north" },
        "south": { "uv": [ 13, 4, 14, 10 ], "texture": "#south" },
        "west":  { "uv": [ 13, 4, 14, 10 ], "texture": "#west" },
        "east":  { "uv": [ 13, 4, 14, 10 ], "texture": "#east" }
    }
},
{
    "from": [ 12, 5, 12 ],
    "to": [ 13, 7, 13 ],
    "faces": {
        "down":  { "uv": [ 12, 10, 13, 11 ], "texture": "#down" },
        "up":    { "uv": [ 12, 9, 13, 10 ], "texture": "#up" },
        "north": { "uv": [ 12, 9, 13, 11 ], "texture": "#north" },
        "south": { "uv": [ 12, 9, 13, 11 ], "texture": "#south" },
        "west":  { "uv": [ 12, 9, 13, 11 ], "texture": "#west" },
        "east":  { "uv": [ 12, 9, 13, 11 ], "texture": "#east" }
    }
},
{
    "from": [ 12, 8, 12 ],
    "to": [ 13, 9, 13 ],
    "faces": {
        "down":  { "uv": [ 12, 7, 13, 8 ], "texture": "#down" },
        "up":    { "uv": [ 12, 7, 13, 8 ], "texture": "#up" },
        "north": { "uv": [ 12, 7, 13, 8 ], "texture": "#north" },
        "south": { "uv": [ 12, 7, 13, 8 ], "texture": "#south" },
        "west":  { "uv": [ 12, 7, 13, 8 ], "texture": "#west" },
        "east":  { "uv": [ 12, 7, 13, 8 ], "texture": "#east" }
    }
},
{
    "from": [ 12, 10, 12 ],
    "to": [ 13, 14, 13 ],
    "faces": {
        "down":  { "uv": [ 12, 5, 13, 6 ], "texture": "#down" },
        "up":    { "uv": [ 12, 2, 13, 3 ], "texture": "#up" },
        "north": { "uv": [ 12, 2, 13, 6 ], "texture": "#north" },
        "south": { "uv": [ 12, 2, 13, 6 ], "texture": "#south" },
        "west":  { "uv": [ 12, 2, 13, 6 ], "texture": "#west" },
        "east":  { "uv": [ 12, 2, 13, 6 ], "texture": "#east" }
    }
},
{
    "from": [ 11, 5, 11 ],
    "to": [ 12, 8, 12 ],
    "faces": {
        "down":  { "uv": [ 11, 10, 12, 11 ], "texture": "#down" },
        "up":    { "uv": [ 11, 8, 12, 9 ], "texture": "#up" },
        "north": { "uv": [ 11, 8, 12, 11 ], "texture": "#north" },
        "south": { "uv": [ 11, 8, 12, 11 ], "texture": "#south" },
        "west":  { "uv": [ 11, 8, 12, 11 ], "texture": "#west" },
        "east":  { "uv": [ 11, 8, 12, 11 ], "texture": "#east" }
    }
},
{
    "from": [ 11, 9, 11 ],
    "to": [ 12, 15, 12 ],
    "faces": {
        "down":  { "uv": [ 11, 6, 12, 7 ], "texture": "#down" },
        "up":    { "uv": [ 11, 1, 12, 2 ], "texture": "#up" },
        "north": { "uv": [ 11, 1, 12, 7 ], "texture": "#north" },
        "south": { "uv": [ 11, 1, 12, 7 ], "texture": "#south" },
        "west":  { "uv": [ 11, 1, 12, 7 ], "texture": "#west" },
        "east":  { "uv": [ 11, 1, 12, 7 ], "texture": "#east" }
    }
},
{
    "from": [ 10, 2, 10 ],
    "to": [ 11, 8, 11 ],
    "faces": {
        "down":  { "uv": [ 10, 13, 11, 14 ], "texture": "#down" },
        "up":    { "uv": [ 10, 8, 11, 9 ], "texture": "#up" },
        "north": { "uv": [ 10, 8, 11, 14 ], "texture": "#north" },
        "south": { "uv": [ 10, 8, 11, 14 ], "texture": "#south" },
        "west":  { "uv": [ 10, 8, 11, 14 ], "texture": "#west" },
        "east":  { "uv": [ 10, 8, 11, 14 ], "texture": "#east" }
    }
},
{
    "from": [ 10, 9, 10 ],
    "to": [ 11, 12, 11 ],
    "faces": {
        "down":  { "uv": [ 10, 6, 11, 7 ], "texture": "#down" },
        "up":    { "uv": [ 10, 4, 11, 5 ], "texture": "#up" },
        "north": { "uv": [ 10, 4, 11, 7 ], "texture": "#north" },
        "south": { "uv": [ 10, 4, 11, 7 ], "texture": "#south" },
        "west":  { "uv": [ 10, 4, 11, 7 ], "texture": "#west" },
        "east":  { "uv": [ 10, 4, 11, 7 ], "texture": "#east" }
    }
},
{
    "from": [ 10, 13, 10 ],
    "to": [ 11, 14, 11 ],
    "faces": {
        "down":  { "uv": [ 10, 2, 11, 3 ], "texture": "#down" },
        "up":    { "uv": [ 10, 2, 11, 3 ], "texture": "#up" },
        "north": { "uv": [ 10, 2, 11, 3 ], "texture": "#north" },
        "south": { "uv": [ 10, 2, 11, 3 ], "texture": "#south" },
        "west":  { "uv": [ 10, 2, 11, 3 ], "texture": "#west" },
        "east":  { "uv": [ 10, 2, 11, 3 ], "texture": "#east" }
    }
},
{
    "from": [ 9, 0, 9 ],
    "to": [ 10, 13, 10 ],
    "faces": {
        "down":  { "uv": [ 9, 15, 10, 16 ], "texture": "#down" },
        "up":    { "uv": [ 9, 3, 10, 4 ], "texture": "#up" },
        "north": { "uv": [ 9, 3, 10, 16 ], "texture": "#north" },
        "south": { "uv": [ 9, 3, 10, 16 ], "texture": "#south" },
        "west":  { "uv": [ 9, 3, 10, 16 ], "texture": "#west" },
        "east":  { "uv": [ 9, 3, 10, 16 ], "texture": "#east" }
    }
},
{
    "from": [ 8, 0, 8 ],
    "to": [ 9, 13, 9 ],
    "faces": {
        "down":  { "uv": [ 8, 15, 9, 16 ], "texture": "#down" },
        "up":    { "uv": [ 8, 3, 9, 4 ], "texture": "#up" },
        "north": { "uv": [ 8, 3, 9, 16 ], "texture": "#north" },
        "south": { "uv": [ 8, 3, 9, 16 ], "texture": "#south" },
        "east":  { "uv": [ 8, 3, 9, 16 ], "texture": "#east" }
    }
},
{
    "from": [ 7, 0, 7 ],
    "to": [ 8, 10, 8 ],
    "faces": {
        "down":  { "uv": [ 7, 15, 8, 16 ], "texture": "#down" },
        "up":    { "uv": [ 7, 6, 8, 7 ], "texture": "#up" },
        "north": { "uv": [ 7, 6, 8, 16 ], "texture": "#north" },
        "west":  { "uv": [ 7, 6, 8, 16 ], "texture": "#west" }
    }
},
{
    "from": [ 7, 12, 7 ],
    "to": [ 8, 13, 8 ],
    "faces": {
        "down":  { "uv": [ 7, 3, 8, 4 ], "texture": "#down" },
        "up":    { "uv": [ 7, 3, 8, 4 ], "texture": "#up" },
        "north": { "uv": [ 7, 3, 8, 4 ], "texture": "#north" },
        "west":  { "uv": [ 7, 3, 8, 4 ], "texture": "#west" }
    }
},
{
    "from": [ 6, 6, 6 ],
    "to": [ 7, 12, 7 ],
    "faces": {
        "down":  { "uv": [ 6, 9, 7, 10 ], "texture": "#down" },
        "up":    { "uv": [ 6, 4, 7, 5 ], "texture": "#up" },
        "north": { "uv": [ 6, 4, 7, 10 ], "texture": "#north" },
        "south": { "uv": [ 6, 4, 7, 10 ], "texture": "#south" },
        "west":  { "uv": [ 6, 4, 7, 10 ], "texture": "#west" },
        "east":  { "uv": [ 6, 4, 7, 10 ], "texture": "#east" }
    }
},
{
    "from": [ 5, 3, 5 ],
    "to": [ 6, 14, 6 ],
    "faces": {
        "down":  { "uv": [ 5, 12, 6, 13 ], "texture": "#down" },
        "up":    { "uv": [ 5, 2, 6, 3 ], "texture": "#up" },
        "north": { "uv": [ 5, 2, 6, 13 ], "texture": "#north" },
        "south": { "uv": [ 5, 2, 6, 13 ], "texture": "#south" },
        "west":  { "uv": [ 5, 2, 6, 13 ], "texture": "#west" },
        "east":  { "uv": [ 5, 2, 6, 13 ], "texture": "#east" }
    }
},
{
    "from": [ 4, 4, 4 ],
    "to": [ 5, 7, 5 ],
    "faces": {
        "down":  { "uv": [ 4, 11, 5, 12 ], "texture": "#down" },
        "up":    { "uv": [ 4, 9, 5, 10 ], "texture": "#up" },
        "north": { "uv": [ 4, 9, 5, 12 ], "texture": "#north" },
        "south": { "uv": [ 4, 9, 5, 12 ], "texture": "#south" },
        "west":  { "uv": [ 4, 9, 5, 12 ], "texture": "#west" },
        "east":  { "uv": [ 4, 9, 5, 12 ], "texture": "#east" }
    }
},
{
    "from": [ 4, 8, 4 ],
    "to": [ 5, 9, 5 ],
    "faces": {
        "down":  { "uv": [ 4, 7, 5, 8 ], "texture": "#down" },
        "up":    { "uv": [ 4, 7, 5, 8 ], "texture": "#up" },
        "north": { "uv": [ 4, 7, 5, 8 ], "texture": "#north" },
        "south": { "uv": [ 4, 7, 5, 8 ], "texture": "#south" },
        "west":  { "uv": [ 4, 7, 5, 8 ], "texture": "#west" },
        "east":  { "uv": [ 4, 7, 5, 8 ], "texture": "#east" }
    }
},
{
    "from": [ 4, 10, 4 ],
    "to": [ 5, 14, 5 ],
    "faces": {
        "down":  { "uv": [ 4, 5, 5, 6 ], "texture": "#down" },
        "up":    { "uv": [ 4, 2, 5, 3 ], "texture": "#up" },
        "north": { "uv": [ 4, 2, 5, 6 ], "texture": "#north" },
        "south": { "uv": [ 4, 2, 5, 6 ], "texture": "#south" },
        "west":  { "uv": [ 4, 2, 5, 6 ], "texture": "#west" },
        "east":  { "uv": [ 4, 2, 5, 6 ], "texture": "#east" }
    }
},
{
    "from": [ 3, 3, 3 ],
    "to": [ 4, 6, 4 ],
    "faces": {
        "down":  { "uv": [ 3, 12, 4, 13 ], "texture": "#down" },
        "up":    { "uv": [ 3, 10, 4, 11 ], "texture": "#up" },
        "north": { "uv": [ 3, 10, 4, 13 ], "texture": "#north" },
        "south": { "uv": [ 3, 10, 4, 13 ], "texture": "#south" },
        "west":  { "uv": [ 3, 10, 4, 13 ], "texture": "#west" },
        "east":  { "uv": [ 3, 10, 4, 13 ], "texture": "#east" }
    }
},
{
    "from": [ 3, 7, 3 ],
    "to": [ 4, 9, 4 ],
    "faces": {
        "down":  { "uv": [ 3, 8, 4, 9 ], "texture": "#down" },
        "up":    { "uv": [ 3, 7, 4, 8 ], "texture": "#up" },
        "north": { "uv": [ 3, 7, 4, 9 ], "texture": "#north" },
        "south": { "uv": [ 3, 7, 4, 9 ], "texture": "#south" },
        "west":  { "uv": [ 3, 7, 4, 9 ], "texture": "#west" },
        "east":  { "uv": [ 3, 7, 4, 9 ], "texture": "#east" }
    }
},
{
    "from": [ 3, 10, 3 ],
    "to": [ 4, 12, 4 ],
    "faces": {
        "down":  { "uv": [ 3, 5, 4, 6 ], "texture": "#down" },
        "up":    { "uv": [ 3, 4, 4, 5 ], "texture": "#up" },
        "north": { "uv": [ 3, 4, 4, 6 ], "texture": "#north" },
        "south": { "uv": [ 3, 4, 4, 6 ], "texture": "#south" },
        "west":  { "uv": [ 3, 4, 4, 6 ], "texture": "#west" },
        "east":  { "uv": [ 3, 4, 4, 6 ], "texture": "#east" }
    }
},
{
    "from": [ 2, 3, 2 ],
    "to": [ 3, 5, 3 ],
    "faces": {
        "down":  { "uv": [ 2, 12, 3, 13 ], "texture": "#down" },
        "up":    { "uv": [ 2, 11, 3, 12 ], "texture": "#up" },
        "north": { "uv": [ 2, 11, 3, 13 ], "texture": "#north" },
        "south": { "uv": [ 2, 11, 3, 13 ], "texture": "#south" },
        "west":  { "uv": [ 2, 11, 3, 13 ], "texture": "#west" },
        "east":  { "uv": [ 2, 11, 3, 13 ], "texture": "#east" }
    }
},
{
    "from": [ 0, 4, 15 ],
    "to": [ 1, 6, 16 ],
    "faces": {
        "down":  { "uv": [ 15, 11, 16, 12 ], "texture": "#down" },
        "up":    { "uv": [ 15, 10, 16, 11 ], "texture": "#up" },
        "north": { "uv": [ 15, 10, 16, 12 ], "texture": "#north" },
        "south": { "uv": [ 15, 10, 16, 12 ], "texture": "#south" },
        "west":  { "uv": [ 15, 10, 16, 12 ], "texture": "#west" },
        "east":  { "uv": [ 15, 10, 16, 12 ], "texture": "#east" }
    }
},
{
    "from": [ 1, 5, 14 ],
    "to": [ 2, 7, 15 ],
    "faces": {
        "down":  { "uv": [ 14, 10, 15, 11 ], "texture": "#down" },
        "up":    { "uv": [ 14, 9, 15, 10 ], "texture": "#up" },
        "north": { "uv": [ 14, 9, 15, 11 ], "texture": "#north" },
        "south": { "uv": [ 14, 9, 15, 11 ], "texture": "#south" },
        "west":  { "uv": [ 14, 9, 15, 11 ], "texture": "#west" },
        "east":  { "uv": [ 14, 9, 15, 11 ], "texture": "#east" }
    }
},
{
    "from": [ 1, 8, 14 ],
    "to": [ 2, 10, 15 ],
    "faces": {
        "down":  { "uv": [ 14, 10, 15, 11 ], "texture": "#down" },
        "up":    { "uv": [ 14, 9, 15, 10 ], "texture": "#up" },
        "north": { "uv": [ 14, 6, 15, 8 ], "texture": "#north" },
        "south": { "uv": [ 14, 6, 15, 8 ], "texture": "#south" },
        "west":  { "uv": [ 14, 6, 15, 8 ], "texture": "#west" },
        "east":  { "uv": [ 14, 6, 15, 8 ], "texture": "#east" }
    }
},
{
    "from": [ 2, 6, 13 ],
    "to": [ 3, 12, 14 ],
    "faces": {
        "down":  { "uv": [ 13, 9, 14, 10 ], "texture": "#down" },
        "up":    { "uv": [ 13, 4, 14, 5 ], "texture": "#up" },
        "north": { "uv": [ 13, 4, 14, 10 ], "texture": "#north" },
        "south": { "uv": [ 13, 4, 14, 10 ], "texture": "#south" },
        "west":  { "uv": [ 13, 4, 14, 10 ], "texture": "#west" },
        "east":  { "uv": [ 13, 4, 14, 10 ], "texture": "#east" }
    }
},
{
    "from": [ 3, 5, 12 ],
    "to": [ 4, 7, 13 ],
    "faces": {
        "down":  { "uv": [ 12, 10, 13, 11 ], "texture": "#down" },
        "up":    { "uv": [ 12, 9, 13, 10 ], "texture": "#up" },
        "north": { "uv": [ 12, 9, 13, 11 ], "texture": "#north" },
        "south": { "uv": [ 12, 9, 13, 11 ], "texture": "#south" },
        "west":  { "uv": [ 12, 9, 13, 11 ], "texture": "#west" },
        "east":  { "uv": [ 12, 9, 13, 11 ], "texture": "#east" }
    }
},
{
    "from": [ 3, 8, 12 ],
    "to": [ 4, 9, 13 ],
    "faces": {
        "down":  { "uv": [ 12, 7, 13, 8 ], "texture": "#down" },
        "up":    { "uv": [ 12, 7, 13, 8 ], "texture": "#up" },
        "north": { "uv": [ 12, 7, 13, 8 ], "texture": "#north" },
        "south": { "uv": [ 12, 7, 13, 8 ], "texture": "#south" },
        "west":  { "uv": [ 12, 7, 13, 8 ], "texture": "#west" },
        "east":  { "uv": [ 12, 7, 13, 8 ], "texture": "#east" }
    }
},
{
    "from": [ 3, 10, 12 ],
    "to": [ 4, 14, 13 ],
    "faces": {
        "down":  { "uv": [ 12, 5, 13, 6 ], "texture": "#down" },
        "up":    { "uv": [ 12, 2, 13, 3 ], "texture": "#up" },
        "north": { "uv": [ 12, 2, 13, 6 ], "texture": "#north" },
        "south": { "uv": [ 12, 2, 13, 6 ], "texture": "#south" },
        "west":  { "uv": [ 12, 2, 13, 6 ], "texture": "#west" },
        "east":  { "uv": [ 12, 2, 13, 6 ], "texture": "#east" }
    }
},
{
    "from": [ 4, 5, 11 ],
    "to": [ 5, 8, 12 ],
    "faces": {
        "down":  { "uv": [ 11, 10, 12, 11 ], "texture": "#down" },
        "up":    { "uv": [ 11, 8, 12, 9 ], "texture": "#up" },
        "north": { "uv": [ 11, 8, 12, 11 ], "texture": "#north" },
        "south": { "uv": [ 11, 8, 12, 11 ], "texture": "#south" },
        "west":  { "uv": [ 11, 8, 12, 11 ], "texture": "#west" },
        "east":  { "uv": [ 11, 8, 12, 11 ], "texture": "#east" }
    }
},
{
    "from": [ 4, 9, 11 ],
    "to": [ 5, 15, 12 ],
    "faces": {
        "down":  { "uv": [ 11, 6, 12, 7 ], "texture": "#down" },
        "up":    { "uv": [ 11, 1, 12, 2 ], "texture": "#up" },
        "north": { "uv": [ 11, 1, 12, 7 ], "texture": "#north" },
        "south": { "uv": [ 11, 1, 12, 7 ], "texture": "#south" },
        "west":  { "uv": [ 11, 1, 12, 7 ], "texture": "#west" },
        "east":  { "uv": [ 11, 1, 12, 7 ], "texture": "#east" }
    }
},
{
    "from": [ 5, 2, 10 ],
    "to": [ 6, 8, 11 ],
    "faces": {
        "down":  { "uv": [ 10, 13, 11, 14 ], "texture": "#down" },
        "up":    { "uv": [ 10, 8, 11, 9 ], "texture": "#up" },
        "north": { "uv": [ 10, 8, 11, 14 ], "texture": "#north" },
        "south": { "uv": [ 10, 8, 11, 14 ], "texture": "#south" },
        "west":  { "uv": [ 10, 8, 11, 14 ], "texture": "#west" },
        "east":  { "uv": [ 10, 8, 11, 14 ], "texture": "#east" }
    }
},
{
    "from": [ 5, 9, 10 ],
    "to": [ 6, 12, 11 ],
    "faces": {
        "down":  { "uv": [ 10, 6, 11, 7 ], "texture": "#down" },
        "up":    { "uv": [ 10, 4, 11, 5 ], "texture": "#up" },
        "north": { "uv": [ 10, 4, 11, 7 ], "texture": "#north" },
        "south": { "uv": [ 10, 4, 11, 7 ], "texture": "#south" },
        "west":  { "uv": [ 10, 4, 11, 7 ], "texture": "#west" },
        "east":  { "uv": [ 10, 4, 11, 7 ], "texture": "#east" }
    }
},
{
    "from": [ 5, 13, 10 ],
    "to": [ 6, 14, 11 ],
    "faces": {
        "down":  { "uv": [ 10, 2, 11, 3 ], "texture": "#down" },
        "up":    { "uv": [ 10, 2, 11, 3 ], "texture": "#up" },
        "north": { "uv": [ 10, 2, 11, 3 ], "texture": "#north" },
        "south": { "uv": [ 10, 2, 11, 3 ], "texture": "#south" },
        "west":  { "uv": [ 10, 2, 11, 3 ], "texture": "#west" },
        "east":  { "uv": [ 10, 2, 11, 3 ], "texture": "#east" }
    }
},
{
    "from": [ 6, 0, 9 ],
    "to": [ 7, 13, 10 ],
    "faces": {
        "down":  { "uv": [ 9, 15, 10, 16 ], "texture": "#down" },
        "up":    { "uv": [ 9, 3, 10, 4 ], "texture": "#up" },
        "north": { "uv": [ 9, 3, 10, 16 ], "texture": "#north" },
        "south": { "uv": [ 9, 3, 10, 16 ], "texture": "#south" },
        "west":  { "uv": [ 9, 3, 10, 16 ], "texture": "#west" },
        "east":  { "uv": [ 9, 3, 10, 16 ], "texture": "#east" }
    }
},
{
    "from": [ 7, 0, 8 ],
    "to": [ 8, 13, 9 ],
    "faces": {
        "down":  { "uv": [ 8, 15, 9, 16 ], "texture": "#down" },
        "up":    { "uv": [ 8, 3, 9, 4 ], "texture": "#up" },
        "north": { "uv": [ 8, 3, 9, 16 ], "texture": "#north" },
        "south": { "uv": [ 8, 3, 9, 16 ], "texture": "#south" },
        "west":  { "uv": [ 8, 3, 9, 16 ], "texture": "#west" }
    }
},
{
    "from": [ 8, 0, 7 ],
    "to": [ 9, 10, 8 ],
    "faces": {
        "down":  { "uv": [ 7, 15, 8, 16 ], "texture": "#down" },
        "up":    { "uv": [ 7, 6, 8, 7 ], "texture": "#up" },
        "north": { "uv": [ 7, 6, 8, 16 ], "texture": "#north" },
        "east":  { "uv": [ 7, 6, 8, 16 ], "texture": "#east" }
    }
},
{
    "from": [ 8, 12, 7 ],
    "to": [ 9, 13, 8 ],
    "faces": {
        "down":  { "uv": [ 7, 3, 8, 4 ], "texture": "#down" },
        "up":    { "uv": [ 7, 3, 8, 4 ], "texture": "#up" },
        "north": { "uv": [ 7, 3, 8, 4 ], "texture": "#north" },
        "east":  { "uv": [ 7, 3, 8, 4 ], "texture": "#east" }
    }
},
{
    "from": [ 9, 6, 6 ],
    "to": [ 10, 12, 7 ],
    "faces": {
        "down":  { "uv": [ 6, 9, 7, 10 ], "texture": "#down" },
        "up":    { "uv": [ 6, 4, 7, 5 ], "texture": "#up" },
        "north": { "uv": [ 6, 4, 7, 10 ], "texture": "#north" },
        "south": { "uv": [ 6, 4, 7, 10 ], "texture": "#south" },
        "west":  { "uv": [ 6, 4, 7, 10 ], "texture": "#west" },
        "east":  { "uv": [ 6, 4, 7, 10 ], "texture": "#east" }
    }
},
{
    "from": [ 10, 3, 5 ],
    "to": [ 11, 8, 6 ],
    "faces": {
        "down":  { "uv": [ 5, 12, 6, 13 ], "texture": "#down" },
        "up":    { "uv": [ 5, 8, 6, 9 ], "texture": "#up" },
        "north": { "uv": [ 5, 8, 6, 13 ], "texture": "#north" },
        "south": { "uv": [ 5, 8, 6, 13 ], "texture": "#south" },
        "west":  { "uv": [ 5, 8, 6, 13 ], "texture": "#west" },
        "east":  { "uv": [ 5, 8, 6, 13 ], "texture": "#east" }
    }
},
{
    "from": [ 10, 9, 5 ],
    "to": [ 11, 14, 6 ],
    "faces": {
        "down":  { "uv": [ 5, 6, 6, 7 ], "texture": "#down" },
        "up":    { "uv": [ 5, 2, 6, 3 ], "texture": "#up" },
        "north": { "uv": [ 5, 2, 6, 7 ], "texture": "#north" },
        "south": { "uv": [ 5, 2, 6, 7 ], "texture": "#south" },
        "west":  { "uv": [ 5, 2, 6, 7 ], "texture": "#west" },
        "east":  { "uv": [ 5, 2, 6, 7 ], "texture": "#east" }
    }
},
{
    "from": [ 11, 4, 4 ],
    "to": [ 12, 7, 5 ],
    "faces": {
        "down":  { "uv": [ 4, 11, 5, 12 ], "texture": "#down" },
        "up":    { "uv": [ 4, 9, 5, 10 ], "texture": "#up" },
        "north": { "uv": [ 4, 9, 5, 12 ], "texture": "#north" },
        "south": { "uv": [ 4, 9, 5, 12 ], "texture": "#south" },
        "west":  { "uv": [ 4, 9, 5, 12 ], "texture": "#west" },
        "east":  { "uv": [ 4, 9, 5, 12 ], "texture": "#east" }
    }
},
{
    "from": [ 11, 8, 4 ],
    "to": [ 12, 9, 5 ],
    "faces": {
        "down":  { "uv": [ 4, 7, 5, 8 ], "texture": "#down" },
        "up":    { "uv": [ 4, 7, 5, 8 ], "texture": "#up" },
        "north": { "uv": [ 4, 7, 5, 8 ], "texture": "#north" },
        "south": { "uv": [ 4, 7, 5, 8 ], "texture": "#south" },
        "west":  { "uv": [ 4, 7, 5, 8 ], "texture": "#west" },
        "east":  { "uv": [ 4, 7, 5, 8 ], "texture": "#east" }
    }
},
{
    "from": [ 11, 10, 4 ],
    "to": [ 12, 14, 5 ],
    "faces": {
        "down":  { "uv": [ 4, 5, 5, 6 ], "texture": "#down" },
        "up":    { "uv": [ 4, 2, 5, 3 ], "texture": "#up" },
        "north": { "uv": [ 4, 2, 5, 6 ], "texture": "#north" },
        "south": { "uv": [ 4, 2, 5, 6 ], "texture": "#south" },
        "west":  { "uv": [ 4, 2, 5, 6 ], "texture": "#west" },
        "east":  { "uv": [ 4, 2, 5, 6 ], "texture": "#east" }
    }
},
{
    "from": [ 12, 3, 3 ],
    "to": [ 13, 6, 4 ],
    "faces": {
        "down":  { "uv": [ 3, 12, 4, 13 ], "texture": "#down" },
        "up":    { "uv": [ 3, 10, 4, 11 ], "texture": "#up" },
        "north": { "uv": [ 3, 10, 4, 13 ], "texture": "#north" },
        "south": { "uv": [ 3, 10, 4, 13 ], "texture": "#south" },
        "west":  { "uv": [ 3, 10, 4, 13 ], "texture": "#west" },
        "east":  { "uv": [ 3, 10, 4, 13 ], "texture": "#east" }
    }
},
{
    "from": [ 12, 7, 3 ],
    "to": [ 13, 9, 4 ],
    "faces": {
        "down":  { "uv": [ 3, 8, 4, 9 ], "texture": "#down" },
        "up":    { "uv": [ 3, 7, 4, 8 ], "texture": "#up" },
        "north": { "uv": [ 3, 7, 4, 9 ], "texture": "#north" },
        "south": { "uv": [ 3, 7, 4, 9 ], "texture": "#south" },
        "west":  { "uv": [ 3, 7, 4, 9 ], "texture": "#west" },
        "east":  { "uv": [ 3, 7, 4, 9 ], "texture": "#east" }
    }
},
{
    "from": [ 12, 10, 3 ],
    "to": [ 13, 12, 4 ],
    "faces": {
        "down":  { "uv": [ 3, 5, 4, 6 ], "texture": "#down" },
        "up":    { "uv": [ 3, 4, 4, 5 ], "texture": "#up" },
        "north": { "uv": [ 3, 4, 4, 6 ], "texture": "#north" },
        "south": { "uv": [ 3, 4, 4, 6 ], "texture": "#south" },
        "west":  { "uv": [ 3, 4, 4, 6 ], "texture": "#west" },
        "east":  { "uv": [ 3, 4, 4, 6 ], "texture": "#east" }
    }
},
{
    "from": [ 13, 3, 2 ],
    "to": [ 14, 5, 3 ],
    "faces": {
        "down":  { "uv": [ 2, 12, 3, 13 ], "texture": "#down" },
        "up":    { "uv": [ 2, 11, 3, 12 ], "texture": "#up" },
        "north": { "uv": [ 2, 11, 3, 13 ], "texture": "#north" },
        "south": { "uv": [ 2, 11, 3, 13 ], "texture": "#south" },
        "west":  { "uv": [ 2, 11, 3, 13 ], "texture": "#west" },
        "east":  { "uv": [ 2, 11, 3, 13 ], "texture": "#east" }
    }
}
],
"display": {
    "thirdperson_righthand": {
        "rotation": [ 0, -90, 0 ],
        "translation": [ 0, 4, 2 ],
        "scale": [ 0.85, 0.85, 0.85 ]
    },
    "thirdperson_lefthand": {
        "rotation": [ 0, 90, 0 ],
        "translation": [ 0, 4, 2 ],
        "scale": [ 0.85, 0.85, 0.85 ]
    },
    "ground": {
        "rotation": [ 0, 0, 0 ],
        "translation": [ 0, 2, 0 ],
        "scale": [ 0.5, 0.5, 0.5 ]
    },
    "fixed": {
        "rotation": [ 0, 0, 0 ],
        "translation": [ 0, 0, 0 ],
        "scale": [ 0.5, 0.5, 0.5 ]
    },
    "firstperson_righthand": {
        "rotation": [ 0, -90, 25 ],
        "translation": [ 1.2, 3.2, 1.13 ],
        "scale": [ 0.68, 0.68, 0.68 ]
    },
    "firstperson_lefthand": {
        "rotation": [ 0, 90, -25 ],
        "translation": [ 0.2, 3.2, 1.12 ],
        "scale": [ 0.68, 0.68, 0.68 ]
    },
    "gui": {
        "rotation": [ 30, 225, 0 ],
        "translation": [ 0, 0, 0 ],
        "scale": [ 0.75, 0.75, 0.75 ]
    }
}
}