{
"ambientocclusion": false,
"textures": {
    "particle": "block/potatoes_stage_3",
    "texture": "block/beetroots_stage_2"
},
"elements": [ 
{
    "from": [ 10.25, 1, 3.25 ],
    "to": [ 11, 2.5, 4.75 ],
    "faces": {
        "up":    { "uv": [ 7, 12, 8, 14 ], "texture": "#texture", "tintindex": 0 },
        "south": { "uv": [ 7, 12, 8, 14 ], "texture": "#texture", "tintindex": 0 },
        "west":  { "uv": [ 6, 12, 8, 14 ], "texture": "#texture", "tintindex": 0 },
        "east":  { "uv": [ 6, 12, 8, 14 ], "texture": "#texture", "tintindex": 0 }
    }
},
{
    "from": [ 10.25, -0.5, 3.25 ],
    "to": [ 11, 1, 5.5 ],
    "faces": {
        "up":    { "uv": [ 7, 13, 8, 16 ], "texture": "#texture", "tintindex": 0 },
        "north": { "uv": [ 6, 14, 7, 16 ], "texture": "#texture", "tintindex": 0 },
        "south": { "uv": [ 6, 14, 7, 16 ], "texture": "#texture", "tintindex": 0 },
        "west":  { "uv": [ 6, 14, 9, 16 ], "texture": "#texture", "tintindex": 0 },
        "east":  { "uv": [ 6, 14, 9, 16 ], "texture": "#texture", "tintindex": 0 }
    }
},
{
    "from": [ 10.25, 3.25, 4 ],
    "to": [ 11, 5.5, 4.75 ],
    "faces": {
        "down":  { "uv": [ 8, 9, 9, 10 ], "texture": "#texture", "tintindex": 0 },
        "up":    { "uv": [ 8, 9, 9, 10 ], "texture": "#texture", "tintindex": 0 },
        "north": { "uv": [ 8, 8, 9, 11 ], "texture": "#texture", "tintindex": 0 },
        "south": { "uv": [ 8, 8, 9, 11 ], "texture": "#texture", "tintindex": 0 },
        "west":  { "uv": [ 8, 8, 9, 11 ], "texture": "#texture", "tintindex": 0 },
        "east":  { "uv": [ 8, 8, 9, 11 ], "texture": "#texture", "tintindex": 0 }
    }
},
{
    "from": [ 10.25, 4.75, 4.75 ],
    "to": [ 11, 5.5, 5.5 ],
    "faces": {
        "down":  { "uv": [ 9, 8, 10, 9 ], "texture": "#texture", "tintindex": 0 },
        "up":    { "uv": [ 9, 8, 10, 9 ], "texture": "#texture", "tintindex": 0 },
        "south": { "uv": [ 9, 8, 10, 9 ], "texture": "#texture", "tintindex": 0 },
        "west":  { "uv": [ 9, 8, 10, 9 ], "texture": "#texture", "tintindex": 0 },
        "east":  { "uv": [ 9, 8, 10, 9 ], "texture": "#texture", "tintindex": 0 }
    }
},
{
    "from": [ 10.25, 4, 2.5 ],
    "to": [ 11, 4.75, 3.25 ],
    "faces": {
        "down":  { "uv": [ 6, 9, 7, 10 ], "texture": "#texture", "tintindex": 0 },
        "up":    { "uv": [ 6, 9, 7, 10 ], "texture": "#texture", "tintindex": 0 },
        "north": { "uv": [ 6, 9, 7, 10 ], "texture": "#texture", "tintindex": 0 },
        "south": { "uv": [ 6, 9, 7, 10 ], "texture": "#texture", "tintindex": 0 },
        "west":  { "uv": [ 6, 9, 7, 10 ], "texture": "#texture", "tintindex": 0 },
        "east":  { "uv": [ 6, 9, 7, 10 ], "texture": "#texture", "tintindex": 0 }
    }
},
{
    "from": [ 10.25, 2.5, 3.25 ],
    "to": [ 11, 4, 4 ],
    "faces": {
        "up":    { "uv": [ 7, 10, 8, 11 ], "texture": "#texture", "tintindex": 0 },
        "north": { "uv": [ 7, 10, 8, 12 ], "texture": "#texture", "tintindex": 0 },
        "south": { "uv": [ 7, 10, 8, 12 ], "texture": "#texture", "tintindex": 0 },
        "west":  { "uv": [ 7, 10, 8, 12 ], "texture": "#texture", "tintindex": 0 },
        "east":  { "uv": [ 7, 10, 8, 12 ], "texture": "#texture", "tintindex": 0 }
    }
},
{
    "from": [ 10.25, 1, 5.5 ],
    "to": [ 11, 2.5, 6.25 ],
    "faces": {
        "down":  { "uv": [ 9, 13, 10, 14 ], "texture": "#texture", "tintindex": 0 },
        "up":    { "uv": [ 9, 12, 10, 13 ], "texture": "#texture", "tintindex": 0 },
        "north": { "uv": [ 9, 12, 10, 14 ], "texture": "#texture", "tintindex": 0 },
        "south": { "uv": [ 9, 12, 10, 14 ], "texture": "#texture", "tintindex": 0 },
        "west":  { "uv": [ 9, 12, 10, 14 ], "texture": "#texture", "tintindex": 0 },
        "east":  { "uv": [ 9, 12, 10, 14 ], "texture": "#texture", "tintindex": 0 }
    }
},
{
    "from": [ 9.5, -1.25, 3.25 ],
    "to": [ 11.75, -0.5, 5.5 ],
    "faces": {
        "up":    { "uv": [ 6, 15, 9, 16 ], "texture": "#particle" },
        "north": { "uv": [ 6, 15, 9, 16 ], "texture": "#particle" },
        "south": { "uv": [ 6, 15, 9, 16 ], "texture": "#particle" },
        "west":  { "uv": [ 6, 15, 9, 16 ], "texture": "#particle" },
        "east":  { "uv": [ 6, 15, 9, 16 ], "texture": "#particle" }
    }
},
{
    "from": [ 9.5, -2, 2.5 ],
    "to": [ 11.75, -1.25, 6.25 ],
    "faces": {
        "down":  { "uv": [ 6, 15, 9, 16 ], "texture": "#particle", "cullface": "down" },
        "up":    { "uv": [ 6, 15, 9, 16 ], "texture": "#particle" },
        "north": { "uv": [ 6, 15, 9, 16 ], "texture": "#particle" },
        "south": { "uv": [ 6, 15, 9, 16 ], "texture": "#particle" },
        "west":  { "uv": [ 5, 15, 10, 16 ], "texture": "#particle" },
        "east":  { "uv": [ 5, 15, 10, 16 ], "texture": "#particle" }
    }
},
{
    "from": [ 10.25, 1, 2.5 ],
    "to": [ 11, 3.25, 3.25 ],
    "faces": {
        "down":  { "uv": [ 8, 9, 9, 10 ], "texture": "#texture", "tintindex": 0 },
        "up":    { "uv": [ 8, 9, 9, 10 ], "texture": "#texture", "tintindex": 0 },
        "north": { "uv": [ 8, 8, 9, 11 ], "texture": "#texture", "tintindex": 0 },
        "south": { "uv": [ 8, 8, 9, 11 ], "texture": "#texture", "tintindex": 0 },
        "west":  { "uv": [ 8, 8, 9, 11 ], "texture": "#texture", "tintindex": 0 },
        "east":  { "uv": [ 8, 8, 9, 11 ], "texture": "#texture", "tintindex": 0 }
    }
},
{
    "from": [ 10.25, 1.75, 1.75 ],
    "to": [ 11, 2.5, 2.5 ],
    "faces": {
        "down":  { "uv": [ 9, 8, 10, 9 ], "texture": "#texture", "tintindex": 0 },
        "up":    { "uv": [ 9, 8, 10, 9 ], "texture": "#texture", "tintindex": 0 },
        "north": { "uv": [ 9, 8, 10, 9 ], "texture": "#texture", "tintindex": 0 },
        "west":  { "uv": [ 9, 8, 10, 9 ], "texture": "#texture", "tintindex": 0 },
        "east":  { "uv": [ 9, 8, 10, 9 ], "texture": "#texture", "tintindex": 0 }
    }
},
{
    "from": [ 10.25, 1.75, 6.25 ],
    "to": [ 11, 2.5, 7 ],
    "faces": {
        "down":  { "uv": [ 9, 8, 10, 9 ], "texture": "#texture", "tintindex": 0 },
        "up":    { "uv": [ 9, 8, 10, 9 ], "texture": "#texture", "tintindex": 0 },
        "south": { "uv": [ 9, 8, 10, 9 ], "texture": "#texture", "tintindex": 0 },
        "west":  { "uv": [ 9, 8, 10, 9 ], "texture": "#texture", "tintindex": 0 },
        "east":  { "uv": [ 9, 8, 10, 9 ], "texture": "#texture", "tintindex": 0 }
    }
},
{
    "from": [ 8.75, -2, 3.25 ],
    "to": [ 12.5, -1.25, 5.5 ],
    "faces": {
        "down":  { "uv": [ 6, 15, 9, 16 ], "rotation": 270, "texture": "#particle", "cullface": "down" },
        "up":    { "uv": [ 6, 15, 9, 16 ], "rotation": 90, "texture": "#particle" },
        "north": { "uv": [ 5, 15, 10, 16 ], "texture": "#particle" },
        "south": { "uv": [ 5, 15, 10, 16 ], "texture": "#particle" },
        "west":  { "uv": [ 6, 15, 9, 16 ], "texture": "#particle" },
        "east":  { "uv": [ 6, 15, 9, 16 ], "texture": "#particle" }
    }
},
{
    "from": [ 10.25, 1, 11.25 ],
    "to": [ 11, 2.5, 12.75 ],
    "faces": {
        "up":    { "uv": [ 7, 12, 8, 14 ], "texture": "#texture", "tintindex": 0 },
        "south": { "uv": [ 7, 12, 8, 14 ], "texture": "#texture", "tintindex": 0 },
        "west":  { "uv": [ 6, 12, 8, 14 ], "texture": "#texture", "tintindex": 0 },
        "east":  { "uv": [ 6, 12, 8, 14 ], "texture": "#texture", "tintindex": 0 }
    }
},
{
    "from": [ 10.25, -0.5, 11.25 ],
    "to": [ 11, 1, 13.5 ],
    "faces": {
        "up":    { "uv": [ 7, 13, 8, 16 ], "texture": "#texture", "tintindex": 0 },
        "north": { "uv": [ 6, 14, 7, 16 ], "texture": "#texture", "tintindex": 0 },
        "south": { "uv": [ 6, 14, 7, 16 ], "texture": "#texture", "tintindex": 0 },
        "west":  { "uv": [ 6, 14, 9, 16 ], "texture": "#texture", "tintindex": 0 },
        "east":  { "uv": [ 6, 14, 9, 16 ], "texture": "#texture", "tintindex": 0 }
    }
},
{
    "from": [ 10.25, 3.25, 12 ],
    "to": [ 11, 5.5, 12.75 ],
    "faces": {
        "down":  { "uv": [ 8, 9, 9, 10 ], "texture": "#texture", "tintindex": 0 },
        "up":    { "uv": [ 8, 9, 9, 10 ], "texture": "#texture", "tintindex": 0 },
        "north": { "uv": [ 8, 8, 9, 11 ], "texture": "#texture", "tintindex": 0 },
        "south": { "uv": [ 8, 8, 9, 11 ], "texture": "#texture", "tintindex": 0 },
        "west":  { "uv": [ 8, 8, 9, 11 ], "texture": "#texture", "tintindex": 0 },
        "east":  { "uv": [ 8, 8, 9, 11 ], "texture": "#texture", "tintindex": 0 }
    }
},
{
    "from": [ 10.25, 4.75, 12.75 ],
    "to": [ 11, 5.5, 13.5 ],
    "faces": {
        "down":  { "uv": [ 9, 8, 10, 9 ], "texture": "#texture", "tintindex": 0 },
        "up":    { "uv": [ 9, 8, 10, 9 ], "texture": "#texture", "tintindex": 0 },
        "south": { "uv": [ 9, 8, 10, 9 ], "texture": "#texture", "tintindex": 0 },
        "west":  { "uv": [ 9, 8, 10, 9 ], "texture": "#texture", "tintindex": 0 },
        "east":  { "uv": [ 9, 8, 10, 9 ], "texture": "#texture", "tintindex": 0 }
    }
},
{
    "from": [ 10.25, 4, 10.5 ],
    "to": [ 11, 4.75, 11.25 ],
    "faces": {
        "down":  { "uv": [ 6, 9, 7, 10 ], "texture": "#texture", "tintindex": 0 },
        "up":    { "uv": [ 6, 9, 7, 10 ], "texture": "#texture", "tintindex": 0 },
        "north": { "uv": [ 6, 9, 7, 10 ], "texture": "#texture", "tintindex": 0 },
        "south": { "uv": [ 6, 9, 7, 10 ], "texture": "#texture", "tintindex": 0 },
        "west":  { "uv": [ 6, 9, 7, 10 ], "texture": "#texture", "tintindex": 0 },
        "east":  { "uv": [ 6, 9, 7, 10 ], "texture": "#texture", "tintindex": 0 }
    }
},
{
    "from": [ 10.25, 2.5, 11.25 ],
    "to": [ 11, 4, 12 ],
    "faces": {
        "up":    { "uv": [ 7, 10, 8, 11 ], "texture": "#texture", "tintindex": 0 },
        "north": { "uv": [ 7, 10, 8, 12 ], "texture": "#texture", "tintindex": 0 },
        "south": { "uv": [ 7, 10, 8, 12 ], "texture": "#texture", "tintindex": 0 },
        "west":  { "uv": [ 7, 10, 8, 12 ], "texture": "#texture", "tintindex": 0 },
        "east":  { "uv": [ 7, 10, 8, 12 ], "texture": "#texture", "tintindex": 0 }
    }
},
{
    "from": [ 10.25, 1, 13.5 ],
    "to": [ 11, 2.5, 14.25 ],
    "faces": {
        "down":  { "uv": [ 9, 13, 10, 14 ], "texture": "#texture", "tintindex": 0 },
        "up":    { "uv": [ 9, 12, 10, 13 ], "texture": "#texture", "tintindex": 0 },
        "north": { "uv": [ 9, 12, 10, 14 ], "texture": "#texture", "tintindex": 0 },
        "south": { "uv": [ 9, 12, 10, 14 ], "texture": "#texture", "tintindex": 0 },
        "west":  { "uv": [ 9, 12, 10, 14 ], "texture": "#texture", "tintindex": 0 },
        "east":  { "uv": [ 9, 12, 10, 14 ], "texture": "#texture", "tintindex": 0 }
    }
},
{
    "from": [ 9.5, -1.25, 11.25 ],
    "to": [ 11.75, -0.5, 13.5 ],
    "faces": {
        "up":    { "uv": [ 6, 15, 9, 16 ], "texture": "#particle" },
        "north": { "uv": [ 6, 15, 9, 16 ], "texture": "#particle" },
        "south": { "uv": [ 6, 15, 9, 16 ], "texture": "#particle" },
        "west":  { "uv": [ 6, 15, 9, 16 ], "texture": "#particle" },
        "east":  { "uv": [ 6, 15, 9, 16 ], "texture": "#particle" }
    }
},
{
    "from": [ 9.5, -2, 10.5 ],
    "to": [ 11.75, -1.25, 14.25 ],
    "faces": {
        "down":  { "uv": [ 6, 15, 9, 16 ], "texture": "#particle", "cullface": "down" },
        "up":    { "uv": [ 6, 15, 9, 16 ], "texture": "#particle" },
        "north": { "uv": [ 6, 15, 9, 16 ], "texture": "#particle" },
        "south": { "uv": [ 6, 15, 9, 16 ], "texture": "#particle" },
        "west":  { "uv": [ 5, 15, 10, 16 ], "texture": "#particle" },
        "east":  { "uv": [ 5, 15, 10, 16 ], "texture": "#particle" }
    }
},
{
    "from": [ 10.25, 1, 10.5 ],
    "to": [ 11, 3.25, 11.25 ],
    "faces": {
        "down":  { "uv": [ 8, 9, 9, 10 ], "texture": "#texture", "tintindex": 0 },
        "up":    { "uv": [ 8, 9, 9, 10 ], "texture": "#texture", "tintindex": 0 },
        "north": { "uv": [ 8, 8, 9, 11 ], "texture": "#texture", "tintindex": 0 },
        "south": { "uv": [ 8, 8, 9, 11 ], "texture": "#texture", "tintindex": 0 },
        "west":  { "uv": [ 8, 8, 9, 11 ], "texture": "#texture", "tintindex": 0 },
        "east":  { "uv": [ 8, 8, 9, 11 ], "texture": "#texture", "tintindex": 0 }
    }
},
{
    "from": [ 10.25, 1.75, 9.75 ],
    "to": [ 11, 2.5, 10.5 ],
    "faces": {
        "down":  { "uv": [ 9, 8, 10, 9 ], "texture": "#texture", "tintindex": 0 },
        "up":    { "uv": [ 9, 8, 10, 9 ], "texture": "#texture", "tintindex": 0 },
        "north": { "uv": [ 9, 8, 10, 9 ], "texture": "#texture", "tintindex": 0 },
        "west":  { "uv": [ 9, 8, 10, 9 ], "texture": "#texture", "tintindex": 0 },
        "east":  { "uv": [ 9, 8, 10, 9 ], "texture": "#texture", "tintindex": 0 }
    }
},
{
    "from": [ 10.25, 1.75, 14.25 ],
    "to": [ 11, 2.5, 15 ],
    "faces": {
        "down":  { "uv": [ 9, 8, 10, 9 ], "texture": "#texture", "tintindex": 0 },
        "up":    { "uv": [ 9, 8, 10, 9 ], "texture": "#texture", "tintindex": 0 },
        "south": { "uv": [ 9, 8, 10, 9 ], "texture": "#texture", "tintindex": 0 },
        "west":  { "uv": [ 9, 8, 10, 9 ], "texture": "#texture", "tintindex": 0 },
        "east":  { "uv": [ 9, 8, 10, 9 ], "texture": "#texture", "tintindex": 0 }
    }
},
{
    "from": [ 8.75, -2, 11.25 ],
    "to": [ 12.5, -1.25, 13.5 ],
    "faces": {
        "down":  { "uv": [ 6, 15, 9, 16 ], "rotation": 270, "texture": "#particle", "cullface": "down" },
        "up":    { "uv": [ 6, 15, 9, 16 ], "rotation": 90, "texture": "#particle" },
        "north": { "uv": [ 5, 15, 10, 16 ], "texture": "#particle" },
        "south": { "uv": [ 5, 15, 10, 16 ], "texture": "#particle" },
        "west":  { "uv": [ 6, 15, 9, 16 ], "texture": "#particle" },
        "east":  { "uv": [ 6, 15, 9, 16 ], "texture": "#particle" }
    }
},
{
    "from": [ 4.25, 1, 7.25 ],
    "to": [ 5, 2.5, 8.75 ],
    "faces": {
        "up":    { "uv": [ 7, 12, 8, 14 ], "texture": "#texture", "tintindex": 0 },
        "south": { "uv": [ 7, 12, 8, 14 ], "texture": "#texture", "tintindex": 0 },
        "west":  { "uv": [ 6, 12, 8, 14 ], "texture": "#texture", "tintindex": 0 },
        "east":  { "uv": [ 6, 12, 8, 14 ], "texture": "#texture", "tintindex": 0 }
    }
},
{
    "from": [ 4.25, -0.5, 7.25 ],
    "to": [ 5, 1, 9.5 ],
    "faces": {
        "up":    { "uv": [ 7, 13, 8, 16 ], "texture": "#texture", "tintindex": 0 },
        "north": { "uv": [ 6, 14, 7, 16 ], "texture": "#texture", "tintindex": 0 },
        "south": { "uv": [ 6, 14, 7, 16 ], "texture": "#texture", "tintindex": 0 },
        "west":  { "uv": [ 6, 14, 9, 16 ], "texture": "#texture", "tintindex": 0 },
        "east":  { "uv": [ 6, 14, 9, 16 ], "texture": "#texture", "tintindex": 0 }
    }
},
{
    "from": [ 4.25, 3.25, 8 ],
    "to": [ 5, 5.5, 8.75 ],
    "faces": {
        "down":  { "uv": [ 8, 9, 9, 10 ], "texture": "#texture", "tintindex": 0 },
        "up":    { "uv": [ 8, 9, 9, 10 ], "texture": "#texture", "tintindex": 0 },
        "north": { "uv": [ 8, 8, 9, 11 ], "texture": "#texture", "tintindex": 0 },
        "south": { "uv": [ 8, 8, 9, 11 ], "texture": "#texture", "tintindex": 0 },
        "west":  { "uv": [ 8, 8, 9, 11 ], "texture": "#texture", "tintindex": 0 },
        "east":  { "uv": [ 8, 8, 9, 11 ], "texture": "#texture", "tintindex": 0 }
    }
},
{
    "from": [ 4.25, 4.75, 8.75 ],
    "to": [ 5, 5.5, 9.5 ],
    "faces": {
        "down":  { "uv": [ 9, 8, 10, 9 ], "texture": "#texture", "tintindex": 0 },
        "up":    { "uv": [ 9, 8, 10, 9 ], "texture": "#texture", "tintindex": 0 },
        "south": { "uv": [ 9, 8, 10, 9 ], "texture": "#texture", "tintindex": 0 },
        "west":  { "uv": [ 9, 8, 10, 9 ], "texture": "#texture", "tintindex": 0 },
        "east":  { "uv": [ 9, 8, 10, 9 ], "texture": "#texture", "tintindex": 0 }
    }
},
{
    "from": [ 4.25, 4, 6.5 ],
    "to": [ 5, 4.75, 7.25 ],
    "faces": {
        "down":  { "uv": [ 6, 9, 7, 10 ], "texture": "#texture", "tintindex": 0 },
        "up":    { "uv": [ 6, 9, 7, 10 ], "texture": "#texture", "tintindex": 0 },
        "north": { "uv": [ 6, 9, 7, 10 ], "texture": "#texture", "tintindex": 0 },
        "south": { "uv": [ 6, 9, 7, 10 ], "texture": "#texture", "tintindex": 0 },
        "west":  { "uv": [ 6, 9, 7, 10 ], "texture": "#texture", "tintindex": 0 },
        "east":  { "uv": [ 6, 9, 7, 10 ], "texture": "#texture", "tintindex": 0 }
    }
},
{
    "from": [ 4.25, 2.5, 7.25 ],
    "to": [ 5, 4, 8 ],
    "faces": {
        "up":    { "uv": [ 7, 10, 8, 11 ], "texture": "#texture", "tintindex": 0 },
        "north": { "uv": [ 7, 10, 8, 12 ], "texture": "#texture", "tintindex": 0 },
        "south": { "uv": [ 7, 10, 8, 12 ], "texture": "#texture", "tintindex": 0 },
        "west":  { "uv": [ 7, 10, 8, 12 ], "texture": "#texture", "tintindex": 0 },
        "east":  { "uv": [ 7, 10, 8, 12 ], "texture": "#texture", "tintindex": 0 }
    }
},
{
    "from": [ 4.25, 1, 9.5 ],
    "to": [ 5, 2.5, 10.25 ],
    "faces": {
        "down":  { "uv": [ 9, 13, 10, 14 ], "texture": "#texture", "tintindex": 0 },
        "up":    { "uv": [ 9, 12, 10, 13 ], "texture": "#texture", "tintindex": 0 },
        "north": { "uv": [ 9, 12, 10, 14 ], "texture": "#texture", "tintindex": 0 },
        "south": { "uv": [ 9, 12, 10, 14 ], "texture": "#texture", "tintindex": 0 },
        "west":  { "uv": [ 9, 12, 10, 14 ], "texture": "#texture", "tintindex": 0 },
        "east":  { "uv": [ 9, 12, 10, 14 ], "texture": "#texture", "tintindex": 0 }
    }
},
{
    "from": [ 3.5, -1.25, 7.25 ],
    "to": [ 5.75, -0.5, 9.5 ],
    "faces": {
        "up":    { "uv": [ 6, 15, 9, 16 ], "texture": "#particle" },
        "north": { "uv": [ 6, 15, 9, 16 ], "texture": "#particle" },
        "south": { "uv": [ 6, 15, 9, 16 ], "texture": "#particle" },
        "west":  { "uv": [ 6, 15, 9, 16 ], "texture": "#particle" },
        "east":  { "uv": [ 6, 15, 9, 16 ], "texture": "#particle" }
    }
},
{
    "from": [ 3.5, -2, 6.5 ],
    "to": [ 5.75, -1.25, 10.25 ],
    "faces": {
        "down":  { "uv": [ 6, 15, 9, 16 ], "texture": "#particle", "cullface": "down" },
        "up":    { "uv": [ 6, 15, 9, 16 ], "texture": "#particle" },
        "north": { "uv": [ 6, 15, 9, 16 ], "texture": "#particle" },
        "south": { "uv": [ 6, 15, 9, 16 ], "texture": "#particle" },
        "west":  { "uv": [ 5, 15, 10, 16 ], "texture": "#particle" },
        "east":  { "uv": [ 5, 15, 10, 16 ], "texture": "#particle" }
    }
},
{
    "from": [ 4.25, 1, 6.5 ],
    "to": [ 5, 3.25, 7.25 ],
    "faces": {
        "down":  { "uv": [ 8, 9, 9, 10 ], "texture": "#texture", "tintindex": 0 },
        "up":    { "uv": [ 8, 9, 9, 10 ], "texture": "#texture", "tintindex": 0 },
        "north": { "uv": [ 8, 8, 9, 11 ], "texture": "#texture", "tintindex": 0 },
        "south": { "uv": [ 8, 8, 9, 11 ], "texture": "#texture", "tintindex": 0 },
        "west":  { "uv": [ 8, 8, 9, 11 ], "texture": "#texture", "tintindex": 0 },
        "east":  { "uv": [ 8, 8, 9, 11 ], "texture": "#texture", "tintindex": 0 }
    }
},
{
    "from": [ 4.25, 1.75, 5.75 ],
    "to": [ 5, 2.5, 6.5 ],
    "faces": {
        "down":  { "uv": [ 9, 8, 10, 9 ], "texture": "#texture", "tintindex": 0 },
        "up":    { "uv": [ 9, 8, 10, 9 ], "texture": "#texture", "tintindex": 0 },
        "north": { "uv": [ 9, 8, 10, 9 ], "texture": "#texture", "tintindex": 0 },
        "west":  { "uv": [ 9, 8, 10, 9 ], "texture": "#texture", "tintindex": 0 },
        "east":  { "uv": [ 9, 8, 10, 9 ], "texture": "#texture", "tintindex": 0 }
    }
},
{
    "from": [ 4.25, 1.75, 10.25 ],
    "to": [ 5, 2.5, 11 ],
    "faces": {
        "down":  { "uv": [ 9, 8, 10, 9 ], "texture": "#texture", "tintindex": 0 },
        "up":    { "uv": [ 9, 8, 10, 9 ], "texture": "#texture", "tintindex": 0 },
        "south": { "uv": [ 9, 8, 10, 9 ], "texture": "#texture", "tintindex": 0 },
        "west":  { "uv": [ 9, 8, 10, 9 ], "texture": "#texture", "tintindex": 0 },
        "east":  { "uv": [ 9, 8, 10, 9 ], "texture": "#texture", "tintindex": 0 }
    }
},
{
    "from": [ 2.75, -2, 7.25 ],
    "to": [ 6.5, -1.25, 9.5 ],
    "faces": {
        "down":  { "uv": [ 6, 15, 9, 16 ], "rotation": 270, "texture": "#particle", "cullface": "down" },
        "up":    { "uv": [ 6, 15, 9, 16 ], "rotation": 90, "texture": "#particle" },
        "north": { "uv": [ 5, 15, 10, 16 ], "texture": "#particle" },
        "south": { "uv": [ 5, 15, 10, 16 ], "texture": "#particle" },
        "west":  { "uv": [ 6, 15, 9, 16 ], "texture": "#particle" },
        "east":  { "uv": [ 6, 15, 9, 16 ], "texture": "#particle" }
    }
}
]
}