{
	"__comment": "Designed by AndrealVox",
	"ambientocclusion": false,
	"textures": {
		"particle": "block/sapling_spruce",
		"down": "block/sapling_spruce",
		"up": "block/sapling_spruce",
		"north": "block/sapling_spruce",
		"south": "block/sapling_spruce",
		"west": "block/sapling_spruce",
		"east": "block/sapling_spruce",
		"flowerpot": "block/flower_pot",
		"dirt": "block/dirt"
	},
	"elements": [
		{
			"from": [ 12, 10, 12 ],
			"to": [ 13, 13, 13 ],
			"faces": {
				"down": { "uv": [ 12, 9, 13, 10 ], "texture": "#down" },
				"up": { "uv": [ 12, 7, 13, 8 ], "texture": "#up" },
				"north": { "uv": [ 12, 7, 13, 10 ], "texture": "#north" },
				"south": { "uv": [ 12, 7, 13, 10 ], "texture": "#south" },
				"west": { "uv": [ 12, 7, 13, 10 ], "texture": "#west" },
				"east": { "uv": [ 12, 7, 13, 10 ], "texture": "#east" }
			}
		},
		{
			"from": [ 11, 7, 11 ],
			"to": [ 12, 8, 12 ],
			"faces": {
				"down": { "uv": [ 11, 12, 12, 13 ], "texture": "#down" },
				"up": { "uv": [ 11, 12, 12, 13 ], "texture": "#up" },
				"north": { "uv": [ 11, 12, 12, 13 ], "texture": "#north" },
				"south": { "uv": [ 11, 12, 12, 13 ], "texture": "#south" },
				"west": { "uv": [ 11, 12, 12, 13 ], "texture": "#west" },
				"east": { "uv": [ 11, 12, 12, 13 ], "texture": "#east" }
			}
		},
		{
			"from": [ 11, 10, 11 ],
			"to": [ 12, 12, 12 ],
			"faces": {
				"down": { "uv": [ 11, 9, 12, 10 ], "texture": "#down" },
				"up": { "uv": [ 11, 8, 12, 9 ], "texture": "#up" },
				"north": { "uv": [ 11, 8, 12, 10 ], "texture": "#north" },
				"south": { "uv": [ 11, 8, 12, 10 ], "texture": "#south" },
				"west": { "uv": [ 11, 8, 12, 10 ], "texture": "#west" },
				"east": { "uv": [ 11, 8, 12, 10 ], "texture": "#east" }
			}
		},
		{
			"from": [ 11, 14, 11 ],
			"to": [ 12, 15, 12 ],
			"faces": {
				"down": { "uv": [ 11, 5, 12, 6 ], "texture": "#down" },
				"up": { "uv": [ 11, 5, 12, 6 ], "texture": "#up" },
				"north": { "uv": [ 11, 5, 12, 6 ], "texture": "#north" },
				"south": { "uv": [ 11, 5, 12, 6 ], "texture": "#south" },
				"west": { "uv": [ 11, 5, 12, 6 ], "texture": "#west" },
				"east": { "uv": [ 11, 5, 12, 6 ], "texture": "#east" }
			}
		},
		{
			"from": [ 10, 7, 10 ],
			"to": [ 11, 12, 11 ],
			"faces": {
				"down": { "uv": [ 10, 12, 11, 13 ], "texture": "#down" },
				"up": { "uv": [ 10, 8, 11, 9 ], "texture": "#up" },
				"north": { "uv": [ 10, 8, 11, 13 ], "texture": "#north" },
				"south": { "uv": [ 10, 8, 11, 13 ], "texture": "#south" },
				"west": { "uv": [ 10, 8, 11, 13 ], "texture": "#west" },
				"east": { "uv": [ 10, 8, 11, 13 ], "texture": "#east" }
			}
		},
		{
			"from": [ 10, 13, 10 ],
			"to": [ 11, 15, 11 ],
			"faces": {
				"down": { "uv": [ 10, 6, 11, 7 ], "texture": "#down" },
				"up": { "uv": [ 10, 5, 11, 6 ], "texture": "#up" },
				"north": { "uv": [ 10, 5, 11, 7 ], "texture": "#north" },
				"south": { "uv": [ 10, 5, 11, 7 ], "texture": "#south" },
				"west": { "uv": [ 10, 5, 11, 7 ], "texture": "#west" },
				"east": { "uv": [ 10, 5, 11, 7 ], "texture": "#east" }
			}
		},
		{
			"from": [ 9, 5, 9 ],
			"to": [ 10, 14, 10 ],
			"faces": {
				"down": { "uv": [ 9, 14, 10, 15 ], "texture": "#down" },
				"up": { "uv": [ 9, 6, 10, 7 ], "texture": "#up" },
				"north": { "uv": [ 9, 6, 10, 15 ], "texture": "#north" },
				"south": { "uv": [ 9, 6, 10, 15 ], "texture": "#south" },
				"west": { "uv": [ 9, 6, 10, 15 ], "texture": "#west" },
				"east": { "uv": [ 9, 6, 10, 15 ], "texture": "#east" }
			}
		},
		{
			"from": [ 9, 16, 9 ],
			"to": [ 10, 17, 10 ],
			"faces": {
				"down": { "uv": [ 9, 3, 10, 4 ], "texture": "#down" },
				"up": { "uv": [ 9, 3, 10, 4 ], "texture": "#up" },
				"north": { "uv": [ 9, 3, 10, 4 ], "texture": "#north" },
				"south": { "uv": [ 9, 3, 10, 4 ], "texture": "#south" },
				"west": { "uv": [ 9, 3, 10, 4 ], "texture": "#west" },
				"east": { "uv": [ 9, 3, 10, 4 ], "texture": "#east" }
			}
		},
		{
			"from": [ 8, 4, 8 ],
			"to": [ 9, 18, 9 ],
			"faces": {
				"down": { "uv": [ 8, 15, 9, 16 ], "texture": "#down" },
				"up": { "uv": [ 8, 2, 9, 3 ], "texture": "#up" },
				"south": { "uv": [ 8, 2, 9, 16 ], "texture": "#south" },
				"east": { "uv": [ 8, 2, 9, 16 ], "texture": "#east" }
			}
		},
		{
			"from": [ 7, 4, 7 ],
			"to": [ 8, 18, 8 ],
			"faces": {
				"down": { "uv": [ 7, 15, 8, 16 ], "texture": "#down" },
				"up": { "uv": [ 7, 2, 8, 3 ], "texture": "#up" },
				"north": { "uv": [ 7, 2, 8, 16 ], "texture": "#north" },
				"west": { "uv": [ 7, 2, 8, 16 ], "texture": "#west" }
			}
		},
		{
			"from": [ 6, 5, 6 ],
			"to": [ 7, 15, 7 ],
			"faces": {
				"down": { "uv": [ 6, 14, 7, 15 ], "texture": "#down" },
				"up": { "uv": [ 6, 5, 7, 6 ], "texture": "#up" },
				"north": { "uv": [ 6, 5, 7, 15 ], "texture": "#north" },
				"south": { "uv": [ 6, 5, 7, 15 ], "texture": "#south" },
				"west": { "uv": [ 6, 5, 7, 15 ], "texture": "#west" },
				"east": { "uv": [ 6, 5, 7, 15 ], "texture": "#east" }
			}
		},
		{
			"from": [ 6, 16, 6 ],
			"to": [ 7, 17, 7 ],
			"faces": {
				"down": { "uv": [ 6, 3, 7, 4 ], "texture": "#down" },
				"up": { "uv": [ 6, 3, 7, 4 ], "texture": "#up" },
				"north": { "uv": [ 6, 3, 7, 4 ], "texture": "#north" },
				"south": { "uv": [ 6, 3, 7, 4 ], "texture": "#south" },
				"west": { "uv": [ 6, 3, 7, 4 ], "texture": "#west" },
				"east": { "uv": [ 6, 3, 7, 4 ], "texture": "#east" }
			}
		},
		{
			"from": [ 5, 7, 5 ],
			"to": [ 6, 12, 6 ],
			"faces": {
				"down": { "uv": [ 5, 12, 6, 13 ], "texture": "#down" },
				"up": { "uv": [ 5, 8, 6, 9 ], "texture": "#up" },
				"north": { "uv": [ 5, 8, 6, 13 ], "texture": "#north" },
				"south": { "uv": [ 5, 8, 6, 13 ], "texture": "#south" },
				"west": { "uv": [ 5, 8, 6, 13 ], "texture": "#west" },
				"east": { "uv": [ 5, 8, 6, 13 ], "texture": "#east" }
			}
		},
		{
			"from": [ 5, 13, 5 ],
			"to": [ 6, 14, 6 ],
			"faces": {
				"down": { "uv": [ 5, 6, 6, 7 ], "texture": "#down" },
				"up": { "uv": [ 5, 6, 6, 7 ], "texture": "#up" },
				"north": { "uv": [ 5, 6, 6, 7 ], "texture": "#north" },
				"south": { "uv": [ 5, 6, 6, 7 ], "texture": "#south" },
				"west": { "uv": [ 5, 6, 6, 7 ], "texture": "#west" },
				"east": { "uv": [ 5, 6, 6, 7 ], "texture": "#east" }
			}
		},
		{
			"from": [ 4, 9, 4 ],
			"to": [ 5, 15, 5 ],
			"faces": {
				"down": { "uv": [ 4, 10, 5, 11 ], "texture": "#down" },
				"up": { "uv": [ 4, 5, 5, 6 ], "texture": "#up" },
				"north": { "uv": [ 4, 5, 5, 11 ], "texture": "#north" },
				"south": { "uv": [ 4, 5, 5, 11 ], "texture": "#south" },
				"west": { "uv": [ 4, 5, 5, 11 ], "texture": "#west" },
				"east": { "uv": [ 4, 5, 5, 11 ], "texture": "#east" }
			}
		},
		{
			"from": [ 3, 9, 3 ],
			"to": [ 4, 10, 4 ],
			"faces": {
				"down": { "uv": [ 3, 10, 4, 11 ], "texture": "#down" },
				"up": { "uv": [ 3, 10, 4, 11 ], "texture": "#up" },
				"north": { "uv": [ 3, 10, 4, 11 ], "texture": "#north" },
				"south": { "uv": [ 3, 10, 4, 11 ], "texture": "#south" },
				"west": { "uv": [ 3, 10, 4, 11 ], "texture": "#west" },
				"east": { "uv": [ 3, 10, 4, 11 ], "texture": "#east" }
			}
		},
		{
			"from": [ 3, 11, 3 ],
			"to": [ 4, 15, 4 ],
			"faces": {
				"down": { "uv": [ 3, 8, 4, 9 ], "texture": "#down" },
				"up": { "uv": [ 3, 5, 4, 6 ], "texture": "#up" },
				"north": { "uv": [ 3, 5, 4, 9 ], "texture": "#north" },
				"south": { "uv": [ 3, 5, 4, 9 ], "texture": "#south" },
				"west": { "uv": [ 3, 5, 4, 9 ], "texture": "#west" },
				"east": { "uv": [ 3, 5, 4, 9 ], "texture": "#east" }
			}
		},
		{
			"from": [ 2, 11, 2 ],
			"to": [ 3, 14, 3 ],
			"faces": {
				"down": { "uv": [ 2, 8, 3, 9 ], "texture": "#down" },
				"up": { "uv": [ 2, 6, 3, 7 ], "texture": "#up" },
				"north": { "uv": [ 2, 6, 3, 9 ], "texture": "#north" },
				"south": { "uv": [ 2, 6, 3, 9 ], "texture": "#south" },
				"west": { "uv": [ 2, 6, 3, 9 ], "texture": "#west" },
				"east": { "uv": [ 2, 6, 3, 9 ], "texture": "#east" }
			}
		},
		{
			"from": [ 1, 12, 1 ],
			"to": [ 2, 13, 2 ],
			"faces": {
				"down": { "uv": [ 1, 7, 2, 8 ], "texture": "#down" },
				"up": { "uv": [ 1, 7, 2, 8 ], "texture": "#up" },
				"north": { "uv": [ 1, 7, 2, 8 ], "texture": "#north" },
				"south": { "uv": [ 1, 7, 2, 8 ], "texture": "#south" },
				"west": { "uv": [ 1, 7, 2, 8 ], "texture": "#west" },
				"east": { "uv": [ 1, 7, 2, 8 ], "texture": "#east" }
			}
		},
		{
			"from": [ 3, 10, 12 ],
			"to": [ 4, 13, 13 ],
			"faces": {
				"down": { "uv": [ 12, 9, 13, 10 ], "texture": "#down" },
				"up": { "uv": [ 12, 7, 13, 8 ], "texture": "#up" },
				"north": { "uv": [ 12, 7, 13, 10 ], "texture": "#north" },
				"south": { "uv": [ 12, 7, 13, 10 ], "texture": "#south" },
				"west": { "uv": [ 12, 7, 13, 10 ], "texture": "#west" },
				"east": { "uv": [ 12, 7, 13, 10 ], "texture": "#east" }
			}
		},
		{
			"from": [ 4, 7, 11 ],
			"to": [ 5, 8, 12 ],
			"faces": {
				"down": { "uv": [ 11, 12, 12, 13 ], "texture": "#down" },
				"up": { "uv": [ 11, 12, 12, 13 ], "texture": "#up" },
				"north": { "uv": [ 11, 12, 12, 13 ], "texture": "#north" },
				"south": { "uv": [ 11, 12, 12, 13 ], "texture": "#south" },
				"west": { "uv": [ 11, 12, 12, 13 ], "texture": "#west" },
				"east": { "uv": [ 11, 12, 12, 13 ], "texture": "#east" }
			}
		},
		{
			"from": [ 4, 10, 11 ],
			"to": [ 5, 12, 12 ],
			"faces": {
				"down": { "uv": [ 11, 9, 12, 10 ], "texture": "#down" },
				"up": { "uv": [ 11, 8, 12, 9 ], "texture": "#up" },
				"north": { "uv": [ 11, 8, 12, 10 ], "texture": "#north" },
				"south": { "uv": [ 11, 8, 12, 10 ], "texture": "#south" },
				"west": { "uv": [ 11, 8, 12, 10 ], "texture": "#west" },
				"east": { "uv": [ 11, 8, 12, 10 ], "texture": "#east" }
			}
		},
		{
			"from": [ 4, 14, 11 ],
			"to": [ 5, 15, 12 ],
			"faces": {
				"down": { "uv": [ 11, 5, 12, 6 ], "texture": "#down" },
				"up": { "uv": [ 11, 5, 12, 6 ], "texture": "#up" },
				"north": { "uv": [ 11, 5, 12, 6 ], "texture": "#north" },
				"south": { "uv": [ 11, 5, 12, 6 ], "texture": "#south" },
				"west": { "uv": [ 11, 5, 12, 6 ], "texture": "#west" },
				"east": { "uv": [ 11, 5, 12, 6 ], "texture": "#east" }
			}
		},
		{
			"from": [ 5, 7, 10 ],
			"to": [ 6, 12, 11 ],
			"faces": {
				"down": { "uv": [ 10, 12, 11, 13 ], "texture": "#down" },
				"up": { "uv": [ 10, 8, 11, 9 ], "texture": "#up" },
				"north": { "uv": [ 10, 8, 11, 13 ], "texture": "#north" },
				"south": { "uv": [ 10, 8, 11, 13 ], "texture": "#south" },
				"west": { "uv": [ 10, 8, 11, 13 ], "texture": "#west" },
				"east": { "uv": [ 10, 8, 11, 13 ], "texture": "#east" }
			}
		},
		{
			"from": [ 5, 13, 10 ],
			"to": [ 6, 15, 11 ],
			"faces": {
				"down": { "uv": [ 10, 6, 11, 7 ], "texture": "#down" },
				"up": { "uv": [ 10, 5, 11, 6 ], "texture": "#up" },
				"north": { "uv": [ 10, 5, 11, 7 ], "texture": "#north" },
				"south": { "uv": [ 10, 5, 11, 7 ], "texture": "#south" },
				"west": { "uv": [ 10, 5, 11, 7 ], "texture": "#west" },
				"east": { "uv": [ 10, 5, 11, 7 ], "texture": "#east" }
			}
		},
		{
			"from": [ 6, 5, 9 ],
			"to": [ 7, 14, 10 ],
			"faces": {
				"down": { "uv": [ 9, 14, 10, 15 ], "texture": "#down" },
				"up": { "uv": [ 9, 6, 10, 7 ], "texture": "#up" },
				"north": { "uv": [ 9, 6, 10, 15 ], "texture": "#north" },
				"south": { "uv": [ 9, 6, 10, 15 ], "texture": "#south" },
				"west": { "uv": [ 9, 6, 10, 15 ], "texture": "#west" },
				"east": { "uv": [ 9, 6, 10, 15 ], "texture": "#east" }
			}
		},
		{
			"from": [ 6, 16, 9 ],
			"to": [ 7, 17, 10 ],
			"faces": {
				"down": { "uv": [ 9, 3, 10, 4 ], "texture": "#down" },
				"up": { "uv": [ 9, 3, 10, 4 ], "texture": "#up" },
				"north": { "uv": [ 9, 3, 10, 4 ], "texture": "#north" },
				"south": { "uv": [ 9, 3, 10, 4 ], "texture": "#south" },
				"west": { "uv": [ 9, 3, 10, 4 ], "texture": "#west" },
				"east": { "uv": [ 9, 3, 10, 4 ], "texture": "#east" }
			}
		},
		{
			"from": [ 7, 4, 8 ],
			"to": [ 8, 18, 9 ],
			"faces": {
				"down": { "uv": [ 8, 15, 9, 16 ], "texture": "#down" },
				"up": { "uv": [ 8, 2, 9, 3 ], "texture": "#up" },
				"south": { "uv": [ 8, 2, 9, 16 ], "texture": "#south" },
				"west": { "uv": [ 8, 2, 9, 16 ], "texture": "#west" }
			}
		},
		{
			"from": [ 8, 4, 7 ],
			"to": [ 9, 18, 8 ],
			"faces": {
				"down": { "uv": [ 7, 15, 8, 16 ], "texture": "#down" },
				"up": { "uv": [ 7, 2, 8, 3 ], "texture": "#up" },
				"north": { "uv": [ 7, 2, 8, 16 ], "texture": "#north" },
				"east": { "uv": [ 7, 2, 8, 16 ], "texture": "#east" }
			}
		},
		{
			"from": [ 9, 5, 6 ],
			"to": [ 10, 15, 7 ],
			"faces": {
				"down": { "uv": [ 6, 14, 7, 15 ], "texture": "#down" },
				"up": { "uv": [ 6, 5, 7, 6 ], "texture": "#up" },
				"north": { "uv": [ 6, 5, 7, 15 ], "texture": "#north" },
				"south": { "uv": [ 6, 5, 7, 15 ], "texture": "#south" },
				"west": { "uv": [ 6, 5, 7, 15 ], "texture": "#west" },
				"east": { "uv": [ 6, 5, 7, 15 ], "texture": "#east" }
			}
		},
		{
			"from": [ 9, 16, 6 ],
			"to": [ 10, 17, 7 ],
			"faces": {
				"down": { "uv": [ 6, 3, 7, 4 ], "texture": "#down" },
				"up": { "uv": [ 6, 3, 7, 4 ], "texture": "#up" },
				"north": { "uv": [ 6, 3, 7, 4 ], "texture": "#north" },
				"south": { "uv": [ 6, 3, 7, 4 ], "texture": "#south" },
				"west": { "uv": [ 6, 3, 7, 4 ], "texture": "#west" },
				"east": { "uv": [ 6, 3, 7, 4 ], "texture": "#east" }
			}
		},
		{
			"from": [ 10, 7, 5 ],
			"to": [ 11, 12, 6 ],
			"faces": {
				"down": { "uv": [ 5, 12, 6, 13 ], "texture": "#down" },
				"up": { "uv": [ 5, 8, 6, 9 ], "texture": "#up" },
				"north": { "uv": [ 5, 8, 6, 13 ], "texture": "#north" },
				"south": { "uv": [ 5, 8, 6, 13 ], "texture": "#south" },
				"west": { "uv": [ 5, 8, 6, 13 ], "texture": "#west" },
				"east": { "uv": [ 5, 8, 6, 13 ], "texture": "#east" }
			}
		},
		{
			"from": [ 10, 13, 5 ],
			"to": [ 11, 14, 6 ],
			"faces": {
				"down": { "uv": [ 5, 6, 6, 7 ], "texture": "#down" },
				"up": { "uv": [ 5, 6, 6, 7 ], "texture": "#up" },
				"north": { "uv": [ 5, 6, 6, 7 ], "texture": "#north" },
				"south": { "uv": [ 5, 6, 6, 7 ], "texture": "#south" },
				"west": { "uv": [ 5, 6, 6, 7 ], "texture": "#west" },
				"east": { "uv": [ 5, 6, 6, 7 ], "texture": "#east" }
			}
		},
		{
			"from": [ 11, 9, 4 ],
			"to": [ 12, 15, 5 ],
			"faces": {
				"down": { "uv": [ 4, 10, 5, 11 ], "texture": "#down" },
				"up": { "uv": [ 4, 5, 5, 6 ], "texture": "#up" },
				"north": { "uv": [ 4, 5, 5, 11 ], "texture": "#north" },
				"south": { "uv": [ 4, 5, 5, 11 ], "texture": "#south" },
				"west": { "uv": [ 4, 5, 5, 11 ], "texture": "#west" },
				"east": { "uv": [ 4, 5, 5, 11 ], "texture": "#east" }
			}
		},
		{
			"from": [ 12, 9, 3 ],
			"to": [ 13, 10, 4 ],
			"faces": {
				"down": { "uv": [ 3, 10, 4, 11 ], "texture": "#down" },
				"up": { "uv": [ 3, 10, 4, 11 ], "texture": "#up" },
				"north": { "uv": [ 3, 10, 4, 11 ], "texture": "#north" },
				"south": { "uv": [ 3, 10, 4, 11 ], "texture": "#south" },
				"west": { "uv": [ 3, 10, 4, 11 ], "texture": "#west" },
				"east": { "uv": [ 3, 10, 4, 11 ], "texture": "#east" }
			}
		},
		{
			"from": [ 12, 11, 3 ],
			"to": [ 13, 15, 4 ],
			"faces": {
				"down": { "uv": [ 3, 8, 4, 9 ], "texture": "#down" },
				"up": { "uv": [ 3, 5, 4, 6 ], "texture": "#up" },
				"north": { "uv": [ 3, 5, 4, 9 ], "texture": "#north" },
				"south": { "uv": [ 3, 5, 4, 9 ], "texture": "#south" },
				"west": { "uv": [ 3, 5, 4, 9 ], "texture": "#west" },
				"east": { "uv": [ 3, 5, 4, 9 ], "texture": "#east" }
			}
		},
		{
			"from": [ 13, 11, 2 ],
			"to": [ 14, 14, 3 ],
			"faces": {
				"down": { "uv": [ 2, 8, 3, 9 ], "texture": "#down" },
				"up": { "uv": [ 2, 6, 3, 7 ], "texture": "#up" },
				"north": { "uv": [ 2, 6, 3, 9 ], "texture": "#north" },
				"south": { "uv": [ 2, 6, 3, 9 ], "texture": "#south" },
				"west": { "uv": [ 2, 6, 3, 9 ], "texture": "#west" },
				"east": { "uv": [ 2, 6, 3, 9 ], "texture": "#east" }
			}
		},
		{
			"from": [ 14, 12, 1 ],
			"to": [ 15, 13, 2 ],
			"faces": {
				"down": { "uv": [ 1, 7, 2, 8 ], "texture": "#down" },
				"up": { "uv": [ 1, 7, 2, 8 ], "texture": "#up" },
				"north": { "uv": [ 1, 7, 2, 8 ], "texture": "#north" },
				"south": { "uv": [ 1, 7, 2, 8 ], "texture": "#south" },
				"west": { "uv": [ 1, 7, 2, 8 ], "texture": "#west" },
				"east": { "uv": [ 1, 7, 2, 8 ], "texture": "#east" }
			}
		},
		{
			"from": [ 5, 0, 5 ],
			"to": [ 6, 6, 11 ],
			"faces": {
				"down": { "uv": [ 5, 5, 6, 11 ], "texture": "#flowerpot", "cullface": "down" },
				"up": { "uv": [ 5, 5, 6, 11 ], "texture": "#flowerpot" },
				"north": { "uv": [ 10, 10, 11, 16 ], "texture": "#flowerpot" },
				"south": { "uv": [ 5, 10, 6, 16 ], "texture": "#flowerpot" },
				"west": { "uv": [ 5, 10, 11, 16 ], "texture": "#flowerpot" },
				"east": { "uv": [ 5, 10, 11, 16 ], "texture": "#flowerpot" }
			}
		},
		{
			"from": [ 10, 0, 5 ],
			"to": [ 11, 6, 11 ],
			"faces": {
				"down": { "uv": [ 10, 5, 11, 11 ], "texture": "#flowerpot", "cullface": "down" },
				"up": { "uv": [ 10, 5, 11, 11 ], "texture": "#flowerpot" },
				"north": { "uv": [ 5, 10, 6, 16 ], "texture": "#flowerpot" },
				"south": { "uv": [ 10, 10, 11, 16 ], "texture": "#flowerpot" },
				"west": { "uv": [ 5, 10, 11, 16 ], "texture": "#flowerpot" },
				"east": { "uv": [ 5, 10, 11, 16 ], "texture": "#flowerpot" }
			}
		},
		{
			"from": [ 6, 0, 5 ],
			"to": [ 10, 6, 6 ],
			"faces": {
				"down": { "uv": [ 6, 10, 10, 11 ], "texture": "#flowerpot", "cullface": "down" },
				"up": { "uv": [ 6, 5, 10, 6 ], "texture": "#flowerpot" },
				"north": { "uv": [ 6, 10, 10, 16 ], "texture": "#flowerpot" },
				"south": { "uv": [ 6, 10, 10, 16 ], "texture": "#flowerpot" }
			}
		},
		{
			"from": [ 6, 0, 10 ],
			"to": [ 10, 6, 11 ],
			"faces": {
				"down": { "uv": [ 6, 5, 10, 6 ], "texture": "#flowerpot", "cullface": "down" },
				"up": { "uv": [ 6, 10, 10, 11 ], "texture": "#flowerpot" },
				"north": { "uv": [ 6, 10, 10, 16 ], "texture": "#flowerpot" },
				"south": { "uv": [ 6, 10, 10, 16 ], "texture": "#flowerpot" }
			}
		},
		{
			"from": [ 6, 0, 6 ],
			"to": [ 10, 4, 10 ],
			"faces": {
				"down": { "uv": [ 6, 6, 10, 10 ], "texture": "#flowerpot", "cullface": "down" },
				"up": { "uv": [ 6, 6, 10, 10 ], "texture": "#dirt" }
			}
		}
	]
}