{
	"__comment": "Designed by AndrealVox",
	"ambientocclusion": false,
	"textures": {
		"particle": "block/flower_rose",
		"all": "block/flower_rose",
		"flowerpot": "block/flower_pot",
		"dirt": "block/dirt"
	},
	"elements": [
		{
			"from": [ 6.5, 11, 6 ],
			"to": [ 9.5, 12, 7 ],
			"faces": {
				"down": { "uv": [ 5, 8, 8, 9 ], "texture": "#all" },
				"up": { "uv": [ 8, 6, 11, 7 ], "texture": "#all" },
				"north": { "uv": [ 5, 8, 8, 9 ], "texture": "#all" },
				"south": { "uv": [ 8, 6, 11, 7 ], "texture": "#all" },
				"west": { "uv": [ 6, 8, 7, 9 ], "texture": "#all" },
				"east": { "uv": [ 6, 8, 7, 9 ], "texture": "#all" }
			}
		},
		{
			"from": [ 10, 12.5, 8.5 ],
			"to": [ 11, 13.5, 9.5 ],
			"faces": {
				"down": { "uv": [ 9, 8, 10, 9 ], "texture": "#all" },
				"up": { "uv": [ 10, 7, 11, 8 ], "texture": "#all" },
				"north": { "uv": [ 9, 6, 10, 7 ], "texture": "#all" },
				"south": { "uv": [ 10, 6, 11, 7 ], "texture": "#all" },
				"west": { "uv": [ 8.5, 5.5, 9.5, 6.5 ], "texture": "#all" },
				"east": { "uv": [ 8.5, 5.5, 9.5, 6.5 ], "texture": "#all" }
			}
		},
		{
			"from": [ 6, 12.5, 8.5 ],
			"to": [ 7, 13.5, 9.5 ],
			"faces": {
				"down": { "uv": [ 6, 8.5, 7, 9.5 ], "texture": "#all" },
				"up": { "uv": [ 6, 8.5, 7, 9.5 ], "texture": "#all" },
				"north": { "uv": [ 5, 7, 6, 8 ], "texture": "#all" },
				"south": { "uv": [ 6, 6, 7, 7 ], "texture": "#all" },
				"west": { "uv": [ 8.5, 5.5, 9.5, 6.5 ], "texture": "#all" },
				"east": { "uv": [ 8.5, 5.5, 9.5, 6.5 ], "texture": "#all" }
			}
		},
		{
			"from": [ 9.5, 12, 7.5 ],
			"to": [ 10.5, 13, 8.5 ],
			"faces": {
				"down": { "uv": [ 9.5, 7, 10.5, 8 ], "texture": "#all" },
				"up": { "uv": [ 9.5, 7, 10.5, 8 ], "texture": "#all" },
				"north": { "uv": [ 9, 7, 10, 8 ], "texture": "#all" },
				"south": { "uv": [ 9, 7, 10, 8 ], "texture": "#all" },
				"west": { "uv": [ 7, 7.5, 8, 8.5 ], "texture": "#all" },
				"east": { "uv": [ 7, 7.5, 8, 8.5 ], "texture": "#all" }
			}
		},
		{
			"from": [ 5.5, 11.5, 6.5 ],
			"to": [ 6.5, 12.5, 7.5 ],
			"faces": {
				"down": { "uv": [ 5, 7, 6, 8 ], "texture": "#all" },
				"up": { "uv": [ 6, 8, 7, 9 ], "texture": "#all" },
				"north": { "uv": [ 5.5, 8, 6.5, 9 ], "texture": "#all" },
				"south": { "uv": [ 5.5, 8, 6.5, 9 ], "texture": "#all" },
				"west": { "uv": [ 6.5, 8, 7.5, 9 ], "texture": "#all" },
				"east": { "uv": [ 6.5, 8, 7.5, 9 ], "texture": "#all" }
			}
		},
		{
			"from": [ 9, 11.5, 7 ],
			"to": [ 10, 12.5, 8 ],
			"faces": {
				"down": { "uv": [ 9, 7, 10, 8 ], "texture": "#all" },
				"up": { "uv": [ 9, 7, 10, 8 ], "texture": "#all" },
				"north": { "uv": [ 9, 7.5, 10, 8.5 ], "texture": "#all" },
				"south": { "uv": [ 9, 7.5, 10, 8.5 ], "texture": "#all" },
				"west": { "uv": [ 7, 7.5, 8, 8.5 ], "texture": "#all" },
				"east": { "uv": [ 7, 7.5, 8, 8.5 ], "texture": "#all" }
			}
		},
		{
			"from": [ 5.5, 12, 7.5 ],
			"to": [ 6.5, 13, 8.5 ],
			"faces": {
				"down": { "uv": [ 5.5, 7.5, 6.5, 8.5 ], "texture": "#all" },
				"up": { "uv": [ 5.5, 7.5, 6.5, 8.5 ], "texture": "#all" },
				"north": { "uv": [ 5.5, 7, 6.5, 8 ], "texture": "#all" },
				"south": { "uv": [ 5.5, 7, 6.5, 8 ], "texture": "#all" },
				"west": { "uv": [ 7.5, 7, 8.5, 8 ], "texture": "#all" },
				"east": { "uv": [ 7.5, 7, 8.5, 8 ], "texture": "#all" }
			}
		},
		{
			"from": [ 7, 13, 9 ],
			"to": [ 10, 14, 10 ],
			"faces": {
				"down": { "uv": [ 7, 8, 10, 9 ], "texture": "#all" },
				"up": { "uv": [ 7, 8, 10, 9 ], "texture": "#all" },
				"north": { "uv": [ 7, 6, 10, 7 ], "texture": "#all" },
				"south": { "uv": [ 7, 6, 10, 7 ], "texture": "#all" },
				"west": { "uv": [ 9, 6, 10, 7 ], "texture": "#all" },
				"east": { "uv": [ 10, 6, 11, 7 ], "texture": "#all" }
			}
		},
		{
			"from": [ 6, 12, 8 ],
			"to": [ 10, 13, 9 ],
			"faces": {
				"down": { "uv": [ 6, 8, 10, 9 ], "texture": "#all" },
				"up": { "uv": [ 6, 8, 10, 9 ], "texture": "#all" },
				"north": { "uv": [ 6, 7, 10, 8 ], "texture": "#all" },
				"south": { "uv": [ 6, 7, 10, 8 ], "texture": "#all" },
				"west": { "uv": [ 8, 7, 9, 8 ], "texture": "#all" },
				"east": { "uv": [ 8, 7, 9, 8 ], "texture": "#all" }
			}
		},
		{
			"from": [ 6, 11, 7 ],
			"to": [ 9, 12, 8 ],
			"faces": {
				"down": { "uv": [ 6, 7, 9, 8 ], "texture": "#all" },
				"up": { "uv": [ 6, 7, 9, 8 ], "texture": "#all" },
				"north": { "uv": [ 6, 8, 9, 9 ], "texture": "#all" },
				"south": { "uv": [ 6, 8, 9, 9 ], "texture": "#all" },
				"west": { "uv": [ 7, 8, 8, 9 ], "texture": "#all" },
				"east": { "uv": [ 7, 8, 8, 9 ], "texture": "#all" }
			}
		},
		{
			"from": [ 10, 6, 10 ],
			"to": [ 12, 7, 12 ],
			"faces": {
				"down": { "uv": [ 8, 14, 10, 16 ], "texture": "#all" },
				"up": { "uv": [ 8, 14, 10, 16 ], "texture": "#all" },
				"north": { "uv": [ 10, 13, 12, 14 ], "texture": "#all" },
				"south": { "uv": [ 10, 13, 12, 14 ], "texture": "#all" },
				"west": { "uv": [ 10, 13, 12, 14 ], "texture": "#all" },
				"east": { "uv": [ 10, 13, 12, 14 ], "texture": "#all" }
			}
		},
		{
			"from": [ 9, 4, 9 ],
			"to": [ 10, 6, 10 ],
			"faces": {
				"down": { "uv": [ 8, 9, 9, 10 ], "texture": "#all" },
				"up": { "uv": [ 8, 9, 9, 10 ], "texture": "#all" },
				"north": { "uv": [ 9, 14, 10, 16 ], "texture": "#all" },
				"south": { "uv": [ 9, 14, 10, 16 ], "texture": "#all" },
				"west": { "uv": [ 9, 14, 10, 16 ], "texture": "#all" },
				"east": { "uv": [ 9, 14, 10, 16 ], "texture": "#all" }
			}
		},
		{
			"from": [ 6, 5, 8 ],
			"to": [ 7, 6, 9 ],
			"faces": {
				"down": { "uv": [ 8, 11, 9, 12 ], "texture": "#all" },
				"up": { "uv": [ 8, 11, 9, 12 ], "texture": "#all" },
				"north": { "uv": [ 6, 14, 7, 15 ], "texture": "#all" },
				"south": { "uv": [ 6, 14, 7, 15 ], "texture": "#all" },
				"west": { "uv": [ 8, 14, 9, 15 ], "texture": "#all" },
				"east": { "uv": [ 8, 14, 9, 15 ], "texture": "#all" }
			}
		},
		{
			"from": [ 5, 6, 7.5 ],
			"to": [ 7, 7, 9.5 ],
			"faces": {
				"down": { "uv": [ 8, 14, 10, 16 ], "texture": "#all" },
				"up": { "uv": [ 8, 14, 10, 16 ], "texture": "#all" },
				"north": { "uv": [ 5, 13, 7, 14 ], "texture": "#all" },
				"south": { "uv": [ 5, 13, 7, 14 ], "texture": "#all" },
				"west": { "uv": [ 5, 13, 7, 14 ], "texture": "#all" },
				"east": { "uv": [ 5, 13, 7, 14 ], "texture": "#all" }
			}
		},
		{
			"from": [ 7, 4, 8 ],
			"to": [ 8, 5, 9 ],
			"faces": {
				"down": { "uv": [ 7, 9, 8, 10 ], "texture": "#all" },
				"up": { "uv": [ 8, 11, 9, 12 ], "texture": "#all" },
				"north": { "uv": [ 7, 15, 8, 16 ], "texture": "#all" },
				"south": { "uv": [ 7, 15, 8, 16 ], "texture": "#all" },
				"west": { "uv": [ 8, 15, 9, 16 ], "texture": "#all" },
				"east": { "uv": [ 8, 15, 9, 16 ], "texture": "#all" }
			}
		},
		{
			"from": [ 8, 4, 8 ],
			"to": [ 9, 12, 9 ],
			"faces": {
				"down": { "uv": [ 8, 9, 9, 10 ], "texture": "#all" },
				"up": { "uv": [ 8, 9, 9, 10 ], "texture": "#all" },
				"north": { "uv": [ 8, 9, 9, 16 ], "texture": "#all" },
				"south": { "uv": [ 8, 9, 9, 16 ], "texture": "#all" },
				"west": { "uv": [ 8, 9, 9, 16 ], "texture": "#all" },
				"east": { "uv": [ 8, 9, 9, 16 ], "texture": "#all" }
			}
		},
		{
			"from": [ 5, 0, 5 ],
			"to": [ 6, 6, 11 ],
			"faces": {
				"down": { "uv": [ 5, 5, 6, 11 ], "texture": "#flowerpot", "cullface": "down" },
				"up": { "uv": [ 5, 5, 6, 11 ], "texture": "#flowerpot" },
				"north": { "uv": [ 10, 10, 11, 16 ], "texture": "#flowerpot" },
				"south": { "uv": [ 5, 10, 6, 16 ], "texture": "#flowerpot" },
				"west": { "uv": [ 5, 10, 11, 16 ], "texture": "#flowerpot" },
				"east": { "uv": [ 5, 10, 11, 16 ], "texture": "#flowerpot" }
			}
		},
		{
			"from": [ 10, 0, 5 ],
			"to": [ 11, 6, 11 ],
			"faces": {
				"down": { "uv": [ 10, 5, 11, 11 ], "texture": "#flowerpot", "cullface": "down" },
				"up": { "uv": [ 10, 5, 11, 11 ], "texture": "#flowerpot" },
				"north": { "uv": [ 5, 10, 6, 16 ], "texture": "#flowerpot" },
				"south": { "uv": [ 10, 10, 11, 16 ], "texture": "#flowerpot" },
				"west": { "uv": [ 5, 10, 11, 16 ], "texture": "#flowerpot" },
				"east": { "uv": [ 5, 10, 11, 16 ], "texture": "#flowerpot" }
			}
		},
		{
			"from": [ 6, 0, 5 ],
			"to": [ 10, 6, 6 ],
			"faces": {
				"down": { "uv": [ 6, 10, 10, 11 ], "texture": "#flowerpot", "cullface": "down" },
				"up": { "uv": [ 6, 5, 10, 6 ], "texture": "#flowerpot" },
				"north": { "uv": [ 6, 10, 10, 16 ], "texture": "#flowerpot" },
				"south": { "uv": [ 6, 10, 10, 16 ], "texture": "#flowerpot" }
			}
		},
		{
			"from": [ 6, 0, 10 ],
			"to": [ 10, 6, 11 ],
			"faces": {
				"down": { "uv": [ 6, 5, 10, 6 ], "texture": "#flowerpot", "cullface": "down" },
				"up": { "uv": [ 6, 10, 10, 11 ], "texture": "#flowerpot" },
				"north": { "uv": [ 6, 10, 10, 16 ], "texture": "#flowerpot" },
				"south": { "uv": [ 6, 10, 10, 16 ], "texture": "#flowerpot" }
			}
		},
		{
			"from": [ 6, 0, 6 ],
			"to": [ 10, 4, 10 ],
			"faces": {
				"down": { "uv": [ 6, 6, 10, 10 ], "texture": "#flowerpot", "cullface": "down" },
				"up": { "uv": [ 6, 6, 10, 10 ], "texture": "#dirt" }
			}
		}
	]
}