{
	"__comment": "Designed by AndrealVox",
	"ambientocclusion": false,
	"textures": {
		"particle": "block/cactus_side",
		"bottom": "block/cactus_bottom",
		"top": "block/cactus_top",
		"side": "block/cactus_side",
		"flowerpot": "block/flower_pot",
		"dirt": "block/dirt"
	},
	"elements": [
		{
			"__comment": "MAIN BLOCK",
			"from": [ 6.25, 4, 6 ],
			"to": [ 9.75, 12, 9.5 ],
			"faces": {
				"down": { "uv": [ 1, 1, 15, 15 ], "texture": "#bottom", "cullface": "down" },
				"up": { "uv": [ 1, 1, 15, 15 ], "texture": "#top", "cullface": "up" },
				"north": { "uv": [ 1, 0, 15, 16 ], "texture": "#side", "cullface": "north" },
				"south": { "uv": [ 1, 0, 15, 16 ], "texture": "#side", "cullface": "south" },
				"west": { "uv": [ 1, 0, 15, 16 ], "texture": "#side", "cullface": "west" },
				"east": { "uv": [ 1, 0, 15, 16 ], "texture": "#side", "cullface": "east" }
			}
		},
		{
			"__comment": "#side",
			"from": [ 6, 5.5, 6 ],
			"to": [ 6.25, 6, 6.25 ],
			"faces": {
				"down": { "uv": [ 0, 2, 1, 3 ], "texture": "#side", "cullface": "down" },
				"up": { "uv": [ 0, 2, 1, 3 ], "texture": "#side", "cullface": "up" },
				"north": { "uv": [ 0, 12, 1, 13 ], "texture": "#side", "cullface": "north" },
				"south": { "uv": [ 0, 12, 1, 13 ], "texture": "#side", "cullface": "south" },
				"west": { "uv": [ 1, 12, 2, 13 ], "texture": "#side", "cullface": "west" }
			}
		},
		{
			"from": [ 6, 8.5, 6 ],
			"to": [ 6.25, 9, 6.25 ],
			"faces": {
				"down": { "uv": [ 0, 2, 1, 3 ], "texture": "#side", "cullface": "down" },
				"up": { "uv": [ 0, 2, 1, 3 ], "texture": "#side", "cullface": "up" },
				"north": { "uv": [ 0, 6, 1, 7 ], "texture": "#side", "cullface": "north" },
				"south": { "uv": [ 0, 6, 1, 7 ], "texture": "#side", "cullface": "south" },
				"west": { "uv": [ 1, 6, 2, 7 ], "texture": "#side", "cullface": "west" }
			}
		},
		{
			"from": [ 6, 10.5, 6 ],
			"to": [ 6.25, 11, 6.25 ],
			"faces": {
				"down": { "uv": [ 0, 2, 1, 3 ], "texture": "#side", "cullface": "down" },
				"up": { "uv": [ 0, 2, 1, 3 ], "texture": "#side", "cullface": "up" },
				"north": { "uv": [ 0, 2, 1, 3 ], "texture": "#side", "cullface": "north" },
				"south": { "uv": [ 0, 2, 1, 3 ], "texture": "#side", "cullface": "south" },
				"west": { "uv": [ 1, 2, 2, 3 ], "texture": "#side", "cullface": "west" }
			}
		},
		{
			"from": [ 6, 4.5, 7.5 ],
			"to": [ 6.25, 5, 7.75 ],
			"faces": {
				"down": { "uv": [ 0, 6, 1, 7 ], "texture": "#side", "cullface": "down" },
				"up": { "uv": [ 0, 6, 1, 7 ], "texture": "#side", "cullface": "up" },
				"north": { "uv": [ 0, 12, 1, 13 ], "texture": "#side", "cullface": "north" },
				"south": { "uv": [ 0, 12, 1, 13 ], "texture": "#side", "cullface": "south" },
				"west": { "uv": [ 7, 14, 8, 15 ], "texture": "#side", "cullface": "west" }
			}
		},
		{
			"from": [ 6, 5.5, 7.75 ],
			"to": [ 6.25, 6, 8 ],
			"faces": {
				"down": { "uv": [ 0, 6, 1, 7 ], "texture": "#side", "cullface": "down" },
				"up": { "uv": [ 0, 6, 1, 7 ], "texture": "#side", "cullface": "up" },
				"north": { "uv": [ 0, 12, 1, 13 ], "texture": "#side", "cullface": "north" },
				"south": { "uv": [ 0, 12, 1, 13 ], "texture": "#side", "cullface": "south" },
				"west": { "uv": [ 8, 12, 9, 13 ], "texture": "#side", "cullface": "west" }
			}
		},
		{
			"from": [ 6, 7, 7.5 ],
			"to": [ 6.25, 7.5, 7.75 ],
			"faces": {
				"down": { "uv": [ 0, 6, 1, 7 ], "texture": "#side", "cullface": "down" },
				"up": { "uv": [ 0, 6, 1, 7 ], "texture": "#side", "cullface": "up" },
				"north": { "uv": [ 0, 10, 1, 11 ], "texture": "#side", "cullface": "north" },
				"south": { "uv": [ 0, 10, 1, 11 ], "texture": "#side", "cullface": "south" },
				"west": { "uv": [ 7, 9, 8, 10 ], "texture": "#side", "cullface": "west" }
			}
		},
		{
			"from": [ 6, 8, 7.75 ],
			"to": [ 6.25, 8.5, 8 ],
			"faces": {
				"down": { "uv": [ 0, 6, 1, 7 ], "texture": "#side", "cullface": "down" },
				"up": { "uv": [ 0, 6, 1, 7 ], "texture": "#side", "cullface": "up" },
				"north": { "uv": [ 0, 6, 1, 7 ], "texture": "#side", "cullface": "north" },
				"south": { "uv": [ 0, 6, 1, 7 ], "texture": "#side", "cullface": "south" },
				"west": { "uv": [ 8, 7, 9, 8 ], "texture": "#side", "cullface": "west" }
			}
		},
		{
			"from": [ 6, 10, 7.75 ],
			"to": [ 6.25, 10.5, 8 ],
			"faces": {
				"down": { "uv": [ 0, 6, 1, 7 ], "texture": "#side", "cullface": "down" },
				"up": { "uv": [ 0, 6, 1, 7 ], "texture": "#side", "cullface": "up" },
				"north": { "uv": [ 0, 2, 1, 3 ], "texture": "#side", "cullface": "north" },
				"south": { "uv": [ 0, 2, 1, 3 ], "texture": "#side", "cullface": "south" },
				"west": { "uv": [ 8, 3, 9, 4 ], "texture": "#side", "cullface": "west" }
			}
		},
		{
			"from": [ 6, 11, 7.5 ],
			"to": [ 6.25, 11.5, 7.75 ],
			"faces": {
				"down": { "uv": [ 0, 6, 1, 7 ], "texture": "#side", "cullface": "down" },
				"up": { "uv": [ 0, 6, 1, 7 ], "texture": "#side", "cullface": "up" },
				"north": { "uv": [ 0, 2, 1, 3 ], "texture": "#side", "cullface": "north" },
				"south": { "uv": [ 0, 2, 1, 3 ], "texture": "#side", "cullface": "south" },
				"west": { "uv": [ 7, 1, 8, 2 ], "texture": "#side", "cullface": "west" }
			}
		},
		{
			"from": [ 6, 6.5, 9.25 ],
			"to": [ 6.25, 7, 9.5 ],
			"faces": {
				"down": { "uv": [ 0, 12, 1, 13 ], "texture": "#side", "cullface": "down" },
				"up": { "uv": [ 0, 12, 1, 13 ], "texture": "#side", "cullface": "up" },
				"north": { "uv": [ 0, 10, 1, 11 ], "texture": "#side", "cullface": "north" },
				"south": { "uv": [ 0, 10, 1, 11 ], "texture": "#side", "cullface": "south" },
				"west": { "uv": [ 14, 10, 15, 11 ], "texture": "#side", "cullface": "west" }
			}
		},
		{
			"from": [ 6, 8.5, 9.25 ],
			"to": [ 6.25, 9, 9.5 ],
			"faces": {
				"down": { "uv": [ 0, 12, 1, 13 ], "texture": "#side", "cullface": "down" },
				"up": { "uv": [ 0, 12, 1, 13 ], "texture": "#side", "cullface": "up" },
				"north": { "uv": [ 0, 6, 1, 7 ], "texture": "#side", "cullface": "north" },
				"south": { "uv": [ 0, 6, 1, 7 ], "texture": "#side", "cullface": "south" },
				"west": { "uv": [ 14, 6, 15, 7 ], "texture": "#side", "cullface": "west" }
			}
		},
		{
			"from": [ 6, 10.5, 9.25 ],
			"to": [ 6.25, 11, 9.5 ],
			"faces": {
				"down": { "uv": [ 0, 12, 1, 13 ], "texture": "#side", "cullface": "down" },
				"up": { "uv": [ 0, 12, 1, 13 ], "texture": "#side", "cullface": "up" },
				"north": { "uv": [ 0, 2, 1, 3 ], "texture": "#side", "cullface": "north" },
				"south": { "uv": [ 0, 2, 1, 3 ], "texture": "#side", "cullface": "south" },
				"west": { "uv": [ 14, 2, 15, 3 ], "texture": "#side", "cullface": "west" }
			}
		},
		{
			"__comment": "#side*",
			"from": [ 9.5, 5.5, 5.75 ],
			"to": [ 9.75, 6, 6 ],
			"faces": {
				"down": { "uv": [ 0, 2, 1, 3 ], "texture": "#side", "cullface": "down", "rotation": 270 },
				"up": { "uv": [ 0, 2, 1, 3 ], "texture": "#side", "cullface": "up", "rotation": 90 },
				"north": { "uv": [ 1, 12, 2, 13 ], "texture": "#side", "cullface": "north" },
				"west": { "uv": [ 0, 12, 1, 13 ], "texture": "#side", "cullface": "west" },
				"east": { "uv": [ 0, 12, 1, 13 ], "texture": "#side", "cullface": "east" }
			}
		},
		{
			"from": [ 9.5, 8.5, 5.75 ],
			"to": [ 9.75, 9, 6 ],
			"faces": {
				"down": { "uv": [ 0, 2, 1, 3 ], "texture": "#side", "cullface": "down", "rotation": 270 },
				"up": { "uv": [ 0, 2, 1, 3 ], "texture": "#side", "cullface": "up", "rotation": 90 },
				"north": { "uv": [ 1, 6, 2, 7 ], "texture": "#side", "cullface": "north" },
				"west": { "uv": [ 0, 6, 1, 7 ], "texture": "#side", "cullface": "west" },
				"east": { "uv": [ 0, 6, 1, 7 ], "texture": "#side", "cullface": "east" }
			}
		},
		{
			"from": [ 9.5, 10.5, 5.75 ],
			"to": [ 9.75, 11, 6 ],
			"faces": {
				"down": { "uv": [ 0, 2, 1, 3 ], "texture": "#side", "cullface": "down", "rotation": 270 },
				"up": { "uv": [ 0, 2, 1, 3 ], "texture": "#side", "cullface": "up", "rotation": 90 },
				"north": { "uv": [ 1, 2, 2, 3 ], "texture": "#side", "cullface": "north" },
				"west": { "uv": [ 0, 2, 1, 3 ], "texture": "#side", "cullface": "west" },
				"east": { "uv": [ 0, 2, 1, 3 ], "texture": "#side", "cullface": "east" }
			}
		},
		{
			"from": [ 8, 4.5, 5.75 ],
			"to": [ 8.25, 5, 6 ],
			"faces": {
				"down": { "uv": [ 0, 6, 1, 7 ], "texture": "#side", "cullface": "down", "rotation": 270 },
				"up": { "uv": [ 0, 6, 1, 7 ], "texture": "#side", "cullface": "up", "rotation": 90 },
				"north": { "uv": [ 7, 14, 8, 15 ], "texture": "#side", "cullface": "north" },
				"west": { "uv": [ 0, 12, 1, 13 ], "texture": "#side", "cullface": "west" },
				"east": { "uv": [ 0, 12, 1, 13 ], "texture": "#side", "cullface": "east" }
			}
		},
		{
			"from": [ 7.75, 5.5, 5.75 ],
			"to": [ 8, 6, 6 ],
			"faces": {
				"down": { "uv": [ 0, 6, 1, 7 ], "texture": "#side", "cullface": "down", "rotation": 270 },
				"up": { "uv": [ 0, 6, 1, 7 ], "texture": "#side", "cullface": "up", "rotation": 90 },
				"north": { "uv": [ 8, 12, 9, 13 ], "texture": "#side", "cullface": "north" },
				"west": { "uv": [ 0, 12, 1, 13 ], "texture": "#side", "cullface": "west" },
				"east": { "uv": [ 0, 12, 1, 13 ], "texture": "#side", "cullface": "east" }
			}
		},
		{
			"from": [ 8, 7, 5.75 ],
			"to": [ 8.25, 7.5, 6 ],
			"faces": {
				"down": { "uv": [ 0, 6, 1, 7 ], "texture": "#side", "cullface": "down", "rotation": 270 },
				"up": { "uv": [ 0, 6, 1, 7 ], "texture": "#side", "cullface": "up", "rotation": 90 },
				"north": { "uv": [ 7, 9, 8, 10 ], "texture": "#side", "cullface": "north" },
				"west": { "uv": [ 0, 10, 1, 11 ], "texture": "#side", "cullface": "west" },
				"east": { "uv": [ 0, 10, 1, 11 ], "texture": "#side", "cullface": "east" }
			}
		},
		{
			"from": [ 7.75, 8, 5.75 ],
			"to": [ 8, 8.5, 6 ],
			"faces": {
				"down": { "uv": [ 0, 6, 1, 7 ], "texture": "#side", "cullface": "down", "rotation": 270 },
				"up": { "uv": [ 0, 6, 1, 7 ], "texture": "#side", "cullface": "up", "rotation": 90 },
				"north": { "uv": [ 8, 7, 9, 8 ], "texture": "#side", "cullface": "north" },
				"west": { "uv": [ 0, 6, 1, 7 ], "texture": "#side", "cullface": "west" },
				"east": { "uv": [ 0, 6, 1, 7 ], "texture": "#side", "cullface": "east" }
			}
		},
		{
			"from": [ 7.75, 10, 5.75 ],
			"to": [ 8, 10.5, 6 ],
			"faces": {
				"down": { "uv": [ 0, 6, 1, 7 ], "texture": "#side", "cullface": "down", "rotation": 270 },
				"up": { "uv": [ 0, 6, 1, 7 ], "texture": "#side", "cullface": "up", "rotation": 90 },
				"north": { "uv": [ 8, 3, 9, 4 ], "texture": "#side", "cullface": "north" },
				"west": { "uv": [ 0, 2, 1, 3 ], "texture": "#side", "cullface": "west" },
				"east": { "uv": [ 0, 2, 1, 3 ], "texture": "#side", "cullface": "east" }
			}
		},
		{
			"from": [ 8, 11, 5.75 ],
			"to": [ 8.25, 11.5, 6 ],
			"faces": {
				"down": { "uv": [ 0, 6, 1, 7 ], "texture": "#side", "cullface": "down", "rotation": 270 },
				"up": { "uv": [ 0, 6, 1, 7 ], "texture": "#side", "cullface": "up", "rotation": 90 },
				"north": { "uv": [ 7, 1, 8, 2 ], "texture": "#side", "cullface": "north" },
				"west": { "uv": [ 0, 2, 1, 3 ], "texture": "#side", "cullface": "west" },
				"east": { "uv": [ 0, 2, 1, 3 ], "texture": "#side", "cullface": "east" }
			}
		},
		{
			"from": [ 6.25, 6.5, 5.75 ],
			"to": [ 6.5, 7, 6 ],
			"faces": {
				"down": { "uv": [ 0, 12, 1, 13 ], "texture": "#side", "cullface": "down", "rotation": 270 },
				"up": { "uv": [ 0, 12, 1, 13 ], "texture": "#side", "cullface": "up", "rotation": 90 },
				"north": { "uv": [ 14, 10, 15, 11 ], "texture": "#side", "cullface": "north" },
				"west": { "uv": [ 0, 10, 1, 11 ], "texture": "#side", "cullface": "west" },
				"east": { "uv": [ 0, 10, 1, 11 ], "texture": "#side", "cullface": "east" }
			}
		},
		{
			"from": [ 6.25, 8.5, 5.75 ],
			"to": [ 6.5, 9, 6 ],
			"faces": {
				"down": { "uv": [ 0, 12, 1, 13 ], "texture": "#side", "cullface": "down", "rotation": 270 },
				"up": { "uv": [ 0, 12, 1, 13 ], "texture": "#side", "cullface": "up", "rotation": 90 },
				"north": { "uv": [ 14, 6, 15, 7 ], "texture": "#side", "cullface": "north" },
				"west": { "uv": [ 0, 6, 1, 7 ], "texture": "#side", "cullface": "west" },
				"east": { "uv": [ 0, 6, 1, 7 ], "texture": "#side", "cullface": "east" }
			}
		},
		{
			"from": [ 6.25, 10.5, 5.75 ],
			"to": [ 6.5, 11, 6 ],
			"faces": {
				"down": { "uv": [ 0, 12, 1, 13 ], "texture": "#side", "cullface": "down", "rotation": 270 },
				"up": { "uv": [ 0, 12, 1, 13 ], "texture": "#side", "cullface": "up", "rotation": 90 },
				"north": { "uv": [ 14, 2, 15, 3 ], "texture": "#side", "cullface": "north" },
				"west": { "uv": [ 0, 2, 1, 3 ], "texture": "#side", "cullface": "west" },
				"east": { "uv": [ 0, 2, 1, 3 ], "texture": "#side", "cullface": "east" }
			}
		},
		{
			"__comment": "#side*",
			"from": [ 6.25, 5.5, 9.5 ],
			"to": [ 6.5, 6, 9.75 ],
			"faces": {
				"down": { "uv": [ 0, 2, 1, 3 ], "texture": "#side", "cullface": "down", "rotation": 90 },
				"up": { "uv": [ 0, 2, 1, 3 ], "texture": "#side", "cullface": "up", "rotation": 270 },
				"south": { "uv": [ 1, 12, 2, 13 ], "texture": "#side", "cullface": "south" },
				"west": { "uv": [ 0, 12, 1, 13 ], "texture": "#side", "cullface": "west" },
				"east": { "uv": [ 0, 12, 1, 13 ], "texture": "#side", "cullface": "east" }
			}
		},
		{
			"from": [ 6.25, 8.5, 9.5 ],
			"to": [ 6.5, 9, 9.75 ],
			"faces": {
				"down": { "uv": [ 0, 2, 1, 3 ], "texture": "#side", "cullface": "down", "rotation": 90 },
				"up": { "uv": [ 0, 2, 1, 3 ], "texture": "#side", "cullface": "up", "rotation": 270 },
				"south": { "uv": [ 1, 6, 2, 7 ], "texture": "#side", "cullface": "south" },
				"west": { "uv": [ 0, 6, 1, 7 ], "texture": "#side", "cullface": "west" },
				"east": { "uv": [ 0, 6, 1, 7 ], "texture": "#side", "cullface": "east" }
			}
		},
		{
			"from": [ 6.25, 10.5, 9.5 ],
			"to": [ 6.5, 11, 9.75 ],
			"faces": {
				"down": { "uv": [ 0, 2, 1, 3 ], "texture": "#side", "cullface": "down", "rotation": 90 },
				"up": { "uv": [ 0, 2, 1, 3 ], "texture": "#side", "cullface": "up", "rotation": 270 },
				"south": { "uv": [ 1, 2, 2, 3 ], "texture": "#side", "cullface": "south" },
				"west": { "uv": [ 0, 2, 1, 3 ], "texture": "#side", "cullface": "west" },
				"east": { "uv": [ 0, 2, 1, 3 ], "texture": "#side", "cullface": "east" }
			}
		},
		{
			"from": [ 7.75, 4.5, 9.5 ],
			"to": [ 8, 5, 9.75 ],
			"faces": {
				"down": { "uv": [ 0, 6, 1, 7 ], "texture": "#side", "cullface": "down", "rotation": 90 },
				"up": { "uv": [ 0, 6, 1, 7 ], "texture": "#side", "cullface": "up", "rotation": 270 },
				"south": { "uv": [ 7, 14, 8, 15 ], "texture": "#side", "cullface": "south" },
				"west": { "uv": [ 0, 12, 1, 13 ], "texture": "#side", "cullface": "west" },
				"east": { "uv": [ 0, 12, 1, 13 ], "texture": "#side", "cullface": "east" }
			}
		},
		{
			"from": [ 8, 5.5, 9.5 ],
			"to": [ 8.25, 6, 9.75 ],
			"faces": {
				"down": { "uv": [ 0, 6, 1, 7 ], "texture": "#side", "cullface": "down", "rotation": 90 },
				"up": { "uv": [ 0, 6, 1, 7 ], "texture": "#side", "cullface": "up", "rotation": 270 },
				"south": { "uv": [ 8, 12, 9, 13 ], "texture": "#side", "cullface": "south" },
				"west": { "uv": [ 0, 12, 1, 13 ], "texture": "#side", "cullface": "west" },
				"east": { "uv": [ 0, 12, 1, 13 ], "texture": "#side", "cullface": "east" }
			}
		},
		{
			"from": [ 7.75, 7, 9.5 ],
			"to": [ 8, 7.5, 9.75 ],
			"faces": {
				"down": { "uv": [ 0, 6, 1, 7 ], "texture": "#side", "cullface": "down", "rotation": 90 },
				"up": { "uv": [ 0, 6, 1, 7 ], "texture": "#side", "cullface": "up", "rotation": 270 },
				"south": { "uv": [ 7, 9, 8, 10 ], "texture": "#side", "cullface": "south" },
				"west": { "uv": [ 0, 10, 1, 11 ], "texture": "#side", "cullface": "west" },
				"east": { "uv": [ 0, 10, 1, 11 ], "texture": "#side", "cullface": "east" }
			}
		},
		{
			"from": [ 8, 8, 9.5 ],
			"to": [ 8.25, 8.5, 9.75 ],
			"faces": {
				"down": { "uv": [ 0, 6, 1, 7 ], "texture": "#side", "cullface": "down", "rotation": 90 },
				"up": { "uv": [ 0, 6, 1, 7 ], "texture": "#side", "cullface": "up", "rotation": 270 },
				"south": { "uv": [ 8, 7, 9, 8 ], "texture": "#side", "cullface": "south" },
				"west": { "uv": [ 0, 6, 1, 7 ], "texture": "#side", "cullface": "west" },
				"east": { "uv": [ 0, 6, 1, 7 ], "texture": "#side", "cullface": "east" }
			}
		},
		{
			"from": [ 8, 10, 9.5 ],
			"to": [ 8.25, 10.5, 9.75 ],
			"faces": {
				"down": { "uv": [ 0, 6, 1, 7 ], "texture": "#side", "cullface": "down", "rotation": 90 },
				"up": { "uv": [ 0, 6, 1, 7 ], "texture": "#side", "cullface": "up", "rotation": 270 },
				"south": { "uv": [ 8, 3, 9, 4 ], "texture": "#side", "cullface": "south" },
				"west": { "uv": [ 0, 2, 1, 3 ], "texture": "#side", "cullface": "west" },
				"east": { "uv": [ 0, 2, 1, 3 ], "texture": "#side", "cullface": "east" }
			}
		},
		{
			"from": [ 7.75, 11, 9.5 ],
			"to": [ 8, 11.5, 9.75 ],
			"faces": {
				"down": { "uv": [ 0, 6, 1, 7 ], "texture": "#side", "cullface": "down", "rotation": 90 },
				"up": { "uv": [ 0, 6, 1, 7 ], "texture": "#side", "cullface": "up", "rotation": 270 },
				"south": { "uv": [ 7, 1, 8, 2 ], "texture": "#side", "cullface": "south" },
				"west": { "uv": [ 0, 2, 1, 3 ], "texture": "#side", "cullface": "west" },
				"east": { "uv": [ 0, 2, 1, 3 ], "texture": "#side", "cullface": "east" }
			}
		},
		{
			"from": [ 9.5, 6.5, 9.5 ],
			"to": [ 9.75, 7, 9.75 ],
			"faces": {
				"down": { "uv": [ 0, 12, 1, 13 ], "texture": "#side", "cullface": "down", "rotation": 90 },
				"up": { "uv": [ 0, 12, 1, 13 ], "texture": "#side", "cullface": "up", "rotation": 270 },
				"south": { "uv": [ 14, 10, 15, 11 ], "texture": "#side", "cullface": "south" },
				"west": { "uv": [ 0, 10, 1, 11 ], "texture": "#side", "cullface": "west" },
				"east": { "uv": [ 0, 10, 1, 11 ], "texture": "#side", "cullface": "east" }
			}
		},
		{
			"from": [ 9.5, 8.5, 9.5 ],
			"to": [ 9.75, 9, 9.75 ],
			"faces": {
				"down": { "uv": [ 0, 12, 1, 13 ], "texture": "#side", "cullface": "down", "rotation": 90 },
				"up": { "uv": [ 0, 12, 1, 13 ], "texture": "#side", "cullface": "up", "rotation": 270 },
				"south": { "uv": [ 14, 6, 15, 7 ], "texture": "#side", "cullface": "south" },
				"west": { "uv": [ 0, 6, 1, 7 ], "texture": "#side", "cullface": "west" },
				"east": { "uv": [ 0, 6, 1, 7 ], "texture": "#side", "cullface": "east" }
			}
		},
		{
			"from": [ 9.5, 10.5, 9.5 ],
			"to": [ 9.75, 11, 9.75 ],
			"faces": {
				"down": { "uv": [ 0, 12, 1, 13 ], "texture": "#side", "cullface": "down", "rotation": 90 },
				"up": { "uv": [ 0, 12, 1, 13 ], "texture": "#side", "cullface": "up", "rotation": 270 },
				"south": { "uv": [ 14, 2, 15, 3 ], "texture": "#side", "cullface": "south" },
				"west": { "uv": [ 0, 2, 1, 3 ], "texture": "#side", "cullface": "west" },
				"east": { "uv": [ 0, 2, 1, 3 ], "texture": "#side", "cullface": "east" }
			}
		},
		{
			"__comment": "#side*",
			"from": [ 9.75, 5.5, 9.25 ],
			"to": [ 10, 6, 9.5 ],
			"faces": {
				"down": { "uv": [ 0, 2, 1, 3 ], "texture": "#side", "cullface": "down", "rotation": 180 },
				"up": { "uv": [ 0, 2, 1, 3 ], "texture": "#side", "cullface": "up", "rotation": 180 },
				"north": { "uv": [ 0, 12, 1, 13 ], "texture": "#side", "cullface": "north" },
				"south": { "uv": [ 0, 12, 1, 13 ], "texture": "#side", "cullface": "south" },
				"east": { "uv": [ 1, 12, 2, 13 ], "texture": "#side", "cullface": "east" }
			}
		},
		{
			"from": [ 9.75, 8.5, 9.25 ],
			"to": [ 10, 9, 9.5 ],
			"faces": {
				"down": { "uv": [ 0, 2, 1, 3 ], "texture": "#side", "cullface": "down", "rotation": 180 },
				"up": { "uv": [ 0, 2, 1, 3 ], "texture": "#side", "cullface": "up", "rotation": 180 },
				"north": { "uv": [ 0, 6, 1, 7 ], "texture": "#side", "cullface": "north" },
				"south": { "uv": [ 0, 6, 1, 7 ], "texture": "#side", "cullface": "south" },
				"east": { "uv": [ 1, 6, 2, 7 ], "texture": "#side", "cullface": "east" }
			}
		},
		{
			"from": [ 9.75, 10.5, 9.25 ],
			"to": [ 10, 11, 9.5 ],
			"faces": {
				"down": { "uv": [ 0, 2, 1, 3 ], "texture": "#side", "cullface": "down", "rotation": 180 },
				"up": { "uv": [ 0, 2, 1, 3 ], "texture": "#side", "cullface": "up", "rotation": 180 },
				"north": { "uv": [ 0, 2, 1, 3 ], "texture": "#side", "cullface": "north" },
				"south": { "uv": [ 0, 2, 1, 3 ], "texture": "#side", "cullface": "south" },
				"east": { "uv": [ 1, 2, 2, 3 ], "texture": "#side", "cullface": "east" }
			}
		},
		{
			"from": [ 9.75, 4.5, 7.75 ],
			"to": [ 10, 5, 8 ],
			"faces": {
				"down": { "uv": [ 0, 6, 1, 7 ], "texture": "#side", "cullface": "down", "rotation": 180 },
				"up": { "uv": [ 0, 6, 1, 7 ], "texture": "#side", "cullface": "up", "rotation": 180 },
				"north": { "uv": [ 0, 12, 1, 13 ], "texture": "#side", "cullface": "north" },
				"south": { "uv": [ 0, 12, 1, 13 ], "texture": "#side", "cullface": "south" },
				"east": { "uv": [ 7, 14, 8, 15 ], "texture": "#side", "cullface": "east" }
			}
		},
		{
			"from": [ 9.75, 5.5, 7.5 ],
			"to": [ 10, 6, 7.75 ],
			"faces": {
				"down": { "uv": [ 0, 6, 1, 7 ], "texture": "#side", "cullface": "down", "rotation": 180 },
				"up": { "uv": [ 0, 6, 1, 7 ], "texture": "#side", "cullface": "up", "rotation": 180 },
				"north": { "uv": [ 0, 12, 1, 13 ], "texture": "#side", "cullface": "north" },
				"south": { "uv": [ 0, 12, 1, 13 ], "texture": "#side", "cullface": "south" },
				"east": { "uv": [ 8, 12, 9, 13 ], "texture": "#side", "cullface": "east" }
			}
		},
		{
			"from": [ 9.75, 7, 7.75 ],
			"to": [ 10, 7.5, 8 ],
			"faces": {
				"down": { "uv": [ 0, 6, 1, 7 ], "texture": "#side", "cullface": "down", "rotation": 180 },
				"up": { "uv": [ 0, 6, 1, 7 ], "texture": "#side", "cullface": "up", "rotation": 180 },
				"north": { "uv": [ 0, 10, 1, 11 ], "texture": "#side", "cullface": "north" },
				"south": { "uv": [ 0, 10, 1, 11 ], "texture": "#side", "cullface": "south" },
				"east": { "uv": [ 7, 9, 8, 10 ], "texture": "#side", "cullface": "east" }
			}
		},
		{
			"from": [ 9.75, 8, 7.5 ],
			"to": [ 10, 8.5, 7.75 ],
			"faces": {
				"down": { "uv": [ 0, 6, 1, 7 ], "texture": "#side", "cullface": "down", "rotation": 180 },
				"up": { "uv": [ 0, 6, 1, 7 ], "texture": "#side", "cullface": "up", "rotation": 180 },
				"north": { "uv": [ 0, 6, 1, 7 ], "texture": "#side", "cullface": "north" },
				"south": { "uv": [ 0, 6, 1, 7 ], "texture": "#side", "cullface": "south" },
				"east": { "uv": [ 8, 7, 9, 8 ], "texture": "#side", "cullface": "east" }
			}
		},
		{
			"from": [ 9.75, 10, 7.5 ],
			"to": [ 10, 10.5, 7.75 ],
			"faces": {
				"down": { "uv": [ 0, 6, 1, 7 ], "texture": "#side", "cullface": "down", "rotation": 180 },
				"up": { "uv": [ 0, 6, 1, 7 ], "texture": "#side", "cullface": "up", "rotation": 180 },
				"north": { "uv": [ 0, 2, 1, 3 ], "texture": "#side", "cullface": "north" },
				"south": { "uv": [ 0, 2, 1, 3 ], "texture": "#side", "cullface": "south" },
				"east": { "uv": [ 8, 3, 9, 4 ], "texture": "#side", "cullface": "east" }
			}
		},
		{
			"from": [ 9.75, 11, 7.75 ],
			"to": [ 10, 11.5, 8 ],
			"faces": {
				"down": { "uv": [ 0, 6, 1, 7 ], "texture": "#side", "cullface": "down", "rotation": 180 },
				"up": { "uv": [ 0, 6, 1, 7 ], "texture": "#side", "cullface": "up", "rotation": 180 },
				"north": { "uv": [ 0, 2, 1, 3 ], "texture": "#side", "cullface": "north" },
				"south": { "uv": [ 0, 2, 1, 3 ], "texture": "#side", "cullface": "south" },
				"east": { "uv": [ 7, 1, 8, 2 ], "texture": "#side", "cullface": "east" }
			}
		},
		{
			"from": [ 9.75, 6.5, 6 ],
			"to": [ 10, 7, 6.25 ],
			"faces": {
				"down": { "uv": [ 0, 12, 1, 13 ], "texture": "#side", "cullface": "down", "rotation": 180 },
				"up": { "uv": [ 0, 12, 1, 13 ], "texture": "#side", "cullface": "up", "rotation": 180 },
				"north": { "uv": [ 0, 10, 1, 11 ], "texture": "#side", "cullface": "north" },
				"south": { "uv": [ 0, 10, 1, 11 ], "texture": "#side", "cullface": "south" },
				"east": { "uv": [ 14, 10, 15, 11 ], "texture": "#side", "cullface": "east" }
			}
		},
		{
			"from": [ 9.75, 8.5, 6 ],
			"to": [ 10, 9, 6.25 ],
			"faces": {
				"down": { "uv": [ 0, 12, 1, 13 ], "texture": "#side", "cullface": "down", "rotation": 180 },
				"up": { "uv": [ 0, 12, 1, 13 ], "texture": "#side", "cullface": "up", "rotation": 180 },
				"north": { "uv": [ 0, 6, 1, 7 ], "texture": "#side", "cullface": "north" },
				"south": { "uv": [ 0, 6, 1, 7 ], "texture": "#side", "cullface": "south" },
				"east": { "uv": [ 14, 6, 15, 7 ], "texture": "#side", "cullface": "east" }
			}
		},
		{
			"from": [ 9.75, 10.5, 6 ],
			"to": [ 10, 11, 6.25 ],
			"faces": {
				"down": { "uv": [ 0, 12, 1, 13 ], "texture": "#side", "cullface": "down", "rotation": 180 },
				"up": { "uv": [ 0, 12, 1, 13 ], "texture": "#side", "cullface": "up", "rotation": 180 },
				"north": { "uv": [ 0, 2, 1, 3 ], "texture": "#side", "cullface": "north" },
				"south": { "uv": [ 0, 2, 1, 3 ], "texture": "#side", "cullface": "south" },
				"east": { "uv": [ 14, 2, 15, 3 ], "texture": "#side", "cullface": "east" }
			}
		},
		{
			"from": [ 6.75, 12, 6.25 ],
			"to": [ 7, 12.5, 6.5 ],
			"faces": {
				"up": { "uv": [ 3, 2, 4, 3 ], "texture": "#top", "cullface": "up" },
				"north": { "uv": [ 3, 2, 4, 3 ], "texture": "#top", "cullface": "north" },
				"south": { "uv": [ 3, 2, 4, 3 ], "texture": "#top", "cullface": "south" },
				"west": { "uv": [ 3, 2, 4, 3 ], "texture": "#top", "cullface": "west" },
				"east": { "uv": [ 3, 2, 4, 3 ], "texture": "#top", "cullface": "east" }
			}
		},
		{
			"from": [ 9, 12, 9 ],
			"to": [ 9.25, 12.5, 9.25 ],
			"faces": {
				"up": { "uv": [ 3, 2, 4, 3 ], "texture": "#top", "cullface": "up" },
				"north": { "uv": [ 3, 2, 4, 3 ], "texture": "#top", "cullface": "north" },
				"south": { "uv": [ 3, 2, 4, 3 ], "texture": "#top", "cullface": "south" },
				"west": { "uv": [ 3, 2, 4, 3 ], "texture": "#top", "cullface": "west" },
				"east": { "uv": [ 3, 2, 4, 3 ], "texture": "#top", "cullface": "east" }
			}
		},
		{
			"from": [ 8.25, 12, 9 ],
			"to": [ 8.5, 12.5, 9.25 ],
			"faces": {
				"up": { "uv": [ 3, 2, 4, 3 ], "texture": "#top", "cullface": "up" },
				"north": { "uv": [ 3, 2, 4, 3 ], "texture": "#top", "cullface": "north" },
				"south": { "uv": [ 3, 2, 4, 3 ], "texture": "#top", "cullface": "south" },
				"west": { "uv": [ 3, 2, 4, 3 ], "texture": "#top", "cullface": "west" },
				"east": { "uv": [ 3, 2, 4, 3 ], "texture": "#top", "cullface": "east" }
			}
		},
		{
			"from": [ 7.5, 12, 9 ],
			"to": [ 7.75, 12.5, 9.25 ],
			"faces": {
				"up": { "uv": [ 3, 2, 4, 3 ], "texture": "#top", "cullface": "up" },
				"north": { "uv": [ 3, 2, 4, 3 ], "texture": "#top", "cullface": "north" },
				"south": { "uv": [ 3, 2, 4, 3 ], "texture": "#top", "cullface": "south" },
				"west": { "uv": [ 3, 2, 4, 3 ], "texture": "#top", "cullface": "west" },
				"east": { "uv": [ 3, 2, 4, 3 ], "texture": "#top", "cullface": "east" }
			}
		},
		{
			"from": [ 6.5, 12, 9 ],
			"to": [ 6.75, 12.5, 9.25 ],
			"faces": {
				"up": { "uv": [ 3, 2, 4, 3 ], "texture": "#top", "cullface": "up" },
				"north": { "uv": [ 3, 2, 4, 3 ], "texture": "#top", "cullface": "north" },
				"south": { "uv": [ 3, 2, 4, 3 ], "texture": "#top", "cullface": "south" },
				"west": { "uv": [ 3, 2, 4, 3 ], "texture": "#top", "cullface": "west" },
				"east": { "uv": [ 3, 2, 4, 3 ], "texture": "#top", "cullface": "east" }
			}
		},
		{
			"from": [ 7.25, 12, 8.75 ],
			"to": [ 7.5, 12.5, 9 ],
			"faces": {
				"up": { "uv": [ 3, 2, 4, 3 ], "texture": "#top", "cullface": "up" },
				"north": { "uv": [ 3, 2, 4, 3 ], "texture": "#top", "cullface": "north" },
				"south": { "uv": [ 3, 2, 4, 3 ], "texture": "#top", "cullface": "south" },
				"west": { "uv": [ 3, 2, 4, 3 ], "texture": "#top", "cullface": "west" },
				"east": { "uv": [ 3, 2, 4, 3 ], "texture": "#top", "cullface": "east" }
			}
		},
		{
			"from": [ 9.25, 12, 8.5 ],
			"to": [ 9.5, 12.5, 8.75 ],
			"faces": {
				"up": { "uv": [ 3, 2, 4, 3 ], "texture": "#top", "cullface": "up" },
				"north": { "uv": [ 3, 2, 4, 3 ], "texture": "#top", "cullface": "north" },
				"south": { "uv": [ 3, 2, 4, 3 ], "texture": "#top", "cullface": "south" },
				"west": { "uv": [ 3, 2, 4, 3 ], "texture": "#top", "cullface": "west" },
				"east": { "uv": [ 3, 2, 4, 3 ], "texture": "#top", "cullface": "east" }
			}
		},
		{
			"from": [ 8.75, 12, 8.5 ],
			"to": [ 9, 12.5, 8.75 ],
			"faces": {
				"up": { "uv": [ 3, 2, 4, 3 ], "texture": "#top", "cullface": "up" },
				"north": { "uv": [ 3, 2, 4, 3 ], "texture": "#top", "cullface": "north" },
				"south": { "uv": [ 3, 2, 4, 3 ], "texture": "#top", "cullface": "south" },
				"west": { "uv": [ 3, 2, 4, 3 ], "texture": "#top", "cullface": "west" },
				"east": { "uv": [ 3, 2, 4, 3 ], "texture": "#top", "cullface": "east" }
			}
		},
		{
			"from": [ 8.25, 12, 8.5 ],
			"to": [ 8.5, 12.5, 8.75 ],
			"faces": {
				"up": { "uv": [ 3, 2, 4, 3 ], "texture": "#top", "cullface": "up" },
				"north": { "uv": [ 3, 2, 4, 3 ], "texture": "#top", "cullface": "north" },
				"south": { "uv": [ 3, 2, 4, 3 ], "texture": "#top", "cullface": "south" },
				"west": { "uv": [ 3, 2, 4, 3 ], "texture": "#top", "cullface": "west" },
				"east": { "uv": [ 3, 2, 4, 3 ], "texture": "#top", "cullface": "east" }
			}
		},
		{
			"from": [ 6.5, 12, 8.25 ],
			"to": [ 6.75, 12.5, 8.5 ],
			"faces": {
				"up": { "uv": [ 3, 2, 4, 3 ], "texture": "#top", "cullface": "up" },
				"north": { "uv": [ 3, 2, 4, 3 ], "texture": "#top", "cullface": "north" },
				"south": { "uv": [ 3, 2, 4, 3 ], "texture": "#top", "cullface": "south" },
				"west": { "uv": [ 3, 2, 4, 3 ], "texture": "#top", "cullface": "west" },
				"east": { "uv": [ 3, 2, 4, 3 ], "texture": "#top", "cullface": "east" }
			}
		},
		{
			"from": [ 7.75, 12, 8 ],
			"to": [ 8, 12.5, 8.25 ],
			"faces": {
				"up": { "uv": [ 3, 2, 4, 3 ], "texture": "#top", "cullface": "up" },
				"north": { "uv": [ 3, 2, 4, 3 ], "texture": "#top", "cullface": "north" },
				"south": { "uv": [ 3, 2, 4, 3 ], "texture": "#top", "cullface": "south" },
				"west": { "uv": [ 3, 2, 4, 3 ], "texture": "#top", "cullface": "west" },
				"east": { "uv": [ 3, 2, 4, 3 ], "texture": "#top", "cullface": "east" }
			}
		},
		{
			"from": [ 7, 12, 7.75 ],
			"to": [ 7.25, 12.5, 8 ],
			"faces": {
				"up": { "uv": [ 3, 2, 4, 3 ], "texture": "#top", "cullface": "up" },
				"north": { "uv": [ 3, 2, 4, 3 ], "texture": "#top", "cullface": "north" },
				"south": { "uv": [ 3, 2, 4, 3 ], "texture": "#top", "cullface": "south" },
				"west": { "uv": [ 3, 2, 4, 3 ], "texture": "#top", "cullface": "west" },
				"east": { "uv": [ 3, 2, 4, 3 ], "texture": "#top", "cullface": "east" }
			}
		},
		{
			"from": [ 6.5, 12, 7.5 ],
			"to": [ 6.75, 12.5, 7.75 ],
			"faces": {
				"up": { "uv": [ 3, 2, 4, 3 ], "texture": "#top", "cullface": "up" },
				"north": { "uv": [ 3, 2, 4, 3 ], "texture": "#top", "cullface": "north" },
				"south": { "uv": [ 3, 2, 4, 3 ], "texture": "#top", "cullface": "south" },
				"west": { "uv": [ 3, 2, 4, 3 ], "texture": "#top", "cullface": "west" },
				"east": { "uv": [ 3, 2, 4, 3 ], "texture": "#top", "cullface": "east" }
			}
		},
		{
			"from": [ 9, 12, 7.75 ],
			"to": [ 9.25, 12.5, 8 ],
			"faces": {
				"up": { "uv": [ 3, 2, 4, 3 ], "texture": "#top", "cullface": "up" },
				"north": { "uv": [ 3, 2, 4, 3 ], "texture": "#top", "cullface": "north" },
				"south": { "uv": [ 3, 2, 4, 3 ], "texture": "#top", "cullface": "south" },
				"west": { "uv": [ 3, 2, 4, 3 ], "texture": "#top", "cullface": "west" },
				"east": { "uv": [ 3, 2, 4, 3 ], "texture": "#top", "cullface": "east" }
			}
		},
		{
			"from": [ 9.25, 12, 7.5 ],
			"to": [ 9.5, 12.5, 7.75 ],
			"faces": {
				"up": { "uv": [ 3, 2, 4, 3 ], "texture": "#top", "cullface": "up" },
				"north": { "uv": [ 3, 2, 4, 3 ], "texture": "#top", "cullface": "north" },
				"south": { "uv": [ 3, 2, 4, 3 ], "texture": "#top", "cullface": "south" },
				"west": { "uv": [ 3, 2, 4, 3 ], "texture": "#top", "cullface": "west" },
				"east": { "uv": [ 3, 2, 4, 3 ], "texture": "#top", "cullface": "east" }
			}
		},
		{
			"from": [ 8.25, 12, 7.25 ],
			"to": [ 8.5, 12.5, 7.5 ],
			"faces": {
				"up": { "uv": [ 3, 2, 4, 3 ], "texture": "#top", "cullface": "up" },
				"north": { "uv": [ 3, 2, 4, 3 ], "texture": "#top", "cullface": "north" },
				"south": { "uv": [ 3, 2, 4, 3 ], "texture": "#top", "cullface": "south" },
				"west": { "uv": [ 3, 2, 4, 3 ], "texture": "#top", "cullface": "west" },
				"east": { "uv": [ 3, 2, 4, 3 ], "texture": "#top", "cullface": "east" }
			}
		},
		{
			"from": [ 9.25, 12, 7 ],
			"to": [ 9.5, 12.5, 7.25 ],
			"faces": {
				"up": { "uv": [ 3, 2, 4, 3 ], "texture": "#top", "cullface": "up" },
				"north": { "uv": [ 3, 2, 4, 3 ], "texture": "#top", "cullface": "north" },
				"south": { "uv": [ 3, 2, 4, 3 ], "texture": "#top", "cullface": "south" },
				"west": { "uv": [ 3, 2, 4, 3 ], "texture": "#top", "cullface": "west" },
				"east": { "uv": [ 3, 2, 4, 3 ], "texture": "#top", "cullface": "east" }
			}
		},
		{
			"from": [ 7, 12, 7 ],
			"to": [ 7.25, 12.5, 7.25 ],
			"faces": {
				"up": { "uv": [ 3, 2, 4, 3 ], "texture": "#top", "cullface": "up" },
				"north": { "uv": [ 3, 2, 4, 3 ], "texture": "#top", "cullface": "north" },
				"south": { "uv": [ 3, 2, 4, 3 ], "texture": "#top", "cullface": "south" },
				"west": { "uv": [ 3, 2, 4, 3 ], "texture": "#top", "cullface": "west" },
				"east": { "uv": [ 3, 2, 4, 3 ], "texture": "#top", "cullface": "east" }
			}
		},
		{
			"from": [ 6.5, 12, 6.75 ],
			"to": [ 6.75, 12.5, 7 ],
			"faces": {
				"up": { "uv": [ 3, 2, 4, 3 ], "texture": "#top", "cullface": "up" },
				"north": { "uv": [ 3, 2, 4, 3 ], "texture": "#top", "cullface": "north" },
				"south": { "uv": [ 3, 2, 4, 3 ], "texture": "#top", "cullface": "south" },
				"west": { "uv": [ 3, 2, 4, 3 ], "texture": "#top", "cullface": "west" },
				"east": { "uv": [ 3, 2, 4, 3 ], "texture": "#top", "cullface": "east" }
			}
		},
		{
			"from": [ 7.75, 12, 6.5 ],
			"to": [ 8, 12.5, 6.75 ],
			"faces": {
				"up": { "uv": [ 3, 2, 4, 3 ], "texture": "#top", "cullface": "up" },
				"north": { "uv": [ 3, 2, 4, 3 ], "texture": "#top", "cullface": "north" },
				"south": { "uv": [ 3, 2, 4, 3 ], "texture": "#top", "cullface": "south" },
				"west": { "uv": [ 3, 2, 4, 3 ], "texture": "#top", "cullface": "west" },
				"east": { "uv": [ 3, 2, 4, 3 ], "texture": "#top", "cullface": "east" }
			}
		},
		{
			"from": [ 8.75, 12, 6.5 ],
			"to": [ 9, 12.5, 6.75 ],
			"faces": {
				"up": { "uv": [ 3, 2, 4, 3 ], "texture": "#top", "cullface": "up" },
				"north": { "uv": [ 3, 2, 4, 3 ], "texture": "#top", "cullface": "north" },
				"south": { "uv": [ 3, 2, 4, 3 ], "texture": "#top", "cullface": "south" },
				"west": { "uv": [ 3, 2, 4, 3 ], "texture": "#top", "cullface": "west" },
				"east": { "uv": [ 3, 2, 4, 3 ], "texture": "#top", "cullface": "east" }
			}
		},
		{
			"from": [ 9, 12, 6.25 ],
			"to": [ 9.25, 12.5, 6.5 ],
			"faces": {
				"up": { "uv": [ 3, 2, 4, 3 ], "texture": "#top", "cullface": "up" },
				"north": { "uv": [ 3, 2, 4, 3 ], "texture": "#top", "cullface": "north" },
				"south": { "uv": [ 3, 2, 4, 3 ], "texture": "#top", "cullface": "south" },
				"west": { "uv": [ 3, 2, 4, 3 ], "texture": "#top", "cullface": "west" },
				"east": { "uv": [ 3, 2, 4, 3 ], "texture": "#top", "cullface": "east" }
			}
		},
		{
			"from": [ 7.5, 12, 6.25 ],
			"to": [ 7.75, 12.5, 6.5 ],
			"faces": {
				"up": { "uv": [ 3, 2, 4, 3 ], "texture": "#top", "cullface": "up" },
				"north": { "uv": [ 3, 2, 4, 3 ], "texture": "#top", "cullface": "north" },
				"south": { "uv": [ 3, 2, 4, 3 ], "texture": "#top", "cullface": "south" },
				"west": { "uv": [ 3, 2, 4, 3 ], "texture": "#top", "cullface": "west" },
				"east": { "uv": [ 3, 2, 4, 3 ], "texture": "#top", "cullface": "east" }
			}
		},
		{
			"from": [ 5, 0, 5 ],
			"to": [ 6, 6, 11 ],
			"faces": {
				"down": { "uv": [ 5, 5, 6, 11 ], "texture": "#flowerpot", "cullface": "down" },
				"up": { "uv": [ 5, 5, 6, 11 ], "texture": "#flowerpot" },
				"north": { "uv": [ 10, 10, 11, 16 ], "texture": "#flowerpot" },
				"south": { "uv": [ 5, 10, 6, 16 ], "texture": "#flowerpot" },
				"west": { "uv": [ 5, 10, 11, 16 ], "texture": "#flowerpot" },
				"east": { "uv": [ 5, 10, 11, 16 ], "texture": "#flowerpot" }
			}
		},
		{
			"from": [ 10, 0, 5 ],
			"to": [ 11, 6, 11 ],
			"faces": {
				"down": { "uv": [ 10, 5, 11, 11 ], "texture": "#flowerpot", "cullface": "down" },
				"up": { "uv": [ 10, 5, 11, 11 ], "texture": "#flowerpot" },
				"north": { "uv": [ 5, 10, 6, 16 ], "texture": "#flowerpot" },
				"south": { "uv": [ 10, 10, 11, 16 ], "texture": "#flowerpot" },
				"west": { "uv": [ 5, 10, 11, 16 ], "texture": "#flowerpot" },
				"east": { "uv": [ 5, 10, 11, 16 ], "texture": "#flowerpot" }
			}
		},
		{
			"from": [ 6, 0, 5 ],
			"to": [ 10, 6, 6 ],
			"faces": {
				"down": { "uv": [ 6, 10, 10, 11 ], "texture": "#flowerpot", "cullface": "down" },
				"up": { "uv": [ 6, 5, 10, 6 ], "texture": "#flowerpot" },
				"north": { "uv": [ 6, 10, 10, 16 ], "texture": "#flowerpot" },
				"south": { "uv": [ 6, 10, 10, 16 ], "texture": "#flowerpot" }
			}
		},
		{
			"from": [ 6, 0, 10 ],
			"to": [ 10, 6, 11 ],
			"faces": {
				"down": { "uv": [ 6, 5, 10, 6 ], "texture": "#flowerpot", "cullface": "down" },
				"up": { "uv": [ 6, 10, 10, 11 ], "texture": "#flowerpot" },
				"north": { "uv": [ 6, 10, 10, 16 ], "texture": "#flowerpot" },
				"south": { "uv": [ 6, 10, 10, 16 ], "texture": "#flowerpot" }
			}
		},
		{
			"from": [ 6, 0, 6 ],
			"to": [ 10, 4, 10 ],
			"faces": {
				"down": { "uv": [ 6, 6, 10, 10 ], "texture": "#flowerpot", "cullface": "down" },
				"up": { "uv": [ 6, 6, 10, 10 ], "texture": "#dirt" }
			}
		}
	]
}