{
	"__comment": "Designed by AndrealVox",
	"ambientocclusion": false,
	"textures": {
		"particle": "block/sapling_birch",
		"down": "block/sapling_birch",
		"up": "block/sapling_birch",
		"north": "block/sapling_birch",
		"south": "block/sapling_birch",
		"west": "block/sapling_birch",
		"east": "block/sapling_birch",
		"flowerpot": "block/flower_pot",
		"dirt": "block/dirt"
	},
	"elements": [
		{
			"from": [ 14, 7, 14 ],
			"to": [ 15, 9, 15 ],
			"faces": {
				"down": { "uv": [ 14, 12, 15, 13 ], "texture": "#down" },
				"up": { "uv": [ 14, 11, 15, 12 ], "texture": "#up" },
				"north": { "uv": [ 14, 11, 15, 13 ], "texture": "#north" },
				"south": { "uv": [ 14, 11, 15, 13 ], "texture": "#south" },
				"west": { "uv": [ 14, 11, 15, 13 ], "texture": "#west" },
				"east": { "uv": [ 14, 11, 15, 13 ], "texture": "#east" }
			}
		},
		{
			"from": [ 13, 7, 13 ],
			"to": [ 14, 10, 14 ],
			"faces": {
				"down": { "uv": [ 13, 12, 14, 13 ], "texture": "#down" },
				"up": { "uv": [ 13, 10, 14, 11 ], "texture": "#up" },
				"north": { "uv": [ 13, 10, 14, 13 ], "texture": "#north" },
				"south": { "uv": [ 13, 10, 14, 13 ], "texture": "#south" },
				"west": { "uv": [ 13, 10, 14, 13 ], "texture": "#west" },
				"east": { "uv": [ 13, 10, 14, 13 ], "texture": "#east" }
			}
		},
		{
			"from": [ 13, 11, 13 ],
			"to": [ 14, 13, 14 ],
			"faces": {
				"down": { "uv": [ 13, 8, 14, 9 ], "texture": "#down" },
				"up": { "uv": [ 13, 7, 14, 8 ], "texture": "#up" },
				"north": { "uv": [ 13, 7, 14, 9 ], "texture": "#north" },
				"south": { "uv": [ 13, 7, 14, 9 ], "texture": "#south" },
				"west": { "uv": [ 13, 7, 14, 9 ], "texture": "#west" },
				"east": { "uv": [ 13, 7, 14, 9 ], "texture": "#east" }
			}
		},
		{
			"from": [ 13, 14, 13 ],
			"to": [ 14, 16, 14 ],
			"faces": {
				"down": { "uv": [ 13, 5, 14, 6 ], "texture": "#down" },
				"up": { "uv": [ 13, 4, 14, 5 ], "texture": "#up" },
				"north": { "uv": [ 13, 4, 14, 6 ], "texture": "#north" },
				"south": { "uv": [ 13, 4, 14, 6 ], "texture": "#south" },
				"west": { "uv": [ 13, 4, 14, 6 ], "texture": "#west" },
				"east": { "uv": [ 13, 4, 14, 6 ], "texture": "#east" }
			}
		},
		{
			"from": [ 12, 8, 12 ],
			"to": [ 13, 11, 13 ],
			"faces": {
				"down": { "uv": [ 12, 11, 13, 12 ], "texture": "#down" },
				"up": { "uv": [ 12, 9, 13, 10 ], "texture": "#up" },
				"north": { "uv": [ 12, 9, 13, 12 ], "texture": "#north" },
				"south": { "uv": [ 12, 9, 13, 12 ], "texture": "#south" },
				"west": { "uv": [ 12, 9, 13, 12 ], "texture": "#west" },
				"east": { "uv": [ 12, 9, 13, 12 ], "texture": "#east" }
			}
		},
		{
			"from": [ 12, 12, 12 ],
			"to": [ 13, 13, 13 ],
			"faces": {
				"down": { "uv": [ 12, 7, 13, 8 ], "texture": "#down" },
				"up": { "uv": [ 12, 7, 13, 8 ], "texture": "#up" },
				"north": { "uv": [ 12, 7, 13, 8 ], "texture": "#north" },
				"south": { "uv": [ 12, 7, 13, 8 ], "texture": "#south" },
				"west": { "uv": [ 12, 7, 13, 8 ], "texture": "#west" },
				"east": { "uv": [ 12, 7, 13, 8 ], "texture": "#east" }
			}
		},
		{
			"from": [ 12, 14, 12 ],
			"to": [ 13, 18, 13 ],
			"faces": {
				"down": { "uv": [ 12, 5, 13, 6 ], "texture": "#down" },
				"up": { "uv": [ 12, 2, 13, 3 ], "texture": "#up" },
				"north": { "uv": [ 12, 2, 13, 6 ], "texture": "#north" },
				"south": { "uv": [ 12, 2, 13, 6 ], "texture": "#south" },
				"west": { "uv": [ 12, 2, 13, 6 ], "texture": "#west" },
				"east": { "uv": [ 12, 2, 13, 6 ], "texture": "#east" }
			}
		},
		{
			"from": [ 11, 7, 11 ],
			"to": [ 12, 12, 12 ],
			"faces": {
				"down": { "uv": [ 11, 12, 12, 13 ], "texture": "#down" },
				"up": { "uv": [ 11, 8, 12, 9 ], "texture": "#up" },
				"north": { "uv": [ 11, 8, 12, 13 ], "texture": "#north" },
				"south": { "uv": [ 11, 8, 12, 13 ], "texture": "#south" },
				"west": { "uv": [ 11, 8, 12, 13 ], "texture": "#west" },
				"east": { "uv": [ 11, 8, 12, 13 ], "texture": "#east" }
			}
		},
		{
			"from": [ 11, 13, 11 ],
			"to": [ 12, 18, 12 ],
			"faces": {
				"down": { "uv": [ 11, 6, 12, 7 ], "texture": "#down" },
				"up": { "uv": [ 11, 2, 12, 3 ], "texture": "#up" },
				"north": { "uv": [ 11, 2, 12, 7 ], "texture": "#north" },
				"south": { "uv": [ 11, 2, 12, 7 ], "texture": "#south" },
				"west": { "uv": [ 11, 2, 12, 7 ], "texture": "#west" },
				"east": { "uv": [ 11, 2, 12, 7 ], "texture": "#east" }
			}
		},
		{
			"from": [ 10, 10, 10 ],
			"to": [ 11, 16, 11 ],
			"faces": {
				"down": { "uv": [ 10, 9, 11, 10 ], "texture": "#down" },
				"up": { "uv": [ 10, 4, 11, 5 ], "texture": "#up" },
				"north": { "uv": [ 10, 4, 11, 10 ], "texture": "#north" },
				"south": { "uv": [ 10, 4, 11, 10 ], "texture": "#south" },
				"west": { "uv": [ 10, 4, 11, 10 ], "texture": "#west" },
				"east": { "uv": [ 10, 4, 11, 10 ], "texture": "#east" }
			}
		},
		{
			"from": [ 9, 4, 9 ],
			"to": [ 10, 14, 10 ],
			"faces": {
				"down": { "uv": [ 9, 15, 10, 16 ], "texture": "#down" },
				"up": { "uv": [ 9, 6, 10, 7 ], "texture": "#up" },
				"north": { "uv": [ 9, 6, 10, 16 ], "texture": "#north" },
				"south": { "uv": [ 9, 6, 10, 16 ], "texture": "#south" },
				"west": { "uv": [ 9, 6, 10, 16 ], "texture": "#west" },
				"east": { "uv": [ 9, 6, 10, 16 ], "texture": "#east" }
			}
		},
		{
			"from": [ 9, 16, 9 ],
			"to": [ 10, 17, 10 ],
			"faces": {
				"down": { "uv": [ 9, 3, 10, 4 ], "texture": "#down" },
				"up": { "uv": [ 9, 3, 10, 4 ], "texture": "#up" },
				"north": { "uv": [ 9, 3, 10, 4 ], "texture": "#north" },
				"south": { "uv": [ 9, 3, 10, 4 ], "texture": "#south" },
				"west": { "uv": [ 9, 3, 10, 4 ], "texture": "#west" },
				"east": { "uv": [ 9, 3, 10, 4 ], "texture": "#east" }
			}
		},
		{
			"from": [ 8, 4, 8 ],
			"to": [ 9, 17, 9 ],
			"faces": {
				"down": { "uv": [ 8, 15, 9, 16 ], "texture": "#down" },
				"up": { "uv": [ 8, 3, 9, 4 ], "texture": "#up" },
				"south": { "uv": [ 8, 3, 9, 16 ], "texture": "#south" },
				"east": { "uv": [ 8, 3, 9, 16 ], "texture": "#east" }
			}
		},
		{
			"from": [ 7, 4, 7 ],
			"to": [ 8, 17, 8 ],
			"faces": {
				"down": { "uv": [ 7, 15, 8, 16 ], "texture": "#down" },
				"up": { "uv": [ 7, 3, 8, 4 ], "texture": "#up" },
				"north": { "uv": [ 7, 3, 8, 16 ], "texture": "#north" },
				"west": { "uv": [ 7, 3, 8, 16 ], "texture": "#west" }
			}
		},
		{
			"from": [ 6, 6, 6 ],
			"to": [ 7, 12, 7 ],
			"faces": {
				"down": { "uv": [ 6, 13, 7, 14 ], "texture": "#down" },
				"up": { "uv": [ 6, 8, 7, 9 ], "texture": "#up" },
				"north": { "uv": [ 6, 8, 7, 14 ], "texture": "#north" },
				"south": { "uv": [ 6, 8, 7, 14 ], "texture": "#south" },
				"west": { "uv": [ 6, 8, 7, 14 ], "texture": "#west" },
				"east": { "uv": [ 6, 8, 7, 14 ], "texture": "#east" }
			}
		},
		{
			"from": [ 6, 13, 6 ],
			"to": [ 7, 16, 7 ],
			"faces": {
				"down": { "uv": [ 6, 6, 7, 7 ], "texture": "#down" },
				"up": { "uv": [ 6, 4, 7, 5 ], "texture": "#up" },
				"north": { "uv": [ 6, 4, 7, 7 ], "texture": "#north" },
				"south": { "uv": [ 6, 4, 7, 7 ], "texture": "#south" },
				"west": { "uv": [ 6, 4, 7, 7 ], "texture": "#west" },
				"east": { "uv": [ 6, 4, 7, 7 ], "texture": "#east" }
			}
		},
		{
			"from": [ 6, 17, 6 ],
			"to": [ 7, 18, 7 ],
			"faces": {
				"down": { "uv": [ 6, 2, 7, 3 ], "texture": "#down" },
				"up": { "uv": [ 6, 2, 7, 3 ], "texture": "#up" },
				"north": { "uv": [ 6, 2, 7, 3 ], "texture": "#north" },
				"south": { "uv": [ 6, 2, 7, 3 ], "texture": "#south" },
				"west": { "uv": [ 6, 2, 7, 3 ], "texture": "#west" },
				"east": { "uv": [ 6, 2, 7, 3 ], "texture": "#east" }
			}
		},
		{
			"from": [ 5, 9, 5 ],
			"to": [ 6, 12, 6 ],
			"faces": {
				"down": { "uv": [ 5, 10, 6, 11 ], "texture": "#down" },
				"up": { "uv": [ 5, 8, 6, 9 ], "texture": "#up" },
				"north": { "uv": [ 5, 8, 6, 11 ], "texture": "#north" },
				"south": { "uv": [ 5, 8, 6, 11 ], "texture": "#south" },
				"west": { "uv": [ 5, 8, 6, 11 ], "texture": "#west" },
				"east": { "uv": [ 5, 8, 6, 11 ], "texture": "#east" }
			}
		},
		{
			"from": [ 5, 13, 5 ],
			"to": [ 6, 19, 6 ],
			"faces": {
				"down": { "uv": [ 5, 6, 6, 7 ], "texture": "#down" },
				"up": { "uv": [ 5, 1, 6, 2 ], "texture": "#up" },
				"north": { "uv": [ 5, 1, 6, 7 ], "texture": "#north" },
				"south": { "uv": [ 5, 1, 6, 7 ], "texture": "#south" },
				"west": { "uv": [ 5, 1, 6, 7 ], "texture": "#west" },
				"east": { "uv": [ 5, 1, 6, 7 ], "texture": "#east" }
			}
		},
		{
			"from": [ 4, 9, 4 ],
			"to": [ 5, 11, 5 ],
			"faces": {
				"down": { "uv": [ 4, 10, 5, 11 ], "texture": "#down" },
				"up": { "uv": [ 4, 9, 5, 10 ], "texture": "#up" },
				"north": { "uv": [ 4, 9, 5, 11 ], "texture": "#north" },
				"south": { "uv": [ 4, 9, 5, 11 ], "texture": "#south" },
				"west": { "uv": [ 4, 9, 5, 11 ], "texture": "#west" },
				"east": { "uv": [ 4, 9, 5, 11 ], "texture": "#east" }
			}
		},
		{
			"from": [ 4, 12, 4 ],
			"to": [ 5, 13, 5 ],
			"faces": {
				"down": { "uv": [ 4, 7, 5, 8 ], "texture": "#down" },
				"up": { "uv": [ 4, 7, 5, 8 ], "texture": "#up" },
				"north": { "uv": [ 4, 7, 5, 8 ], "texture": "#north" },
				"south": { "uv": [ 4, 7, 5, 8 ], "texture": "#south" },
				"west": { "uv": [ 4, 7, 5, 8 ], "texture": "#west" },
				"east": { "uv": [ 4, 7, 5, 8 ], "texture": "#east" }
			}
		},
		{
			"from": [ 4, 14, 4 ],
			"to": [ 5, 18, 5 ],
			"faces": {
				"down": { "uv": [ 4, 5, 5, 6 ], "texture": "#down" },
				"up": { "uv": [ 4, 2, 5, 3 ], "texture": "#up" },
				"north": { "uv": [ 4, 2, 5, 6 ], "texture": "#north" },
				"south": { "uv": [ 4, 2, 5, 6 ], "texture": "#south" },
				"west": { "uv": [ 4, 2, 5, 6 ], "texture": "#west" },
				"east": { "uv": [ 4, 2, 5, 6 ], "texture": "#east" }
			}
		},
		{
			"from": [ 3, 10, 3 ],
			"to": [ 4, 16, 4 ],
			"faces": {
				"down": { "uv": [ 3, 9, 4, 10 ], "texture": "#down" },
				"up": { "uv": [ 3, 4, 4, 5 ], "texture": "#up" },
				"north": { "uv": [ 3, 4, 4, 10 ], "texture": "#north" },
				"south": { "uv": [ 3, 4, 4, 10 ], "texture": "#south" },
				"west": { "uv": [ 3, 4, 4, 10 ], "texture": "#west" },
				"east": { "uv": [ 3, 4, 4, 10 ], "texture": "#east" }
			}
		},
		{
			"from": [ 2, 9, 2 ],
			"to": [ 3, 11, 3 ],
			"faces": {
				"down": { "uv": [ 2, 10, 3, 11 ], "texture": "#down" },
				"up": { "uv": [ 2, 9, 3, 10 ], "texture": "#up" },
				"north": { "uv": [ 2, 9, 3, 11 ], "texture": "#north" },
				"south": { "uv": [ 2, 9, 3, 11 ], "texture": "#south" },
				"west": { "uv": [ 2, 9, 3, 11 ], "texture": "#west" },
				"east": { "uv": [ 2, 9, 3, 11 ], "texture": "#east" }
			}
		},
		{
			"from": [ 2, 12, 2 ],
			"to": [ 3, 14, 3 ],
			"faces": {
				"down": { "uv": [ 2, 7, 3, 8 ], "texture": "#down" },
				"up": { "uv": [ 2, 6, 3, 7 ], "texture": "#up" },
				"north": { "uv": [ 2, 6, 3, 8 ], "texture": "#north" },
				"south": { "uv": [ 2, 6, 3, 8 ], "texture": "#south" },
				"west": { "uv": [ 2, 6, 3, 8 ], "texture": "#west" },
				"east": { "uv": [ 2, 6, 3, 8 ], "texture": "#east" }
			}
		},
		{
			"from": [ 1, 8, 1 ],
			"to": [ 2, 10, 2 ],
			"faces": {
				"down": { "uv": [ 1, 11, 2, 12 ], "texture": "#down" },
				"up": { "uv": [ 1, 10, 2, 11 ], "texture": "#up" },
				"north": { "uv": [ 1, 10, 2, 12 ], "texture": "#north" },
				"south": { "uv": [ 1, 10, 2, 12 ], "texture": "#south" },
				"west": { "uv": [ 1, 10, 2, 12 ], "texture": "#west" },
				"east": { "uv": [ 1, 10, 2, 12 ], "texture": "#east" }
			}
		},
		{
			"from": [ 1, 7, 14 ],
			"to": [ 2, 9, 15 ],
			"faces": {
				"down": { "uv": [ 14, 12, 15, 13 ], "texture": "#down" },
				"up": { "uv": [ 14, 11, 15, 12 ], "texture": "#up" },
				"north": { "uv": [ 14, 11, 15, 13 ], "texture": "#north" },
				"south": { "uv": [ 14, 11, 15, 13 ], "texture": "#south" },
				"west": { "uv": [ 14, 11, 15, 13 ], "texture": "#west" },
				"east": { "uv": [ 14, 11, 15, 13 ], "texture": "#east" }
			}
		},
		{
			"from": [ 2, 7, 13 ],
			"to": [ 3, 10, 14 ],
			"faces": {
				"down": { "uv": [ 13, 12, 14, 13 ], "texture": "#down" },
				"up": { "uv": [ 13, 10, 14, 11 ], "texture": "#up" },
				"north": { "uv": [ 13, 10, 14, 13 ], "texture": "#north" },
				"south": { "uv": [ 13, 10, 14, 13 ], "texture": "#south" },
				"west": { "uv": [ 13, 10, 14, 13 ], "texture": "#west" },
				"east": { "uv": [ 13, 10, 14, 13 ], "texture": "#east" }
			}
		},
		{
			"from": [ 2, 11, 13 ],
			"to": [ 3, 13, 14 ],
			"faces": {
				"down": { "uv": [ 13, 8, 14, 9 ], "texture": "#down" },
				"up": { "uv": [ 13, 7, 14, 8 ], "texture": "#up" },
				"north": { "uv": [ 13, 7, 14, 9 ], "texture": "#north" },
				"south": { "uv": [ 13, 7, 14, 9 ], "texture": "#south" },
				"west": { "uv": [ 13, 7, 14, 9 ], "texture": "#west" },
				"east": { "uv": [ 13, 7, 14, 9 ], "texture": "#east" }
			}
		},
		{
			"from": [ 2, 14, 13 ],
			"to": [ 3, 16, 14 ],
			"faces": {
				"down": { "uv": [ 13, 5, 14, 6 ], "texture": "#down" },
				"up": { "uv": [ 13, 4, 14, 5 ], "texture": "#up" },
				"north": { "uv": [ 13, 4, 14, 6 ], "texture": "#north" },
				"south": { "uv": [ 13, 4, 14, 6 ], "texture": "#south" },
				"west": { "uv": [ 13, 4, 14, 6 ], "texture": "#west" },
				"east": { "uv": [ 13, 4, 14, 6 ], "texture": "#east" }
			}
		},
		{
			"from": [ 3, 8, 12 ],
			"to": [ 4, 11, 13 ],
			"faces": {
				"down": { "uv": [ 12, 11, 13, 12 ], "texture": "#down" },
				"up": { "uv": [ 12, 9, 13, 10 ], "texture": "#up" },
				"north": { "uv": [ 12, 9, 13, 12 ], "texture": "#north" },
				"south": { "uv": [ 12, 9, 13, 12 ], "texture": "#south" },
				"west": { "uv": [ 12, 9, 13, 12 ], "texture": "#west" },
				"east": { "uv": [ 12, 9, 13, 12 ], "texture": "#east" }
			}
		},
		{
			"from": [ 3, 12, 12 ],
			"to": [ 4, 13, 13 ],
			"faces": {
				"down": { "uv": [ 12, 7, 13, 8 ], "texture": "#down" },
				"up": { "uv": [ 12, 7, 13, 8 ], "texture": "#up" },
				"north": { "uv": [ 12, 7, 13, 8 ], "texture": "#north" },
				"south": { "uv": [ 12, 7, 13, 8 ], "texture": "#south" },
				"west": { "uv": [ 12, 7, 13, 8 ], "texture": "#west" },
				"east": { "uv": [ 12, 7, 13, 8 ], "texture": "#east" }
			}
		},
		{
			"from": [ 3, 14, 12 ],
			"to": [ 4, 18, 13 ],
			"faces": {
				"down": { "uv": [ 12, 5, 13, 6 ], "texture": "#down" },
				"up": { "uv": [ 12, 2, 13, 3 ], "texture": "#up" },
				"north": { "uv": [ 12, 2, 13, 6 ], "texture": "#north" },
				"south": { "uv": [ 12, 2, 13, 6 ], "texture": "#south" },
				"west": { "uv": [ 12, 2, 13, 6 ], "texture": "#west" },
				"east": { "uv": [ 12, 2, 13, 6 ], "texture": "#east" }
			}
		},
		{
			"from": [ 4, 7, 11 ],
			"to": [ 5, 12, 12 ],
			"faces": {
				"down": { "uv": [ 11, 12, 12, 13 ], "texture": "#down" },
				"up": { "uv": [ 11, 8, 12, 9 ], "texture": "#up" },
				"north": { "uv": [ 11, 8, 12, 13 ], "texture": "#north" },
				"south": { "uv": [ 11, 8, 12, 13 ], "texture": "#south" },
				"west": { "uv": [ 11, 8, 12, 13 ], "texture": "#west" },
				"east": { "uv": [ 11, 8, 12, 13 ], "texture": "#east" }
			}
		},
		{
			"from": [ 4, 13, 11 ],
			"to": [ 5, 18, 12 ],
			"faces": {
				"down": { "uv": [ 11, 6, 12, 7 ], "texture": "#down" },
				"up": { "uv": [ 11, 2, 12, 3 ], "texture": "#up" },
				"north": { "uv": [ 11, 2, 12, 7 ], "texture": "#north" },
				"south": { "uv": [ 11, 2, 12, 7 ], "texture": "#south" },
				"west": { "uv": [ 11, 2, 12, 7 ], "texture": "#west" },
				"east": { "uv": [ 11, 2, 12, 7 ], "texture": "#east" }
			}
		},
		{
			"from": [ 5, 10, 10 ],
			"to": [ 6, 16, 11 ],
			"faces": {
				"down": { "uv": [ 10, 9, 11, 10 ], "texture": "#down" },
				"up": { "uv": [ 10, 4, 11, 5 ], "texture": "#up" },
				"north": { "uv": [ 10, 4, 11, 10 ], "texture": "#north" },
				"south": { "uv": [ 10, 4, 11, 10 ], "texture": "#south" },
				"west": { "uv": [ 10, 4, 11, 10 ], "texture": "#west" },
				"east": { "uv": [ 10, 4, 11, 10 ], "texture": "#east" }
			}
		},
		{
			"from": [ 6, 4, 9 ],
			"to": [ 7, 14, 10 ],
			"faces": {
				"down": { "uv": [ 9, 15, 10, 16 ], "texture": "#down" },
				"up": { "uv": [ 9, 5, 10, 6 ], "texture": "#up" },
				"north": { "uv": [ 9, 6, 10, 16 ], "texture": "#north" },
				"south": { "uv": [ 9, 6, 10, 16 ], "texture": "#south" },
				"west": { "uv": [ 9, 6, 10, 16 ], "texture": "#west" },
				"east": { "uv": [ 9, 6, 10, 16 ], "texture": "#east" }
			}
		},
		{
			"from": [ 6, 16, 9 ],
			"to": [ 7, 17, 10 ],
			"faces": {
				"down": { "uv": [ 9, 3, 10, 4 ], "texture": "#down" },
				"up": { "uv": [ 9, 3, 10, 4 ], "texture": "#up" },
				"north": { "uv": [ 9, 3, 10, 4 ], "texture": "#north" },
				"south": { "uv": [ 9, 3, 10, 4 ], "texture": "#south" },
				"west": { "uv": [ 9, 3, 10, 4 ], "texture": "#west" },
				"east": { "uv": [ 9, 3, 10, 4 ], "texture": "#east" }
			}
		},
		{
			"from": [ 7, 4, 8 ],
			"to": [ 8, 17, 9 ],
			"faces": {
				"down": { "uv": [ 8, 15, 9, 16 ], "texture": "#down" },
				"up": { "uv": [ 8, 3, 9, 4 ], "texture": "#up" },
				"south": { "uv": [ 8, 3, 9, 16 ], "texture": "#south" },
				"west": { "uv": [ 8, 3, 9, 16 ], "texture": "#west" }
			}
		},
		{
			"from": [ 8, 4, 7 ],
			"to": [ 9, 17, 8 ],
			"faces": {
				"down": { "uv": [ 7, 15, 8, 16 ], "texture": "#down" },
				"up": { "uv": [ 7, 3, 8, 4 ], "texture": "#up" },
				"north": { "uv": [ 7, 3, 8, 16 ], "texture": "#north" },
				"east": { "uv": [ 7, 3, 8, 16 ], "texture": "#east" }
			}
		},
		{
			"from": [ 9, 6, 6 ],
			"to": [ 10, 12, 7 ],
			"faces": {
				"down": { "uv": [ 6, 13, 7, 14 ], "texture": "#down" },
				"up": { "uv": [ 6, 8, 7, 9 ], "texture": "#up" },
				"north": { "uv": [ 6, 8, 7, 14 ], "texture": "#north" },
				"south": { "uv": [ 6, 8, 7, 14 ], "texture": "#south" },
				"west": { "uv": [ 6, 8, 7, 14 ], "texture": "#west" },
				"east": { "uv": [ 6, 8, 7, 14 ], "texture": "#east" }
			}
		},
		{
			"from": [ 9, 13, 6 ],
			"to": [ 10, 16, 7 ],
			"faces": {
				"down": { "uv": [ 6, 5, 7, 6 ], "texture": "#down" },
				"up": { "uv": [ 6, 4, 7, 5 ], "texture": "#up" },
				"north": { "uv": [ 6, 4, 7, 7 ], "texture": "#north" },
				"south": { "uv": [ 6, 4, 7, 7 ], "texture": "#south" },
				"west": { "uv": [ 6, 4, 7, 7 ], "texture": "#west" },
				"east": { "uv": [ 6, 4, 7, 7 ], "texture": "#east" }
			}
		},
		{
			"from": [ 9, 17, 6 ],
			"to": [ 10, 18, 7 ],
			"faces": {
				"down": { "uv": [ 6, 2, 7, 3 ], "texture": "#down" },
				"up": { "uv": [ 6, 2, 7, 3 ], "texture": "#up" },
				"north": { "uv": [ 6, 2, 7, 3 ], "texture": "#north" },
				"south": { "uv": [ 6, 2, 7, 3 ], "texture": "#south" },
				"west": { "uv": [ 6, 2, 7, 3 ], "texture": "#west" },
				"east": { "uv": [ 6, 2, 7, 3 ], "texture": "#east" }
			}
		},
		{
			"from": [ 10, 9, 5 ],
			"to": [ 11, 12, 6 ],
			"faces": {
				"down": { "uv": [ 5, 11, 6, 12 ], "texture": "#down" },
				"up": { "uv": [ 5, 8, 6, 9 ], "texture": "#up" },
				"north": { "uv": [ 5, 8, 6, 11 ], "texture": "#north" },
				"south": { "uv": [ 5, 8, 6, 11 ], "texture": "#south" },
				"west": { "uv": [ 5, 8, 6, 11 ], "texture": "#west" },
				"east": { "uv": [ 5, 8, 6, 11 ], "texture": "#east" }
			}
		},
		{
			"from": [ 10, 13, 5 ],
			"to": [ 11, 19, 6 ],
			"faces": {
				"down": { "uv": [ 5, 6, 6, 7 ], "texture": "#down" },
				"up": { "uv": [ 5, 1, 6, 2 ], "texture": "#up" },
				"north": { "uv": [ 5, 1, 6, 7 ], "texture": "#north" },
				"south": { "uv": [ 5, 1, 6, 7 ], "texture": "#south" },
				"west": { "uv": [ 5, 1, 6, 7 ], "texture": "#west" },
				"east": { "uv": [ 5, 1, 6, 7 ], "texture": "#east" }
			}
		},
		{
			"from": [ 11, 9, 4 ],
			"to": [ 12, 11, 5 ],
			"faces": {
				"down": { "uv": [ 4, 10, 5, 11 ], "texture": "#down" },
				"up": { "uv": [ 4, 9, 5, 10 ], "texture": "#up" },
				"north": { "uv": [ 4, 9, 5, 11 ], "texture": "#north" },
				"south": { "uv": [ 4, 9, 5, 11 ], "texture": "#south" },
				"west": { "uv": [ 4, 9, 5, 11 ], "texture": "#west" },
				"east": { "uv": [ 4, 9, 5, 11 ], "texture": "#east" }
			}
		},
		{
			"from": [ 11, 12, 4 ],
			"to": [ 12, 13, 5 ],
			"faces": {
				"down": { "uv": [ 4, 7, 5, 8 ], "texture": "#down" },
				"up": { "uv": [ 4, 7, 5, 8 ], "texture": "#up" },
				"north": { "uv": [ 4, 7, 5, 8 ], "texture": "#north" },
				"south": { "uv": [ 4, 7, 5, 8 ], "texture": "#south" },
				"west": { "uv": [ 4, 7, 5, 8 ], "texture": "#west" },
				"east": { "uv": [ 4, 7, 5, 8 ], "texture": "#east" }
			}
		},
		{
			"from": [ 11, 14, 4 ],
			"to": [ 12, 18, 5 ],
			"faces": {
				"down": { "uv": [ 4, 5, 5, 6 ], "texture": "#down" },
				"up": { "uv": [ 4, 2, 5, 3 ], "texture": "#up" },
				"north": { "uv": [ 4, 2, 5, 6 ], "texture": "#north" },
				"south": { "uv": [ 4, 2, 5, 6 ], "texture": "#south" },
				"west": { "uv": [ 4, 2, 5, 6 ], "texture": "#west" },
				"east": { "uv": [ 4, 2, 5, 6 ], "texture": "#east" }
			}
		},
		{
			"from": [ 12, 10, 3 ],
			"to": [ 13, 16, 4 ],
			"faces": {
				"down": { "uv": [ 3, 9, 4, 10 ], "texture": "#down" },
				"up": { "uv": [ 3, 4, 4, 5 ], "texture": "#up" },
				"north": { "uv": [ 3, 4, 4, 10 ], "texture": "#north" },
				"south": { "uv": [ 3, 4, 4, 10 ], "texture": "#south" },
				"west": { "uv": [ 3, 4, 4, 10 ], "texture": "#west" },
				"east": { "uv": [ 3, 4, 4, 10 ], "texture": "#east" }
			}
		},
		{
			"from": [ 13, 9, 2 ],
			"to": [ 14, 11, 3 ],
			"faces": {
				"down": { "uv": [ 2, 10, 3, 11 ], "texture": "#down" },
				"up": { "uv": [ 2, 9, 3, 10 ], "texture": "#up" },
				"north": { "uv": [ 2, 9, 3, 11 ], "texture": "#north" },
				"south": { "uv": [ 2, 9, 3, 11 ], "texture": "#south" },
				"west": { "uv": [ 2, 9, 3, 11 ], "texture": "#west" },
				"east": { "uv": [ 2, 9, 3, 11 ], "texture": "#east" }
			}
		},
		{
			"from": [ 13, 12, 2 ],
			"to": [ 14, 14, 3 ],
			"faces": {
				"down": { "uv": [ 2, 7, 3, 8 ], "texture": "#down" },
				"up": { "uv": [ 2, 6, 3, 7 ], "texture": "#up" },
				"north": { "uv": [ 2, 6, 3, 8 ], "texture": "#north" },
				"south": { "uv": [ 2, 6, 3, 8 ], "texture": "#south" },
				"west": { "uv": [ 2, 6, 3, 8 ], "texture": "#west" },
				"east": { "uv": [ 2, 6, 3, 8 ], "texture": "#east" }
			}
		},
		{
			"from": [ 14, 8, 1 ],
			"to": [ 15, 10, 2 ],
			"faces": {
				"down": { "uv": [ 1, 11, 2, 12 ], "texture": "#down" },
				"up": { "uv": [ 1, 10, 2, 11 ], "texture": "#up" },
				"north": { "uv": [ 1, 10, 2, 12 ], "texture": "#north" },
				"south": { "uv": [ 1, 10, 2, 12 ], "texture": "#south" },
				"west": { "uv": [ 1, 10, 2, 12 ], "texture": "#west" },
				"east": { "uv": [ 1, 10, 2, 12 ], "texture": "#east" }
			}
		},
		{
			"from": [ 5, 0, 5 ],
			"to": [ 6, 6, 11 ],
			"faces": {
				"down": { "uv": [ 5, 5, 6, 11 ], "texture": "#flowerpot", "cullface": "down" },
				"up": { "uv": [ 5, 5, 6, 11 ], "texture": "#flowerpot" },
				"north": { "uv": [ 10, 10, 11, 16 ], "texture": "#flowerpot" },
				"south": { "uv": [ 5, 10, 6, 16 ], "texture": "#flowerpot" },
				"west": { "uv": [ 5, 10, 11, 16 ], "texture": "#flowerpot" },
				"east": { "uv": [ 5, 10, 11, 16 ], "texture": "#flowerpot" }
			}
		},
		{
			"from": [ 10, 0, 5 ],
			"to": [ 11, 6, 11 ],
			"faces": {
				"down": { "uv": [ 10, 5, 11, 11 ], "texture": "#flowerpot", "cullface": "down" },
				"up": { "uv": [ 10, 5, 11, 11 ], "texture": "#flowerpot" },
				"north": { "uv": [ 5, 10, 6, 16 ], "texture": "#flowerpot" },
				"south": { "uv": [ 10, 10, 11, 16 ], "texture": "#flowerpot" },
				"west": { "uv": [ 5, 10, 11, 16 ], "texture": "#flowerpot" },
				"east": { "uv": [ 5, 10, 11, 16 ], "texture": "#flowerpot" }
			}
		},
		{
			"from": [ 6, 0, 5 ],
			"to": [ 10, 6, 6 ],
			"faces": {
				"down": { "uv": [ 6, 10, 10, 11 ], "texture": "#flowerpot", "cullface": "down" },
				"up": { "uv": [ 6, 5, 10, 6 ], "texture": "#flowerpot" },
				"north": { "uv": [ 6, 10, 10, 16 ], "texture": "#flowerpot" },
				"south": { "uv": [ 6, 10, 10, 16 ], "texture": "#flowerpot" }
			}
		},
		{
			"from": [ 6, 0, 10 ],
			"to": [ 10, 6, 11 ],
			"faces": {
				"down": { "uv": [ 6, 5, 10, 6 ], "texture": "#flowerpot", "cullface": "down" },
				"up": { "uv": [ 6, 10, 10, 11 ], "texture": "#flowerpot" },
				"north": { "uv": [ 6, 10, 10, 16 ], "texture": "#flowerpot" },
				"south": { "uv": [ 6, 10, 10, 16 ], "texture": "#flowerpot" }
			}
		},
		{
			"from": [ 6, 0, 6 ],
			"to": [ 10, 4, 10 ],
			"faces": {
				"down": { "uv": [ 6, 6, 10, 10 ], "texture": "#flowerpot", "cullface": "down" },
				"up": { "uv": [ 6, 6, 10, 10 ], "texture": "#dirt" }
			}
		}
	]
}