{
	"__comment": "Designed by AndrealVox",
	"ambientocclusion": false,
	"textures": {
		"particle": "block/flower_houstonia",
		"all": "block/flower_houstonia",
		"flowerpot": "block/flower_pot",
		"dirt": "block/dirt"
	},
	"elements": [
		{
			"from": [ 7, 11, 7 ],
			"to": [ 8, 12, 8 ],
			"faces": {
				"down": { "uv": [ 11, 12, 12, 13 ], "texture": "#all" },
				"up": { "uv": [ 11, 12, 12, 13 ], "texture": "#all" },
				"north": { "uv": [ 11, 12, 12, 13 ], "texture": "#all" },
				"south": { "uv": [ 11, 12, 12, 13 ], "texture": "#all" },
				"west": { "uv": [ 11, 12, 12, 13 ], "texture": "#all" },
				"east": { "uv": [ 11, 12, 12, 13 ], "texture": "#all" }
			}
		},
		{
			"from": [ 6, 11, 6 ],
			"to": [ 7, 12, 7 ],
			"faces": {
				"down": { "uv": [ 11, 12, 12, 13 ], "texture": "#all" },
				"up": { "uv": [ 11, 12, 12, 13 ], "texture": "#all" },
				"north": { "uv": [ 11, 12, 12, 13 ], "texture": "#all" },
				"south": { "uv": [ 11, 12, 12, 13 ], "texture": "#all" },
				"west": { "uv": [ 11, 12, 12, 13 ], "texture": "#all" },
				"east": { "uv": [ 11, 12, 12, 13 ], "texture": "#all" }
			}
		},
		{
			"from": [ 7, 11.5, 6 ],
			"to": [ 8, 13, 7 ],
			"faces": {
				"down": { "uv": [ 10, 11, 11, 12 ], "texture": "#all" },
				"up": { "uv": [ 10, 11, 11, 12 ], "texture": "#all" },
				"north": { "uv": [ 10, 11, 11, 12 ], "texture": "#all" },
				"south": { "uv": [ 10, 11, 11, 12 ], "texture": "#all" },
				"west": { "uv": [ 10, 11, 11, 12 ], "texture": "#all" },
				"east": { "uv": [ 10, 11, 11, 12 ], "texture": "#all" }
			}
		},
		{
			"from": [ 6.5, 11.5, 6.5 ],
			"to": [ 7.5, 12.5, 7.5 ],
			"faces": {
				"down": { "uv": [ 11, 11, 12, 12 ], "texture": "#all" },
				"up": { "uv": [ 11, 11, 12, 12 ], "texture": "#all" },
				"north": { "uv": [ 11, 11, 12, 12 ], "texture": "#all" },
				"south": { "uv": [ 11, 11, 12, 12 ], "texture": "#all" },
				"west": { "uv": [ 11, 11, 12, 12 ], "texture": "#all" },
				"east": { "uv": [ 11, 11, 12, 12 ], "texture": "#all" }
			}
		},
		{
			"from": [ 7, 4, 6 ],
			"to": [ 8, 8, 7 ],
			"faces": {
				"down": { "uv": [ 7, 12, 8, 13 ], "texture": "#all" },
				"up": { "uv": [ 7, 12, 8, 13 ], "texture": "#all" },
				"north": { "uv": [ 7, 12, 8, 16 ], "texture": "#all" },
				"south": { "uv": [ 7, 12, 8, 16 ], "texture": "#all" },
				"west": { "uv": [ 7, 12, 8, 16 ], "texture": "#all" },
				"east": { "uv": [ 7, 12, 8, 16 ], "texture": "#all" }
			}
		},
		{
			"from": [ 8, 5, 7 ],
			"to": [ 9, 9, 8 ],
			"faces": {
				"down": { "uv": [ 8, 11, 9, 12 ], "texture": "#all" },
				"up": { "uv": [ 8, 11, 9, 12 ], "texture": "#all" },
				"north": { "uv": [ 8, 11, 9, 15 ], "texture": "#all" },
				"south": { "uv": [ 8, 11, 9, 15 ], "texture": "#all" },
				"west": { "uv": [ 8, 11, 9, 15 ], "texture": "#all" },
				"east": { "uv": [ 8, 11, 9, 15 ], "texture": "#all" }
			}
		},
		{
			"from": [ 8, 6, 8 ],
			"to": [ 9, 7, 9 ],
			"faces": {
				"down": { "uv": [ 9, 13, 10, 14 ], "texture": "#all" },
				"up": { "uv": [ 9, 13, 10, 14 ], "texture": "#all" },
				"north": { "uv": [ 9, 13, 10, 14 ], "texture": "#all" },
				"south": { "uv": [ 9, 13, 10, 14 ], "texture": "#all" },
				"west": { "uv": [ 9, 13, 10, 14 ], "texture": "#all" },
				"east": { "uv": [ 9, 13, 10, 14 ], "texture": "#all" }
			}
		},
		{
			"from": [ 9, 9, 6 ],
			"to": [ 10, 11.5, 7 ],
			"faces": {
				"down": { "uv": [ 9, 10, 10, 11 ], "texture": "#all" },
				"up": { "uv": [ 9, 9, 10, 10 ], "texture": "#all" },
				"north": { "uv": [ 9, 9, 10, 11 ], "texture": "#all" },
				"south": { "uv": [ 9, 9, 10, 11 ], "texture": "#all" },
				"west": { "uv": [ 9, 9, 10, 11 ], "texture": "#all" },
				"east": { "uv": [ 9, 9, 10, 11 ], "texture": "#all" }
			}
		},
		{
			"from": [ 4, 8, 6 ],
			"to": [ 7, 9, 7 ],
			"faces": {
				"down": { "uv": [ 4, 11, 7, 12 ], "texture": "#all" },
				"up": { "uv": [ 4, 11, 7, 12 ], "texture": "#all" },
				"north": { "uv": [ 4, 11, 7, 12 ], "texture": "#all" },
				"south": { "uv": [ 4, 11, 7, 12 ], "texture": "#all" },
				"west": { "uv": [ 6, 11, 7, 12 ], "texture": "#all" },
				"east": { "uv": [ 6, 11, 7, 12 ], "texture": "#all" }
			}
		},
		{
			"from": [ 4, 9, 6 ],
			"to": [ 5, 9.5, 7 ],
			"faces": {
				"down": { "uv": [ 4, 10, 5, 11 ], "texture": "#all" },
				"up": { "uv": [ 4, 10, 5, 11 ], "texture": "#all" },
				"north": { "uv": [ 4, 10, 5, 11 ], "texture": "#all" },
				"south": { "uv": [ 4, 10, 5, 11 ], "texture": "#all" },
				"west": { "uv": [ 4, 10, 5, 11 ], "texture": "#all" },
				"east": { "uv": [ 4, 10, 5, 11 ], "texture": "#all" }
			}
		},
		{
			"from": [ 6, 9, 6 ],
			"to": [ 7, 10, 7 ],
			"faces": {
				"down": { "uv": [ 6, 10, 7, 11 ], "texture": "#all" },
				"up": { "uv": [ 6, 10, 7, 11 ], "texture": "#all" },
				"north": { "uv": [ 6, 10, 7, 11 ], "texture": "#all" },
				"south": { "uv": [ 6, 10, 7, 11 ], "texture": "#all" },
				"west": { "uv": [ 6, 10, 7, 11 ], "texture": "#all" },
				"east": { "uv": [ 6, 10, 7, 11 ], "texture": "#all" }
			}
		},
		{
			"from": [ 7, 8, 6 ],
			"to": [ 8, 11.5, 7 ],
			"faces": {
				"down": { "uv": [ 7, 15, 8, 16 ], "texture": "#all" },
				"up": { "uv": [ 7, 12, 8, 13 ], "texture": "#all" },
				"north": { "uv": [ 7, 12, 8, 16 ], "texture": "#all" },
				"south": { "uv": [ 7, 12, 8, 16 ], "texture": "#all" },
				"west": { "uv": [ 7, 12, 8, 16 ], "texture": "#all" },
				"east": { "uv": [ 7, 12, 8, 16 ], "texture": "#all" }
			}
		},
		{
			"from": [ 6, 11, 5 ],
			"to": [ 7, 11.5, 6 ],
			"faces": {
				"down": { "uv": [ 6, 8, 7, 9 ], "texture": "#all" },
				"up": { "uv": [ 6, 8, 7, 9 ], "texture": "#all" },
				"north": { "uv": [ 6, 8, 7, 9 ], "texture": "#all" },
				"south": { "uv": [ 6, 8, 7, 9 ], "texture": "#all" },
				"west": { "uv": [ 6, 8, 7, 9 ], "texture": "#all" },
				"east": { "uv": [ 6, 8, 7, 9 ], "texture": "#all" }
			}
		},
		{
			"from": [ 8, 7, 9 ],
			"to": [ 9, 8, 10 ],
			"faces": {
				"down": { "uv": [ 10, 12, 11, 13 ], "texture": "#all" },
				"up": { "uv": [ 10, 12, 11, 13 ], "texture": "#all" },
				"north": { "uv": [ 10, 12, 11, 13 ], "texture": "#all" },
				"south": { "uv": [ 10, 12, 11, 13 ], "texture": "#all" },
				"west": { "uv": [ 10, 12, 11, 13 ], "texture": "#all" },
				"east": { "uv": [ 10, 12, 11, 13 ], "texture": "#all" }
			}
		},
		{
			"from": [ 9, 11.5, 6 ],
			"to": [ 10, 13, 7 ],
			"faces": {
				"down": { "uv": [ 11, 12, 12, 13 ], "texture": "#all" },
				"up": { "uv": [ 11, 12, 12, 13 ], "texture": "#all" },
				"north": { "uv": [ 11, 12, 12, 13 ], "texture": "#all" },
				"south": { "uv": [ 11, 12, 12, 13 ], "texture": "#all" },
				"west": { "uv": [ 11, 12, 12, 13 ], "texture": "#all" },
				"east": { "uv": [ 11, 12, 12, 13 ], "texture": "#all" }
			}
		},
		{
			"from": [ 10, 11, 6 ],
			"to": [ 11, 12, 7 ],
			"faces": {
				"down": { "uv": [ 11, 12, 12, 13 ], "texture": "#all" },
				"up": { "uv": [ 11, 12, 12, 13 ], "texture": "#all" },
				"north": { "uv": [ 11, 12, 12, 13 ], "texture": "#all" },
				"south": { "uv": [ 11, 12, 12, 13 ], "texture": "#all" },
				"west": { "uv": [ 11, 12, 12, 13 ], "texture": "#all" },
				"east": { "uv": [ 11, 12, 12, 13 ], "texture": "#all" }
			}
		},
		{
			"from": [ 9, 11, 5 ],
			"to": [ 10, 12, 6 ],
			"faces": {
				"down": { "uv": [ 11, 12, 12, 13 ], "texture": "#all" },
				"up": { "uv": [ 11, 12, 12, 13 ], "texture": "#all" },
				"north": { "uv": [ 11, 12, 12, 13 ], "texture": "#all" },
				"south": { "uv": [ 11, 12, 12, 13 ], "texture": "#all" },
				"west": { "uv": [ 11, 12, 12, 13 ], "texture": "#all" },
				"east": { "uv": [ 11, 12, 12, 13 ], "texture": "#all" }
			}
		},
		{
			"from": [ 9.5, 11.5, 5.5 ],
			"to": [ 10.5, 12.5, 6.5 ],
			"faces": {
				"down": { "uv": [ 11, 11, 12, 12 ], "texture": "#all" },
				"up": { "uv": [ 11, 11, 12, 12 ], "texture": "#all" },
				"north": { "uv": [ 11, 11, 12, 12 ], "texture": "#all" },
				"south": { "uv": [ 11, 11, 12, 12 ], "texture": "#all" },
				"west": { "uv": [ 11, 11, 12, 12 ], "texture": "#all" },
				"east": { "uv": [ 11, 11, 12, 12 ], "texture": "#all" }
			}
		},
		{
			"from": [ 8.5, 7.5, 9.5 ],
			"to": [ 9.5, 8.5, 10.5 ],
			"faces": {
				"down": { "uv": [ 11, 11, 12, 12 ], "texture": "#all" },
				"up": { "uv": [ 11, 11, 12, 12 ], "texture": "#all" },
				"north": { "uv": [ 11, 11, 12, 12 ], "texture": "#all" },
				"south": { "uv": [ 11, 11, 12, 12 ], "texture": "#all" },
				"west": { "uv": [ 11, 11, 12, 12 ], "texture": "#all" },
				"east": { "uv": [ 11, 11, 12, 12 ], "texture": "#all" }
			}
		},
		{
			"from": [ 8, 7, 10 ],
			"to": [ 9, 8, 11 ],
			"faces": {
				"down": { "uv": [ 11, 12, 12, 13 ], "texture": "#all" },
				"up": { "uv": [ 11, 12, 12, 13 ], "texture": "#all" },
				"north": { "uv": [ 11, 12, 12, 13 ], "texture": "#all" },
				"south": { "uv": [ 11, 12, 12, 13 ], "texture": "#all" },
				"west": { "uv": [ 11, 12, 12, 13 ], "texture": "#all" },
				"east": { "uv": [ 11, 12, 12, 13 ], "texture": "#all" }
			}
		},
		{
			"from": [ 9, 7, 9 ],
			"to": [ 10, 8, 10 ],
			"faces": {
				"down": { "uv": [ 11, 12, 12, 13 ], "texture": "#all" },
				"up": { "uv": [ 11, 12, 12, 13 ], "texture": "#all" },
				"north": { "uv": [ 11, 12, 12, 13 ], "texture": "#all" },
				"south": { "uv": [ 11, 12, 12, 13 ], "texture": "#all" },
				"west": { "uv": [ 11, 12, 12, 13 ], "texture": "#all" },
				"east": { "uv": [ 11, 12, 12, 13 ], "texture": "#all" }
			}
		},
		{
			"from": [ 8, 8, 9 ],
			"to": [ 9, 9, 10 ],
			"faces": {
				"down": { "uv": [ 10, 11, 11, 12 ], "texture": "#all" },
				"up": { "uv": [ 10, 11, 11, 12 ], "texture": "#all" },
				"north": { "uv": [ 10, 11, 11, 12 ], "texture": "#all" },
				"south": { "uv": [ 10, 11, 11, 12 ], "texture": "#all" },
				"west": { "uv": [ 10, 11, 11, 12 ], "texture": "#all" },
				"east": { "uv": [ 10, 11, 11, 12 ], "texture": "#all" }
			}
		},
		{
			"from": [ 3.5, 9.5, 6.5 ],
			"to": [ 4.5, 10.5, 7.5 ],
			"faces": {
				"down": { "uv": [ 11, 11, 12, 12 ], "texture": "#all" },
				"up": { "uv": [ 11, 11, 12, 12 ], "texture": "#all" },
				"north": { "uv": [ 11, 11, 12, 12 ], "texture": "#all" },
				"south": { "uv": [ 11, 11, 12, 12 ], "texture": "#all" },
				"west": { "uv": [ 11, 11, 12, 12 ], "texture": "#all" },
				"east": { "uv": [ 11, 11, 12, 12 ], "texture": "#all" }
			}
		},
		{
			"from": [ 5.5, 11.5, 4.5 ],
			"to": [ 6.5, 12.5, 5.5 ],
			"faces": {
				"down": { "uv": [ 11, 11, 12, 12 ], "texture": "#all" },
				"up": { "uv": [ 11, 11, 12, 12 ], "texture": "#all" },
				"north": { "uv": [ 11, 11, 12, 12 ], "texture": "#all" },
				"south": { "uv": [ 11, 11, 12, 12 ], "texture": "#all" },
				"west": { "uv": [ 11, 11, 12, 12 ], "texture": "#all" },
				"east": { "uv": [ 11, 11, 12, 12 ], "texture": "#all" }
			}
		},
		{
			"from": [ 4, 9.5, 6 ],
			"to": [ 5, 11, 7 ],
			"faces": {
				"down": { "uv": [ 10, 11, 11, 12 ], "texture": "#all" },
				"up": { "uv": [ 10, 11, 11, 12 ], "texture": "#all" },
				"north": { "uv": [ 10, 11, 11, 12 ], "texture": "#all" },
				"south": { "uv": [ 10, 11, 11, 12 ], "texture": "#all" },
				"west": { "uv": [ 10, 11, 11, 12 ], "texture": "#all" },
				"east": { "uv": [ 10, 11, 11, 12 ], "texture": "#all" }
			}
		},
		{
			"from": [ 6, 11.5, 5 ],
			"to": [ 7, 13, 6 ],
			"faces": {
				"down": { "uv": [ 10, 11, 11, 12 ], "texture": "#all" },
				"up": { "uv": [ 10, 11, 11, 12 ], "texture": "#all" },
				"north": { "uv": [ 10, 11, 11, 12 ], "texture": "#all" },
				"south": { "uv": [ 10, 11, 11, 12 ], "texture": "#all" },
				"west": { "uv": [ 10, 11, 11, 12 ], "texture": "#all" },
				"east": { "uv": [ 10, 11, 11, 12 ], "texture": "#all" }
			}
		},
		{
			"from": [ 4, 9, 7 ],
			"to": [ 5, 10, 8 ],
			"faces": {
				"down": { "uv": [ 10, 11, 11, 12 ], "texture": "#all" },
				"up": { "uv": [ 10, 11, 11, 12 ], "texture": "#all" },
				"north": { "uv": [ 10, 11, 11, 12 ], "texture": "#all" },
				"south": { "uv": [ 10, 11, 11, 12 ], "texture": "#all" },
				"west": { "uv": [ 10, 11, 11, 12 ], "texture": "#all" },
				"east": { "uv": [ 10, 11, 11, 12 ], "texture": "#all" }
			}
		},
		{
			"from": [ 3, 9, 6 ],
			"to": [ 4, 10, 7 ],
			"faces": {
				"down": { "uv": [ 10, 11, 11, 12 ], "texture": "#all" },
				"up": { "uv": [ 10, 11, 11, 12 ], "texture": "#all" },
				"north": { "uv": [ 10, 11, 11, 12 ], "texture": "#all" },
				"south": { "uv": [ 10, 11, 11, 12 ], "texture": "#all" },
				"west": { "uv": [ 10, 11, 11, 12 ], "texture": "#all" },
				"east": { "uv": [ 10, 11, 11, 12 ], "texture": "#all" }
			}
		},
		{
			"from": [ 6, 11, 4 ],
			"to": [ 7, 12, 5 ],
			"faces": {
				"down": { "uv": [ 10, 11, 11, 12 ], "texture": "#all" },
				"up": { "uv": [ 10, 11, 11, 12 ], "texture": "#all" },
				"north": { "uv": [ 10, 11, 11, 12 ], "texture": "#all" },
				"south": { "uv": [ 10, 11, 11, 12 ], "texture": "#all" },
				"west": { "uv": [ 10, 11, 11, 12 ], "texture": "#all" },
				"east": { "uv": [ 10, 11, 11, 12 ], "texture": "#all" }
			}
		},
		{
			"from": [ 5, 11, 5 ],
			"to": [ 6, 12, 6 ],
			"faces": {
				"down": { "uv": [ 10, 11, 11, 12 ], "texture": "#all" },
				"up": { "uv": [ 10, 11, 11, 12 ], "texture": "#all" },
				"north": { "uv": [ 10, 11, 11, 12 ], "texture": "#all" },
				"south": { "uv": [ 10, 11, 11, 12 ], "texture": "#all" },
				"west": { "uv": [ 10, 11, 11, 12 ], "texture": "#all" },
				"east": { "uv": [ 10, 11, 11, 12 ], "texture": "#all" }
			}
		},
		{
			"from": [ 5, 0, 5 ],
			"to": [ 6, 6, 11 ],
			"faces": {
				"down": { "uv": [ 5, 5, 6, 11 ], "texture": "#flowerpot", "cullface": "down" },
				"up": { "uv": [ 5, 5, 6, 11 ], "texture": "#flowerpot" },
				"north": { "uv": [ 10, 10, 11, 16 ], "texture": "#flowerpot" },
				"south": { "uv": [ 5, 10, 6, 16 ], "texture": "#flowerpot" },
				"west": { "uv": [ 5, 10, 11, 16 ], "texture": "#flowerpot" },
				"east": { "uv": [ 5, 10, 11, 16 ], "texture": "#flowerpot" }
			}
		},
		{
			"from": [ 10, 0, 5 ],
			"to": [ 11, 6, 11 ],
			"faces": {
				"down": { "uv": [ 10, 5, 11, 11 ], "texture": "#flowerpot", "cullface": "down" },
				"up": { "uv": [ 10, 5, 11, 11 ], "texture": "#flowerpot" },
				"north": { "uv": [ 5, 10, 6, 16 ], "texture": "#flowerpot" },
				"south": { "uv": [ 10, 10, 11, 16 ], "texture": "#flowerpot" },
				"west": { "uv": [ 5, 10, 11, 16 ], "texture": "#flowerpot" },
				"east": { "uv": [ 5, 10, 11, 16 ], "texture": "#flowerpot" }
			}
		},
		{
			"from": [ 6, 0, 5 ],
			"to": [ 10, 6, 6 ],
			"faces": {
				"down": { "uv": [ 6, 10, 10, 11 ], "texture": "#flowerpot", "cullface": "down" },
				"up": { "uv": [ 6, 5, 10, 6 ], "texture": "#flowerpot" },
				"north": { "uv": [ 6, 10, 10, 16 ], "texture": "#flowerpot" },
				"south": { "uv": [ 6, 10, 10, 16 ], "texture": "#flowerpot" }
			}
		},
		{
			"from": [ 6, 0, 10 ],
			"to": [ 10, 6, 11 ],
			"faces": {
				"down": { "uv": [ 6, 5, 10, 6 ], "texture": "#flowerpot", "cullface": "down" },
				"up": { "uv": [ 6, 10, 10, 11 ], "texture": "#flowerpot" },
				"north": { "uv": [ 6, 10, 10, 16 ], "texture": "#flowerpot" },
				"south": { "uv": [ 6, 10, 10, 16 ], "texture": "#flowerpot" }
			}
		},
		{
			"from": [ 6, 0, 6 ],
			"to": [ 10, 4, 10 ],
			"faces": {
				"down": { "uv": [ 6, 6, 10, 10 ], "texture": "#flowerpot", "cullface": "down" },
				"up": { "uv": [ 6, 6, 10, 10 ], "texture": "#dirt" }
			}
		}
	]
}