{
	"__comment": "Designed by AndrealVox with Cubik Studio - https://cubik.studio",
	"ambientocclusion": false,
	"textures": {
		"particle": "block/pumpkin_side",
		"texture": "block/pumpkin_side",
		"top": "block/pumpkin_top",
		"bottom": "block/pumpkin_bottom"
	},
	"elements": [ 	 
		{
			"__comment": "Top",
			"from": [ 6, 16, 6 ],
			"to": [ 9, 19, 9 ],
			"faces": {
				"up": { "uv": [ 6, 6, 9, 9 ], "texture": "#top", "cullface": "up" },
				"north": { "uv": [ 6, 5.5, 8, 6 ], "texture": "#top", "cullface": "up" },
				"south": { "uv": [ 6, 5.5, 8, 6 ], "texture": "#top", "cullface": "up" },
				"west": { "uv": [ 6, 5.5, 8, 6 ], "texture": "#top", "cullface": "up" },
				"east": { "uv": [ 6, 5.5, 8, 6 ], "texture": "#top", "cullface": "up" }
			}
		},
		{
			"__comment": "Top",
			"from": [ 6, 16, 5 ],
			"to": [ 8, 19, 6 ],
			"faces": {
				"up": { "uv": [ 6, 5, 8, 6 ], "texture": "#top", "cullface": "up" },
				"north": { "uv": [ 6, 5, 8, 5.5 ], "texture": "#top", "cullface": "up" },
				"west": { "uv": [ 5, 7, 6, 7.5 ], "texture": "#top", "cullface": "up" },
				"east": { "uv": [ 6, 5, 7, 5.5 ], "texture": "#top", "cullface": "up" }
			}
		},
		{
			"__comment": "Top",
			"from": [ 5, 16, 6 ],
			"to": [ 6, 19, 8 ],
			"faces": {
				"up": { "uv": [ 5, 6, 6, 8 ], "texture": "#top", "cullface": "up" },
				"north": { "uv": [ 9, 7, 10, 7.5 ], "texture": "#top", "cullface": "up" },
				"south": { "uv": [ 5, 6, 6, 6.5 ], "texture": "#top", "cullface": "up" },
				"west": { "uv": [ 6, 5, 8, 5.5 ], "texture": "#top", "cullface": "up" }
			}
		},
		{
			"__comment": "Top",
			"from": [ 9, 16, 7 ],
			"to": [ 10, 19, 8 ],
			"faces": {
				"up": { "uv": [ 9, 7, 10, 8 ], "texture": "#top", "cullface": "up" },
				"north": { "uv": [ 5, 7, 6, 7.5 ], "texture": "#top", "cullface": "up" },
				"south": { "uv": [ 6.5, 5, 7.5, 5.5 ], "texture": "#top", "cullface": "up" },
				"east": { "uv": [ 6.5, 5, 7.5, 5.5 ], "texture": "#top", "cullface": "up" }
			}
		},
		{
			"__comment": "Top",
			"from": [ 7, 16, 9 ],
			"to": [ 8, 19, 10 ],
			"faces": {
				"up": { "uv": [ 7, 9, 8, 10 ], "texture": "#top", "cullface": "up" },
				"south": { "uv": [ 7, 5.5, 8, 6 ], "texture": "#top", "cullface": "up" },
				"west": { "uv": [ 9, 7, 10, 7.5 ], "texture": "#top", "cullface": "up" },
				"east": { "uv": [ 6, 5, 7, 5.5 ], "texture": "#top", "cullface": "up" }
			}
		},
		{
			"__comment": "Inner Cube",
			"from": [ 0, 0, 0 ],
			"to": [ 16, 16, 16 ],
			"faces": {
				"down": { "uv": [ 16, 16, 0, 0 ], "texture": "#bottom", "cullface": "down" },
				"up": { "uv": [ 0, 0, 16, 16 ], "texture": "#texture", "cullface": "up" },
				"north": { "uv": [ 0, 0, 16, 16 ], "texture": "#texture", "cullface": "north" },
				"south": { "uv": [ 0, 0, 16, 16 ], "texture": "#texture", "cullface": "south" },
				"west": { "uv": [ 0, 0, 16, 16 ], "texture": "#texture", "cullface": "west" },
				"east": { "uv": [ 0, 0, 16, 16 ], "texture": "#texture", "cullface": "east" }
			}
		}
	],
	"display": {
		"thirdperson_righthand": {
			"rotation":  [ 75, 45, 0 ],
			"translation":  [ 0, 2.5, 0 ],
			"scale":  [ 0.375, 0.375, 0.375 ]
		},
		"thirdperson_lefthand": {
			"rotation":  [ 75, 45, 0 ],
			"translation":  [ 0, 2.5, 0 ],
			"scale":  [ 0.375, 0.375, 0.375 ]
		},
		"firstperson_righthand": {
			"rotation":  [ 0, 45, 0 ],
			"scale":  [ 0.4, 0.4, 0.4 ]
		},
		"firstperson_lefthand": {
			"rotation":  [ 0, 225, 0 ],
			"scale":  [ 0.4, 0.4, 0.4 ]
		},
		"gui": {
			"rotation":  [ 30, 225, 0 ],
			"scale":  [ 0.625, 0.625, 0.625 ]
		},
		"ground": {
			"translation":  [ 0, 3, 0 ],
			"scale":  [ 0.25, 0.25, 0.25 ]
		},
		"fixed": {
			"scale":  [ 0.5, 0.5, 0.5 ]
		}
	}
}