{
"ambientocclusion": false,
"textures": {
    "particle": "block/tallgrass3",
    "texture": "block/tallgrass3"
},
"elements": [ 
{
    "from": [ 2, 0, 7 ],
    "to": [ 13, 6, 8 ],
    "rotation": { "origin": [ 8.0, 8.0, 8.0 ], "axis": "y", "angle": 45.0 },
    "faces": {
        "down":  { "uv": [ 2, 7, 13, 8 ], "texture": "#texture", "tintindex": 0 },
        "up":    { "uv": [ 2, 7, 13, 8 ], "texture": "#texture", "tintindex": 0 },
        "north": { "uv": [ 2, 10, 13, 16 ], "texture": "#texture", "tintindex": 0 },
        "south": { "uv": [ 2, 10, 13, 16 ], "texture": "#texture", "tintindex": 0 },
        "west":  { "uv": [ 7, 10, 8, 16 ], "texture": "#texture", "tintindex": 0 },
        "east":  { "uv": [ 7, 10, 8, 16 ], "texture": "#texture", "tintindex": 0 }
    }
},
{
    "from": [ 2, 6, 7 ],
    "to": [ 11, 10, 8 ],
    "rotation": { "origin": [ 8.0, 8.0, 8.0 ], "axis": "y", "angle": 45.0 },
    "faces": {
        "up":    { "uv": [ 2, 7, 11, 8 ], "texture": "#texture", "tintindex": 0 },
        "north": { "uv": [ 2, 6, 11, 10 ], "texture": "#texture", "tintindex": 0 },
        "south": { "uv": [ 2, 6, 11, 10 ], "texture": "#texture", "tintindex": 0 },
        "west":  { "uv": [ 7, 6, 8, 10 ], "texture": "#texture", "tintindex": 0 },
        "east":  { "uv": [ 7, 6, 8, 10 ], "texture": "#texture", "tintindex": 0 }
    }
},
{
    "from": [ 4, 10, 7 ],
    "to": [ 9, 12, 8 ],
    "rotation": { "origin": [ 8.0, 8.0, 8.0 ], "axis": "y", "angle": 45.0 },
    "faces": {
        "up":    { "uv": [ 4, 7, 9, 8 ], "texture": "#texture", "tintindex": 0 },
        "north": { "uv": [ 4, 4, 9, 6 ], "texture": "#texture", "tintindex": 0 },
        "south": { "uv": [ 4, 4, 9, 6 ], "texture": "#texture", "tintindex": 0 },
        "west":  { "uv": [ 7, 4, 8, 6 ], "texture": "#texture", "tintindex": 0 },
        "east":  { "uv": [ 7, 4, 8, 6 ], "texture": "#texture", "tintindex": 0 }
    }
},
{
    "from": [ 0, 1, 7 ],
    "to": [ 1, 2, 8 ],
    "rotation": { "origin": [ 8.0, 8.0, 8.0 ], "axis": "y", "angle": 45.0 },
    "faces": {
        "down":  { "uv": [ 0, 7, 1, 8 ], "texture": "#texture", "tintindex": 0 },
        "up":    { "uv": [ 0, 14, 1, 15 ], "texture": "#texture", "tintindex": 0 },
        "north": { "uv": [ 0, 14, 1, 15 ], "texture": "#texture", "tintindex": 0 },
        "south": { "uv": [ 0, 14, 1, 15 ], "texture": "#texture", "tintindex": 0 },
        "west":  { "uv": [ 7, 14, 8, 15 ], "texture": "#texture", "tintindex": 0 }
    }
},
{
    "from": [ 1, 0, 7 ],
    "to": [ 2, 2, 8 ],
    "rotation": { "origin": [ 8.0, 8.0, 8.0 ], "axis": "y", "angle": 45.0 },
    "faces": {
        "down":  { "uv": [ 1, 15, 2, 16 ], "texture": "#texture", "tintindex": 0 },
        "up":    { "uv": [ 1, 14, 2, 15 ], "texture": "#texture", "tintindex": 0 },
        "north": { "uv": [ 1, 14, 2, 16 ], "texture": "#texture", "tintindex": 0 },
        "south": { "uv": [ 1, 14, 2, 16 ], "texture": "#texture", "tintindex": 0 },
        "west":  { "uv": [ 7, 14, 8, 16 ], "texture": "#texture", "tintindex": 0 }
    }
},
{
    "from": [ 0, 5, 7 ],
    "to": [ 1, 7, 8 ],
    "rotation": { "origin": [ 8.0, 8.0, 8.0 ], "axis": "y", "angle": 45.0 },
    "faces": {
        "down":  { "uv": [ 0, 10, 1, 11 ], "texture": "#texture", "tintindex": 0 },
        "up":    { "uv": [ 0, 9, 1, 10 ], "texture": "#texture", "tintindex": 0 },
        "north": { "uv": [ 0, 9, 1, 11 ], "texture": "#texture", "tintindex": 0 },
        "south": { "uv": [ 0, 9, 1, 11 ], "texture": "#texture", "tintindex": 0 },
        "west":  { "uv": [ 7, 9, 8, 11 ], "texture": "#texture", "tintindex": 0 },
        "east":  { "uv": [ 7, 9, 8, 11 ], "texture": "#texture", "tintindex": 0 }
    }
},
{
    "from": [ 1, 3, 7 ],
    "to": [ 2, 6, 8 ],
    "rotation": { "origin": [ 8.0, 8.0, 8.0 ], "axis": "y", "angle": 45.0 },
    "faces": {
        "down":  { "uv": [ 1, 12, 2, 13 ], "texture": "#texture", "tintindex": 0 },
        "up":    { "uv": [ 1, 10, 2, 11 ], "texture": "#texture", "tintindex": 0 },
        "north": { "uv": [ 1, 10, 2, 13 ], "texture": "#texture", "tintindex": 0 },
        "south": { "uv": [ 1, 10, 2, 13 ], "texture": "#texture", "tintindex": 0 },
        "west":  { "uv": [ 7, 10, 8, 13 ], "texture": "#texture", "tintindex": 0 }
    }
},
{
    "from": [ 1, 9, 7 ],
    "to": [ 2, 12, 8 ],
    "rotation": { "origin": [ 8.0, 8.0, 8.0 ], "axis": "y", "angle": 45.0 },
    "faces": {
        "down":  { "uv": [ 1, 6, 2, 7 ], "texture": "#texture", "tintindex": 0 },
        "up":    { "uv": [ 1, 4, 2, 5 ], "texture": "#texture", "tintindex": 0 },
        "north": { "uv": [ 1, 4, 2, 7 ], "texture": "#texture", "tintindex": 0 },
        "south": { "uv": [ 1, 4, 2, 7 ], "texture": "#texture", "tintindex": 0 },
        "west":  { "uv": [ 7, 4, 8, 7 ], "texture": "#texture", "tintindex": 0 },
        "east":  { "uv": [ 7, 4, 8, 7 ], "texture": "#texture", "tintindex": 0 }
    }
},
{
    "from": [ 2, 13, 7 ],
    "to": [ 3, 14, 8 ],
    "rotation": { "origin": [ 8.0, 8.0, 8.0 ], "axis": "y", "angle": 45.0 },
    "faces": {
        "down":  { "uv": [ 2, 7, 3, 8 ], "texture": "#texture", "tintindex": 0 },
        "up":    { "uv": [ 2, 7, 3, 8 ], "texture": "#texture", "tintindex": 0 },
        "north": { "uv": [ 2, 2, 3, 3 ], "texture": "#texture", "tintindex": 0 },
        "south": { "uv": [ 2, 2, 3, 3 ], "texture": "#texture", "tintindex": 0 },
        "west":  { "uv": [ 7, 2, 8, 3 ], "texture": "#texture", "tintindex": 0 }
    }
},
{
    "from": [ 2, 10, 7 ],
    "to": [ 3, 11, 8 ],
    "rotation": { "origin": [ 8.0, 8.0, 8.0 ], "axis": "y", "angle": 45.0 },
    "faces": {
        "up":    { "uv": [ 2, 7, 3, 8 ], "texture": "#texture", "tintindex": 0 },
        "north": { "uv": [ 2, 5, 3, 6 ], "texture": "#texture", "tintindex": 0 },
        "south": { "uv": [ 2, 5, 3, 6 ], "texture": "#texture", "tintindex": 0 },
        "east":  { "uv": [ 7, 5, 8, 6 ], "texture": "#texture", "tintindex": 0 }
    }
},
{
    "from": [ 3, 11, 7 ],
    "to": [ 4, 15, 8 ],
    "rotation": { "origin": [ 8.0, 8.0, 8.0 ], "axis": "y", "angle": 45.0 },
    "faces": {
        "down":  { "uv": [ 3, 7, 4, 8 ], "texture": "#texture", "tintindex": 0 },
        "up":    { "uv": [ 3, 7, 4, 8 ], "texture": "#texture", "tintindex": 0 },
        "north": { "uv": [ 3, 1, 4, 5 ], "texture": "#texture", "tintindex": 0 },
        "south": { "uv": [ 3, 1, 4, 5 ], "texture": "#texture", "tintindex": 0 },
        "west":  { "uv": [ 7, 1, 8, 5 ], "texture": "#texture", "tintindex": 0 },
        "east":  { "uv": [ 7, 1, 8, 5 ], "texture": "#texture", "tintindex": 0 }
    }
},
{
    "from": [ 4, 12, 7 ],
    "to": [ 5, 13, 8 ],
    "rotation": { "origin": [ 8.0, 8.0, 8.0 ], "axis": "y", "angle": 45.0 },
    "faces": {
        "up":    { "uv": [ 4, 7, 5, 8 ], "texture": "#texture", "tintindex": 0 },
        "north": { "uv": [ 4, 3, 5, 4 ], "texture": "#texture", "tintindex": 0 },
        "south": { "uv": [ 4, 3, 5, 4 ], "texture": "#texture", "tintindex": 0 },
        "east":  { "uv": [ 7, 3, 8, 4 ], "texture": "#texture", "tintindex": 0 }
    }
},
{
    "from": [ 7, 12, 7 ],
    "to": [ 8, 16, 8 ],
    "rotation": { "origin": [ 8.0, 8.0, 8.0 ], "axis": "y", "angle": 45.0 },
    "faces": {
        "up":    { "uv": [ 7, 7, 8, 8 ], "texture": "#texture", "tintindex": 0 },
        "north": { "uv": [ 7, 0, 8, 4 ], "texture": "#texture", "tintindex": 0 },
        "south": { "uv": [ 7, 0, 8, 4 ], "texture": "#texture", "tintindex": 0 },
        "west":  { "uv": [ 7, 0, 8, 4 ], "texture": "#texture", "tintindex": 0 },
        "east":  { "uv": [ 7, 0, 8, 4 ], "texture": "#texture", "tintindex": 0 }
    }
},
{
    "from": [ 9, 10, 7 ],
    "to": [ 10, 11, 8 ],
    "rotation": { "origin": [ 8.0, 8.0, 8.0 ], "axis": "y", "angle": 45.0 },
    "faces": {
        "up":    { "uv": [ 9, 7, 10, 8 ], "texture": "#texture", "tintindex": 0 },
        "north": { "uv": [ 9, 5, 10, 6 ], "texture": "#texture", "tintindex": 0 },
        "south": { "uv": [ 9, 5, 10, 6 ], "texture": "#texture", "tintindex": 0 }
    }
},
{
    "from": [ 10, 10, 7 ],
    "to": [ 11, 13, 8 ],
    "rotation": { "origin": [ 8.0, 8.0, 8.0 ], "axis": "y", "angle": 45.0 },
    "faces": {
        "up":    { "uv": [ 10, 7, 11, 8 ], "texture": "#texture", "tintindex": 0 },
        "north": { "uv": [ 10, 3, 11, 6 ], "texture": "#texture", "tintindex": 0 },
        "south": { "uv": [ 10, 3, 11, 6 ], "texture": "#texture", "tintindex": 0 },
        "west":  { "uv": [ 7, 3, 8, 6 ], "texture": "#texture", "tintindex": 0 },
        "east":  { "uv": [ 7, 3, 8, 6 ], "texture": "#texture", "tintindex": 0 }
    }
},
{
    "from": [ 11, 11, 7 ],
    "to": [ 12, 14, 8 ],
    "rotation": { "origin": [ 8.0, 8.0, 8.0 ], "axis": "y", "angle": 45.0 },
    "faces": {
        "down":  { "uv": [ 11, 7, 12, 8 ], "texture": "#texture", "tintindex": 0 },
        "up":    { "uv": [ 11, 7, 12, 8 ], "texture": "#texture", "tintindex": 0 },
        "north": { "uv": [ 11, 2, 12, 5 ], "texture": "#texture", "tintindex": 0 },
        "south": { "uv": [ 11, 2, 12, 5 ], "texture": "#texture", "tintindex": 0 },
        "west":  { "uv": [ 7, 2, 8, 5 ], "texture": "#texture", "tintindex": 0 },
        "east":  { "uv": [ 7, 2, 8, 5 ], "texture": "#texture", "tintindex": 0 }
    }
},
{
    "from": [ 12, 14, 7 ],
    "to": [ 13, 15, 8 ],
    "rotation": { "origin": [ 8.0, 8.0, 8.0 ], "axis": "y", "angle": 45.0 },
    "faces": {
        "down":  { "uv": [ 12, 7, 13, 8 ], "texture": "#texture", "tintindex": 0 },
        "up":    { "uv": [ 12, 7, 13, 8 ], "texture": "#texture", "tintindex": 0 },
        "north": { "uv": [ 12, 1, 13, 2 ], "texture": "#texture", "tintindex": 0 },
        "south": { "uv": [ 12, 1, 13, 2 ], "texture": "#texture", "tintindex": 0 },
        "west":  { "uv": [ 7, 1, 8, 2 ], "texture": "#texture", "tintindex": 0 },
        "east":  { "uv": [ 7, 1, 8, 2 ], "texture": "#texture", "tintindex": 0 }
    }
},
{
    "from": [ 15, 12, 7 ],
    "to": [ 16, 13, 8 ],
    "rotation": { "origin": [ 8.0, 8.0, 8.0 ], "axis": "y", "angle": 45.0 },
    "faces": {
        "down":  { "uv": [ 15, 3, 16, 4 ], "texture": "#texture", "tintindex": 0 },
        "up":    { "uv": [ 15, 3, 16, 4 ], "texture": "#texture", "tintindex": 0 },
        "north": { "uv": [ 15, 3, 16, 4 ], "texture": "#texture", "tintindex": 0 },
        "south": { "uv": [ 15, 3, 16, 4 ], "texture": "#texture", "tintindex": 0 },
        "west":  { "uv": [ 7, 3, 8, 4 ], "texture": "#texture", "tintindex": 0 },
        "east":  { "uv": [ 7, 3, 8, 4 ], "texture": "#texture", "tintindex": 0 }
    }
},
{
    "from": [ 14, 11, 7 ],
    "to": [ 15, 12, 8 ],
    "rotation": { "origin": [ 8.0, 8.0, 8.0 ], "axis": "y", "angle": 45.0 },
    "faces": {
        "down":  { "uv": [ 14, 4, 15, 5 ], "texture": "#texture", "tintindex": 0 },
        "up":    { "uv": [ 14, 4, 15, 5 ], "texture": "#texture", "tintindex": 0 },
        "north": { "uv": [ 14, 4, 15, 5 ], "texture": "#texture", "tintindex": 0 },
        "south": { "uv": [ 14, 4, 15, 5 ], "texture": "#texture", "tintindex": 0 },
        "west":  { "uv": [ 7, 4, 8, 5 ], "texture": "#texture", "tintindex": 0 },
        "east":  { "uv": [ 7, 4, 8, 5 ], "texture": "#texture", "tintindex": 0 }
    }
},
{
    "from": [ 13, 8, 7 ],
    "to": [ 14, 11, 8 ],
    "rotation": { "origin": [ 8.0, 8.0, 8.0 ], "axis": "y", "angle": 45.0 },
    "faces": {
        "down":  { "uv": [ 13, 7, 14, 8 ], "texture": "#texture", "tintindex": 0 },
        "up":    { "uv": [ 13, 7, 14, 8 ], "texture": "#texture", "tintindex": 0 },
        "north": { "uv": [ 13, 5, 14, 8 ], "texture": "#texture", "tintindex": 0 },
        "south": { "uv": [ 13, 5, 14, 8 ], "texture": "#texture", "tintindex": 0 },
        "west":  { "uv": [ 7, 5, 8, 8 ], "texture": "#texture", "tintindex": 0 },
        "east":  { "uv": [ 7, 5, 8, 8 ], "texture": "#texture", "tintindex": 0 }
    }
},
{
    "from": [ 12, 6, 7 ],
    "to": [ 13, 10, 8 ],
    "rotation": { "origin": [ 8.0, 8.0, 8.0 ], "axis": "y", "angle": 45.0 },
    "faces": {
        "up":    { "uv": [ 12, 7, 13, 8 ], "texture": "#texture", "tintindex": 0 },
        "north": { "uv": [ 12, 6, 13, 10 ], "texture": "#texture", "tintindex": 0 },
        "south": { "uv": [ 12, 6, 13, 10 ], "texture": "#texture", "tintindex": 0 },
        "west":  { "uv": [ 7, 6, 8, 10 ], "texture": "#texture", "tintindex": 0 },
        "east":  { "uv": [ 7, 6, 8, 10 ], "texture": "#texture", "tintindex": 0 }
    }
},
{
    "from": [ 11, 7, 7 ],
    "to": [ 12, 9, 8 ],
    "rotation": { "origin": [ 8.0, 8.0, 8.0 ], "axis": "y", "angle": 45.0 },
    "faces": {
        "down":  { "uv": [ 11, 7, 12, 8 ], "texture": "#texture", "tintindex": 0 },
        "up":    { "uv": [ 11, 7, 12, 8 ], "texture": "#texture", "tintindex": 0 },
        "north": { "uv": [ 11, 7, 12, 9 ], "texture": "#texture", "tintindex": 0 },
        "south": { "uv": [ 11, 7, 12, 9 ], "texture": "#texture", "tintindex": 0 }
    }
},
{
    "from": [ 13, 6, 7 ],
    "to": [ 14, 7, 8 ],
    "rotation": { "origin": [ 8.0, 8.0, 8.0 ], "axis": "y", "angle": 45.0 },
    "faces": {
        "down":  { "uv": [ 13, 7, 14, 8 ], "texture": "#texture", "tintindex": 0 },
        "up":    { "uv": [ 13, 7, 14, 8 ], "texture": "#texture", "tintindex": 0 },
        "north": { "uv": [ 13, 9, 14, 10 ], "texture": "#texture", "tintindex": 0 },
        "south": { "uv": [ 13, 9, 14, 10 ], "texture": "#texture", "tintindex": 0 },
        "east":  { "uv": [ 7, 9, 8, 10 ], "texture": "#texture", "tintindex": 0 }
    }
},
{
    "from": [ 14, 4, 7 ],
    "to": [ 15, 5, 8 ],
    "rotation": { "origin": [ 8.0, 8.0, 8.0 ], "axis": "y", "angle": 45.0 },
    "faces": {
        "down":  { "uv": [ 14, 11, 15, 12 ], "texture": "#texture", "tintindex": 0 },
        "up":    { "uv": [ 14, 11, 15, 12 ], "texture": "#texture", "tintindex": 0 },
        "north": { "uv": [ 14, 11, 15, 12 ], "texture": "#texture", "tintindex": 0 },
        "south": { "uv": [ 14, 11, 15, 12 ], "texture": "#texture", "tintindex": 0 },
        "west":  { "uv": [ 7, 11, 8, 12 ], "texture": "#texture", "tintindex": 0 },
        "east":  { "uv": [ 7, 11, 8, 12 ], "texture": "#texture", "tintindex": 0 }
    }
},
{
    "from": [ 13, 2, 7 ],
    "to": [ 14, 4, 8 ],
    "rotation": { "origin": [ 8.0, 8.0, 8.0 ], "axis": "y", "angle": 45.0 },
    "faces": {
        "down":  { "uv": [ 13, 7, 14, 8 ], "texture": "#texture", "tintindex": 0 },
        "up":    { "uv": [ 13, 7, 14, 8 ], "texture": "#texture", "tintindex": 0 },
        "north": { "uv": [ 13, 12, 14, 14 ], "texture": "#texture", "tintindex": 0 },
        "south": { "uv": [ 13, 12, 14, 14 ], "texture": "#texture", "tintindex": 0 },
        "east":  { "uv": [ 7, 12, 8, 14 ], "texture": "#texture", "tintindex": 0 }
    }
},
{
    "from": [ 15, 2, 7 ],
    "to": [ 16, 3, 8 ],
    "rotation": { "origin": [ 8.0, 8.0, 8.0 ], "axis": "y", "angle": 45.0 },
    "faces": {
        "down":  { "uv": [ 15, 13, 16, 14 ], "texture": "#texture", "tintindex": 0 },
        "up":    { "uv": [ 15, 13, 16, 14 ], "texture": "#texture", "tintindex": 0 },
        "north": { "uv": [ 15, 13, 16, 14 ], "texture": "#texture", "tintindex": 0 },
        "south": { "uv": [ 15, 13, 16, 14 ], "texture": "#texture", "tintindex": 0 },
        "west":  { "uv": [ 7, 13, 8, 14 ], "texture": "#texture", "tintindex": 0 },
        "east":  { "uv": [ 7, 13, 8, 14 ], "texture": "#texture", "tintindex": 0 }
    }
},
{
    "from": [ 14, 1, 7 ],
    "to": [ 15, 2, 8 ],
    "rotation": { "origin": [ 8.0, 8.0, 8.0 ], "axis": "y", "angle": 45.0 },
    "faces": {
        "down":  { "uv": [ 14, 14, 15, 15 ], "texture": "#texture", "tintindex": 0 },
        "up":    { "uv": [ 14, 14, 15, 15 ], "texture": "#texture", "tintindex": 0 },
        "north": { "uv": [ 14, 14, 15, 15 ], "texture": "#texture", "tintindex": 0 },
        "south": { "uv": [ 14, 14, 15, 15 ], "texture": "#texture", "tintindex": 0 },
        "west":  { "uv": [ 7, 14, 8, 15 ], "texture": "#texture", "tintindex": 0 },
        "east":  { "uv": [ 7, 14, 8, 15 ], "texture": "#texture", "tintindex": 0 }
    }
},
{
    "from": [ 13, 0, 7 ],
    "to": [ 14, 1, 8 ],
    "rotation": { "origin": [ 8.0, 8.0, 8.0 ], "axis": "y", "angle": 45.0 },
    "faces": {
        "down":  { "uv": [ 13, 7, 14, 8 ], "texture": "#texture", "tintindex": 0 },
        "up":    { "uv": [ 13, 7, 14, 8 ], "texture": "#texture", "tintindex": 0 },
        "north": { "uv": [ 13, 15, 14, 16 ], "texture": "#texture", "tintindex": 0 },
        "south": { "uv": [ 13, 15, 14, 16 ], "texture": "#texture", "tintindex": 0 },
        "east":  { "uv": [ 7, 15, 8, 16 ], "texture": "#texture", "tintindex": 0 }
    }
},
{
    "from": [ 7, 0, 2 ],
    "to": [ 8, 6, 13 ],
    "rotation": { "origin": [ 8.0, 8.0, 8.0 ], "axis": "y", "angle": 45.0 },
    "faces": {
        "down":  { "uv": [ 2, 7, 13, 8 ], "rotation": 270, "texture": "#texture", "tintindex": 0 },
        "up":    { "uv": [ 2, 7, 13, 8 ], "rotation": 90, "texture": "#texture", "tintindex": 0 },
        "north": { "uv": [ 7, 10, 8, 16 ], "texture": "#texture", "tintindex": 0 },
        "south": { "uv": [ 7, 10, 8, 16 ], "texture": "#texture", "tintindex": 0 },
        "west":  { "uv": [ 2, 10, 13, 16 ], "texture": "#texture", "tintindex": 0 },
        "east":  { "uv": [ 2, 10, 13, 16 ], "texture": "#texture", "tintindex": 0 }
    }
},
{
    "from": [ 7, 6, 2 ],
    "to": [ 8, 10, 11 ],
    "rotation": { "origin": [ 8.0, 8.0, 8.0 ], "axis": "y", "angle": 45.0 },
    "faces": {
        "up":    { "uv": [ 2, 7, 11, 8 ], "rotation": 90, "texture": "#texture", "tintindex": 0 },
        "north": { "uv": [ 7, 6, 8, 10 ], "texture": "#texture", "tintindex": 0 },
        "south": { "uv": [ 7, 6, 8, 10 ], "texture": "#texture", "tintindex": 0 },
        "west":  { "uv": [ 2, 6, 11, 10 ], "texture": "#texture", "tintindex": 0 },
        "east":  { "uv": [ 2, 6, 11, 10 ], "texture": "#texture", "tintindex": 0 }
    }
},
{
    "from": [ 7, 10, 4 ],
    "to": [ 8, 12, 9 ],
    "rotation": { "origin": [ 8.0, 8.0, 8.0 ], "axis": "y", "angle": 45.0 },
    "faces": {
        "up":    { "uv": [ 4, 7, 9, 8 ], "rotation": 90, "texture": "#texture", "tintindex": 0 },
        "north": { "uv": [ 7, 4, 8, 6 ], "texture": "#texture", "tintindex": 0 },
        "south": { "uv": [ 7, 4, 8, 6 ], "texture": "#texture", "tintindex": 0 },
        "west":  { "uv": [ 4, 4, 9, 6 ], "texture": "#texture", "tintindex": 0 },
        "east":  { "uv": [ 4, 4, 9, 6 ], "texture": "#texture", "tintindex": 0 }
    }
},
{
    "from": [ 7, 1, 0 ],
    "to": [ 8, 2, 1 ],
    "rotation": { "origin": [ 8.0, 8.0, 8.0 ], "axis": "y", "angle": 45.0 },
    "faces": {
        "down":  { "uv": [ 0, 7, 1, 8 ], "rotation": 270, "texture": "#texture", "tintindex": 0 },
        "up":    { "uv": [ 0, 14, 1, 15 ], "rotation": 90, "texture": "#texture", "tintindex": 0 },
        "north": { "uv": [ 7, 14, 8, 15 ], "texture": "#texture", "tintindex": 0 },
        "west":  { "uv": [ 0, 14, 1, 15 ], "texture": "#texture", "tintindex": 0 },
        "east":  { "uv": [ 0, 14, 1, 15 ], "texture": "#texture", "tintindex": 0 }
    }
},
{
    "from": [ 7, 0, 1 ],
    "to": [ 8, 2, 2 ],
    "rotation": { "origin": [ 8.0, 8.0, 8.0 ], "axis": "y", "angle": 45.0 },
    "faces": {
        "down":  { "uv": [ 1, 15, 2, 16 ], "rotation": 270, "texture": "#texture", "tintindex": 0 },
        "up":    { "uv": [ 1, 14, 2, 15 ], "rotation": 90, "texture": "#texture", "tintindex": 0 },
        "north": { "uv": [ 7, 14, 8, 16 ], "texture": "#texture", "tintindex": 0 },
        "west":  { "uv": [ 1, 14, 2, 16 ], "texture": "#texture", "tintindex": 0 },
        "east":  { "uv": [ 1, 14, 2, 16 ], "texture": "#texture", "tintindex": 0 }
    }
},
{
    "from": [ 7, 5, 0 ],
    "to": [ 8, 7, 1 ],
    "rotation": { "origin": [ 8.0, 8.0, 8.0 ], "axis": "y", "angle": 45.0 },
    "faces": {
        "down":  { "uv": [ 0, 10, 1, 11 ], "rotation": 270, "texture": "#texture", "tintindex": 0 },
        "up":    { "uv": [ 0, 9, 1, 10 ], "rotation": 90, "texture": "#texture", "tintindex": 0 },
        "north": { "uv": [ 7, 9, 8, 11 ], "texture": "#texture", "tintindex": 0 },
        "south": { "uv": [ 7, 9, 8, 11 ], "texture": "#texture", "tintindex": 0 },
        "west":  { "uv": [ 0, 9, 1, 11 ], "texture": "#texture", "tintindex": 0 },
        "east":  { "uv": [ 0, 9, 1, 11 ], "texture": "#texture", "tintindex": 0 }
    }
},
{
    "from": [ 7, 3, 1 ],
    "to": [ 8, 6, 2 ],
    "rotation": { "origin": [ 8.0, 8.0, 8.0 ], "axis": "y", "angle": 45.0 },
    "faces": {
        "down":  { "uv": [ 1, 12, 2, 13 ], "rotation": 270, "texture": "#texture", "tintindex": 0 },
        "up":    { "uv": [ 1, 10, 2, 11 ], "rotation": 90, "texture": "#texture", "tintindex": 0 },
        "north": { "uv": [ 7, 10, 8, 13 ], "texture": "#texture", "tintindex": 0 },
        "west":  { "uv": [ 1, 10, 2, 13 ], "texture": "#texture", "tintindex": 0 },
        "east":  { "uv": [ 1, 10, 2, 13 ], "texture": "#texture", "tintindex": 0 }
    }
},
{
    "from": [ 7, 9, 1 ],
    "to": [ 8, 12, 2 ],
    "rotation": { "origin": [ 8.0, 8.0, 8.0 ], "axis": "y", "angle": 45.0 },
    "faces": {
        "down":  { "uv": [ 1, 6, 2, 7 ], "rotation": 270, "texture": "#texture", "tintindex": 0 },
        "up":    { "uv": [ 1, 4, 2, 5 ], "rotation": 90, "texture": "#texture", "tintindex": 0 },
        "north": { "uv": [ 7, 4, 8, 7 ], "texture": "#texture", "tintindex": 0 },
        "south": { "uv": [ 7, 4, 8, 7 ], "texture": "#texture", "tintindex": 0 },
        "west":  { "uv": [ 1, 4, 2, 7 ], "texture": "#texture", "tintindex": 0 },
        "east":  { "uv": [ 1, 4, 2, 7 ], "texture": "#texture", "tintindex": 0 }
    }
},
{
    "from": [ 7, 13, 2 ],
    "to": [ 8, 14, 3 ],
    "rotation": { "origin": [ 8.0, 8.0, 8.0 ], "axis": "y", "angle": 45.0 },
    "faces": {
        "down":  { "uv": [ 2, 7, 3, 8 ], "rotation": 270, "texture": "#texture", "tintindex": 0 },
        "up":    { "uv": [ 2, 7, 3, 8 ], "rotation": 90, "texture": "#texture", "tintindex": 0 },
        "north": { "uv": [ 7, 2, 8, 3 ], "texture": "#texture", "tintindex": 0 },
        "west":  { "uv": [ 2, 2, 3, 3 ], "texture": "#texture", "tintindex": 0 },
        "east":  { "uv": [ 2, 2, 3, 3 ], "texture": "#texture", "tintindex": 0 }
    }
},
{
    "from": [ 7, 10, 2 ],
    "to": [ 8, 11, 3 ],
    "rotation": { "origin": [ 8.0, 8.0, 8.0 ], "axis": "y", "angle": 45.0 },
    "faces": {
        "up":    { "uv": [ 2, 7, 3, 8 ], "rotation": 90, "texture": "#texture", "tintindex": 0 },
        "south": { "uv": [ 7, 5, 8, 6 ], "texture": "#texture", "tintindex": 0 },
        "west":  { "uv": [ 2, 5, 3, 6 ], "texture": "#texture", "tintindex": 0 },
        "east":  { "uv": [ 2, 5, 3, 6 ], "texture": "#texture", "tintindex": 0 }
    }
},
{
    "from": [ 7, 11, 3 ],
    "to": [ 8, 15, 4 ],
    "rotation": { "origin": [ 8.0, 8.0, 8.0 ], "axis": "y", "angle": 45.0 },
    "faces": {
        "down":  { "uv": [ 3, 7, 4, 8 ], "rotation": 270, "texture": "#texture", "tintindex": 0 },
        "up":    { "uv": [ 3, 7, 4, 8 ], "rotation": 90, "texture": "#texture", "tintindex": 0 },
        "north": { "uv": [ 7, 1, 8, 5 ], "texture": "#texture", "tintindex": 0 },
        "south": { "uv": [ 7, 1, 8, 5 ], "texture": "#texture", "tintindex": 0 },
        "west":  { "uv": [ 3, 1, 4, 5 ], "texture": "#texture", "tintindex": 0 },
        "east":  { "uv": [ 3, 1, 4, 5 ], "texture": "#texture", "tintindex": 0 }
    }
},
{
    "from": [ 7, 12, 4 ],
    "to": [ 8, 13, 5 ],
    "rotation": { "origin": [ 8.0, 8.0, 8.0 ], "axis": "y", "angle": 45.0 },
    "faces": {
        "up":    { "uv": [ 4, 7, 5, 8 ], "rotation": 90, "texture": "#texture", "tintindex": 0 },
        "south": { "uv": [ 7, 3, 8, 4 ], "texture": "#texture", "tintindex": 0 },
        "west":  { "uv": [ 4, 3, 5, 4 ], "texture": "#texture", "tintindex": 0 },
        "east":  { "uv": [ 4, 3, 5, 4 ], "texture": "#texture", "tintindex": 0 }
    }
},
{
    "from": [ 7, 12, 7 ],
    "to": [ 8, 16, 8 ],
    "rotation": { "origin": [ 8.0, 8.0, 8.0 ], "axis": "y", "angle": 45.0 },
    "faces": {
        "up":    { "uv": [ 7, 7, 8, 8 ], "rotation": 90, "texture": "#texture", "tintindex": 0 },
        "north": { "uv": [ 7, 0, 8, 4 ], "texture": "#texture", "tintindex": 0 },
        "south": { "uv": [ 7, 0, 8, 4 ], "texture": "#texture", "tintindex": 0 },
        "west":  { "uv": [ 7, 0, 8, 4 ], "texture": "#texture", "tintindex": 0 },
        "east":  { "uv": [ 7, 0, 8, 4 ], "texture": "#texture", "tintindex": 0 }
    }
},
{
    "from": [ 7, 10, 9 ],
    "to": [ 8, 11, 10 ],
    "rotation": { "origin": [ 8.0, 8.0, 8.0 ], "axis": "y", "angle": 45.0 },
    "faces": {
        "up":    { "uv": [ 9, 7, 10, 8 ], "rotation": 90, "texture": "#texture", "tintindex": 0 },
        "west":  { "uv": [ 9, 5, 10, 6 ], "texture": "#texture", "tintindex": 0 },
        "east":  { "uv": [ 9, 5, 10, 6 ], "texture": "#texture", "tintindex": 0 }
    }
},
{
    "from": [ 7, 10, 10 ],
    "to": [ 8, 13, 11 ],
    "rotation": { "origin": [ 8.0, 8.0, 8.0 ], "axis": "y", "angle": 45.0 },
    "faces": {
        "up":    { "uv": [ 10, 7, 11, 8 ], "rotation": 90, "texture": "#texture", "tintindex": 0 },
        "north": { "uv": [ 7, 3, 8, 6 ], "texture": "#texture", "tintindex": 0 },
        "south": { "uv": [ 7, 3, 8, 6 ], "texture": "#texture", "tintindex": 0 },
        "west":  { "uv": [ 10, 3, 11, 6 ], "texture": "#texture", "tintindex": 0 },
        "east":  { "uv": [ 10, 3, 11, 6 ], "texture": "#texture", "tintindex": 0 }
    }
},
{
    "from": [ 7, 11, 11 ],
    "to": [ 8, 14, 12 ],
    "rotation": { "origin": [ 8.0, 8.0, 8.0 ], "axis": "y", "angle": 45.0 },
    "faces": {
        "down":  { "uv": [ 11, 7, 12, 8 ], "rotation": 270, "texture": "#texture", "tintindex": 0 },
        "up":    { "uv": [ 11, 7, 12, 8 ], "rotation": 90, "texture": "#texture", "tintindex": 0 },
        "north": { "uv": [ 7, 2, 8, 5 ], "texture": "#texture", "tintindex": 0 },
        "south": { "uv": [ 7, 2, 8, 5 ], "texture": "#texture", "tintindex": 0 },
        "west":  { "uv": [ 11, 2, 12, 5 ], "texture": "#texture", "tintindex": 0 },
        "east":  { "uv": [ 11, 2, 12, 5 ], "texture": "#texture", "tintindex": 0 }
    }
},
{
    "from": [ 7, 14, 12 ],
    "to": [ 8, 15, 13 ],
    "rotation": { "origin": [ 8.0, 8.0, 8.0 ], "axis": "y", "angle": 45.0 },
    "faces": {
        "down":  { "uv": [ 12, 7, 13, 8 ], "rotation": 270, "texture": "#texture", "tintindex": 0 },
        "up":    { "uv": [ 12, 7, 13, 8 ], "rotation": 90, "texture": "#texture", "tintindex": 0 },
        "north": { "uv": [ 7, 1, 8, 2 ], "texture": "#texture", "tintindex": 0 },
        "south": { "uv": [ 7, 1, 8, 2 ], "texture": "#texture", "tintindex": 0 },
        "west":  { "uv": [ 12, 1, 13, 2 ], "texture": "#texture", "tintindex": 0 },
        "east":  { "uv": [ 12, 1, 13, 2 ], "texture": "#texture", "tintindex": 0 }
    }
},
{
    "from": [ 7, 12, 15 ],
    "to": [ 8, 13, 16 ],
    "rotation": { "origin": [ 8.0, 8.0, 8.0 ], "axis": "y", "angle": 45.0 },
    "faces": {
        "down":  { "uv": [ 15, 3, 16, 4 ], "rotation": 270, "texture": "#texture", "tintindex": 0 },
        "up":    { "uv": [ 15, 3, 16, 4 ], "rotation": 90, "texture": "#texture", "tintindex": 0 },
        "north": { "uv": [ 7, 3, 8, 4 ], "texture": "#texture", "tintindex": 0 },
        "south": { "uv": [ 7, 3, 8, 4 ], "texture": "#texture", "tintindex": 0 },
        "west":  { "uv": [ 15, 3, 16, 4 ], "texture": "#texture", "tintindex": 0 },
        "east":  { "uv": [ 15, 3, 16, 4 ], "texture": "#texture", "tintindex": 0 }
    }
},
{
    "from": [ 7, 11, 14 ],
    "to": [ 8, 12, 15 ],
    "rotation": { "origin": [ 8.0, 8.0, 8.0 ], "axis": "y", "angle": 45.0 },
    "faces": {
        "down":  { "uv": [ 14, 4, 15, 5 ], "rotation": 270, "texture": "#texture", "tintindex": 0 },
        "up":    { "uv": [ 14, 4, 15, 5 ], "rotation": 90, "texture": "#texture", "tintindex": 0 },
        "north": { "uv": [ 7, 4, 8, 5 ], "texture": "#texture", "tintindex": 0 },
        "south": { "uv": [ 7, 4, 8, 5 ], "texture": "#texture", "tintindex": 0 },
        "west":  { "uv": [ 14, 4, 15, 5 ], "texture": "#texture", "tintindex": 0 },
        "east":  { "uv": [ 14, 4, 15, 5 ], "texture": "#texture", "tintindex": 0 }
    }
},
{
    "from": [ 7, 8, 13 ],
    "to": [ 8, 11, 14 ],
    "rotation": { "origin": [ 8.0, 8.0, 8.0 ], "axis": "y", "angle": 45.0 },
    "faces": {
        "down":  { "uv": [ 13, 7, 14, 8 ], "rotation": 270, "texture": "#texture", "tintindex": 0 },
        "up":    { "uv": [ 13, 7, 14, 8 ], "rotation": 90, "texture": "#texture", "tintindex": 0 },
        "north": { "uv": [ 7, 5, 8, 8 ], "texture": "#texture", "tintindex": 0 },
        "south": { "uv": [ 7, 5, 8, 8 ], "texture": "#texture", "tintindex": 0 },
        "west":  { "uv": [ 13, 5, 14, 8 ], "texture": "#texture", "tintindex": 0 },
        "east":  { "uv": [ 13, 5, 14, 8 ], "texture": "#texture", "tintindex": 0 }
    }
},
{
    "from": [ 7, 6, 12 ],
    "to": [ 8, 10, 13 ],
    "rotation": { "origin": [ 8.0, 8.0, 8.0 ], "axis": "y", "angle": 45.0 },
    "faces": {
        "up":    { "uv": [ 12, 7, 13, 8 ], "rotation": 90, "texture": "#texture", "tintindex": 0 },
        "north": { "uv": [ 7, 6, 8, 10 ], "texture": "#texture", "tintindex": 0 },
        "south": { "uv": [ 7, 6, 8, 10 ], "texture": "#texture", "tintindex": 0 },
        "west":  { "uv": [ 12, 6, 13, 10 ], "texture": "#texture", "tintindex": 0 },
        "east":  { "uv": [ 12, 6, 13, 10 ], "texture": "#texture", "tintindex": 0 }
    }
},
{
    "from": [ 7, 7, 11 ],
    "to": [ 8, 9, 12 ],
    "rotation": { "origin": [ 8.0, 8.0, 8.0 ], "axis": "y", "angle": 45.0 },
    "faces": {
        "down":  { "uv": [ 11, 7, 12, 8 ], "rotation": 270, "texture": "#texture", "tintindex": 0 },
        "up":    { "uv": [ 11, 7, 12, 8 ], "rotation": 90, "texture": "#texture", "tintindex": 0 },
        "west":  { "uv": [ 11, 7, 12, 9 ], "texture": "#texture", "tintindex": 0 },
        "east":  { "uv": [ 11, 7, 12, 9 ], "texture": "#texture", "tintindex": 0 }
    }
},
{
    "from": [ 7, 6, 13 ],
    "to": [ 8, 7, 14 ],
    "rotation": { "origin": [ 8.0, 8.0, 8.0 ], "axis": "y", "angle": 45.0 },
    "faces": {
        "down":  { "uv": [ 13, 7, 14, 8 ], "rotation": 270, "texture": "#texture", "tintindex": 0 },
        "up":    { "uv": [ 13, 7, 14, 8 ], "rotation": 90, "texture": "#texture", "tintindex": 0 },
        "south": { "uv": [ 7, 9, 8, 10 ], "texture": "#texture", "tintindex": 0 },
        "west":  { "uv": [ 13, 9, 14, 10 ], "texture": "#texture", "tintindex": 0 },
        "east":  { "uv": [ 13, 9, 14, 10 ], "texture": "#texture", "tintindex": 0 }
    }
},
{
    "from": [ 7, 4, 14 ],
    "to": [ 8, 5, 15 ],
    "rotation": { "origin": [ 8.0, 8.0, 8.0 ], "axis": "y", "angle": 45.0 },
    "faces": {
        "down":  { "uv": [ 14, 11, 15, 12 ], "rotation": 270, "texture": "#texture", "tintindex": 0 },
        "up":    { "uv": [ 14, 11, 15, 12 ], "rotation": 90, "texture": "#texture", "tintindex": 0 },
        "north": { "uv": [ 7, 11, 8, 12 ], "texture": "#texture", "tintindex": 0 },
        "south": { "uv": [ 7, 11, 8, 12 ], "texture": "#texture", "tintindex": 0 },
        "west":  { "uv": [ 14, 11, 15, 12 ], "texture": "#texture", "tintindex": 0 },
        "east":  { "uv": [ 14, 11, 15, 12 ], "texture": "#texture", "tintindex": 0 }
    }
},
{
    "from": [ 7, 2, 13 ],
    "to": [ 8, 4, 14 ],
    "rotation": { "origin": [ 8.0, 8.0, 8.0 ], "axis": "y", "angle": 45.0 },
    "faces": {
        "down":  { "uv": [ 13, 7, 14, 8 ], "rotation": 270, "texture": "#texture", "tintindex": 0 },
        "up":    { "uv": [ 13, 7, 14, 8 ], "rotation": 90, "texture": "#texture", "tintindex": 0 },
        "south": { "uv": [ 7, 12, 8, 14 ], "texture": "#texture", "tintindex": 0 },
        "west":  { "uv": [ 13, 12, 14, 14 ], "texture": "#texture", "tintindex": 0 },
        "east":  { "uv": [ 13, 12, 14, 14 ], "texture": "#texture", "tintindex": 0 }
    }
},
{
    "from": [ 7, 2, 15 ],
    "to": [ 8, 3, 16 ],
    "rotation": { "origin": [ 8.0, 8.0, 8.0 ], "axis": "y", "angle": 45.0 },
    "faces": {
        "down":  { "uv": [ 15, 13, 16, 14 ], "rotation": 270, "texture": "#texture", "tintindex": 0 },
        "up":    { "uv": [ 15, 13, 16, 14 ], "rotation": 90, "texture": "#texture", "tintindex": 0 },
        "north": { "uv": [ 7, 13, 8, 14 ], "texture": "#texture", "tintindex": 0 },
        "south": { "uv": [ 7, 13, 8, 14 ], "texture": "#texture", "tintindex": 0 },
        "west":  { "uv": [ 15, 13, 16, 14 ], "texture": "#texture", "tintindex": 0 },
        "east":  { "uv": [ 15, 13, 16, 14 ], "texture": "#texture", "tintindex": 0 }
    }
},
{
    "from": [ 7, 1, 14 ],
    "to": [ 8, 2, 15 ],
    "rotation": { "origin": [ 8.0, 8.0, 8.0 ], "axis": "y", "angle": 45.0 },
    "faces": {
        "down":  { "uv": [ 14, 14, 15, 15 ], "rotation": 270, "texture": "#texture", "tintindex": 0 },
        "up":    { "uv": [ 14, 14, 15, 15 ], "rotation": 90, "texture": "#texture", "tintindex": 0 },
        "north": { "uv": [ 7, 14, 8, 15 ], "texture": "#texture", "tintindex": 0 },
        "south": { "uv": [ 7, 14, 8, 15 ], "texture": "#texture", "tintindex": 0 },
        "west":  { "uv": [ 14, 14, 15, 15 ], "texture": "#texture", "tintindex": 0 },
        "east":  { "uv": [ 14, 14, 15, 15 ], "texture": "#texture", "tintindex": 0 }
    }
},
{
    "from": [ 7, 0, 13 ],
    "to": [ 8, 1, 14 ],
    "rotation": { "origin": [ 8.0, 8.0, 8.0 ], "axis": "y", "angle": 45.0 },
    "faces": {
        "down":  { "uv": [ 13, 7, 14, 8 ], "rotation": 270, "texture": "#texture", "tintindex": 0 },
        "up":    { "uv": [ 13, 7, 14, 8 ], "rotation": 90, "texture": "#texture", "tintindex": 0 },
        "south": { "uv": [ 7, 15, 8, 16 ], "texture": "#texture", "tintindex": 0 },
        "west":  { "uv": [ 13, 15, 14, 16 ], "texture": "#texture", "tintindex": 0 },
        "east":  { "uv": [ 13, 15, 14, 16 ], "texture": "#texture", "tintindex": 0 }
    }
}
]
}