{
	"__comment": "Designed by AndrealVox with Cubik Studio - https://cubik.studio",
	"ambientocclusion": false,
	"textures": {
		"particle": "#torch",
		"wood": "block/planks_oak"
	},
	"elements": [ 	 
		{
			"__comment": "Fire",
			"from": [ 7.5, 9.9375, 7.5 ],
			"to": [ 8.5, 10.25, 8.5 ],
			"faces": {
				"down": { "uv": [ 7, 6, 9, 8 ], "texture": "#torch" },
				"up": { "uv": [ 7, 6, 9, 8 ], "texture": "#torch" },
				"north": { "uv": [ 7, 6, 9, 8 ], "texture": "#torch" },
				"south": { "uv": [ 7, 6, 9, 8 ], "texture": "#torch" },
				"west": { "uv": [ 7, 6, 9, 8 ], "texture": "#torch" },
				"east": { "uv": [ 7, 6, 9, 8 ], "texture": "#torch" }
			}
		},
		{
			"__comment": "Fire",
			"from": [ 7, 8, 7 ],
			"to": [ 9, 10, 9 ],
			"faces": {
				"down": { "uv": [ 7, 6, 9, 8 ], "texture": "#torch" },
				"up": { "uv": [ 7, 6, 9, 8 ], "texture": "#torch" },
				"north": { "uv": [ 7, 6, 9, 8 ], "texture": "#torch" },
				"south": { "uv": [ 7, 6, 9, 8 ], "texture": "#torch" },
				"west": { "uv": [ 7, 6, 9, 8 ], "texture": "#torch" },
				"east": { "uv": [ 7, 6, 9, 8 ], "texture": "#torch" }
			}
		},
		{
			"__comment": "Wood",
			"from": [ 7.5, 0, 7.5 ],
			"to": [ 8.5, 4, 8.5 ],
			"faces": {
				"down": { "uv": [ 10.001, 7.999001, 10.999, 7.000999 ], "texture": "#wood" },
				"north": { "uv": [ 7.501, 12.001, 8.499, 15.999 ], "texture": "#wood" },
				"south": { "uv": [ 7.501, 12.001, 8.499, 15.999 ], "texture": "#wood" },
				"west": { "uv": [ 7.501, 12.001, 8.499, 15.999 ], "texture": "#wood" },
				"east": { "uv": [ 7.501, 12.001, 8.499, 15.999 ], "texture": "#wood" }
			}
		},
		{
			"__comment": "Wood",
			"from": [ 7, 4, 7.5 ],
			"to": [ 9, 8, 8.5 ],
			"faces": {
				"down": { "uv": [ 10.001, 7.999001, 11.999, 7.000999 ], "texture": "#wood" },
				"north": { "uv": [ 7.001, 8.001, 8.999, 11.999 ], "texture": "#wood" },
				"south": { "uv": [ 7.001, 8.001, 8.999, 11.999 ], "texture": "#wood" },
				"west": { "uv": [ 7.501, 8.001, 8.499, 11.999 ], "texture": "#wood" },
				"east": { "uv": [ 7.501, 8.001, 8.499, 11.999 ], "texture": "#wood" }
			}
		},
		{
			"__comment": "Wood",
			"from": [ 7.5, 4, 7 ],
			"to": [ 8.5, 8, 9 ],
			"faces": {
				"down": { "uv": [ 10.001, 7.999001, 10.999, 6.000999 ], "texture": "#wood" },
				"north": { "uv": [ 7.501, 8.001, 8.499, 11.999 ], "texture": "#wood" },
				"south": { "uv": [ 7.501, 8.001, 8.499, 11.999 ], "texture": "#wood" },
				"west": { "uv": [ 7.001, 8.001, 8.999, 11.999 ], "texture": "#wood" },
				"east": { "uv": [ 7.001, 8.001, 8.999, 11.999 ], "texture": "#wood" }
			}
		},
		{
			"__comment": "Redstone",
			"from": [ 9, 8, 7.5 ],
			"to": [ 9.5, 10, 8.5 ],
			"faces": {
				"down": { "uv": [ 6, 6, 7, 7 ], "texture": "#torch" },
				"up": { "uv": [ 6, 6, 7, 7 ], "texture": "#torch" },
				"north": { "uv": [ 6, 6, 7, 7 ], "texture": "#torch" },
				"south": { "uv": [ 6, 6, 7, 7 ], "texture": "#torch" },
				"west": { "uv": [ 6, 6, 7, 7 ], "texture": "#torch" },
				"east": { "uv": [ 6, 6, 7, 7 ], "texture": "#torch" }
			}
		},
		{
			"__comment": "Redstone",
			"from": [ 6.5, 8, 7.5 ],
			"to": [ 7, 10, 8.5 ],
			"faces": {
				"down": { "uv": [ 6, 6, 7, 7 ], "texture": "#torch" },
				"up": { "uv": [ 6, 6, 7, 7 ], "texture": "#torch" },
				"north": { "uv": [ 6, 6, 7, 7 ], "texture": "#torch" },
				"south": { "uv": [ 6, 6, 7, 7 ], "texture": "#torch" },
				"west": { "uv": [ 6, 6, 7, 7 ], "texture": "#torch" },
				"east": { "uv": [ 6, 6, 7, 7 ], "texture": "#torch" }
			}
		},
		{
			"__comment": "Redstone",
			"from": [ 7.5, 8, 6.5 ],
			"to": [ 8.5, 10, 7 ],
			"faces": {
				"down": { "uv": [ 6, 6, 7, 7 ], "texture": "#torch" },
				"up": { "uv": [ 6, 6, 7, 7 ], "texture": "#torch" },
				"north": { "uv": [ 6, 6, 7, 7 ], "texture": "#torch" },
				"south": { "uv": [ 6, 6, 7, 7 ], "texture": "#torch" },
				"west": { "uv": [ 6, 6, 7, 7 ], "texture": "#torch" },
				"east": { "uv": [ 6, 6, 7, 7 ], "texture": "#torch" }
			}
		},
		{
			"__comment": "Redstone",
			"from": [ 7.5, 8, 9 ],
			"to": [ 8.5, 10, 9.5 ],
			"faces": {
				"down": { "uv": [ 6, 6, 7, 7 ], "texture": "#torch" },
				"up": { "uv": [ 6, 6, 7, 7 ], "texture": "#torch" },
				"north": { "uv": [ 6, 6, 7, 7 ], "texture": "#torch" },
				"south": { "uv": [ 6, 6, 7, 7 ], "texture": "#torch" },
				"west": { "uv": [ 6, 6, 7, 7 ], "texture": "#torch" },
				"east": { "uv": [ 6, 6, 7, 7 ], "texture": "#torch" }
			}
		},
		{
			"__comment": "Redstone",
			"from": [ 7.5, 10, 7 ],
			"to": [ 8.5, 10.5, 9 ],
			"faces": {
				"down": { "uv": [ 6, 6, 7, 7 ], "texture": "#torch" },
				"up": { "uv": [ 6, 6, 7, 7 ], "texture": "#torch" },
				"north": { "uv": [ 6, 6, 7, 7 ], "texture": "#torch" },
				"south": { "uv": [ 6, 6, 7, 7 ], "texture": "#torch" },
				"west": { "uv": [ 6, 6, 7, 7 ], "texture": "#torch" },
				"east": { "uv": [ 6, 6, 7, 7 ], "texture": "#torch" }
			}
		},
		{
			"__comment": "Redstone",
			"from": [ 7, 10, 7.5 ],
			"to": [ 9, 10.5, 8.5 ],
			"faces": {
				"down": { "uv": [ 6, 6, 7, 7 ], "texture": "#torch" },
				"up": { "uv": [ 6, 6, 7, 7 ], "texture": "#torch" },
				"north": { "uv": [ 6, 6, 7, 7 ], "texture": "#torch" },
				"south": { "uv": [ 6, 6, 7, 7 ], "texture": "#torch" },
				"west": { "uv": [ 6, 6, 7, 7 ], "texture": "#torch" },
				"east": { "uv": [ 6, 6, 7, 7 ], "texture": "#torch" }
			}
		}
	],
	"display": {
		"thirdperson_righthand": {
			"rotation":  [ 0, -90, 0 ],
			"translation":  [ 0, 4, 1.5 ],
			"scale":  [ 0.85, 0.85, 0.85 ]
		},
		"thirdperson_lefthand": {
			"rotation":  [ 0, 90, 0 ],
			"translation":  [ 0, 4, 1.5 ],
			"scale":  [ 0.85, 0.85, 0.85 ]
		},
		"firstperson_righthand": {
			"rotation":  [ 0, -90, 25 ],
			"translation":  [ 1, 3.2, 1.13 ],
			"scale":  [ 0.68, 0.68, 0.68 ]
		},
		"firstperson_lefthand": {
			"rotation":  [ 0, 90, -25 ],
			"translation":  [ -1, 3.2, 1.12 ],
			"scale":  [ 0.68, 0.68, 0.68 ]
		},
		"gui": {
			"rotation":  [ 30, 225, 0 ]
		},
		"ground": {
			"translation":  [ 0, 2, 0 ],
			"scale":  [ 0.5, 0.5, 0.5 ]
		},
		"fixed": {
			"rotation":  [ 0, 180, 0 ]
		}
	}
}