{
"ambientocclusion": false,
"textures": {
    "particle": "block/waterlily",
    "flower_tulip_orange": "block/flower_tulip_orange",
    "down": "block/waterlily",
    "up": "block/waterlily",
    "north": "block/waterlily",
    "south": "block/waterlily",
    "west": "block/waterlily",
    "east": "block/waterlily"
},
"elements": [ 
{
    "from": [ 5, -1, 4 ],
    "to": [ 6, -0.5, 5 ],
    "faces": {
        "down":  { "uv": [ 6, 4, 7, 3 ], "texture": "#flower_tulip_orange" },
        "up":    { "uv": [ 6, 3, 7, 4 ], "texture": "#flower_tulip_orange" },
        "north": { "uv": [ 6, 3, 7, 3.5 ], "texture": "#flower_tulip_orange" },
        "south": { "uv": [ 6, 4, 7, 3.5 ], "texture": "#flower_tulip_orange" },
        "west":  { "uv": [ 6, 3, 6.5, 3.5 ], "texture": "#flower_tulip_orange" },
        "east":  { "uv": [ 7, 3, 6.5, 3.5 ], "texture": "#flower_tulip_orange" }
    }
},
{
    "from": [ 6, -1, 4 ],
    "to": [ 7, 0, 5 ],
    "faces": {
        "down":  { "uv": [ 6, 4, 7, 3 ], "texture": "#flower_tulip_orange" },
        "up":    { "uv": [ 6, 3, 7, 4 ], "texture": "#flower_tulip_orange" },
        "north": { "uv": [ 6, 3, 7, 3.5 ], "texture": "#flower_tulip_orange" },
        "south": { "uv": [ 6, 4, 7, 3.5 ], "texture": "#flower_tulip_orange" },
        "west":  { "uv": [ 6, 3, 6.5, 3.5 ], "texture": "#flower_tulip_orange" },
        "east":  { "uv": [ 7, 3, 6.5, 3.5 ], "texture": "#flower_tulip_orange" }
    }
},
{
    "from": [ 5, -1, 5 ],
    "to": [ 6, 0, 6 ],
    "faces": {
        "down":  { "uv": [ 6, 4, 7, 3 ], "texture": "#flower_tulip_orange" },
        "up":    { "uv": [ 6, 3, 7, 4 ], "texture": "#flower_tulip_orange" },
        "north": { "uv": [ 6, 3, 7, 3.5 ], "texture": "#flower_tulip_orange" },
        "south": { "uv": [ 6, 4, 7, 3.5 ], "texture": "#flower_tulip_orange" },
        "west":  { "uv": [ 6, 3, 6.5, 3.5 ], "texture": "#flower_tulip_orange" },
        "east":  { "uv": [ 7, 3, 6.5, 3.5 ], "texture": "#flower_tulip_orange" }
    }
},
{
    "from": [ 4, -1, 4 ],
    "to": [ 5, 0, 5 ],
    "faces": {
        "down":  { "uv": [ 6, 4, 7, 3 ], "texture": "#flower_tulip_orange" },
        "up":    { "uv": [ 6, 3, 7, 4 ], "texture": "#flower_tulip_orange" },
        "north": { "uv": [ 6, 3, 7, 3.5 ], "texture": "#flower_tulip_orange" },
        "south": { "uv": [ 6, 4, 7, 3.5 ], "texture": "#flower_tulip_orange" },
        "west":  { "uv": [ 6, 3, 6.5, 3.5 ], "texture": "#flower_tulip_orange" },
        "east":  { "uv": [ 7, 3, 6.5, 3.5 ], "texture": "#flower_tulip_orange" }
    }
},
{
    "from": [ 4, -1, 3 ],
    "to": [ 5, 1, 4 ],
    "faces": {
        "down":  { "uv": [ 6, 4, 7, 3 ], "texture": "#flower_tulip_orange" },
        "up":    { "uv": [ 6, 3, 7, 4 ], "texture": "#flower_tulip_orange" },
        "north": { "uv": [ 6, 3, 7, 3.5 ], "texture": "#flower_tulip_orange" },
        "south": { "uv": [ 6, 4, 7, 3.5 ], "texture": "#flower_tulip_orange" },
        "west":  { "uv": [ 6, 3, 6.5, 3.5 ], "texture": "#flower_tulip_orange" },
        "east":  { "uv": [ 7, 3, 6.5, 3.5 ], "texture": "#flower_tulip_orange" }
    }
},
{
    "from": [ 6, -1, 3 ],
    "to": [ 7, 1, 4 ],
    "faces": {
        "down":  { "uv": [ 6, 4, 7, 3 ], "texture": "#flower_tulip_orange" },
        "up":    { "uv": [ 6, 3, 7, 4 ], "texture": "#flower_tulip_orange" },
        "north": { "uv": [ 6, 3, 7, 3.5 ], "texture": "#flower_tulip_orange" },
        "south": { "uv": [ 6, 4, 7, 3.5 ], "texture": "#flower_tulip_orange" },
        "west":  { "uv": [ 6, 3, 6.5, 3.5 ], "texture": "#flower_tulip_orange" },
        "east":  { "uv": [ 7, 3, 6.5, 3.5 ], "texture": "#flower_tulip_orange" }
    }
},
{
    "from": [ 6, -1, 5 ],
    "to": [ 7, 1, 6 ],
    "faces": {
        "down":  { "uv": [ 6, 4, 7, 3 ], "texture": "#flower_tulip_orange" },
        "up":    { "uv": [ 6, 3, 7, 4 ], "texture": "#flower_tulip_orange" },
        "north": { "uv": [ 6, 3, 7, 3.5 ], "texture": "#flower_tulip_orange" },
        "south": { "uv": [ 6, 4, 7, 3.5 ], "texture": "#flower_tulip_orange" },
        "west":  { "uv": [ 6, 3, 6.5, 3.5 ], "texture": "#flower_tulip_orange" },
        "east":  { "uv": [ 7, 3, 6.5, 3.5 ], "texture": "#flower_tulip_orange" }
    }
},
{
    "from": [ 4, -1, 5 ],
    "to": [ 5, 1, 6 ],
    "faces": {
        "down":  { "uv": [ 6, 4, 7, 3 ], "texture": "#flower_tulip_orange" },
        "up":    { "uv": [ 6, 3, 7, 4 ], "texture": "#flower_tulip_orange" },
        "north": { "uv": [ 6, 3, 7, 3.5 ], "texture": "#flower_tulip_orange" },
        "south": { "uv": [ 6, 4, 7, 3.5 ], "texture": "#flower_tulip_orange" },
        "west":  { "uv": [ 6, 3, 6.5, 3.5 ], "texture": "#flower_tulip_orange" },
        "east":  { "uv": [ 7, 3, 6.5, 3.5 ], "texture": "#flower_tulip_orange" }
    }
},
{
    "from": [ 5, -1, 3 ],
    "to": [ 6, 0, 4 ],
    "faces": {
        "down":  { "uv": [ 6, 4, 7, 3 ], "texture": "#flower_tulip_orange" },
        "up":    { "uv": [ 6, 3, 7, 4 ], "texture": "#flower_tulip_orange" },
        "north": { "uv": [ 6, 3, 7, 3.5 ], "texture": "#flower_tulip_orange" },
        "south": { "uv": [ 6, 4, 7, 3.5 ], "texture": "#flower_tulip_orange" },
        "west":  { "uv": [ 6, 3, 6.5, 3.5 ], "texture": "#flower_tulip_orange" },
        "east":  { "uv": [ 7, 3, 6.5, 3.5 ], "texture": "#flower_tulip_orange" }
    }
},
{
    "__comment": "Pad",
    "from": [ 2, -2, 4 ],
    "to": [ 3, -1, 11 ],
    "faces": {
        "down":  { "uv": [ 2, 4, 3, 11 ], "texture": "#down", "tintindex": 0 },
        "up":    { "uv": [ 2, 4, 3, 11 ], "texture": "#up", "tintindex": 0 },
        "north": { "uv": [ 3, 10, 2, 11 ], "texture": "#north", "tintindex": 0 },
        "south": { "uv": [ 2, 4, 3, 5 ], "texture": "#south", "tintindex": 0 },
        "west":  { "uv": [ 2, 4, 3, 11 ], "texture": "#west", "tintindex": 0 },
        "east":  { "uv": [ 3, 4, 2, 11 ], "texture": "#east", "tintindex": 0 }
    }
},
{
    "__comment": "Pad",
    "from": [ 3, -2, 2 ],
    "to": [ 4, -1, 13 ],
    "faces": {
        "down":  { "uv": [ 3, 13, 4, 2 ], "texture": "#down", "tintindex": 0 },
        "up":    { "uv": [ 3, 2, 4, 13 ], "texture": "#up", "tintindex": 0 },
        "north": { "uv": [ 3, 2, 4, 2.5 ], "texture": "#north", "tintindex": 0 },
        "south": { "uv": [ 3, 13, 4, 12.5 ], "texture": "#south", "tintindex": 0 },
        "west":  { "uv": [ 3, 2, 3.5, 2.5 ], "texture": "#west", "tintindex": 0 },
        "east":  { "uv": [ 4, 2, 3.5, 2.5 ], "texture": "#east", "tintindex": 0 }
    }
},
{
    "__comment": "Pad",
    "from": [ 4, -2, 1 ],
    "to": [ 6, -1, 14 ],
    "faces": {
        "down":  { "uv": [ 4, 14, 6, 1 ], "texture": "#down", "tintindex": 0 },
        "up":    { "uv": [ 4, 1, 6, 14 ], "texture": "#up", "tintindex": 0 },
        "north": { "uv": [ 4, 1, 6, 1.5 ], "texture": "#north", "tintindex": 0 },
        "south": { "uv": [ 4, 14, 6, 13.5 ], "texture": "#south", "tintindex": 0 },
        "west":  { "uv": [ 4, 1, 4.5, 1.5 ], "texture": "#west", "tintindex": 0 },
        "east":  { "uv": [ 6, 1, 5.5, 1.5 ], "texture": "#east", "tintindex": 0 }
    }
},
{
    "__comment": "Pad",
    "from": [ 6, -2, 2 ],
    "to": [ 7, -1, 15 ],
    "faces": {
        "down":  { "uv": [ 6, 15, 7, 2 ], "texture": "#down", "tintindex": 0 },
        "up":    { "uv": [ 6, 2, 7, 15 ], "texture": "#up", "tintindex": 0 },
        "north": { "uv": [ 6, 2, 7, 2.5 ], "texture": "#north", "tintindex": 0 },
        "south": { "uv": [ 6, 15, 7, 14.5 ], "texture": "#south", "tintindex": 0 },
        "west":  { "uv": [ 6, 2, 6.5, 2.5 ], "texture": "#west", "tintindex": 0 },
        "east":  { "uv": [ 7, 2, 6.5, 2.5 ], "texture": "#east", "tintindex": 0 }
    }
},
{
    "__comment": "Pad",
    "from": [ 7, -2, 3 ],
    "to": [ 8, -1, 15 ],
    "faces": {
        "down":  { "uv": [ 7, 15, 8, 3 ], "texture": "#down", "tintindex": 0 },
        "up":    { "uv": [ 7, 3, 8, 15 ], "texture": "#up", "tintindex": 0 },
        "north": { "uv": [ 7, 3, 8, 3.5 ], "texture": "#north", "tintindex": 0 },
        "south": { "uv": [ 7, 15, 8, 14.5 ], "texture": "#south", "tintindex": 0 },
        "west":  { "uv": [ 7, 3, 7.5, 3.5 ], "texture": "#west", "tintindex": 0 },
        "east":  { "uv": [ 8, 3, 7.5, 3.5 ], "texture": "#east", "tintindex": 0 }
    }
},
{
    "__comment": "Pad",
    "from": [ 8, -2, 5 ],
    "to": [ 9, -1, 15 ],
    "faces": {
        "down":  { "uv": [ 8, 15, 9, 5 ], "texture": "#down", "tintindex": 0 },
        "up":    { "uv": [ 8, 5, 9, 15 ], "texture": "#up", "tintindex": 0 },
        "north": { "uv": [ 8, 5, 9, 5.5 ], "texture": "#north", "tintindex": 0 },
        "south": { "uv": [ 8, 15, 9, 14.5 ], "texture": "#south", "tintindex": 0 },
        "west":  { "uv": [ 8, 5, 8.5, 5.5 ], "texture": "#west", "tintindex": 0 },
        "east":  { "uv": [ 9, 5, 8.5, 5.5 ], "texture": "#east", "tintindex": 0 }
    }
},
{
    "__comment": "Pad",
    "from": [ 9, -2, 3 ],
    "to": [ 10, -1, 15 ],
    "faces": {
        "down":  { "uv": [ 9, 15, 10, 3 ], "texture": "#down", "tintindex": 0 },
        "up":    { "uv": [ 9, 3, 10, 15 ], "texture": "#up", "tintindex": 0 },
        "north": { "uv": [ 9, 3, 10, 3.5 ], "texture": "#north", "tintindex": 0 },
        "south": { "uv": [ 9, 15, 10, 14.5 ], "texture": "#south", "tintindex": 0 },
        "west":  { "uv": [ 9, 3, 9.5, 3.5 ], "texture": "#west", "tintindex": 0 },
        "east":  { "uv": [ 10, 3, 9.5, 3.5 ], "texture": "#east", "tintindex": 0 }
    }
},
{
    "__comment": "Pad",
    "from": [ 10, -2, 2 ],
    "to": [ 11, -1, 15 ],
    "faces": {
        "down":  { "uv": [ 10, 15, 11, 2 ], "texture": "#down", "tintindex": 0 },
        "up":    { "uv": [ 10, 2, 11, 15 ], "texture": "#up", "tintindex": 0 },
        "north": { "uv": [ 10, 2, 11, 2.5 ], "texture": "#north", "tintindex": 0 },
        "south": { "uv": [ 10, 15, 11, 14.5 ], "texture": "#south", "tintindex": 0 },
        "west":  { "uv": [ 10, 2, 10.5, 2.5 ], "texture": "#west", "tintindex": 0 },
        "east":  { "uv": [ 11, 2, 10.5, 2.5 ], "texture": "#east", "tintindex": 0 }
    }
},
{
    "__comment": "Pad",
    "from": [ 11, -2, 1 ],
    "to": [ 13, -1, 14 ],
    "faces": {
        "down":  { "uv": [ 11, 14, 13, 1 ], "texture": "#down", "tintindex": 0 },
        "up":    { "uv": [ 11, 1, 13, 14 ], "texture": "#up", "tintindex": 0 },
        "north": { "uv": [ 11, 1, 13, 1.5 ], "texture": "#north", "tintindex": 0 },
        "south": { "uv": [ 11, 14, 13, 13.5 ], "texture": "#south", "tintindex": 0 },
        "west":  { "uv": [ 11, 1, 11.5, 1.5 ], "texture": "#west", "tintindex": 0 },
        "east":  { "uv": [ 13, 1, 12.5, 1.5 ], "texture": "#east", "tintindex": 0 }
    }
},
{
    "__comment": "Pad",
    "from": [ 13, -2, 2 ],
    "to": [ 14, -1, 13 ],
    "faces": {
        "down":  { "uv": [ 13, 13, 14, 2 ], "texture": "#down", "tintindex": 0 },
        "up":    { "uv": [ 13, 2, 14, 13 ], "texture": "#up", "tintindex": 0 },
        "north": { "uv": [ 13, 2, 14, 2.5 ], "texture": "#north", "tintindex": 0 },
        "south": { "uv": [ 13, 13, 14, 12.5 ], "texture": "#south", "tintindex": 0 },
        "west":  { "uv": [ 13, 2, 13.5, 2.5 ], "texture": "#west", "tintindex": 0 },
        "east":  { "uv": [ 14, 2, 13.5, 2.5 ], "texture": "#east", "tintindex": 0 }
    }
},
{
    "__comment": "Pad",
    "from": [ 14, -2, 4 ],
    "to": [ 15, -1, 11 ],
    "faces": {
        "down":  { "uv": [ 14, 11, 15, 4 ], "texture": "#down", "tintindex": 0 },
        "up":    { "uv": [ 14, 4, 15, 11 ], "texture": "#up", "tintindex": 0 },
        "north": { "uv": [ 14, 4, 15, 4.5 ], "texture": "#north", "tintindex": 0 },
        "south": { "uv": [ 14, 11, 15, 10.5 ], "texture": "#south", "tintindex": 0 },
        "west":  { "uv": [ 14, 4, 14.5, 4.5 ], "texture": "#west", "tintindex": 0 },
        "east":  { "uv": [ 15, 4, 14.5, 4.5 ], "texture": "#east", "tintindex": 0 }
    }
}
],
"display": {
    "thirdperson_righthand": {
        "rotation": [ 75, 45, 0 ],
        "translation": [ 0, 2.5, 5 ],
        "scale": [ 0.37, 0.37, 0.37 ]
    },
    "thirdperson_lefthand": {
        "rotation": [ 75, 45, 0 ],
        "translation": [ 0, 2.5, 5 ],
        "scale": [ 0.375, 0.375, 0.375 ]
    },
    "ground": {
        "rotation": [ 0, 0, 0 ],
        "translation": [ 0, 3, 0 ],
        "scale": [ 0.5, 0.5, 0.5 ]
    },
    "fixed": {
        "rotation": [ -90, 180, 0 ],
        "translation": [ 0, 0, -5 ],
        "scale": [ 0.5, 0.5, 0.5 ]
    },
    "firstperson_righthand": {
        "rotation": [ 30, 0, 15 ],
        "translation": [ 0, 3, 0 ],
        "scale": [ 0.68, 0.68, 0.68 ]
    },
    "firstperson_lefthand": {
        "rotation": [ 30, 0, 15 ],
        "translation": [ 0, 3, 0 ],
        "scale": [ 0.68, 0.68, 0.68 ]
    },
    "gui": {
        "rotation": [ 30, -30, 0 ],
        "translation": [ 0, 2, 0 ],
        "scale": [ 0.75, 0.75, 0.75 ]
    }
}
}