{
    "__comment": "Fair warning, this format is highly likely to change even more in the future!",
    "textures": {
        "particle": "block/wheat_stage_5",
		"all": "block/wheat_stage_5"
    },
	"elements": [ 
{
    
    "from": [ 15, 5, 3 ],
    "to": [ 16, 6, 4 ],
    "faces": {
        "down": {
            "uv": [ 15, 9, 16, 10 ],
            "texture": "#all"
        },
        "up": {
            "uv": [ 15, 9, 16, 10 ],
            "texture": "#all"
        },
        "north": {
            "uv": [ 15, 9, 16, 10 ],
            "texture": "#all"
        },
        "south": {
            "uv": [ 15, 9, 16, 10 ],
            "texture": "#all"
        },
        "west": {
            "uv": [ 15, 9, 16, 10 ],
            "texture": "#all"
        },
        "east": {
            "uv": [ 15, 9, 16, 10 ],
            "texture": "#all"
        }
    }
},
{
    
    "from": [ 14, -1, 3 ],
    "to": [ 15, 5, 4 ],
    "faces": {
        "down": {
            "uv": [ 14, 15, 15, 16 ],
            "texture": "#all"
        },
        "up": {
            "uv": [ 14, 10, 15, 11 ],
            "texture": "#all"
        },
        "north": {
            "uv": [ 14, 10, 15, 16 ],
            "texture": "#all"
        },
        "south": {
            "uv": [ 14, 10, 15, 16 ],
            "texture": "#all"
        },
        "west": {
            "uv": [ 14, 10, 15, 16 ],
            "texture": "#all"
        },
        "east": {
            "uv": [ 14, 10, 15, 16 ],
            "texture": "#all"
        }
    }
},
{
    
    "from": [ 14, 6, 3 ],
    "to": [ 15, 7, 4 ],
    "faces": {
        "down": {
            "uv": [ 14, 8, 15, 9 ],
            "texture": "#all"
        },
        "up": {
            "uv": [ 14, 8, 15, 9 ],
            "texture": "#all"
        },
        "north": {
            "uv": [ 14, 8, 15, 9 ],
            "texture": "#all"
        },
        "south": {
            "uv": [ 14, 8, 15, 9 ],
            "texture": "#all"
        },
        "west": {
            "uv": [ 14, 8, 15, 9 ],
            "texture": "#all"
        },
        "east": {
            "uv": [ 14, 8, 15, 9 ],
            "texture": "#all"
        }
    }
},
{
    
    "from": [ 13, -1, 3 ],
    "to": [ 14, 6, 4 ],
    "faces": {
        "down": {
            "uv": [ 13, 15, 14, 16 ],
            "texture": "#all"
        },
        "up": {
            "uv": [ 13, 9, 14, 10 ],
            "texture": "#all"
        },
        "north": {
            "uv": [ 13, 9, 14, 16 ],
            "texture": "#all"
        },
        "south": {
            "uv": [ 13, 9, 14, 16 ],
            "texture": "#all"
        },
        "west": {
            "uv": [ 13, 9, 14, 16 ],
            "texture": "#all"
        },
        "east": {
            "uv": [ 13, 9, 14, 16 ],
            "texture": "#all"
        }
    }
},
{
    
    "from": [ 13, 9, 3 ],
    "to": [ 14, 10, 4 ],
    "faces": {
        "down": {
            "uv": [ 13, 5, 14, 6 ],
            "texture": "#all"
        },
        "up": {
            "uv": [ 13, 5, 14, 6 ],
            "texture": "#all"
        },
        "north": {
            "uv": [ 13, 5, 14, 6 ],
            "texture": "#all"
        },
        "south": {
            "uv": [ 13, 5, 14, 6 ],
            "texture": "#all"
        },
        "west": {
            "uv": [ 13, 5, 14, 6 ],
            "texture": "#all"
        },
        "east": {
            "uv": [ 13, 5, 14, 6 ],
            "texture": "#all"
        }
    }
},
{
    
    "from": [ 12, 9, 3 ],
    "to": [ 13, 11, 4 ],
    "faces": {
        "down": {
            "uv": [ 12, 5, 13, 6 ],
            "texture": "#all"
        },
        "up": {
            "uv": [ 12, 4, 13, 5 ],
            "texture": "#all"
        },
        "north": {
            "uv": [ 12, 4, 13, 6 ],
            "texture": "#all"
        },
        "south": {
            "uv": [ 12, 4, 13, 6 ],
            "texture": "#all"
        },
        "west": {
            "uv": [ 12, 4, 13, 6 ],
            "texture": "#all"
        },
        "east": {
            "uv": [ 12, 4, 13, 6 ],
            "texture": "#all"
        }
    }
},
{
    
    "from": [ 11, -1, 3 ],
    "to": [ 12, 9, 4 ],
    "faces": {
        "down": {
            "uv": [ 11, 15, 12, 16 ],
            "texture": "#all"
        },
        "up": {
            "uv": [ 11, 6, 12, 7 ],
            "texture": "#all"
        },
        "north": {
            "uv": [ 11, 6, 12, 16 ],
            "texture": "#all"
        },
        "south": {
            "uv": [ 11, 6, 12, 16 ],
            "texture": "#all"
        },
        "west": {
            "uv": [ 11, 6, 12, 16 ],
            "texture": "#all"
        },
        "east": {
            "uv": [ 11, 6, 12, 16 ],
            "texture": "#all"
        }
    }
},
{
    
    "from": [ 10, -1, 3 ],
    "to": [ 11, 7, 4 ],
    "faces": {
        "down": {
            "uv": [ 10, 15, 11, 16 ],
            "texture": "#all"
        },
        "up": {
            "uv": [ 10, 8, 11, 9 ],
            "texture": "#all"
        },
        "north": {
            "uv": [ 10, 8, 11, 16 ],
            "texture": "#all"
        },
        "south": {
            "uv": [ 10, 8, 11, 16 ],
            "texture": "#all"
        },
        "west": {
            "uv": [ 10, 8, 11, 16 ],
            "texture": "#all"
        },
        "east": {
            "uv": [ 10, 8, 11, 16 ],
            "texture": "#all"
        }
    }
},
{
    
    "from": [ 9, -1, 3 ],
    "to": [ 10, 8, 4 ],
    "faces": {
        "down": {
            "uv": [ 9, 15, 10, 16 ],
            "texture": "#all"
        },
        "up": {
            "uv": [ 9, 7, 10, 8 ],
            "texture": "#all"
        },
        "north": {
            "uv": [ 9, 7, 10, 16 ],
            "texture": "#all"
        },
        "south": {
            "uv": [ 9, 7, 10, 16 ],
            "texture": "#all"
        },
        "west": {
            "uv": [ 9, 7, 10, 16 ],
            "texture": "#all"
        },
        "east": {
            "uv": [ 9, 7, 10, 16 ],
            "texture": "#all"
        }
    }
},
{
    
    "from": [ 8, -1, 3 ],
    "to": [ 9, 10, 4 ],
    "faces": {
        "down": {
            "uv": [ 8, 15, 9, 16 ],
            "texture": "#all"
        },
        "up": {
            "uv": [ 8, 5, 9, 6 ],
            "texture": "#all"
        },
        "north": {
            "uv": [ 8, 5, 9, 16 ],
            "texture": "#all"
        },
        "south": {
            "uv": [ 8, 5, 9, 16 ],
            "texture": "#all"
        },
        "west": {
            "uv": [ 8, 5, 9, 16 ],
            "texture": "#all"
        },
        "east": {
            "uv": [ 8, 5, 9, 16 ],
            "texture": "#all"
        }
    }
},
{
    
    "from": [ 7, -1, 3 ],
    "to": [ 8, 13, 4 ],
    "faces": {
        "down": {
            "uv": [ 7, 15, 8, 16 ],
            "texture": "#all"
        },
        "up": {
            "uv": [ 7, 2, 8, 3 ],
            "texture": "#all"
        },
        "north": {
            "uv": [ 7, 2, 8, 16 ],
            "texture": "#all"
        },
        "south": {
            "uv": [ 7, 2, 8, 16 ],
            "texture": "#all"
        },
        "west": {
            "uv": [ 7, 2, 8, 16 ],
            "texture": "#all"
        },
        "east": {
            "uv": [ 7, 2, 8, 16 ],
            "texture": "#all"
        }
    }
},
{
    
    "from": [ 6, 7, 3 ],
    "to": [ 7, 9, 4 ],
    "faces": {
        "down": {
            "uv": [ 6, 7, 7, 8 ],
            "texture": "#all"
        },
        "up": {
            "uv": [ 6, 6, 7, 7 ],
            "texture": "#all"
        },
        "north": {
            "uv": [ 6, 6, 7, 8 ],
            "texture": "#all"
        },
        "south": {
            "uv": [ 6, 6, 7, 8 ],
            "texture": "#all"
        },
        "west": {
            "uv": [ 6, 6, 7, 8 ],
            "texture": "#all"
        },
        "east": {
            "uv": [ 6, 6, 7, 8 ],
            "texture": "#all"
        }
    }
},
{
    
    "from": [ 6, 11, 3 ],
    "to": [ 7, 14, 4 ],
    "faces": {
        "down": {
            "uv": [ 6, 3, 7, 4 ],
            "texture": "#all"
        },
        "up": {
            "uv": [ 6, 1, 7, 2 ],
            "texture": "#all"
        },
        "north": {
            "uv": [ 6, 1, 7, 4 ],
            "texture": "#all"
        },
        "south": {
            "uv": [ 6, 1, 7, 4 ],
            "texture": "#all"
        },
        "west": {
            "uv": [ 6, 1, 7, 4 ],
            "texture": "#all"
        },
        "east": {
            "uv": [ 6, 1, 7, 4 ],
            "texture": "#all"
        }
    }
},
{
    
    "from": [ 5, -1, 3 ],
    "to": [ 6, 7, 4 ],
    "faces": {
        "down": {
            "uv": [ 5, 15, 6, 16 ],
            "texture": "#all"
        },
        "up": {
            "uv": [ 5, 8, 6, 9 ],
            "texture": "#all"
        },
        "north": {
            "uv": [ 5, 8, 6, 16 ],
            "texture": "#all"
        },
        "south": {
            "uv": [ 5, 8, 6, 16 ],
            "texture": "#all"
        },
        "west": {
            "uv": [ 5, 8, 6, 16 ],
            "texture": "#all"
        },
        "east": {
            "uv": [ 5, 8, 6, 16 ],
            "texture": "#all"
        }
    }
},
{
    
    "from": [ 5, 8, 3 ],
    "to": [ 6, 10, 4 ],
    "faces": {
        "down": {
            "uv": [ 5, 6, 6, 7 ],
            "texture": "#all"
        },
        "up": {
            "uv": [ 5, 5, 6, 6 ],
            "texture": "#all"
        },
        "north": {
            "uv": [ 5, 5, 6, 7 ],
            "texture": "#all"
        },
        "south": {
            "uv": [ 5, 5, 6, 7 ],
            "texture": "#all"
        },
        "west": {
            "uv": [ 5, 5, 6, 7 ],
            "texture": "#all"
        },
        "east": {
            "uv": [ 5, 5, 6, 7 ],
            "texture": "#all"
        }
    }
},
{
    
    "from": [ 4, -1, 3 ],
    "to": [ 5, 8, 4 ],
    "faces": {
        "down": {
            "uv": [ 4, 15, 5, 16 ],
            "texture": "#all"
        },
        "up": {
            "uv": [ 4, 7, 5, 8 ],
            "texture": "#all"
        },
        "north": {
            "uv": [ 4, 7, 5, 16 ],
            "texture": "#all"
        },
        "south": {
            "uv": [ 4, 7, 5, 16 ],
            "texture": "#all"
        },
        "west": {
            "uv": [ 4, 7, 5, 16 ],
            "texture": "#all"
        },
        "east": {
            "uv": [ 4, 7, 5, 16 ],
            "texture": "#all"
        }
    }
},
{
    
    "from": [ 3, -1, 3 ],
    "to": [ 4, 8, 4 ],
    "faces": {
        "down": {
            "uv": [ 3, 15, 4, 16 ],
            "texture": "#all"
        },
        "up": {
            "uv": [ 3, 7, 4, 8 ],
            "texture": "#all"
        },
        "north": {
            "uv": [ 3, 7, 4, 16 ],
            "texture": "#all"
        },
        "south": {
            "uv": [ 3, 7, 4, 16 ],
            "texture": "#all"
        },
        "west": {
            "uv": [ 3, 7, 4, 16 ],
            "texture": "#all"
        },
        "east": {
            "uv": [ 3, 7, 4, 16 ],
            "texture": "#all"
        }
    }
},
{
    
    "from": [ 0, -1, 3 ],
    "to": [ 1, 6, 4 ],
    "faces": {
        "down": {
            "uv": [ 0, 15, 1, 16 ],
            "texture": "#all"
        },
        "up": {
            "uv": [ 0, 9, 1, 10 ],
            "texture": "#all"
        },
        "north": {
            "uv": [ 0, 9, 1, 16 ],
            "texture": "#all"
        },
        "south": {
            "uv": [ 0, 9, 1, 16 ],
            "texture": "#all"
        },
        "west": {
            "uv": [ 0, 9, 1, 16 ],
            "texture": "#all"
        },
        "east": {
            "uv": [ 0, 9, 1, 16 ],
            "texture": "#all"
        }
    }
},
{
    
    "from": [ 1, -1, 3 ],
    "to": [ 2, 5, 4 ],
    "faces": {
        "down": {
            "uv": [ 1, 15, 2, 16 ],
            "texture": "#all"
        },
        "up": {
            "uv": [ 1, 10, 2, 11 ],
            "texture": "#all"
        },
        "north": {
            "uv": [ 1, 10, 2, 16 ],
            "texture": "#all"
        },
        "south": {
            "uv": [ 1, 10, 2, 16 ],
            "texture": "#all"
        },
        "west": {
            "uv": [ 1, 10, 2, 16 ],
            "texture": "#all"
        },
        "east": {
            "uv": [ 1, 10, 2, 16 ],
            "texture": "#all"
        }
    }
},
{
    
    "from": [ 1, 9, 3 ],
    "to": [ 2, 11, 4 ],
    "faces": {
        "down": {
            "uv": [ 1, 5, 2, 6 ],
            "texture": "#all"
        },
        "up": {
            "uv": [ 1, 4, 2, 5 ],
            "texture": "#all"
        },
        "north": {
            "uv": [ 1, 4, 2, 6 ],
            "texture": "#all"
        },
        "south": {
            "uv": [ 1, 4, 2, 6 ],
            "texture": "#all"
        },
        "west": {
            "uv": [ 1, 4, 2, 6 ],
            "texture": "#all"
        },
        "east": {
            "uv": [ 1, 4, 2, 6 ],
            "texture": "#all"
        }
    }
},
{
    
    "from": [ 2, -1, 3 ],
    "to": [ 3, 10, 4 ],
    "faces": {
        "down": {
            "uv": [ 2, 15, 3, 16 ],
            "texture": "#all"
        },
        "up": {
            "uv": [ 2, 5, 3, 6 ],
            "texture": "#all"
        },
        "north": {
            "uv": [ 2, 5, 3, 16 ],
            "texture": "#all"
        },
        "south": {
            "uv": [ 2, 5, 3, 16 ],
            "texture": "#all"
        },
        "west": {
            "uv": [ 2, 5, 3, 16 ],
            "texture": "#all"
        },
        "east": {
            "uv": [ 2, 5, 3, 16 ],
            "texture": "#all"
        }
    }
},
{
    
    "from": [ 12, 5, 15 ],
    "to": [ 13, 6, 16 ],
    "faces": {
        "down": {
            "uv": [ 15, 9, 16, 10 ],
            "texture": "#all"
        },
        "up": {
            "uv": [ 15, 9, 16, 10 ],
            "texture": "#all"
        },
        "north": {
            "uv": [ 15, 9, 16, 10 ],
            "texture": "#all"
        },
        "south": {
            "uv": [ 15, 9, 16, 10 ],
            "texture": "#all"
        },
        "west": {
            "uv": [ 15, 9, 16, 10 ],
            "texture": "#all"
        },
        "east": {
            "uv": [ 15, 9, 16, 10 ],
            "texture": "#all"
        }
    }
},
{
    
    "from": [ 12, -1, 14 ],
    "to": [ 13, 5, 15 ],
    "faces": {
        "down": {
            "uv": [ 14, 15, 15, 16 ],
            "texture": "#all"
        },
        "up": {
            "uv": [ 14, 10, 15, 11 ],
            "texture": "#all"
        },
        "north": {
            "uv": [ 14, 10, 15, 16 ],
            "texture": "#all"
        },
        "south": {
            "uv": [ 14, 10, 15, 16 ],
            "texture": "#all"
        },
        "west": {
            "uv": [ 14, 10, 15, 16 ],
            "texture": "#all"
        },
        "east": {
            "uv": [ 14, 10, 15, 16 ],
            "texture": "#all"
        }
    }
},
{
    
    "from": [ 12, 6, 14 ],
    "to": [ 13, 7, 15 ],
    "faces": {
        "down": {
            "uv": [ 14, 8, 15, 9 ],
            "texture": "#all"
        },
        "up": {
            "uv": [ 14, 8, 15, 9 ],
            "texture": "#all"
        },
        "north": {
            "uv": [ 14, 8, 15, 9 ],
            "texture": "#all"
        },
        "south": {
            "uv": [ 14, 8, 15, 9 ],
            "texture": "#all"
        },
        "west": {
            "uv": [ 14, 8, 15, 9 ],
            "texture": "#all"
        },
        "east": {
            "uv": [ 14, 8, 15, 9 ],
            "texture": "#all"
        }
    }
},
{
    
    "from": [ 12, -1, 13 ],
    "to": [ 13, 6, 14 ],
    "faces": {
        "down": {
            "uv": [ 13, 15, 14, 16 ],
            "texture": "#all"
        },
        "up": {
            "uv": [ 13, 9, 14, 10 ],
            "texture": "#all"
        },
        "north": {
            "uv": [ 13, 9, 14, 16 ],
            "texture": "#all"
        },
        "south": {
            "uv": [ 13, 9, 14, 16 ],
            "texture": "#all"
        },
        "west": {
            "uv": [ 13, 9, 14, 16 ],
            "texture": "#all"
        },
        "east": {
            "uv": [ 13, 9, 14, 16 ],
            "texture": "#all"
        }
    }
},
{
    
    "from": [ 12, 9, 13 ],
    "to": [ 13, 10, 14 ],
    "faces": {
        "down": {
            "uv": [ 13, 5, 14, 6 ],
            "texture": "#all"
        },
        "up": {
            "uv": [ 13, 5, 14, 6 ],
            "texture": "#all"
        },
        "north": {
            "uv": [ 13, 5, 14, 6 ],
            "texture": "#all"
        },
        "south": {
            "uv": [ 13, 5, 14, 6 ],
            "texture": "#all"
        },
        "west": {
            "uv": [ 13, 5, 14, 6 ],
            "texture": "#all"
        },
        "east": {
            "uv": [ 13, 5, 14, 6 ],
            "texture": "#all"
        }
    }
},
{
    
    "from": [ 12, 9, 12 ],
    "to": [ 13, 11, 13 ],
    "faces": {
        "down": {
            "uv": [ 12, 5, 13, 6 ],
            "texture": "#all"
        },
        "up": {
            "uv": [ 12, 4, 13, 5 ],
            "texture": "#all"
        },
        "north": {
            "uv": [ 12, 4, 13, 6 ],
            "texture": "#all"
        },
        "south": {
            "uv": [ 12, 4, 13, 6 ],
            "texture": "#all"
        },
        "west": {
            "uv": [ 12, 4, 13, 6 ],
            "texture": "#all"
        },
        "east": {
            "uv": [ 12, 4, 13, 6 ],
            "texture": "#all"
        }
    }
},
{
    
    "from": [ 12, -1, 11 ],
    "to": [ 13, 9, 12 ],
    "faces": {
        "down": {
            "uv": [ 11, 15, 12, 16 ],
            "texture": "#all"
        },
        "up": {
            "uv": [ 11, 6, 12, 7 ],
            "texture": "#all"
        },
        "north": {
            "uv": [ 11, 6, 12, 16 ],
            "texture": "#all"
        },
        "south": {
            "uv": [ 11, 6, 12, 16 ],
            "texture": "#all"
        },
        "west": {
            "uv": [ 11, 6, 12, 16 ],
            "texture": "#all"
        },
        "east": {
            "uv": [ 11, 6, 12, 16 ],
            "texture": "#all"
        }
    }
},
{
    
    "from": [ 12, -1, 10 ],
    "to": [ 13, 7, 11 ],
    "faces": {
        "down": {
            "uv": [ 10, 15, 11, 16 ],
            "texture": "#all"
        },
        "up": {
            "uv": [ 10, 7, 11, 8 ],
            "texture": "#all"
        },
        "north": {
            "uv": [ 10, 8, 11, 16 ],
            "texture": "#all"
        },
        "south": {
            "uv": [ 10, 8, 11, 16 ],
            "texture": "#all"
        },
        "west": {
            "uv": [ 10, 8, 11, 16 ],
            "texture": "#all"
        },
        "east": {
            "uv": [ 10, 8, 11, 16 ],
            "texture": "#all"
        }
    }
},
{
    
    "from": [ 12, -1, 9 ],
    "to": [ 13, 8, 10 ],
    "faces": {
        "down": {
            "uv": [ 9, 15, 10, 16 ],
            "texture": "#all"
        },
        "up": {
            "uv": [ 9, 7, 10, 8 ],
            "texture": "#all"
        },
        "north": {
            "uv": [ 9, 7, 10, 16 ],
            "texture": "#all"
        },
        "south": {
            "uv": [ 9, 7, 10, 16 ],
            "texture": "#all"
        },
        "west": {
            "uv": [ 9, 7, 10, 16 ],
            "texture": "#all"
        },
        "east": {
            "uv": [ 9, 7, 10, 16 ],
            "texture": "#all"
        }
    }
},
{
    
    "from": [ 12, -1, 8 ],
    "to": [ 13, 10, 9 ],
    "faces": {
        "down": {
            "uv": [ 8, 15, 9, 16 ],
            "texture": "#all"
        },
        "up": {
            "uv": [ 8, 5, 9, 6 ],
            "texture": "#all"
        },
        "north": {
            "uv": [ 8, 5, 9, 16 ],
            "texture": "#all"
        },
        "south": {
            "uv": [ 8, 5, 9, 16 ],
            "texture": "#all"
        },
        "west": {
            "uv": [ 8, 5, 9, 16 ],
            "texture": "#all"
        },
        "east": {
            "uv": [ 8, 5, 9, 16 ],
            "texture": "#all"
        }
    }
},
{
    
    "from": [ 12, -1, 7 ],
    "to": [ 13, 13, 8 ],
    "faces": {
        "down": {
            "uv": [ 7, 15, 8, 16 ],
            "texture": "#all"
        },
        "up": {
            "uv": [ 7, 2, 8, 3 ],
            "texture": "#all"
        },
        "north": {
            "uv": [ 7, 2, 8, 16 ],
            "texture": "#all"
        },
        "south": {
            "uv": [ 7, 2, 8, 16 ],
            "texture": "#all"
        },
        "west": {
            "uv": [ 7, 2, 8, 16 ],
            "texture": "#all"
        },
        "east": {
            "uv": [ 7, 2, 8, 16 ],
            "texture": "#all"
        }
    }
},
{
    
    "from": [ 12, 7, 6 ],
    "to": [ 13, 9, 7 ],
    "faces": {
        "down": {
            "uv": [ 6, 7, 7, 8 ],
            "texture": "#all"
        },
        "up": {
            "uv": [ 6, 6, 7, 7 ],
            "texture": "#all"
        },
        "north": {
            "uv": [ 6, 6, 7, 8 ],
            "texture": "#all"
        },
        "south": {
            "uv": [ 6, 6, 7, 8 ],
            "texture": "#all"
        },
        "west": {
            "uv": [ 6, 6, 7, 8 ],
            "texture": "#all"
        },
        "east": {
            "uv": [ 6, 6, 7, 8 ],
            "texture": "#all"
        }
    }
},
{
    
    "from": [ 12, 11, 6 ],
    "to": [ 13, 14, 7 ],
    "faces": {
        "down": {
            "uv": [ 6, 3, 7, 4 ],
            "texture": "#all"
        },
        "up": {
            "uv": [ 6, 1, 7, 2 ],
            "texture": "#all"
        },
        "north": {
            "uv": [ 6, 1, 7, 4 ],
            "texture": "#all"
        },
        "south": {
            "uv": [ 6, 1, 7, 4 ],
            "texture": "#all"
        },
        "west": {
            "uv": [ 6, 1, 7, 4 ],
            "texture": "#all"
        },
        "east": {
            "uv": [ 6, 1, 7, 4 ],
            "texture": "#all"
        }
    }
},
{
    
    "from": [ 12, -1, 5 ],
    "to": [ 13, 7, 6 ],
    "faces": {
        "down": {
            "uv": [ 5, 15, 6, 16 ],
            "texture": "#all"
        },
        "up": {
            "uv": [ 5, 8, 6, 9 ],
            "texture": "#all"
        },
        "north": {
            "uv": [ 5, 8, 6, 16 ],
            "texture": "#all"
        },
        "south": {
            "uv": [ 5, 8, 6, 16 ],
            "texture": "#all"
        },
        "west": {
            "uv": [ 5, 8, 6, 16 ],
            "texture": "#all"
        },
        "east": {
            "uv": [ 5, 8, 6, 16 ],
            "texture": "#all"
        }
    }
},
{
    
    "from": [ 12, 8, 5 ],
    "to": [ 13, 10, 6 ],
    "faces": {
        "down": {
            "uv": [ 5, 6, 6, 7 ],
            "texture": "#all"
        },
        "up": {
            "uv": [ 5, 5, 6, 6 ],
            "texture": "#all"
        },
        "north": {
            "uv": [ 5, 5, 6, 7 ],
            "texture": "#all"
        },
        "south": {
            "uv": [ 5, 5, 6, 7 ],
            "texture": "#all"
        },
        "west": {
            "uv": [ 5, 5, 6, 7 ],
            "texture": "#all"
        },
        "east": {
            "uv": [ 5, 5, 6, 7 ],
            "texture": "#all"
        }
    }
},
{
    
    "from": [ 12, -1, 4 ],
    "to": [ 13, 8, 5 ],
    "faces": {
        "down": {
            "uv": [ 4, 15, 5, 16 ],
            "texture": "#all"
        },
        "up": {
            "uv": [ 4, 7, 5, 8 ],
            "texture": "#all"
        },
        "north": {
            "uv": [ 4, 7, 5, 16 ],
            "texture": "#all"
        },
        "south": {
            "uv": [ 4, 7, 5, 16 ],
            "texture": "#all"
        },
        "west": {
            "uv": [ 4, 7, 5, 16 ],
            "texture": "#all"
        },
        "east": {
            "uv": [ 4, 7, 5, 16 ],
            "texture": "#all"
        }
    }
},
{
    
    "from": [ 12, -1, 3 ],
    "to": [ 13, 8, 4 ],
    "faces": {
        "down": {
            "uv": [ 3, 15, 4, 16 ],
            "texture": "#all"
        },
        "up": {
            "uv": [ 3, 7, 4, 8 ],
            "texture": "#all"
        },
        "north": {
            "uv": [ 3, 7, 4, 16 ],
            "texture": "#all"
        },
        "south": {
            "uv": [ 3, 7, 4, 16 ],
            "texture": "#all"
        },
        "west": {
            "uv": [ 3, 7, 4, 16 ],
            "texture": "#all"
        },
        "east": {
            "uv": [ 3, 7, 4, 16 ],
            "texture": "#all"
        }
    }
},
{
    
    "from": [ 12, -1, 0 ],
    "to": [ 13, 6, 1 ],
    "faces": {
        "down": {
            "uv": [ 0, 15, 1, 16 ],
            "texture": "#all"
        },
        "up": {
            "uv": [ 0, 9, 1, 10 ],
            "texture": "#all"
        },
        "north": {
            "uv": [ 0, 9, 1, 16 ],
            "texture": "#all"
        },
        "south": {
            "uv": [ 0, 9, 1, 16 ],
            "texture": "#all"
        },
        "west": {
            "uv": [ 0, 9, 1, 16 ],
            "texture": "#all"
        },
        "east": {
            "uv": [ 0, 9, 1, 16 ],
            "texture": "#all"
        }
    }
},
{
    
    "from": [ 12, -1, 1 ],
    "to": [ 13, 5, 2 ],
    "faces": {
        "down": {
            "uv": [ 1, 15, 2, 16 ],
            "texture": "#all"
        },
        "up": {
            "uv": [ 1, 10, 2, 11 ],
            "texture": "#all"
        },
        "north": {
            "uv": [ 1, 10, 2, 16 ],
            "texture": "#all"
        },
        "south": {
            "uv": [ 1, 10, 2, 16 ],
            "texture": "#all"
        },
        "west": {
            "uv": [ 1, 10, 2, 16 ],
            "texture": "#all"
        },
        "east": {
            "uv": [ 1, 10, 2, 16 ],
            "texture": "#all"
        }
    }
},
{
    
    "from": [ 12, 9, 1 ],
    "to": [ 13, 11, 2 ],
    "faces": {
        "down": {
            "uv": [ 1, 5, 2, 6 ],
            "texture": "#all"
        },
        "up": {
            "uv": [ 1, 4, 2, 5 ],
            "texture": "#all"
        },
        "north": {
            "uv": [ 1, 4, 2, 6 ],
            "texture": "#all"
        },
        "south": {
            "uv": [ 1, 4, 2, 6 ],
            "texture": "#all"
        },
        "west": {
            "uv": [ 1, 4, 2, 6 ],
            "texture": "#all"
        },
        "east": {
            "uv": [ 1, 4, 2, 6 ],
            "texture": "#all"
        }
    }
},
{
    
    "from": [ 12, -1, 2 ],
    "to": [ 13, 10, 3 ],
    "faces": {
        "down": {
            "uv": [ 2, 15, 3, 16 ],
            "texture": "#all"
        },
        "up": {
            "uv": [ 2, 5, 3, 6 ],
            "texture": "#all"
        },
        "north": {
            "uv": [ 2, 5, 3, 16 ],
            "texture": "#all"
        },
        "south": {
            "uv": [ 2, 5, 3, 16 ],
            "texture": "#all"
        },
        "west": {
            "uv": [ 2, 5, 3, 16 ],
            "texture": "#all"
        },
        "east": {
            "uv": [ 2, 5, 3, 16 ],
            "texture": "#all"
        }
    }
},
{
    
    "from": [ 0, 5, 12 ],
    "to": [ 1, 6, 13 ],
    "faces": {
        "down": {
            "uv": [ 15, 9, 16, 10 ],
            "texture": "#all"
        },
        "up": {
            "uv": [ 15, 9, 16, 10 ],
            "texture": "#all"
        },
        "north": {
            "uv": [ 15, 9, 16, 10 ],
            "texture": "#all"
        },
        "south": {
            "uv": [ 15, 9, 16, 10 ],
            "texture": "#all"
        },
        "west": {
            "uv": [ 15, 9, 16, 10 ],
            "texture": "#all"
        },
        "east": {
            "uv": [ 15, 9, 16, 10 ],
            "texture": "#all"
        }
    }
},
{
    
    "from": [ 1, -1, 12 ],
    "to": [ 2, 5, 13 ],
    "faces": {
        "down": {
            "uv": [ 14, 15, 15, 16 ],
            "texture": "#all"
        },
        "up": {
            "uv": [ 14, 10, 15, 11 ],
            "texture": "#all"
        },
        "north": {
            "uv": [ 14, 10, 15, 16 ],
            "texture": "#all"
        },
        "south": {
            "uv": [ 14, 10, 15, 16 ],
            "texture": "#all"
        },
        "west": {
            "uv": [ 14, 10, 15, 16 ],
            "texture": "#all"
        },
        "east": {
            "uv": [ 14, 10, 15, 16 ],
            "texture": "#all"
        }
    }
},
{
    
    "from": [ 1, 6, 12 ],
    "to": [ 2, 7, 13 ],
    "faces": {
        "down": {
            "uv": [ 14, 8, 15, 9 ],
            "texture": "#all"
        },
        "up": {
            "uv": [ 14, 8, 15, 9 ],
            "texture": "#all"
        },
        "north": {
            "uv": [ 14, 8, 15, 9 ],
            "texture": "#all"
        },
        "south": {
            "uv": [ 14, 8, 15, 9 ],
            "texture": "#all"
        },
        "west": {
            "uv": [ 14, 8, 15, 9 ],
            "texture": "#all"
        },
        "east": {
            "uv": [ 14, 8, 15, 9 ],
            "texture": "#all"
        }
    }
},
{
    
    "from": [ 2, -1, 12 ],
    "to": [ 3, 6, 13 ],
    "faces": {
        "down": {
            "uv": [ 13, 15, 14, 16 ],
            "texture": "#all"
        },
        "up": {
            "uv": [ 13, 9, 14, 10 ],
            "texture": "#all"
        },
        "north": {
            "uv": [ 13, 9, 14, 16 ],
            "texture": "#all"
        },
        "south": {
            "uv": [ 13, 9, 14, 16 ],
            "texture": "#all"
        },
        "west": {
            "uv": [ 13, 9, 14, 16 ],
            "texture": "#all"
        },
        "east": {
            "uv": [ 13, 9, 14, 16 ],
            "texture": "#all"
        }
    }
},
{
    
    "from": [ 2, 9, 12 ],
    "to": [ 3, 10, 13 ],
    "faces": {
        "down": {
            "uv": [ 13, 5, 14, 6 ],
            "texture": "#all"
        },
        "up": {
            "uv": [ 13, 5, 14, 6 ],
            "texture": "#all"
        },
        "north": {
            "uv": [ 13, 5, 14, 6 ],
            "texture": "#all"
        },
        "south": {
            "uv": [ 13, 5, 14, 6 ],
            "texture": "#all"
        },
        "west": {
            "uv": [ 13, 5, 14, 6 ],
            "texture": "#all"
        },
        "east": {
            "uv": [ 13, 5, 14, 6 ],
            "texture": "#all"
        }
    }
},
{
    
    "from": [ 3, 9, 12 ],
    "to": [ 4, 11, 13 ],
    "faces": {
        "down": {
            "uv": [ 12, 5, 13, 6 ],
            "texture": "#all"
        },
        "up": {
            "uv": [ 12, 4, 13, 5 ],
            "texture": "#all"
        },
        "north": {
            "uv": [ 12, 4, 13, 6 ],
            "texture": "#all"
        },
        "south": {
            "uv": [ 12, 4, 13, 6 ],
            "texture": "#all"
        },
        "west": {
            "uv": [ 12, 4, 13, 6 ],
            "texture": "#all"
        },
        "east": {
            "uv": [ 12, 4, 13, 6 ],
            "texture": "#all"
        }
    }
},
{
    
    "from": [ 4, -1, 12 ],
    "to": [ 5, 9, 13 ],
    "faces": {
        "down": {
            "uv": [ 11, 15, 12, 16 ],
            "texture": "#all"
        },
        "up": {
            "uv": [ 11, 6, 12, 7 ],
            "texture": "#all"
        },
        "north": {
            "uv": [ 11, 6, 12, 16 ],
            "texture": "#all"
        },
        "south": {
            "uv": [ 11, 6, 12, 16 ],
            "texture": "#all"
        },
        "west": {
            "uv": [ 11, 6, 12, 16 ],
            "texture": "#all"
        },
        "east": {
            "uv": [ 11, 6, 12, 16 ],
            "texture": "#all"
        }
    }
},
{
    
    "from": [ 5, -1, 12 ],
    "to": [ 6, 7, 13 ],
    "faces": {
        "down": {
            "uv": [ 10, 15, 11, 16 ],
            "texture": "#all"
        },
        "up": {
            "uv": [ 10, 8, 11, 9 ],
            "texture": "#all"
        },
        "north": {
            "uv": [ 10, 8, 11, 16 ],
            "texture": "#all"
        },
        "south": {
            "uv": [ 10, 8, 11, 16 ],
            "texture": "#all"
        },
        "west": {
            "uv": [ 10, 8, 11, 16 ],
            "texture": "#all"
        },
        "east": {
            "uv": [ 10, 8, 11, 16 ],
            "texture": "#all"
        }
    }
},
{
    
    "from": [ 6, -1, 12 ],
    "to": [ 7, 8, 13 ],
    "faces": {
        "down": {
            "uv": [ 9, 15, 10, 16 ],
            "texture": "#all"
        },
        "up": {
            "uv": [ 9, 7, 10, 8 ],
            "texture": "#all"
        },
        "north": {
            "uv": [ 9, 7, 10, 16 ],
            "texture": "#all"
        },
        "south": {
            "uv": [ 9, 7, 10, 16 ],
            "texture": "#all"
        },
        "west": {
            "uv": [ 9, 7, 10, 16 ],
            "texture": "#all"
        },
        "east": {
            "uv": [ 9, 7, 10, 16 ],
            "texture": "#all"
        }
    }
},
{
    
    "from": [ 7, -1, 12 ],
    "to": [ 8, 10, 13 ],
    "faces": {
        "down": {
            "uv": [ 8, 15, 9, 16 ],
            "texture": "#all"
        },
        "up": {
            "uv": [ 8, 5, 9, 6 ],
            "texture": "#all"
        },
        "north": {
            "uv": [ 8, 5, 9, 16 ],
            "texture": "#all"
        },
        "south": {
            "uv": [ 8, 5, 9, 16 ],
            "texture": "#all"
        },
        "west": {
            "uv": [ 8, 5, 9, 16 ],
            "texture": "#all"
        },
        "east": {
            "uv": [ 8, 5, 9, 16 ],
            "texture": "#all"
        }
    }
},
{
    
    "from": [ 8, -1, 12 ],
    "to": [ 9, 13, 13 ],
    "faces": {
        "down": {
            "uv": [ 7, 15, 8, 16 ],
            "texture": "#all"
        },
        "up": {
            "uv": [ 7, 2, 8, 3 ],
            "texture": "#all"
        },
        "north": {
            "uv": [ 7, 2, 8, 16 ],
            "texture": "#all"
        },
        "south": {
            "uv": [ 7, 2, 8, 16 ],
            "texture": "#all"
        },
        "west": {
            "uv": [ 7, 2, 8, 16 ],
            "texture": "#all"
        },
        "east": {
            "uv": [ 7, 2, 8, 16 ],
            "texture": "#all"
        }
    }
},
{
    
    "from": [ 9, 7, 12 ],
    "to": [ 10, 9, 13 ],
    "faces": {
        "down": {
            "uv": [ 6, 7, 7, 8 ],
            "texture": "#all"
        },
        "up": {
            "uv": [ 6, 6, 7, 7 ],
            "texture": "#all"
        },
        "north": {
            "uv": [ 6, 6, 7, 8 ],
            "texture": "#all"
        },
        "south": {
            "uv": [ 6, 6, 7, 8 ],
            "texture": "#all"
        },
        "west": {
            "uv": [ 6, 6, 7, 8 ],
            "texture": "#all"
        },
        "east": {
            "uv": [ 6, 6, 7, 8 ],
            "texture": "#all"
        }
    }
},
{
    
    "from": [ 9, 11, 12 ],
    "to": [ 10, 14, 13 ],
    "faces": {
        "down": {
            "uv": [ 6, 3, 7, 4 ],
            "texture": "#all"
        },
        "up": {
            "uv": [ 6, 1, 7, 2 ],
            "texture": "#all"
        },
        "north": {
            "uv": [ 6, 1, 7, 4 ],
            "texture": "#all"
        },
        "south": {
            "uv": [ 6, 1, 7, 4 ],
            "texture": "#all"
        },
        "west": {
            "uv": [ 6, 1, 7, 4 ],
            "texture": "#all"
        },
        "east": {
            "uv": [ 6, 1, 7, 4 ],
            "texture": "#all"
        }
    }
},
{
    
    "from": [ 10, -1, 12 ],
    "to": [ 11, 7, 13 ],
    "faces": {
        "down": {
            "uv": [ 5, 15, 6, 16 ],
            "texture": "#all"
        },
        "up": {
            "uv": [ 5, 8, 6, 9 ],
            "texture": "#all"
        },
        "north": {
            "uv": [ 5, 8, 6, 16 ],
            "texture": "#all"
        },
        "south": {
            "uv": [ 5, 8, 6, 16 ],
            "texture": "#all"
        },
        "west": {
            "uv": [ 5, 8, 6, 16 ],
            "texture": "#all"
        },
        "east": {
            "uv": [ 5, 8, 6, 16 ],
            "texture": "#all"
        }
    }
},
{
    
    "from": [ 10, 8, 12 ],
    "to": [ 11, 10, 13 ],
    "faces": {
        "down": {
            "uv": [ 5, 6, 6, 7 ],
            "texture": "#all"
        },
        "up": {
            "uv": [ 5, 5, 6, 6 ],
            "texture": "#all"
        },
        "north": {
            "uv": [ 5, 5, 6, 7 ],
            "texture": "#all"
        },
        "south": {
            "uv": [ 5, 5, 6, 7 ],
            "texture": "#all"
        },
        "west": {
            "uv": [ 5, 5, 6, 7 ],
            "texture": "#all"
        },
        "east": {
            "uv": [ 5, 5, 6, 7 ],
            "texture": "#all"
        }
    }
},
{
    
    "from": [ 11, -1, 12 ],
    "to": [ 12, 8, 13 ],
    "faces": {
        "down": {
            "uv": [ 4, 15, 5, 16 ],
            "texture": "#all"
        },
        "up": {
            "uv": [ 4, 7, 5, 8 ],
            "texture": "#all"
        },
        "north": {
            "uv": [ 4, 7, 5, 16 ],
            "texture": "#all"
        },
        "south": {
            "uv": [ 4, 7, 5, 16 ],
            "texture": "#all"
        },
        "west": {
            "uv": [ 4, 7, 5, 16 ],
            "texture": "#all"
        },
        "east": {
            "uv": [ 4, 7, 5, 16 ],
            "texture": "#all"
        }
    }
},
{
    
    "from": [ 12, -1, 12 ],
    "to": [ 13, 8, 13 ],
    "faces": {
        "down": {
            "uv": [ 3, 15, 4, 16 ],
            "texture": "#all"
        },
        "up": {
            "uv": [ 3, 7, 4, 8 ],
            "texture": "#all"
        },
        "north": {
            "uv": [ 3, 7, 4, 16 ],
            "texture": "#all"
        },
        "south": {
            "uv": [ 3, 7, 4, 16 ],
            "texture": "#all"
        },
        "west": {
            "uv": [ 3, 7, 4, 16 ],
            "texture": "#all"
        },
        "east": {
            "uv": [ 3, 7, 4, 16 ],
            "texture": "#all"
        }
    }
},
{
    
    "from": [ 15, -1, 12 ],
    "to": [ 16, 6, 13 ],
    "faces": {
        "down": {
            "uv": [ 0, 15, 1, 16 ],
            "texture": "#all"
        },
        "up": {
            "uv": [ 0, 9, 1, 10 ],
            "texture": "#all"
        },
        "north": {
            "uv": [ 0, 9, 1, 16 ],
            "texture": "#all"
        },
        "south": {
            "uv": [ 0, 9, 1, 16 ],
            "texture": "#all"
        },
        "west": {
            "uv": [ 0, 9, 1, 16 ],
            "texture": "#all"
        },
        "east": {
            "uv": [ 0, 9, 1, 16 ],
            "texture": "#all"
        }
    }
},
{
    
    "from": [ 14, -1, 12 ],
    "to": [ 15, 5, 13 ],
    "faces": {
        "down": {
            "uv": [ 1, 15, 2, 16 ],
            "texture": "#all"
        },
        "up": {
            "uv": [ 1, 10, 2, 11 ],
            "texture": "#all"
        },
        "north": {
            "uv": [ 1, 10, 2, 16 ],
            "texture": "#all"
        },
        "south": {
            "uv": [ 1, 10, 2, 16 ],
            "texture": "#all"
        },
        "west": {
            "uv": [ 1, 10, 2, 16 ],
            "texture": "#all"
        },
        "east": {
            "uv": [ 1, 10, 2, 16 ],
            "texture": "#all"
        }
    }
},
{
    
    "from": [ 14, 9, 12 ],
    "to": [ 15, 11, 13 ],
    "faces": {
        "down": {
            "uv": [ 1, 5, 2, 6 ],
            "texture": "#all"
        },
        "up": {
            "uv": [ 1, 4, 2, 5 ],
            "texture": "#all"
        },
        "north": {
            "uv": [ 1, 4, 2, 6 ],
            "texture": "#all"
        },
        "south": {
            "uv": [ 1, 4, 2, 6 ],
            "texture": "#all"
        },
        "west": {
            "uv": [ 1, 4, 2, 6 ],
            "texture": "#all"
        },
        "east": {
            "uv": [ 1, 4, 2, 6 ],
            "texture": "#all"
        }
    }
},
{
    
    "from": [ 13, -1, 12 ],
    "to": [ 14, 10, 13 ],
    "faces": {
        "down": {
            "uv": [ 2, 15, 3, 16 ],
            "texture": "#all"
        },
        "up": {
            "uv": [ 2, 5, 3, 6 ],
            "texture": "#all"
        },
        "north": {
            "uv": [ 2, 5, 3, 16 ],
            "texture": "#all"
        },
        "south": {
            "uv": [ 2, 5, 3, 16 ],
            "texture": "#all"
        },
        "west": {
            "uv": [ 2, 5, 3, 16 ],
            "texture": "#all"
        },
        "east": {
            "uv": [ 2, 5, 3, 16 ],
            "texture": "#all"
        }
    }
},
{
    
    "from": [ 3, 5, 0 ],
    "to": [ 4, 6, 1 ],
    "faces": {
        "down": {
            "uv": [ 15, 9, 16, 10 ],
            "texture": "#all"
        },
        "up": {
            "uv": [ 15, 9, 16, 10 ],
            "texture": "#all"
        },
        "north": {
            "uv": [ 15, 9, 16, 10 ],
            "texture": "#all"
        },
        "south": {
            "uv": [ 15, 9, 16, 10 ],
            "texture": "#all"
        },
        "west": {
            "uv": [ 15, 9, 16, 10 ],
            "texture": "#all"
        },
        "east": {
            "uv": [ 15, 9, 16, 10 ],
            "texture": "#all"
        }
    }
},
{
    
    "from": [ 3, -1, 1 ],
    "to": [ 4, 5, 2 ],
    "faces": {
        "down": {
            "uv": [ 14, 15, 15, 16 ],
            "texture": "#all"
        },
        "up": {
            "uv": [ 14, 10, 15, 11 ],
            "texture": "#all"
        },
        "north": {
            "uv": [ 14, 10, 15, 16 ],
            "texture": "#all"
        },
        "south": {
            "uv": [ 14, 10, 15, 16 ],
            "texture": "#all"
        },
        "west": {
            "uv": [ 14, 10, 15, 16 ],
            "texture": "#all"
        },
        "east": {
            "uv": [ 14, 10, 15, 16 ],
            "texture": "#all"
        }
    }
},
{
    
    "from": [ 3, 6, 1 ],
    "to": [ 4, 7, 2 ],
    "faces": {
        "down": {
            "uv": [ 14, 8, 15, 9 ],
            "texture": "#all"
        },
        "up": {
            "uv": [ 14, 8, 15, 9 ],
            "texture": "#all"
        },
        "north": {
            "uv": [ 14, 8, 15, 9 ],
            "texture": "#all"
        },
        "south": {
            "uv": [ 14, 8, 15, 9 ],
            "texture": "#all"
        },
        "west": {
            "uv": [ 14, 8, 15, 9 ],
            "texture": "#all"
        },
        "east": {
            "uv": [ 14, 8, 15, 9 ],
            "texture": "#all"
        }
    }
},
{
    
    "from": [ 3, -1, 2 ],
    "to": [ 4, 6, 3 ],
    "faces": {
        "down": {
            "uv": [ 13, 15, 14, 16 ],
            "texture": "#all"
        },
        "up": {
            "uv": [ 13, 9, 14, 10 ],
            "texture": "#all"
        },
        "north": {
            "uv": [ 13, 9, 14, 16 ],
            "texture": "#all"
        },
        "south": {
            "uv": [ 13, 9, 14, 16 ],
            "texture": "#all"
        },
        "west": {
            "uv": [ 13, 9, 14, 16 ],
            "texture": "#all"
        },
        "east": {
            "uv": [ 13, 9, 14, 16 ],
            "texture": "#all"
        }
    }
},
{
    
    "from": [ 3, 9, 2 ],
    "to": [ 4, 10, 3 ],
    "faces": {
        "down": {
            "uv": [ 13, 5, 14, 6 ],
            "texture": "#all"
        },
        "up": {
            "uv": [ 13, 5, 14, 6 ],
            "texture": "#all"
        },
        "north": {
            "uv": [ 13, 5, 14, 6 ],
            "texture": "#all"
        },
        "south": {
            "uv": [ 13, 5, 14, 6 ],
            "texture": "#all"
        },
        "west": {
            "uv": [ 13, 5, 14, 6 ],
            "texture": "#all"
        },
        "east": {
            "uv": [ 13, 5, 14, 6 ],
            "texture": "#all"
        }
    }
},
{
    
    "from": [ 3, 9, 3 ],
    "to": [ 4, 11, 4 ],
    "faces": {
        "down": {
            "uv": [ 12, 5, 13, 6 ],
            "texture": "#all"
        },
        "up": {
            "uv": [ 12, 4, 13, 5 ],
            "texture": "#all"
        },
        "north": {
            "uv": [ 12, 4, 13, 6 ],
            "texture": "#all"
        },
        "south": {
            "uv": [ 12, 4, 13, 6 ],
            "texture": "#all"
        },
        "west": {
            "uv": [ 12, 4, 13, 6 ],
            "texture": "#all"
        },
        "east": {
            "uv": [ 12, 4, 13, 6 ],
            "texture": "#all"
        }
    }
},
{
    
    "from": [ 3, -1, 4 ],
    "to": [ 4, 9, 5 ],
    "faces": {
        "down": {
            "uv": [ 11, 15, 12, 16 ],
            "texture": "#all"
        },
        "up": {
            "uv": [ 11, 6, 12, 7 ],
            "texture": "#all"
        },
        "north": {
            "uv": [ 11, 6, 12, 16 ],
            "texture": "#all"
        },
        "south": {
            "uv": [ 11, 6, 12, 16 ],
            "texture": "#all"
        },
        "west": {
            "uv": [ 11, 6, 12, 16 ],
            "texture": "#all"
        },
        "east": {
            "uv": [ 11, 6, 12, 16 ],
            "texture": "#all"
        }
    }
},
{
    
    "from": [ 3, -1, 5 ],
    "to": [ 4, 7, 6 ],
    "faces": {
        "down": {
            "uv": [ 10, 15, 11, 16 ],
            "texture": "#all"
        },
        "up": {
            "uv": [ 10, 8, 11, 9 ],
            "texture": "#all"
        },
        "north": {
            "uv": [ 10, 8, 11, 16 ],
            "texture": "#all"
        },
        "south": {
            "uv": [ 10, 8, 11, 16 ],
            "texture": "#all"
        },
        "west": {
            "uv": [ 10, 8, 11, 16 ],
            "texture": "#all"
        },
        "east": {
            "uv": [ 10, 8, 11, 16 ],
            "texture": "#all"
        }
    }
},
{
    
    "from": [ 3, -1, 6 ],
    "to": [ 4, 8, 7 ],
    "faces": {
        "down": {
            "uv": [ 9, 15, 10, 16 ],
            "texture": "#all"
        },
        "up": {
            "uv": [ 9, 7, 10, 8 ],
            "texture": "#all"
        },
        "north": {
            "uv": [ 9, 7, 10, 16 ],
            "texture": "#all"
        },
        "south": {
            "uv": [ 9, 7, 10, 16 ],
            "texture": "#all"
        },
        "west": {
            "uv": [ 9, 7, 10, 16 ],
            "texture": "#all"
        },
        "east": {
            "uv": [ 9, 7, 10, 16 ],
            "texture": "#all"
        }
    }
},
{
    
    "from": [ 3, -1, 7 ],
    "to": [ 4, 10, 8 ],
    "faces": {
        "down": {
            "uv": [ 8, 15, 9, 16 ],
            "texture": "#all"
        },
        "up": {
            "uv": [ 8, 5, 9, 6 ],
            "texture": "#all"
        },
        "north": {
            "uv": [ 8, 5, 9, 16 ],
            "texture": "#all"
        },
        "south": {
            "uv": [ 8, 5, 9, 16 ],
            "texture": "#all"
        },
        "west": {
            "uv": [ 8, 5, 9, 16 ],
            "texture": "#all"
        },
        "east": {
            "uv": [ 8, 5, 9, 16 ],
            "texture": "#all"
        }
    }
},
{
    
    "from": [ 3, -1, 8 ],
    "to": [ 4, 13, 9 ],
    "faces": {
        "down": {
            "uv": [ 7, 15, 8, 16 ],
            "texture": "#all"
        },
        "up": {
            "uv": [ 7, 2, 8, 3 ],
            "texture": "#all"
        },
        "north": {
            "uv": [ 7, 2, 8, 16 ],
            "texture": "#all"
        },
        "south": {
            "uv": [ 7, 2, 8, 16 ],
            "texture": "#all"
        },
        "west": {
            "uv": [ 7, 2, 8, 16 ],
            "texture": "#all"
        },
        "east": {
            "uv": [ 7, 2, 8, 16 ],
            "texture": "#all"
        }
    }
},
{
    
    "from": [ 3, 7, 9 ],
    "to": [ 4, 9, 10 ],
    "faces": {
        "down": {
            "uv": [ 6, 7, 7, 8 ],
            "texture": "#all"
        },
        "up": {
            "uv": [ 6, 6, 7, 7 ],
            "texture": "#all"
        },
        "north": {
            "uv": [ 6, 6, 7, 8 ],
            "texture": "#all"
        },
        "south": {
            "uv": [ 6, 6, 7, 8 ],
            "texture": "#all"
        },
        "west": {
            "uv": [ 6, 6, 7, 8 ],
            "texture": "#all"
        },
        "east": {
            "uv": [ 6, 6, 7, 8 ],
            "texture": "#all"
        }
    }
},
{
    
    "from": [ 3, 11, 9 ],
    "to": [ 4, 14, 10 ],
    "faces": {
        "down": {
            "uv": [ 6, 3, 7, 4 ],
            "texture": "#all"
        },
        "up": {
            "uv": [ 6, 1, 7, 2 ],
            "texture": "#all"
        },
        "north": {
            "uv": [ 6, 1, 7, 4 ],
            "texture": "#all"
        },
        "south": {
            "uv": [ 6, 1, 7, 4 ],
            "texture": "#all"
        },
        "west": {
            "uv": [ 6, 1, 7, 4 ],
            "texture": "#all"
        },
        "east": {
            "uv": [ 6, 1, 7, 4 ],
            "texture": "#all"
        }
    }
},
{
    
    "from": [ 3, -1, 10 ],
    "to": [ 4, 7, 11 ],
    "faces": {
        "down": {
            "uv": [ 5, 15, 6, 16 ],
            "texture": "#all"
        },
        "up": {
            "uv": [ 5, 8, 6, 9 ],
            "texture": "#all"
        },
        "north": {
            "uv": [ 5, 8, 6, 16 ],
            "texture": "#all"
        },
        "south": {
            "uv": [ 5, 8, 6, 16 ],
            "texture": "#all"
        },
        "west": {
            "uv": [ 5, 8, 6, 16 ],
            "texture": "#all"
        },
        "east": {
            "uv": [ 5, 8, 6, 16 ],
            "texture": "#all"
        }
    }
},
{
    
    "from": [ 3, 8, 10 ],
    "to": [ 4, 10, 11 ],
    "faces": {
        "down": {
            "uv": [ 5, 6, 6, 7 ],
            "texture": "#all"
        },
        "up": {
            "uv": [ 5, 5, 6, 6 ],
            "texture": "#all"
        },
        "north": {
            "uv": [ 5, 5, 6, 7 ],
            "texture": "#all"
        },
        "south": {
            "uv": [ 5, 5, 6, 7 ],
            "texture": "#all"
        },
        "west": {
            "uv": [ 5, 5, 6, 7 ],
            "texture": "#all"
        },
        "east": {
            "uv": [ 5, 5, 6, 7 ],
            "texture": "#all"
        }
    }
},
{
    
    "from": [ 3, -1, 11 ],
    "to": [ 4, 8, 12 ],
    "faces": {
        "down": {
            "uv": [ 4, 15, 5, 16 ],
            "texture": "#all"
        },
        "up": {
            "uv": [ 4, 7, 5, 8 ],
            "texture": "#all"
        },
        "north": {
            "uv": [ 4, 7, 5, 16 ],
            "texture": "#all"
        },
        "south": {
            "uv": [ 4, 7, 5, 16 ],
            "texture": "#all"
        },
        "west": {
            "uv": [ 4, 7, 5, 16 ],
            "texture": "#all"
        },
        "east": {
            "uv": [ 4, 7, 5, 16 ],
            "texture": "#all"
        }
    }
},
{
    
    "from": [ 3, -1, 12 ],
    "to": [ 4, 8, 13 ],
    "faces": {
        "down": {
            "uv": [ 3, 15, 4, 16 ],
            "texture": "#all"
        },
        "up": {
            "uv": [ 3, 7, 4, 8 ],
            "texture": "#all"
        },
        "north": {
            "uv": [ 3, 7, 4, 16 ],
            "texture": "#all"
        },
        "south": {
            "uv": [ 3, 7, 4, 16 ],
            "texture": "#all"
        },
        "west": {
            "uv": [ 3, 7, 4, 16 ],
            "texture": "#all"
        },
        "east": {
            "uv": [ 3, 7, 4, 16 ],
            "texture": "#all"
        }
    }
},
{
    
    "from": [ 3, -1, 15 ],
    "to": [ 4, 6, 16 ],
    "faces": {
        "down": {
            "uv": [ 0, 15, 1, 16 ],
            "texture": "#all"
        },
        "up": {
            "uv": [ 0, 9, 1, 10 ],
            "texture": "#all"
        },
        "north": {
            "uv": [ 0, 9, 1, 16 ],
            "texture": "#all"
        },
        "south": {
            "uv": [ 0, 9, 1, 16 ],
            "texture": "#all"
        },
        "west": {
            "uv": [ 0, 9, 1, 16 ],
            "texture": "#all"
        },
        "east": {
            "uv": [ 0, 9, 1, 16 ],
            "texture": "#all"
        }
    }
},
{
    
    "from": [ 3, -1, 14 ],
    "to": [ 4, 5, 15 ],
    "faces": {
        "down": {
            "uv": [ 1, 15, 2, 16 ],
            "texture": "#all"
        },
        "up": {
            "uv": [ 1, 10, 2, 11 ],
            "texture": "#all"
        },
        "north": {
            "uv": [ 1, 10, 2, 16 ],
            "texture": "#all"
        },
        "south": {
            "uv": [ 1, 10, 2, 16 ],
            "texture": "#all"
        },
        "west": {
            "uv": [ 1, 10, 2, 16 ],
            "texture": "#all"
        },
        "east": {
            "uv": [ 1, 10, 2, 16 ],
            "texture": "#all"
        }
    }
},
{
    
    "from": [ 3, 9, 14 ],
    "to": [ 4, 11, 15 ],
    "faces": {
        "down": {
            "uv": [ 1, 5, 2, 6 ],
            "texture": "#all"
        },
        "up": {
            "uv": [ 1, 4, 2, 5 ],
            "texture": "#all"
        },
        "north": {
            "uv": [ 1, 4, 2, 6 ],
            "texture": "#all"
        },
        "south": {
            "uv": [ 1, 4, 2, 6 ],
            "texture": "#all"
        },
        "west": {
            "uv": [ 1, 4, 2, 6 ],
            "texture": "#all"
        },
        "east": {
            "uv": [ 1, 4, 2, 6 ],
            "texture": "#all"
        }
    }
},
{
    
    "from": [ 3, -1, 13 ],
    "to": [ 4, 10, 14 ],
    "faces": {
        "down": {
            "uv": [ 2, 15, 3, 16 ],
            "texture": "#all"
        },
        "up": {
            "uv": [ 2, 5, 3, 6 ],
            "texture": "#all"
        },
        "north": {
            "uv": [ 2, 5, 3, 16 ],
            "texture": "#all"
        },
        "south": {
            "uv": [ 2, 5, 3, 16 ],
            "texture": "#all"
        },
        "west": {
            "uv": [ 2, 5, 3, 16 ],
            "texture": "#all"
        },
        "east": {
            "uv": [ 2, 5, 3, 16 ],
            "texture": "#all"
        }
    }
}
]
}
